
o id 1 model 1
v -6.931175 12.999863 -7.533073
v -9.940827 9.013707 -8.803176
v -4.010146 11.276632 -7.806600
v -6.931175 12.999863 -7.533073
v -4.010146 11.276632 -7.806600
v -2.412943 12.680976 -7.080079
v 1.540075 10.727497 -6.927676
v -2.412943 12.680976 -7.080079
v -4.010146 11.276632 -7.806600
v 1.540075 10.727497 -6.927676
v 5.383215 9.450522 -4.932508
v 4.954798 10.228946 -4.833704
v -7.520420 15.515531 -5.517394
v -6.931175 12.999863 -7.533073
v -5.228475 14.398198 -6.526375
v -5.228475 14.398198 -6.526375
v -6.931175 12.999863 -7.533073
v -2.412943 12.680976 -7.080079
v -2.412943 12.680976 -7.080079
v 1.630597 12.552516 -6.170776
v -5.228475 14.398198 -6.526375
v 1.630597 12.552516 -6.170776
v -2.412943 12.680976 -7.080079
v 1.540075 10.727497 -6.927676
v 4.479464 11.063821 -4.341348
v 1.630597 12.552516 -6.170776
v 1.540075 10.727497 -6.927676
v 4.479464 11.063821 -4.341348
v 1.540075 10.727497 -6.927676
v 4.954798 10.228946 -4.833704
v 4.479464 11.063821 -4.341348
v 4.954798 10.228946 -4.833704
v 8.027420 10.944508 -4.694703
v 8.027420 10.944508 -4.694703
v 4.954798 10.228946 -4.833704
v 5.383215 9.450522 -4.932508
v 5.806593 8.572536 -5.139211
v 8.027420 10.944508 -4.694703
v 5.383215 9.450522 -4.932508
v 5.383215 9.450522 -4.932508
v 1.578924 8.661003 -6.727452
v 5.806593 8.572536 -5.139211
v 1.639146 6.899478 -6.320417
v 5.806593 8.572536 -5.139211
v 1.578924 8.661003 -6.727452
v -1.030542 6.792012 -6.745065
v 1.639146 6.899478 -6.320417
v 1.578924 8.661003 -6.727452
v 7.652610 6.299128 -5.442757
v 1.639146 6.899478 -6.320417
v -1.030542 6.792012 -6.745065
v 7.034109 4.541980 -5.865935
v 7.652610 6.299128 -5.442757
v -1.030542 6.792012 -6.745065
v 9.724698 4.943496 -4.682523
v 7.652610 6.299128 -5.442757
v 7.034109 4.541980 -5.865935
v 7.034109 4.541980 -5.865935
v 9.047291 2.549716 -4.241233
v 9.724698 4.943496 -4.682523
v 7.034109 4.541980 -5.865935
v 6.483568 1.864871 -5.819152
v 9.047291 2.549716 -4.241233
v 8.370332 0.892088 -4.044552
v 9.047291 2.549716 -4.241233
v 6.483568 1.864871 -5.819152
v 1.639146 6.899478 -6.320417
v 7.652610 6.299128 -5.442757
v 5.806593 8.572536 -5.139211
v 4.479464 11.063821 -4.341348
v 8.027420 10.944508 -4.694703
v 6.963014 12.151756 -3.730455
v 9.724698 4.943496 -4.682523
v 9.782840 7.136484 -4.750667
v 7.652610 6.299128 -5.442757
v 7.652610 6.299128 -5.442757
v 9.782840 7.136484 -4.750667
v 8.770482 9.732582 -4.864789
v 7.652610 6.299128 -5.442757
v 8.770482 9.732582 -4.864789
v 5.806593 8.572536 -5.139211
v 5.806593 8.572536 -5.139211
v 8.770482 9.732582 -4.864789
v 8.027420 10.944508 -4.694703
v 4.479464 11.063821 -4.341348
v 1.722136 13.722065 -5.011602
v 1.630597 12.552516 -6.170776
v 1.630597 12.552516 -6.170776
v 1.722136 13.722065 -5.011602
v -4.921960 15.103303 -5.685989
v -5.228475 14.398198 -6.526375
v 1.630597 12.552516 -6.170776
v -4.921960 15.103303 -5.685989
v -5.228475 14.398198 -6.526375
v -4.921960 15.103303 -5.685989
v -7.520420 15.515531 -5.517394
v -10.142411 4.326053 -8.169362
v -5.138348 6.552543 -7.865942
v -11.090516 5.931208 -8.702945
v -10.142411 4.326053 -8.169362
v -4.661869 4.757024 -7.602080
v -5.138348 6.552543 -7.865942
v -3.532713 2.226755 -7.519003
v -5.138348 6.552543 -7.865942
v -4.661869 4.757024 -7.602080
v -3.532713 2.226755 -7.519003
v -1.030542 6.792012 -6.745065
v -5.138348 6.552543 -7.865942
v 1.450268 4.709586 -6.689908
v -1.030542 6.792012 -6.745065
v -3.532713 2.226755 -7.519003
v 7.034109 4.541980 -5.865935
v -1.030542 6.792012 -6.745065
v 1.450268 4.709586 -6.689908
v 6.483568 1.864871 -5.819152
v 7.034109 4.541980 -5.865935
v 1.450268 4.709586 -6.689908
v 6.483568 1.864871 -5.819152
v 1.450268 4.709586 -6.689908
v 0.985403 1.777958 -7.222218
v 0.985403 1.777958 -7.222218
v 1.450268 4.709586 -6.689908
v -3.532713 2.226755 -7.519003
v 8.370332 0.892088 -4.044552
v 6.483568 1.864871 -5.819152
v 6.056009 0.170016 -5.403068
v 0.985403 1.777958 -7.222218
v 6.056009 0.170016 -5.403068
v 6.483568 1.864871 -5.819152
v 0.985403 1.777958 -7.222218
v 0.573109 0.220158 -6.961328
v 6.056009 0.170016 -5.403068
v 0.985403 1.777958 -7.222218
v -3.532713 2.226755 -7.519003
v 0.573109 0.220158 -6.961328
v 0.573109 0.220158 -6.961328
v -3.532713 2.226755 -7.519003
v -4.606750 1.890830 -7.467627
v -3.532713 2.226755 -7.519003
v -4.661869 4.757024 -7.602080
v -4.606750 1.890830 -7.467627
v -4.661869 4.757024 -7.602080
v -9.249748 2.017105 -7.120284
v -4.606750 1.890830 -7.467627
v -4.661869 4.757024 -7.602080
v -10.142411 4.326053 -8.169362
v -9.249748 2.017105 -7.120284
v -11.461185 2.006113 -6.511500
v -9.249748 2.017105 -7.120284
v -10.142411 4.326053 -8.169362
v -11.461185 2.006113 -6.511500
v -10.142411 4.326053 -8.169362
v -13.790758 4.821986 -7.846916
v -13.790758 4.821986 -7.846916
v -10.142411 4.326053 -8.169362
v -11.090516 5.931208 -8.702945
v -13.790758 4.821986 -7.846916
v -11.090516 5.931208 -8.702945
v -13.796114 6.471487 -8.132055
v -12.532850 9.346477 -8.201534
v -13.796114 6.471487 -8.132055
v -11.090516 5.931208 -8.702945
v -12.532850 9.346477 -8.201534
v -11.090516 5.931208 -8.702945
v -9.940827 9.013707 -8.803176
v -5.138348 6.552543 -7.865942
v -9.940827 9.013707 -8.803176
v -11.090516 5.931208 -8.702945
v -5.138348 6.552543 -7.865942
v -3.640419 9.153259 -7.906232
v -9.940827 9.013707 -8.803176
v -3.640419 9.153259 -7.906232
v -5.138348 6.552543 -7.865942
v -1.030542 6.792012 -6.745065
v -1.030542 6.792012 -6.745065
v 1.578924 8.661003 -6.727452
v -3.640419 9.153259 -7.906232
v 1.540075 10.727497 -6.927676
v -3.640419 9.153259 -7.906232
v 1.578924 8.661003 -6.727452
v 5.383215 9.450522 -4.932508
v 1.540075 10.727497 -6.927676
v 1.578924 8.661003 -6.727452
v -3.640419 9.153259 -7.906232
v 1.540075 10.727497 -6.927676
v -4.010146 11.276632 -7.806600
v -9.940827 9.013707 -8.803176
v -3.640419 9.153259 -7.906232
v -4.010146 11.276632 -7.806600
v -13.790758 4.821986 -7.846916
v -15.371808 6.312032 -6.979570
v -15.313309 4.559478 -6.730712
v -12.658946 1.830199 -5.239418
v -13.790758 4.821986 -7.846916
v -15.313309 4.559478 -6.730712
v -12.658946 1.830199 -5.239418
v -11.461185 2.006113 -6.511500
v -13.790758 4.821986 -7.846916
v -11.461185 2.006113 -6.511500
v -12.658946 1.830199 -5.239418
v -10.196773 0.960768 -5.696562
v -8.701505 0.795892 -6.284609
v -10.196773 0.960768 -5.696562
v -4.440004 -0.118564 -5.540448
v -8.701505 0.795892 -6.284609
v -4.440004 -0.118564 -5.540448
v -4.616586 0.411445 -7.009355
v -2.572282 -0.099177 -5.561283
v -4.616586 0.411445 -7.009355
v -4.440004 -0.118564 -5.540448
v -2.572282 -0.099177 -5.561283
v 0.573109 0.220158 -6.961328
v -4.616586 0.411445 -7.009355
v 0.573109 0.220158 -6.961328
v -4.606750 1.890830 -7.467627
v -4.616586 0.411445 -7.009355
v -4.606750 1.890830 -7.467627
v -8.701505 0.795892 -6.284609
v -4.616586 0.411445 -7.009355
v -4.606750 1.890830 -7.467627
v -9.249748 2.017105 -7.120284
v -8.701505 0.795892 -6.284609
v -10.196773 0.960768 -5.696562
v -8.701505 0.795892 -6.284609
v -9.249748 2.017105 -7.120284
v -10.196773 0.960768 -5.696562
v -9.249748 2.017105 -7.120284
v -11.461185 2.006113 -6.511500
v -13.790758 4.821986 -7.846916
v -13.796114 6.471487 -8.132055
v -15.371808 6.312032 -6.979570
v -13.796114 6.471487 -8.132055
v -14.606810 8.867044 -6.885571
v -15.371808 6.312032 -6.979570
v -13.796114 6.471487 -8.132055
v -12.532850 9.346477 -8.201534
v -14.606810 8.867044 -6.885571
v -12.532850 9.346477 -8.201534
v -12.705324 12.675608 -6.329261
v -14.606810 8.867044 -6.885571
v -12.532850 9.346477 -8.201534
v -10.406286 12.921727 -7.303581
v -12.705324 12.675608 -6.329261
v -10.406286 12.921727 -7.303581
v -10.749902 14.517426 -5.657352
v -12.705324 12.675608 -6.329261
v -12.705324 12.675608 -6.329261
v -10.749902 14.517426 -5.657352
v -12.944679 13.922963 -4.227280
v -12.705324 12.675608 -6.329261
v -12.944679 13.922963 -4.227280
v -14.316586 12.444866 -4.398582
v -14.073641 13.675600 -1.948479
v -14.316586 12.444866 -4.398582
v -12.944679 13.922963 -4.227280
v -14.073641 13.675600 -1.948479
v -15.022047 12.368169 -2.606601
v -14.316586 12.444866 -4.398582
v -15.022047 12.368169 -2.606601
v -15.974488 8.782408 -4.796669
v -14.316586 12.444866 -4.398582
v -14.316586 12.444866 -4.398582
v -15.974488 8.782408 -4.796669
v -12.705324 12.675608 -6.329261
v -15.974488 8.782408 -4.796669
v -14.606810 8.867044 -6.885571
v -12.705324 12.675608 -6.329261
v -15.371808 6.312032 -6.979570
v -14.606810 8.867044 -6.885571
v -15.974488 8.782408 -4.796669
v -15.371808 6.312032 -6.979570
v -15.974488 8.782408 -4.796669
v -16.798923 6.260742 -4.740207
v -15.313309 4.559478 -6.730712
v -15.371808 6.312032 -6.979570
v -16.798923 6.260742 -4.740207
v -15.313309 4.559478 -6.730712
v -16.798923 6.260742 -4.740207
v -16.788496 4.872965 -4.727697
v -12.658946 1.830199 -5.239418
v -15.313309 4.559478 -6.730712
v -16.260832 3.701295 -4.354095
v -16.788496 4.872965 -4.727697
v -16.260832 3.701295 -4.354095
v -15.313309 4.559478 -6.730712
v -17.298256 5.022582 -2.387305
v -16.260832 3.701295 -4.354095
v -16.788496 4.872965 -4.727697
v -16.798923 6.260742 -4.740207
v -17.298256 5.022582 -2.387305
v -16.788496 4.872965 -4.727697
v -16.798923 6.260742 -4.740207
v -17.284601 6.403794 -2.286550
v -17.298256 5.022582 -2.387305
v -17.284601 6.403794 -2.286550
v -16.798923 6.260742 -4.740207
v -15.974488 8.782408 -4.796669
v -17.284601 6.403794 -2.286550
v -15.974488 8.782408 -4.796669
v -16.768448 8.484621 -2.253798
v -15.022047 12.368169 -2.606601
v -16.768448 8.484621 -2.253798
v -15.974488 8.782408 -4.796669
v -16.768448 8.484621 -2.253798
v -15.022047 12.368169 -2.606601
v -15.289908 12.043191 -1.224189
v -15.022047 12.368169 -2.606601
v -14.073641 13.675600 -1.948479
v -15.289908 12.043191 -1.224189
v -15.289908 12.043191 -1.224189
v -14.073641 13.675600 -1.948479
v -12.650866 13.870226 1.333887
v -12.650866 13.870226 1.333887
v -14.073641 13.675600 -1.948479
v -12.265621 14.835402 -2.143225
v -12.265621 14.835402 -2.143225
v -14.073641 13.675600 -1.948479
v -12.944679 13.922963 -4.227280
v -12.265621 14.835402 -2.143225
v -12.944679 13.922963 -4.227280
v -9.544320 15.942903 -3.694149
v -9.544320 15.942903 -3.694149
v -12.944679 13.922963 -4.227280
v -10.749902 14.517426 -5.657352
v -9.544320 15.942903 -3.694149
v -10.749902 14.517426 -5.657352
v -7.520420 15.515531 -5.517394
v -10.406286 12.921727 -7.303581
v -7.520420 15.515531 -5.517394
v -10.749902 14.517426 -5.657352
v -7.520420 15.515531 -5.517394
v -10.406286 12.921727 -7.303581
v -6.931175 12.999863 -7.533073
v -17.298256 5.022582 -2.387305
v -16.684637 3.751021 -2.533525
v -16.260832 3.701295 -4.354095
v -15.289908 12.043191 -1.224189
v -12.650866 13.870226 1.333887
v -14.932713 10.797868 1.889016
v -15.289908 12.043191 -1.224189
v -14.932713 10.797868 1.889016
v -15.886690 8.055629 1.879488
v -15.289908 12.043191 -1.224189
v -15.886690 8.055629 1.879488
v -16.768448 8.484621 -2.253798
v -15.886690 8.055629 1.879488
v -17.284601 6.403794 -2.286550
v -16.768448 8.484621 -2.253798
v -17.284601 6.403794 -2.286550
v -15.886690 8.055629 1.879488
v -15.958694 4.666606 1.561684
v -17.284601 6.403794 -2.286550
v -15.958694 4.666606 1.561684
v -17.298256 5.022582 -2.387305
v -15.958694 4.666606 1.561684
v -16.613974 3.803628 -1.378085
v -17.298256 5.022582 -2.387305
v -17.298256 5.022582 -2.387305
v -16.613974 3.803628 -1.378085
v -16.684637 3.751021 -2.533525
v -16.613974 3.803628 -1.378085
v -14.519115 1.624908 -1.810075
v -16.684637 3.751021 -2.533525
v -14.519115 1.624908 -1.810075
v -16.260832 3.701295 -4.354095
v -16.684637 3.751021 -2.533525
v -12.658946 1.830199 -5.239418
v -16.260832 3.701295 -4.354095
v -14.519115 1.624908 -1.810075
v -12.658946 1.830199 -5.239418
v -14.519115 1.624908 -1.810075
v -13.161360 0.460788 -0.222630
v -12.658946 1.830199 -5.239418
v -13.161360 0.460788 -0.222630
v -10.196773 0.960768 -5.696562
v -10.210271 0.037949 -0.742225
v -10.196773 0.960768 -5.696562
v -13.161360 0.460788 -0.222630
v -10.196773 0.960768 -5.696562
v -10.210271 0.037949 -0.742225
v -4.440004 -0.118564 -5.540448
v -6.028917 -0.305579 -0.387136
v -4.440004 -0.118564 -5.540448
v -10.210271 0.037949 -0.742225
v -4.440004 -0.118564 -5.540448
v -6.028917 -0.305579 -0.387136
v -2.572282 -0.099177 -5.561283
v -2.012256 -0.522248 3.996907
v -2.572282 -0.099177 -5.561283
v -6.028917 -0.305579 -0.387136
v -2.012256 -0.522248 3.996907
v -6.028917 -0.305579 -0.387136
v -10.033130 -0.336712 2.167784
v -10.033130 -0.336712 2.167784
v -6.028917 -0.305579 -0.387136
v -10.210271 0.037949 -0.742225
v -10.210271 0.037949 -0.742225
v -12.929167 0.254821 2.079344
v -10.033130 -0.336712 2.167784
v -10.210271 0.037949 -0.742225
v -13.161360 0.460788 -0.222630
v -12.929167 0.254821 2.079344
v -13.161360 0.460788 -0.222630
v -14.407151 1.820042 2.018170
v -12.929167 0.254821 2.079344
v -13.161360 0.460788 -0.222630
v -14.927211 1.759429 -0.586031
v -14.407151 1.820042 2.018170
v -14.927211 1.759429 -0.586031
v -15.958694 4.666606 1.561684
v -14.407151 1.820042 2.018170
v -14.927211 1.759429 -0.586031
v -16.613974 3.803628 -1.378085
v -15.958694 4.666606 1.561684
v -16.613974 3.803628 -1.378085
v -14.927211 1.759429 -0.586031
v -14.519115 1.624908 -1.810075
v -14.927211 1.759429 -0.586031
v -13.161360 0.460788 -0.222630
v -14.519115 1.624908 -1.810075
v -7.520420 15.515531 -5.517394
v -5.215098 15.800255 -4.582480
v -6.795233 16.372694 -2.701911
v -7.520420 15.515531 -5.517394
v -6.795233 16.372694 -2.701911
v -9.544320 15.942903 -3.694149
v -9.544320 15.942903 -3.694149
v -6.795233 16.372694 -2.701911
v -9.973316 15.951812 -1.936498
v -9.544320 15.942903 -3.694149
v -9.973316 15.951812 -1.936498
v -12.265621 14.835402 -2.143225
v -12.265621 14.835402 -2.143225
v -9.973316 15.951812 -1.936498
v -10.788780 14.674984 2.131072
v -12.265621 14.835402 -2.143225
v -10.788780 14.674984 2.131072
v -12.650866 13.870226 1.333887
v -10.788780 14.674984 2.131072
v -12.151984 13.272041 3.316041
v -12.650866 13.870226 1.333887
v -12.151984 13.272041 3.316041
v -14.932713 10.797868 1.889016
v -12.650866 13.870226 1.333887
v -12.151984 13.272041 3.316041
v -14.036240 9.875853 3.863665
v -14.932713 10.797868 1.889016
v -15.886690 8.055629 1.879488
v -14.932713 10.797868 1.889016
v -14.036240 9.875853 3.863665
v -15.886690 8.055629 1.879488
v -14.036240 9.875853 3.863665
v -14.695228 7.637371 3.878970
v -15.958694 4.666606 1.561684
v -15.886690 8.055629 1.879488
v -14.695228 7.637371 3.878970
v -15.958694 4.666606 1.561684
v -14.695228 7.637371 3.878970
v -14.547829 4.501598 3.754782
v -14.407151 1.820042 2.018170
v -15.958694 4.666606 1.561684
v -14.547829 4.501598 3.754782
v -14.407151 1.820042 2.018170
v -14.547829 4.501598 3.754782
v -13.519125 1.846511 3.744409
v -13.519125 1.846511 3.744409
v -12.929167 0.254821 2.079344
v -14.407151 1.820042 2.018170
v -13.519125 1.846511 3.744409
v -11.732152 0.487925 4.319712
v -12.929167 0.254821 2.079344
v -11.732152 0.487925 4.319712
v -10.033130 -0.336712 2.167784
v -12.929167 0.254821 2.079344
v -12.273987 9.189974 5.674821
v -14.695228 7.637371 3.878970
v -14.036240 9.875853 3.863665
v -14.695228 7.637371 3.878970
v -12.273987 9.189974 5.674821
v -12.724217 5.946431 5.437484
v -14.547829 4.501598 3.754782
v -14.695228 7.637371 3.878970
v -12.724217 5.946431 5.437484
v -14.547829 4.501598 3.754782
v -12.724217 5.946431 5.437484
v -12.414598 2.487430 5.155551
v -12.414598 2.487430 5.155551
v -13.519125 1.846511 3.744409
v -14.547829 4.501598 3.754782
v -11.732152 0.487925 4.319712
v -13.519125 1.846511 3.744409
v -12.414598 2.487430 5.155551
v -11.732152 0.487925 4.319712
v -12.414598 2.487430 5.155551
v -10.115156 3.197160 6.421087
v -12.724217 5.946431 5.437484
v -10.115156 3.197160 6.421087
v -12.414598 2.487430 5.155551
v -12.724217 5.946431 5.437484
v -9.492730 6.953276 6.919031
v -10.115156 3.197160 6.421087
v -12.273987 9.189974 5.674821
v -9.492730 6.953276 6.919031
v -12.724217 5.946431 5.437484
v -9.246533 0.450052 5.022679
v -10.115156 3.197160 6.421087
v -4.999431 0.377280 5.448853
v -5.427268 4.671786 7.092401
v -4.999431 0.377280 5.448853
v -10.115156 3.197160 6.421087
v -9.492730 6.953276 6.919031
v -5.427268 4.671786 7.092401
v -10.115156 3.197160 6.421087
v -11.732152 0.487925 4.319712
v -10.115156 3.197160 6.421087
v -9.246533 0.450052 5.022679
v -8.699947 -0.284384 3.999835
v -11.732152 0.487925 4.319712
v -9.246533 0.450052 5.022679
v -8.699947 -0.284384 3.999835
v -9.246533 0.450052 5.022679
v -4.999431 0.377280 5.448853
v -2.251206 0.234841 5.325685
v -8.699947 -0.284384 3.999835
v -4.999431 0.377280 5.448853
v -2.251206 0.234841 5.325685
v -4.999431 0.377280 5.448853
v -5.427268 4.671786 7.092401
v -2.251206 0.234841 5.325685
v -5.427268 4.671786 7.092401
v -0.911019 6.194204 7.656469
v -4.600531 7.739643 7.652356
v -0.911019 6.194204 7.656469
v -5.427268 4.671786 7.092401
v -9.492730 6.953276 6.919031
v -4.600531 7.739643 7.652356
v -5.427268 4.671786 7.092401
v -8.589655 9.652769 6.615803
v -4.600531 7.739643 7.652356
v -9.492730 6.953276 6.919031
v -9.492730 6.953276 6.919031
v -12.273987 9.189974 5.674821
v -8.589655 9.652769 6.615803
v -8.589655 9.652769 6.615803
v -12.273987 9.189974 5.674821
v -11.312037 11.777398 4.972182
v -14.036240 9.875853 3.863665
v -11.312037 11.777398 4.972182
v -12.273987 9.189974 5.674821
v -14.036240 9.875853 3.863665
v -12.151984 13.272041 3.316041
v -11.312037 11.777398 4.972182
v -10.513757 13.127428 4.390431
v -11.312037 11.777398 4.972182
v -12.151984 13.272041 3.316041
v -12.151984 13.272041 3.316041
v -10.788780 14.674984 2.131072
v -10.513757 13.127428 4.390431
v -8.589655 9.652769 6.615803
v -4.380654 9.237371 7.310639
v -4.600531 7.739643 7.652356
v 0.712658 1.685565 5.914426
v -2.251206 0.234841 5.325685
v -0.911019 6.194204 7.656469
v 0.712658 1.685565 5.914426
v -0.911019 6.194204 7.656469
v 0.663665 4.890385 6.802175
v -11.732152 0.487925 4.319712
v -8.699947 -0.284384 3.999835
v -10.033130 -0.336712 2.167784
v -2.012256 -0.522248 3.996907
v -10.033130 -0.336712 2.167784
v -8.699947 -0.284384 3.999835
v -2.251206 0.234841 5.325685
v -2.012256 -0.522248 3.996907
v -8.699947 -0.284384 3.999835
v -2.012256 -0.522248 3.996907
v -2.251206 0.234841 5.325685
v 0.993710 -0.421639 5.433949
v 0.712658 1.685565 5.914426
v 0.993710 -0.421639 5.433949
v -2.251206 0.234841 5.325685
v 4.247199 1.919172 5.897849
v 0.993710 -0.421639 5.433949
v 0.712658 1.685565 5.914426
v 0.663665 4.890385 6.802175
v 4.247199 1.919172 5.897849
v 0.712658 1.685565 5.914426
v 0.663665 4.890385 6.802175
v 3.674194 5.844432 6.273378
v 4.247199 1.919172 5.897849
v 3.674194 5.844432 6.273378
v 0.663665 4.890385 6.802175
v -0.911019 6.194204 7.656469
v 3.674194 5.844432 6.273378
v -0.911019 6.194204 7.656469
v 4.892720 7.096509 6.032408
v 4.892720 7.096509 6.032408
v -0.911019 6.194204 7.656469
v -0.811157 7.154071 7.690371
v -4.600531 7.739643 7.652356
v -0.811157 7.154071 7.690371
v -0.911019 6.194204 7.656469
v -4.600531 7.739643 7.652356
v -1.043469 8.604576 7.258023
v -0.811157 7.154071 7.690371
v -4.380654 9.237371 7.310639
v -1.043469 8.604576 7.258023
v -4.600531 7.739643 7.652356
v -1.043469 8.604576 7.258023
v -4.380654 9.237371 7.310639
v -4.151992 10.587820 6.318288
v -8.589655 9.652769 6.615803
v -4.151992 10.587820 6.318288
v -4.380654 9.237371 7.310639
v -8.589655 9.652769 6.615803
v -8.566667 11.142027 6.042189
v -4.151992 10.587820 6.318288
v -8.566667 11.142027 6.042189
v -8.589655 9.652769 6.615803
v -11.312037 11.777398 4.972182
v 4.247199 1.919172 5.897849
v 4.896117 -0.147207 5.888525
v 0.993710 -0.421639 5.433949
v -1.043469 8.604576 7.258023
v -4.151992 10.587820 6.318288
v 0.431528 10.340870 5.773951
v -8.802264 12.842468 4.835254
v 0.431528 10.340870 5.773951
v -4.151992 10.587820 6.318288
v -8.802264 12.842468 4.835254
v -4.151992 10.587820 6.318288
v -8.566667 11.142027 6.042189
v -2.012256 -0.522248 3.996907
v 0.993710 -0.421639 5.433949
v 0.963836 -0.767045 4.093256
v 4.896117 -0.147207 5.888525
v 0.963836 -0.767045 4.093256
v 0.993710 -0.421639 5.433949
v 4.896117 -0.147207 5.888525
v 5.388240 -0.410055 4.991757
v 0.963836 -0.767045 4.093256
v 7.324949 0.484001 6.018497
v 5.388240 -0.410055 4.991757
v 4.896117 -0.147207 5.888525
v 7.324949 0.484001 6.018497
v 4.896117 -0.147207 5.888525
v 4.247199 1.919172 5.897849
v 7.324949 0.484001 6.018497
v 4.247199 1.919172 5.897849
v 7.009125 2.657655 6.131370
v 7.009125 2.657655 6.131370
v 4.247199 1.919172 5.897849
v 3.674194 5.844432 6.273378
v 7.009125 2.657655 6.131370
v 3.674194 5.844432 6.273378
v 4.892720 7.096509 6.032408
v 1.500957 9.116489 6.508079
v 3.075478 8.172174 6.358254
v -0.811157 7.154071 7.690371
v 4.892720 7.096509 6.032408
v -0.811157 7.154071 7.690371
v 3.075478 8.172174 6.358254
v 3.075478 8.172174 6.358254
v 7.377237 7.330297 5.195615
v 4.892720 7.096509 6.032408
v 7.377237 7.330297 5.195615
v 7.009125 2.657655 6.131370
v 4.892720 7.096509 6.032408
v 7.377237 7.330297 5.195615
v 8.347906 2.832481 5.467235
v 7.009125 2.657655 6.131370
v 7.324949 0.484001 6.018497
v 7.009125 2.657655 6.131370
v 8.347906 2.832481 5.467235
v 7.324949 0.484001 6.018497
v 8.347906 2.832481 5.467235
v 8.307961 0.288865 5.282235
v 7.324949 0.484001 6.018497
v 8.307961 0.288865 5.282235
v 5.388240 -0.410055 4.991757
v 5.388240 -0.410055 4.991757
v 8.307961 0.288865 5.282235
v 8.929213 0.330749 3.509102
v 8.347906 2.832481 5.467235
v 8.929213 0.330749 3.509102
v 8.307961 0.288865 5.282235
v 8.347906 2.832481 5.467235
v 8.316261 4.209505 4.198746
v 8.929213 0.330749 3.509102
v 8.316261 4.209505 4.198746
v 8.347906 2.832481 5.467235
v 7.377237 7.330297 5.195615
v 8.316261 4.209505 4.198746
v 7.377237 7.330297 5.195615
v 8.533333 6.696304 1.883279
v 7.377237 7.330297 5.195615
v 7.170683 8.449575 4.620052
v 8.533333 6.696304 1.883279
v 8.533333 6.696304 1.883279
v 7.170683 8.449575 4.620052
v 7.407109 9.547393 4.925017
v 5.404399 9.137577 4.912518
v 7.407109 9.547393 4.925017
v 7.170683 8.449575 4.620052
v 5.404399 9.137577 4.912518
v 5.688999 10.577640 6.279525
v 7.407109 9.547393 4.925017
v 4.538599 10.702327 4.933433
v 5.688999 10.577640 6.279525
v 5.404399 9.137577 4.912518
v 1.500957 9.116489 6.508079
v 3.191272 10.897863 5.739051
v 3.075478 8.172174 6.358254
v 8.533333 6.696304 1.883279
v 7.407109 9.547393 4.925017
v 9.820784 8.720055 1.680926
v 9.820784 8.720055 1.680926
v 9.874593 7.504060 0.164357
v 8.533333 6.696304 1.883279
v 9.885024 5.650496 0.523639
v 8.533333 6.696304 1.883279
v 9.874593 7.504060 0.164357
v 8.533333 6.696304 1.883279
v 9.885024 5.650496 0.523639
v 8.606316 4.389076 1.830352
v 8.316261 4.209505 4.198746
v 8.533333 6.696304 1.883279
v 8.606316 4.389076 1.830352
v 9.820784 8.720055 1.680926
v 10.864860 9.374883 -0.032413
v 9.874593 7.504060 0.164357
v 10.686675 9.316498 2.444196
v 10.864860 9.374883 -0.032413
v 9.820784 8.720055 1.680926
v 4.348310 12.786304 6.934744
v 4.664603 11.730933 7.018149
v 4.232075 11.958654 6.712862
v 4.232075 11.958654 6.712862
v 4.664603 11.730933 7.018149
v 4.546873 11.188376 6.354085
v 4.664603 11.730933 7.018149
v 5.688999 10.577640 6.279525
v 4.546873 11.188376 6.354085
v 4.664603 11.730933 7.018149
v 6.735965 10.491940 6.758580
v 5.688999 10.577640 6.279525
v 5.688999 10.577640 6.279525
v 6.735965 10.491940 6.758580
v 8.199298 9.701503 5.635793
v 5.688999 10.577640 6.279525
v 8.199298 9.701503 5.635793
v 7.407109 9.547393 4.925017
v 9.676444 9.823804 5.592624
v 9.549790 9.333359 4.534978
v 8.199298 9.701503 5.635793
v 7.407109 9.547393 4.925017
v 8.199298 9.701503 5.635793
v 9.549790 9.333359 4.534978
v 9.549790 9.333359 4.534978
v 10.547153 9.181989 3.585574
v 7.407109 9.547393 4.925017
v 7.407109 9.547393 4.925017
v 10.547153 9.181989 3.585574
v 9.820784 8.720055 1.680926
v 10.686675 9.316498 2.444196
v 9.820784 8.720055 1.680926
v 10.547153 9.181989 3.585574
v 9.549790 9.333359 4.534978
v 11.647817 10.616258 5.061081
v 10.547153 9.181989 3.585574
v 11.647817 10.616258 5.061081
v 12.156567 11.197594 3.178450
v 10.547153 9.181989 3.585574
v 10.686675 9.316498 2.444196
v 10.547153 9.181989 3.585574
v 12.156567 11.197594 3.178450
v 12.156567 11.197594 3.178450
v 11.211357 10.112133 0.801045
v 10.686675 9.316498 2.444196
v 10.686675 9.316498 2.444196
v 11.211357 10.112133 0.801045
v 10.864860 9.374883 -0.032413
v 11.211357 10.112133 0.801045
v 11.187152 11.090309 -0.748088
v 10.864860 9.374883 -0.032413
v 10.864860 9.374883 -0.032413
v 11.187152 11.090309 -0.748088
v 10.804221 9.941263 -2.116292
v 10.864860 9.374883 -0.032413
v 10.804221 9.941263 -2.116292
v 10.414713 8.084820 -2.343190
v 10.864860 9.374883 -0.032413
v 10.414713 8.084820 -2.343190
v 9.874593 7.504060 0.164357
v 10.411498 5.992360 -2.421772
v 9.874593 7.504060 0.164357
v 10.414713 8.084820 -2.343190
v 10.411498 5.992360 -2.421772
v 9.885024 5.650496 0.523639
v 9.874593 7.504060 0.164357
v 10.411498 5.992360 -2.421772
v 9.868848 2.597672 -2.526295
v 9.885024 5.650496 0.523639
v 9.868848 2.597672 -2.526295
v 9.826587 4.324608 -0.482515
v 9.885024 5.650496 0.523639
v 9.925346 3.195746 0.125120
v 9.826587 4.324608 -0.482515
v 9.868848 2.597672 -2.526295
v 9.417359 3.003222 1.441372
v 9.826587 4.324608 -0.482515
v 9.925346 3.195746 0.125120
v 9.925346 3.195746 0.125120
v 9.342254 0.867547 -0.984101
v 9.417359 3.003222 1.441372
v 9.417359 3.003222 1.441372
v 9.342254 0.867547 -0.984101
v 9.150349 0.888402 0.064398
v 9.150349 0.888402 0.064398
v 9.119699 2.615752 1.787421
v 9.417359 3.003222 1.441372
v 9.342254 0.867547 -0.984101
v 9.925346 3.195746 0.125120
v 8.922121 0.672242 -2.751220
v 9.925346 3.195746 0.125120
v 9.868848 2.597672 -2.526295
v 8.922121 0.672242 -2.751220
v 11.647817 10.616258 5.061081
v 11.296758 12.807549 6.688546
v 11.821700 12.532716 5.590435
v 11.647817 10.616258 5.061081
v 11.821700 12.532716 5.590435
v 12.156567 11.197594 3.178450
v 9.150349 0.888402 0.064398
v 7.934063 0.151495 0.776100
v 9.119699 2.615752 1.787421
v 8.458358 1.288011 1.433623
v 9.119699 2.615752 1.787421
v 7.934063 0.151495 0.776100
v 8.929213 0.330749 3.509102
v 8.458358 1.288011 1.433623
v 7.934063 0.151495 0.776100
v 8.458358 1.288011 1.433623
v 8.929213 0.330749 3.509102
v 8.533388 2.626848 1.864755
v 8.533388 2.626848 1.864755
v 8.929213 0.330749 3.509102
v 8.316261 4.209505 4.198746
v 8.533388 2.626848 1.864755
v 8.316261 4.209505 4.198746
v 8.380656 2.889174 1.609729
v 8.380656 2.889174 1.609729
v 8.316261 4.209505 4.198746
v 8.606316 4.389076 1.830352
v 8.937021 3.945313 0.659904
v 8.380656 2.889174 1.609729
v 8.606316 4.389076 1.830352
v 8.937021 3.945313 0.659904
v 8.606316 4.389076 1.830352
v 9.885024 5.650496 0.523639
v 8.937021 3.945313 0.659904
v 9.885024 5.650496 0.523639
v 9.826587 4.324608 -0.482515
v 9.826587 4.324608 -0.482515
v 9.417359 3.003222 1.441372
v 8.937021 3.945313 0.659904
v 8.937021 3.945313 0.659904
v 9.417359 3.003222 1.441372
v 8.533388 2.626848 1.864755
v 8.533388 2.626848 1.864755
v 9.417359 3.003222 1.441372
v 9.119699 2.615752 1.787421
v 8.533388 2.626848 1.864755
v 9.119699 2.615752 1.787421
v 8.458358 1.288011 1.433623
v 8.937021 3.945313 0.659904
v 8.533388 2.626848 1.864755
v 8.380656 2.889174 1.609729
v 8.221852 15.318925 6.015469
v 10.201871 13.914261 5.995836
v 9.453143 13.672178 5.905589
v 10.528069 14.600617 5.720383
v 10.201871 13.914261 5.995836
v 8.221852 15.318925 6.015469
v 10.528069 14.600617 5.720383
v 11.296758 12.807549 6.688546
v 10.201871 13.914261 5.995836
v 10.528069 14.600617 5.720383
v 10.765601 13.959673 4.948940
v 11.296758 12.807549 6.688546
v 11.821700 12.532716 5.590435
v 11.296758 12.807549 6.688546
v 10.765601 13.959673 4.948940
v 11.821700 12.532716 5.590435
v 10.765601 13.959673 4.948940
v 11.019795 13.727444 4.337150
v 10.765601 13.959673 4.948940
v 10.410927 15.429229 4.576053
v 11.019795 13.727444 4.337150
v 10.528069 14.600617 5.720383
v 10.410927 15.429229 4.576053
v 10.765601 13.959673 4.948940
v 10.528069 14.600617 5.720383
v 9.735317 16.133507 5.151774
v 10.410927 15.429229 4.576053
v 9.735317 16.133507 5.151774
v 10.528069 14.600617 5.720383
v 8.221852 15.318925 6.015469
v 10.201871 13.914261 5.995836
v 11.296758 12.807549 6.688546
v 10.229246 12.409150 6.928007
v 10.201871 13.914261 5.995836
v 10.229246 12.409150 6.928007
v 9.453143 13.672178 5.905589
v 8.760682 12.794627 6.810809
v 9.453143 13.672178 5.905589
v 10.229246 12.409150 6.928007
v 8.544428 16.728157 4.332117
v 7.067547 16.097860 5.743119
v 6.229456 17.025288 3.489387
v 8.544428 16.728157 4.332117
v 9.735317 16.133507 5.151774
v 7.067547 16.097860 5.743119
v 9.735317 16.133507 5.151774
v 8.221852 15.318925 6.015469
v 7.067547 16.097860 5.743119
v 8.221852 15.318925 6.015469
v 7.115965 15.107742 6.164282
v 7.067547 16.097860 5.743119
v 6.928369 13.871835 6.618359
v 7.115965 15.107742 6.164282
v 8.221852 15.318925 6.015469
v 6.928369 13.871835 6.618359
v 8.221852 15.318925 6.015469
v 9.453143 13.672178 5.905589
v 7.300466 13.060211 7.279269
v 6.928369 13.871835 6.618359
v 9.453143 13.672178 5.905589
v 8.760682 12.794627 6.810809
v 7.300466 13.060211 7.279269
v 9.453143 13.672178 5.905589
v 8.760682 12.794627 6.810809
v 7.836194 12.046527 7.325325
v 7.300466 13.060211 7.279269
v 7.836194 12.046527 7.325325
v 8.760682 12.794627 6.810809
v 10.229246 12.409150 6.928007
v 7.836194 12.046527 7.325325
v 10.229246 12.409150 6.928007
v 9.607697 9.965921 6.340877
v 10.229246 12.409150 6.928007
v 11.296758 12.807549 6.688546
v 9.607697 9.965921 6.340877
v 11.296758 12.807549 6.688546
v 10.773456 10.263615 5.878201
v 9.607697 9.965921 6.340877
v 10.773456 10.263615 5.878201
v 11.296758 12.807549 6.688546
v 11.647817 10.616258 5.061081
v 7.836194 12.046527 7.325325
v 9.607697 9.965921 6.340877
v 8.034905 10.643015 7.059279
v 8.034905 10.643015 7.059279
v 6.140996 11.771267 7.460626
v 7.836194 12.046527 7.325325
v 7.836194 12.046527 7.325325
v 6.140996 11.771267 7.460626
v 5.825684 12.536484 7.504915
v 7.836194 12.046527 7.325325
v 5.825684 12.536484 7.504915
v 7.300466 13.060211 7.279269
v 5.825684 12.536484 7.504915
v 6.928369 13.871835 6.618359
v 7.300466 13.060211 7.279269
v 4.595223 13.226574 6.978674
v 6.928369 13.871835 6.618359
v 5.825684 12.536484 7.504915
v 4.595223 13.226574 6.978674
v 7.115965 15.107742 6.164282
v 6.928369 13.871835 6.618359
v 5.054741 16.824469 2.953272
v 6.229456 17.025288 3.489387
v 5.565413 16.013193 5.958811
v 6.229456 17.025288 3.489387
v 7.067547 16.097860 5.743119
v 5.565413 16.013193 5.958811
v 7.067547 16.097860 5.743119
v 5.764902 14.951886 5.893476
v 5.565413 16.013193 5.958811
v 7.115965 15.107742 6.164282
v 5.764902 14.951886 5.893476
v 7.067547 16.097860 5.743119
v 4.272846 14.072950 5.980102
v 5.764902 14.951886 5.893476
v 7.115965 15.107742 6.164282
v 4.272846 14.072950 5.980102
v 7.115965 15.107742 6.164282
v 4.595223 13.226574 6.978674
v 4.272846 14.072950 5.980102
v 4.595223 13.226574 6.978674
v 4.348310 12.786304 6.934744
v 5.825684 12.536484 7.504915
v 4.348310 12.786304 6.934744
v 4.595223 13.226574 6.978674
v 4.348310 12.786304 6.934744
v 5.825684 12.536484 7.504915
v 4.664603 11.730933 7.018149
v 4.664603 11.730933 7.018149
v 5.825684 12.536484 7.504915
v 6.140996 11.771267 7.460626
v 6.140996 11.771267 7.460626
v 6.735965 10.491940 6.758580
v 4.664603 11.730933 7.018149
v 6.140996 11.771267 7.460626
v 8.034905 10.643015 7.059279
v 6.735965 10.491940 6.758580
v 8.034905 10.643015 7.059279
v 8.199298 9.701503 5.635793
v 6.735965 10.491940 6.758580
v 8.034905 10.643015 7.059279
v 9.607697 9.965921 6.340877
v 8.199298 9.701503 5.635793
v 9.607697 9.965921 6.340877
v 9.676444 9.823804 5.592624
v 8.199298 9.701503 5.635793
v 9.607697 9.965921 6.340877
v 10.773456 10.263615 5.878201
v 9.676444 9.823804 5.592624
v 9.549790 9.333359 4.534978
v 9.676444 9.823804 5.592624
v 10.773456 10.263615 5.878201
v 9.549790 9.333359 4.534978
v 10.773456 10.263615 5.878201
v 11.647817 10.616258 5.061081
v 4.729568 14.931549 5.788532
v 5.565413 16.013193 5.958811
v 5.764902 14.951886 5.893476
v 4.729568 14.931549 5.788532
v 5.764902 14.951886 5.893476
v 4.272846 14.072950 5.980102
v 4.538599 10.702327 4.933433
v 4.546873 11.188376 6.354085
v 5.688999 10.577640 6.279525
v 4.538599 10.702327 4.933433
v 3.939950 11.705275 5.545895
v 4.546873 11.188376 6.354085
v 3.939950 11.705275 5.545895
v 4.232075 11.958654 6.712862
v 4.546873 11.188376 6.354085
v 4.232075 11.958654 6.712862
v 3.939950 11.705275 5.545895
v 3.819140 12.551560 5.639419
v 4.232075 11.958654 6.712862
v 3.819140 12.551560 5.639419
v 4.348310 12.786304 6.934744
v 4.348310 12.786304 6.934744
v 3.819140 12.551560 5.639419
v 3.759623 13.468967 5.268680
v 4.348310 12.786304 6.934744
v 3.759623 13.468967 5.268680
v 4.272846 14.072950 5.980102
v 3.724042 14.617648 5.451265
v 4.272846 14.072950 5.980102
v 3.759623 13.468967 5.268680
v 4.729568 14.931549 5.788532
v 4.272846 14.072950 5.980102
v 3.724042 14.617648 5.451265
v 3.724042 14.617648 5.451265
v 3.178904 15.907261 5.521980
v 4.729568 14.931549 5.788532
v 4.729568 14.931549 5.788532
v 3.178904 15.907261 5.521980
v 5.565413 16.013193 5.958811
v 5.565413 16.013193 5.958811
v 3.178904 15.907261 5.521980
v 3.771883 16.304848 5.479971
v 5.054741 16.824469 2.953272
v 5.565413 16.013193 5.958811
v 3.771883 16.304848 5.479971
v 5.054741 16.824469 2.953272
v 3.771883 16.304848 5.479971
v 3.099890 16.900887 2.762888
v 5.054741 16.824469 2.953272
v 3.099890 16.900887 2.762888
v 3.146835 16.009344 1.954296
v 3.146835 16.009344 1.954296
v 3.099890 16.900887 2.762888
v 1.989730 15.338248 3.079957
v 3.146835 16.009344 1.954296
v 1.989730 15.338248 3.079957
v 1.451741 14.900185 3.110032
v 1.989730 15.338248 3.079957
v 1.802273 14.618990 3.992768
v 1.451741 14.900185 3.110032
v 3.099890 16.900887 2.762888
v 1.278494 16.398340 3.430769
v 1.989730 15.338248 3.079957
v 0.036995 14.049437 3.775264
v -0.085867 14.366341 2.906679
v 1.451741 14.900185 3.110032
v 1.451741 14.900185 3.110032
v -0.085867 14.366341 2.906679
v 1.201843 14.986952 1.312687
v 1.451741 14.900185 3.110032
v 1.201843 14.986952 1.312687
v 3.146835 16.009344 1.954296
v 1.754625 17.206949 3.251970
v 0.439970 17.556911 4.380356
v 1.278494 16.398340 3.430769
v 1.754625 17.206949 3.251970
v 1.278494 16.398340 3.430769
v 3.099890 16.900887 2.762888
v 3.099890 16.900887 2.762888
v 1.677413 16.809130 4.538409
v 1.754625 17.206949 3.251970
v 3.099890 16.900887 2.762888
v 3.771883 16.304848 5.479971
v 1.677413 16.809130 4.538409
v 1.677413 16.809130 4.538409
v 3.771883 16.304848 5.479971
v 3.178904 15.907261 5.521980
v 1.677413 16.809130 4.538409
v 3.178904 15.907261 5.521980
v 2.490247 15.227927 4.668065
v 3.724042 14.617648 5.451265
v 2.490247 15.227927 4.668065
v 3.178904 15.907261 5.521980
v 3.724042 14.617648 5.451265
v 2.964583 14.038002 4.696835
v 2.490247 15.227927 4.668065
v 3.724042 14.617648 5.451265
v 3.759623 13.468967 5.268680
v 2.964583 14.038002 4.696835
v 2.981950 11.397674 5.180198
v 2.964583 14.038002 4.696835
v 3.759623 13.468967 5.268680
v 3.759623 13.468967 5.268680
v 3.819140 12.551560 5.639419
v 2.981950 11.397674 5.180198
v 3.819140 12.551560 5.639419
v 3.191272 10.897863 5.739051
v 2.981950 11.397674 5.180198
v 3.819140 12.551560 5.639419
v 3.939950 11.705275 5.545895
v 3.191272 10.897863 5.739051
v 3.939950 11.705275 5.545895
v 4.261725 11.279916 4.907171
v 3.191272 10.897863 5.739051
v 4.538599 10.702327 4.933433
v 4.261725 11.279916 4.907171
v 3.939950 11.705275 5.545895
v 3.191272 10.897863 5.739051
v 4.261725 11.279916 4.907171
v 4.538599 10.702327 4.933433
v 5.404399 9.137577 4.912518
v 3.191272 10.897863 5.739051
v 4.538599 10.702327 4.933433
v 5.404399 9.137577 4.912518
v 3.075478 8.172174 6.358254
v 3.191272 10.897863 5.739051
v 3.075478 8.172174 6.358254
v 5.404399 9.137577 4.912518
v 7.377237 7.330297 5.195615
v 7.170683 8.449575 4.620052
v 7.377237 7.330297 5.195615
v 5.404399 9.137577 4.912518
v 1.754625 17.206949 3.251970
v 1.677413 16.809130 4.538409
v 0.439970 17.556911 4.380356
v 0.439970 17.556911 4.380356
v 1.677413 16.809130 4.538409
v 1.278494 16.398340 3.430769
v 1.677413 16.809130 4.538409
v 2.490247 15.227927 4.668065
v 1.278494 16.398340 3.430769
v 2.490247 15.227927 4.668065
v 1.989730 15.338248 3.079957
v 1.278494 16.398340 3.430769
v 1.802273 14.618990 3.992768
v 1.989730 15.338248 3.079957
v 2.490247 15.227927 4.668065
v 2.964583 14.038002 4.696835
v 1.802273 14.618990 3.992768
v 2.490247 15.227927 4.668065
v 1.802273 14.618990 3.992768
v 2.964583 14.038002 4.696835
v 2.203961 13.609655 5.256110
v 2.981950 11.397674 5.180198
v 2.203961 13.609655 5.256110
v 2.964583 14.038002 4.696835
v 2.981950 11.397674 5.180198
v 2.094928 10.879971 5.640643
v 2.203961 13.609655 5.256110
v 3.191272 10.897863 5.739051
v 2.094928 10.879971 5.640643
v 2.981950 11.397674 5.180198
v 3.191272 10.897863 5.739051
v 0.431528 10.340870 5.773951
v 2.094928 10.879971 5.640643
v 3.191272 10.897863 5.739051
v 1.500957 9.116489 6.508079
v 0.431528 10.340870 5.773951
v -1.043469 8.604576 7.258023
v 0.431528 10.340870 5.773951
v 1.500957 9.116489 6.508079
v -1.043469 8.604576 7.258023
v 1.500957 9.116489 6.508079
v -0.811157 7.154071 7.690371
v 0.036995 14.049437 3.775264
v 1.451741 14.900185 3.110032
v 1.802273 14.618990 3.992768
v 1.802273 14.618990 3.992768
v 2.203961 13.609655 5.256110
v 0.036995 14.049437 3.775264
v 0.036995 14.049437 3.775264
v 2.203961 13.609655 5.256110
v 0.206066 12.886023 4.618646
v 0.206066 12.886023 4.618646
v 2.203961 13.609655 5.256110
v 2.094928 10.879971 5.640643
v 0.206066 12.886023 4.618646
v 2.094928 10.879971 5.640643
v 0.039221 11.207999 5.189437
v 0.039221 11.207999 5.189437
v 2.094928 10.879971 5.640643
v 0.431528 10.340870 5.773951
v 0.039221 11.207999 5.189437
v 0.431528 10.340870 5.773951
v -3.589468 12.642530 4.143471
v -8.802264 12.842468 4.835254
v -3.589468 12.642530 4.143471
v 0.431528 10.340870 5.773951
v -8.802264 12.842468 4.835254
v -3.570889 13.675596 2.951015
v -3.589468 12.642530 4.143471
v -8.802264 12.842468 4.835254
v -8.413925 14.901599 2.105596
v -3.570889 13.675596 2.951015
v -3.590933 14.584335 1.753212
v -3.570889 13.675596 2.951015
v -8.413925 14.901599 2.105596
v -3.583244 15.646893 -0.341936
v -3.590933 14.584335 1.753212
v -8.413925 14.901599 2.105596
v 0.012468 14.814255 -0.183784
v -3.590933 14.584335 1.753212
v -3.583244 15.646893 -0.341936
v -3.583244 15.646893 -0.341936
v -3.111784 15.887241 -2.273938
v 0.012468 14.814255 -0.183784
v -3.111784 15.887241 -2.273938
v -0.470535 15.185398 -2.384935
v 0.012468 14.814255 -0.183784
v 1.240397 14.305067 -3.956306
v -0.470535 15.185398 -2.384935
v -3.111784 15.887241 -2.273938
v -0.470535 15.185398 -2.384935
v 1.240397 14.305067 -3.956306
v 1.379814 14.375640 -1.904762
v 3.653354 14.006616 -2.434567
v 1.379814 14.375640 -1.904762
v 1.240397 14.305067 -3.956306
v 0.039221 11.207999 5.189437
v -3.589468 12.642530 4.143471
v 0.206066 12.886023 4.618646
v 0.036995 14.049437 3.775264
v 0.206066 12.886023 4.618646
v -3.589468 12.642530 4.143471
v 0.036995 14.049437 3.775264
v -3.589468 12.642530 4.143471
v -3.570889 13.675596 2.951015
v -0.085867 14.366341 2.906679
v 0.036995 14.049437 3.775264
v -3.570889 13.675596 2.951015
v -0.085867 14.366341 2.906679
v -3.570889 13.675596 2.951015
v -3.590933 14.584335 1.753212
v 0.012468 14.814255 -0.183784
v -0.085867 14.366341 2.906679
v -3.590933 14.584335 1.753212
v -0.085867 14.366341 2.906679
v 0.012468 14.814255 -0.183784
v 1.201843 14.986952 1.312687
v 1.327003 14.685706 -0.007799
v 1.201843 14.986952 1.312687
v 0.012468 14.814255 -0.183784
v 0.012468 14.814255 -0.183784
v 1.379814 14.375640 -1.904762
v 1.327003 14.685706 -0.007799
v 0.012468 14.814255 -0.183784
v -0.470535 15.185398 -2.384935
v 1.379814 14.375640 -1.904762
v -3.583244 15.646893 -0.341936
v -8.413925 14.901599 2.105596
v -7.561673 16.257788 -1.149122
v -11.312037 11.777398 4.972182
v -8.802264 12.842468 4.835254
v -8.566667 11.142027 6.042189
v -11.312037 11.777398 4.972182
v -10.513757 13.127428 4.390431
v -8.802264 12.842468 4.835254
v -10.513757 13.127428 4.390431
v -8.413925 14.901599 2.105596
v -8.802264 12.842468 4.835254
v -10.513757 13.127428 4.390431
v -10.788780 14.674984 2.131072
v -8.413925 14.901599 2.105596
v -9.973316 15.951812 -1.936498
v -8.413925 14.901599 2.105596
v -10.788780 14.674984 2.131072
v -9.973316 15.951812 -1.936498
v -7.561673 16.257788 -1.149122
v -8.413925 14.901599 2.105596
v -7.561673 16.257788 -1.149122
v -9.973316 15.951812 -1.936498
v -6.795233 16.372694 -2.701911
v -6.795233 16.372694 -2.701911
v -3.583244 15.646893 -0.341936
v -7.561673 16.257788 -1.149122
v -6.795233 16.372694 -2.701911
v -3.111784 15.887241 -2.273938
v -3.583244 15.646893 -0.341936
v -5.215098 15.800255 -4.582480
v -3.111784 15.887241 -2.273938
v -6.795233 16.372694 -2.701911
v 1.240397 14.305067 -3.956306
v -3.111784 15.887241 -2.273938
v -5.215098 15.800255 -4.582480
v 3.653354 14.006616 -2.434567
v 7.484547 15.486794 -2.346703
v 7.751252 16.414593 -1.252562
v 7.751252 16.414593 -1.252562
v 5.340638 16.399797 1.016688
v 3.653354 14.006616 -2.434567
v 10.848546 16.040508 3.299537
v 9.077431 17.168146 1.930886
v 10.481767 16.546820 1.202789
v 10.481767 16.546820 1.202789
v 9.077431 17.168146 1.930886
v 9.080693 17.694221 0.808888
v 9.080693 17.694221 0.808888
v 9.077431 17.168146 1.930886
v 7.941874 17.673813 1.630821
v 7.965934 17.659658 0.971783
v 9.080693 17.694221 0.808888
v 7.941874 17.673813 1.630821
v 7.941874 17.673813 1.630821
v 6.302271 17.316263 1.463045
v 7.965934 17.659658 0.971783
v 7.965934 17.659658 0.971783
v 6.302271 17.316263 1.463045
v 7.370795 17.452667 0.669072
v 6.302271 17.316263 1.463045
v 5.398387 16.812355 1.581527
v 7.370795 17.452667 0.669072
v 5.398387 16.812355 1.581527
v 5.340638 16.399797 1.016688
v 7.370795 17.452667 0.669072
v 8.961454 17.327291 -0.731200
v 7.370795 17.452667 0.669072
v 5.340638 16.399797 1.016688
v 7.751252 16.414593 -1.252562
v 8.961454 17.327291 -0.731200
v 5.340638 16.399797 1.016688
v 8.664720 16.414810 -2.346744
v 8.961454 17.327291 -0.731200
v 7.751252 16.414593 -1.252562
v 8.664720 16.414810 -2.346744
v 7.751252 16.414593 -1.252562
v 7.484547 15.486794 -2.346703
v 7.484547 15.486794 -2.346703
v 8.184526 14.845958 -2.800939
v 8.664720 16.414810 -2.346744
v 6.359859 12.791328 -3.031911
v 8.184526 14.845958 -2.800939
v 7.484547 15.486794 -2.346703
v 6.359859 12.791328 -3.031911
v 7.484547 15.486794 -2.346703
v 3.932290 13.101559 -3.350306
v 3.653354 14.006616 -2.434567
v 3.932290 13.101559 -3.350306
v 7.484547 15.486794 -2.346703
v 3.932290 13.101559 -3.350306
v 3.653354 14.006616 -2.434567
v 1.240397 14.305067 -3.956306
v 9.077431 17.168146 1.930886
v 10.848546 16.040508 3.299537
v 9.387527 16.696199 3.516803
v 9.077431 17.168146 1.930886
v 9.387527 16.696199 3.516803
v 7.941874 17.673813 1.630821
v 10.218190 16.880533 -2.781075
v 10.232661 16.171484 -0.900979
v 10.164201 17.027372 0.483524
v 10.164201 17.027372 0.483524
v 10.232661 16.171484 -0.900979
v 10.696642 14.943951 -1.120195
v 10.164201 17.027372 0.483524
v 10.696642 14.943951 -1.120195
v 10.481767 16.546820 1.202789
v 9.080693 17.694221 0.808888
v 10.164201 17.027372 0.483524
v 10.481767 16.546820 1.202789
v 9.669969 17.620123 -0.569158
v 10.164201 17.027372 0.483524
v 9.080693 17.694221 0.808888
v 8.961454 17.327291 -0.731200
v 9.669969 17.620123 -0.569158
v 9.080693 17.694221 0.808888
v 8.961454 17.327291 -0.731200
v 9.080693 17.694221 0.808888
v 7.370795 17.452667 0.669072
v 9.080693 17.694221 0.808888
v 7.965934 17.659658 0.971783
v 7.370795 17.452667 0.669072
v 10.164201 17.027372 0.483524
v 9.669969 17.620123 -0.569158
v 10.218190 16.880533 -2.781075
v 10.218190 16.880533 -2.781075
v 10.045834 18.447090 -4.595601
v 9.834624 16.338865 -3.078009
v 10.218190 16.880533 -2.781075
v 9.669969 17.620123 -0.569158
v 10.045834 18.447090 -4.595601
v 9.061109 17.458166 -2.469828
v 10.045834 18.447090 -4.595601
v 9.669969 17.620123 -0.569158
v 8.961454 17.327291 -0.731200
v 9.061109 17.458166 -2.469828
v 9.669969 17.620123 -0.569158
v 8.961454 17.327291 -0.731200
v 9.008230 17.043303 -3.054846
v 9.061109 17.458166 -2.469828
v 8.664720 16.414810 -2.346744
v 9.008230 17.043303 -3.054846
v 8.961454 17.327291 -0.731200
v 9.103696 15.677114 -3.035855
v 9.008230 17.043303 -3.054846
v 8.664720 16.414810 -2.346744
v 9.103696 15.677114 -3.035855
v 8.664720 16.414810 -2.346744
v 8.184526 14.845958 -2.800939
v 8.184526 14.845958 -2.800939
v 8.991029 13.839046 -3.218688
v 9.103696 15.677114 -3.035855
v 8.991029 13.839046 -3.218688
v 8.184526 14.845958 -2.800939
v 6.359859 12.791328 -3.031911
v 8.991029 13.839046 -3.218688
v 6.359859 12.791328 -3.031911
v 6.963014 12.151756 -3.730455
v 6.963014 12.151756 -3.730455
v 6.359859 12.791328 -3.031911
v 4.479464 11.063821 -4.341348
v 4.479464 11.063821 -4.341348
v 6.359859 12.791328 -3.031911
v 3.932290 13.101559 -3.350306
v 4.479464 11.063821 -4.341348
v 3.932290 13.101559 -3.350306
v 1.722136 13.722065 -5.011602
v 3.932290 13.101559 -3.350306
v 1.240397 14.305067 -3.956306
v 1.722136 13.722065 -5.011602
v 1.722136 13.722065 -5.011602
v 1.240397 14.305067 -3.956306
v -4.921960 15.103303 -5.685989
v 1.240397 14.305067 -3.956306
v -5.215098 15.800255 -4.582480
v -4.921960 15.103303 -5.685989
v -5.215098 15.800255 -4.582480
v -7.520420 15.515531 -5.517394
v -4.921960 15.103303 -5.685989
v 8.991029 13.839046 -3.218688
v 6.963014 12.151756 -3.730455
v 8.027420 10.944508 -4.694703
v 8.991029 13.839046 -3.218688
v 8.027420 10.944508 -4.694703
v 9.590697 11.782983 -3.843479
v 10.046547 10.809356 -3.725137
v 8.027420 10.944508 -4.694703
v 8.770482 9.732582 -4.864789
v 10.046547 10.809356 -3.725137
v 9.590697 11.782983 -3.843479
v 8.027420 10.944508 -4.694703
v 9.590697 11.782983 -3.843479
v 10.046547 10.809356 -3.725137
v 10.228481 12.577047 -2.783707
v 10.228481 12.577047 -2.783707
v 8.991029 13.839046 -3.218688
v 9.590697 11.782983 -3.843479
v 10.228481 12.577047 -2.783707
v 10.139445 13.812672 -2.592884
v 8.991029 13.839046 -3.218688
v 8.991029 13.839046 -3.218688
v 10.139445 13.812672 -2.592884
v 9.639836 15.281275 -2.906421
v 9.103696 15.677114 -3.035855
v 8.991029 13.839046 -3.218688
v 9.639836 15.281275 -2.906421
v 9.639836 15.281275 -2.906421
v 9.346089 16.371805 -3.503430
v 9.103696 15.677114 -3.035855
v 9.103696 15.677114 -3.035855
v 9.346089 16.371805 -3.503430
v 9.008230 17.043303 -3.054846
v 9.346089 16.371805 -3.503430
v 10.045834 18.447090 -4.595601
v 9.008230 17.043303 -3.054846
v 10.045834 18.447090 -4.595601
v 9.061109 17.458166 -2.469828
v 9.008230 17.043303 -3.054846
v 9.834624 16.338865 -3.078009
v 10.045834 18.447090 -4.595601
v 9.346089 16.371805 -3.503430
v 9.834624 16.338865 -3.078009
v 9.346089 16.371805 -3.503430
v 9.639836 15.281275 -2.906421
v 11.821700 12.532716 5.590435
v 12.346805 13.458276 2.635765
v 12.520512 12.782519 3.226698
v 12.156567 11.197594 3.178450
v 11.821700 12.532716 5.590435
v 12.520512 12.782519 3.226698
v 12.520512 12.782519 3.226698
v 12.391306 11.610360 1.141602
v 12.156567 11.197594 3.178450
v 12.391306 11.610360 1.141602
v 11.211357 10.112133 0.801045
v 12.156567 11.197594 3.178450
v 11.211357 10.112133 0.801045
v 12.391306 11.610360 1.141602
v 12.078161 11.623362 0.401855
v 11.211357 10.112133 0.801045
v 12.078161 11.623362 0.401855
v 11.187152 11.090309 -0.748088
v 11.187152 11.090309 -0.748088
v 12.078161 11.623362 0.401855
v 10.910923 11.514829 -1.560273
v 10.804221 9.941263 -2.116292
v 11.187152 11.090309 -0.748088
v 10.910923 11.514829 -1.560273
v 10.910923 11.514829 -1.560273
v 10.046547 10.809356 -3.725137
v 10.804221 9.941263 -2.116292
v 10.046547 10.809356 -3.725137
v 10.910923 11.514829 -1.560273
v 11.066422 12.632710 -1.247737
v 10.228481 12.577047 -2.783707
v 10.046547 10.809356 -3.725137
v 11.066422 12.632710 -1.247737
v 11.066422 12.632710 -1.247737
v 10.958350 13.480123 -1.388544
v 10.228481 12.577047 -2.783707
v 10.958350 13.480123 -1.388544
v 10.139445 13.812672 -2.592884
v 10.228481 12.577047 -2.783707
v 10.958350 13.480123 -1.388544
v 10.696642 14.943951 -1.120195
v 10.139445 13.812672 -2.592884
v 9.639836 15.281275 -2.906421
v 10.139445 13.812672 -2.592884
v 10.696642 14.943951 -1.120195
v 9.639836 15.281275 -2.906421
v 10.696642 14.943951 -1.120195
v 10.232661 16.171484 -0.900979
v 10.232661 16.171484 -0.900979
v 9.834624 16.338865 -3.078009
v 9.639836 15.281275 -2.906421
v 10.218190 16.880533 -2.781075
v 9.834624 16.338865 -3.078009
v 10.232661 16.171484 -0.900979
v 12.078161 11.623362 0.401855
v 11.066422 12.632710 -1.247737
v 10.910923 11.514829 -1.560273
v 12.029876 15.063121 1.823723
v 11.213880 16.032961 1.828078
v 10.481767 16.546820 1.202789
v 11.130626 15.034247 -0.086461
v 12.029876 15.063121 1.823723
v 10.481767 16.546820 1.202789
v 10.481767 16.546820 1.202789
v 10.696642 14.943951 -1.120195
v 11.130626 15.034247 -0.086461
v 11.130626 15.034247 -0.086461
v 10.696642 14.943951 -1.120195
v 10.958350 13.480123 -1.388544
v 12.325940 14.186336 1.636318
v 11.130626 15.034247 -0.086461
v 10.958350 13.480123 -1.388544
v 12.325940 14.186336 1.636318
v 10.958350 13.480123 -1.388544
v 11.066422 12.632710 -1.247737
v 12.200960 12.551334 0.577723
v 12.325940 14.186336 1.636318
v 11.066422 12.632710 -1.247737
v 11.066422 12.632710 -1.247737
v 12.078161 11.623362 0.401855
v 12.200960 12.551334 0.577723
v 12.200960 12.551334 0.577723
v 12.078161 11.623362 0.401855
v 12.391306 11.610360 1.141602
v 12.200960 12.551334 0.577723
v 12.391306 11.610360 1.141602
v 12.514858 13.248652 1.662125
v 12.520512 12.782519 3.226698
v 12.514858 13.248652 1.662125
v 12.391306 11.610360 1.141602
v 12.346805 13.458276 2.635765
v 12.514858 13.248652 1.662125
v 12.520512 12.782519 3.226698
v 12.346805 13.458276 2.635765
v 12.325940 14.186336 1.636318
v 12.514858 13.248652 1.662125
v 11.924247 14.705187 2.319237
v 12.325940 14.186336 1.636318
v 12.346805 13.458276 2.635765
v 11.924247 14.705187 2.319237
v 12.029876 15.063121 1.823723
v 12.325940 14.186336 1.636318
v 11.924247 14.705187 2.319237
v 10.848546 16.040508 3.299537
v 12.029876 15.063121 1.823723
v 12.029876 15.063121 1.823723
v 10.848546 16.040508 3.299537
v 11.213880 16.032961 1.828078
v 10.848546 16.040508 3.299537
v 10.481767 16.546820 1.202789
v 11.213880 16.032961 1.828078
v 11.130626 15.034247 -0.086461
v 12.325940 14.186336 1.636318
v 12.029876 15.063121 1.823723
v 12.325940 14.186336 1.636318
v 12.200960 12.551334 0.577723
v 12.514858 13.248652 1.662125
v 3.653354 14.006616 -2.434567
v 1.327003 14.685706 -0.007799
v 1.379814 14.375640 -1.904762
v 3.653354 14.006616 -2.434567
v 5.340638 16.399797 1.016688
v 1.327003 14.685706 -0.007799
v 1.201843 14.986952 1.312687
v 1.327003 14.685706 -0.007799
v 5.340638 16.399797 1.016688
v 1.201843 14.986952 1.312687
v 5.340638 16.399797 1.016688
v 5.398387 16.812355 1.581527
v 1.201843 14.986952 1.312687
v 5.398387 16.812355 1.581527
v 3.146835 16.009344 1.954296
v 5.398387 16.812355 1.581527
v 5.054741 16.824469 2.953272
v 3.146835 16.009344 1.954296
v 5.398387 16.812355 1.581527
v 6.302271 17.316263 1.463045
v 5.054741 16.824469 2.953272
v 6.229456 17.025288 3.489387
v 5.054741 16.824469 2.953272
v 6.302271 17.316263 1.463045
v 6.229456 17.025288 3.489387
v 6.302271 17.316263 1.463045
v 7.941874 17.673813 1.630821
v 8.544428 16.728157 4.332117
v 6.229456 17.025288 3.489387
v 7.941874 17.673813 1.630821
v 8.544428 16.728157 4.332117
v 7.941874 17.673813 1.630821
v 9.387527 16.696199 3.516803
v 9.735317 16.133507 5.151774
v 8.544428 16.728157 4.332117
v 9.387527 16.696199 3.516803
v 9.735317 16.133507 5.151774
v 9.387527 16.696199 3.516803
v 10.848546 16.040508 3.299537
v 10.410927 15.429229 4.576053
v 9.735317 16.133507 5.151774
v 10.848546 16.040508 3.299537
v 10.410927 15.429229 4.576053
v 10.848546 16.040508 3.299537
v 11.924247 14.705187 2.319237
v 11.019795 13.727444 4.337150
v 10.410927 15.429229 4.576053
v 11.924247 14.705187 2.319237
v 11.019795 13.727444 4.337150
v 11.924247 14.705187 2.319237
v 12.346805 13.458276 2.635765
v 11.019795 13.727444 4.337150
v 12.346805 13.458276 2.635765
v 11.821700 12.532716 5.590435
v -2.572282 -0.099177 -5.561283
v 0.837431 -0.374697 -5.449046
v 0.573109 0.220158 -6.961328
v -10.406286 12.921727 -7.303581
v -12.532850 9.346477 -8.201534
v -9.940827 9.013707 -8.803176
v -10.406286 12.921727 -7.303581
v -9.940827 9.013707 -8.803176
v -6.931175 12.999863 -7.533073
v 9.782840 7.136484 -4.750667
v 10.804221 9.941263 -2.116292
v 10.046547 10.809356 -3.725137
v 9.782840 7.136484 -4.750667
v 10.046547 10.809356 -3.725137
v 8.770482 9.732582 -4.864789
v 10.414713 8.084820 -2.343190
v 10.804221 9.941263 -2.116292
v 9.782840 7.136484 -4.750667
v 10.411498 5.992360 -2.421772
v 10.414713 8.084820 -2.343190
v 9.782840 7.136484 -4.750667
v 10.411498 5.992360 -2.421772
v 9.782840 7.136484 -4.750667
v 9.724698 4.943496 -4.682523
v 9.868848 2.597672 -2.526295
v 10.411498 5.992360 -2.421772
v 9.724698 4.943496 -4.682523
v 9.868848 2.597672 -2.526295
v 9.724698 4.943496 -4.682523
v 9.047291 2.549716 -4.241233
v 8.922121 0.672242 -2.751220
v 9.868848 2.597672 -2.526295
v 9.047291 2.549716 -4.241233
v 8.922121 0.672242 -2.751220
v 9.047291 2.549716 -4.241233
v 8.370332 0.892088 -4.044552
v 6.056009 0.170016 -5.403068
v 0.573109 0.220158 -6.961328
v 0.837431 -0.374697 -5.449046
v 6.056009 0.170016 -5.403068
v 0.837431 -0.374697 -5.449046
v 6.130226 -0.240607 -3.941646
v 8.370332 0.892088 -4.044552
v 6.056009 0.170016 -5.403068
v 6.130226 -0.240607 -3.941646
v 8.370332 0.892088 -4.044552
v 6.130226 -0.240607 -3.941646
v 8.922121 0.672242 -2.751220
v 9.342254 0.867547 -0.984101
v 8.922121 0.672242 -2.751220
v 6.130226 -0.240607 -3.941646
v 9.342254 0.867547 -0.984101
v 6.130226 -0.240607 -3.941646
v 6.341572 -0.214558 -0.380273
v 9.342254 0.867547 -0.984101
v 6.341572 -0.214558 -0.380273
v 9.150349 0.888402 0.064398
v 6.341572 -0.214558 -0.380273
v 7.934063 0.151495 0.776100
v 9.150349 0.888402 0.064398
v 7.934063 0.151495 0.776100
v 6.341572 -0.214558 -0.380273
v 5.388240 -0.410055 4.991757
v 7.934063 0.151495 0.776100
v 5.388240 -0.410055 4.991757
v 8.929213 0.330749 3.509102
v 0.682935 -0.415831 -0.694722
v 5.388240 -0.410055 4.991757
v 6.341572 -0.214558 -0.380273
v 0.682935 -0.415831 -0.694722
v 6.341572 -0.214558 -0.380273
v 6.130226 -0.240607 -3.941646
v 0.682935 -0.415831 -0.694722
v 6.130226 -0.240607 -3.941646
v 0.837431 -0.374697 -5.449046
v 0.837431 -0.374697 -5.449046
v -2.572282 -0.099177 -5.561283
v 0.682935 -0.415831 -0.694722
v 0.682935 -0.415831 -0.694722
v -2.572282 -0.099177 -5.561283
v -2.012256 -0.522248 3.996907
v 0.963836 -0.767045 4.093256
v 0.682935 -0.415831 -0.694722
v -2.012256 -0.522248 3.996907
v 5.388240 -0.410055 4.991757
v 0.682935 -0.415831 -0.694722
v 0.963836 -0.767045 4.093256
v 7.845054 8.131733 7.623682
v 5.675989 6.736104 9.384628
v 5.430868 9.135017 9.942053
v 9.697525 11.938662 7.002589
v 5.747488 12.116503 7.861618
v 8.843275 12.688140 6.883352
v 9.697525 11.938662 7.002589
v 7.607820 10.833200 8.979064
v 5.747488 12.116503 7.861618
v 10.007122 10.641391 6.321182
v 7.607820 10.833200 8.979064
v 9.697525 11.938662 7.002589
v 10.007122 10.641391 6.321182
v 7.845054 8.131733 7.623682
v 7.607820 10.833200 8.979064
v 7.845054 8.131733 7.623682
v 5.430868 9.135017 9.942053
v 7.607820 10.833200 8.979064
v 7.607820 10.833200 8.979064
v 5.430868 9.135017 9.942053
v 2.855315 11.118751 8.631038
v 7.607820 10.833200 8.979064
v 2.855315 11.118751 8.631038
v 5.747488 12.116503 7.861618
v 12.731527 9.270227 3.725865
v 15.933140 9.716186 0.731885
v 15.151821 8.112978 1.303073
v 12.731527 9.270227 3.725865
v 13.288754 11.389900 4.019761
v 15.933140 9.716186 0.731885
v 11.080503 10.320253 4.887157
v 13.288754 11.389900 4.019761
v 12.731527 9.270227 3.725865
v 11.080503 10.320253 4.887157
v 11.521742 11.579429 5.692925
v 13.288754 11.389900 4.019761
v 11.521742 11.579429 5.692925
v 11.390257 12.787067 5.163052
v 13.288754 11.389900 4.019761
v 13.288754 11.389900 4.019761
v 11.390257 12.787067 5.163052
v 12.867117 12.272330 2.611949
v 13.288754 11.389900 4.019761
v 12.867117 12.272330 2.611949
v 14.832586 11.547759 -0.493747
v 13.288754 11.389900 4.019761
v 14.832586 11.547759 -0.493747
v 15.933140 9.716186 0.731885
vn 0.010012 0.449374 -0.893288
vn -0.032869 0.123854 -0.991756
vn 0.132670 0.210308 -0.968591
vn 0.010012 0.449374 -0.893288
vn 0.132670 0.210308 -0.968591
vn 0.177233 0.437605 -0.881527
vn 0.367636 0.158161 -0.916422
vn 0.177233 0.437605 -0.881527
vn 0.132670 0.210308 -0.968591
vn 0.367636 0.158161 -0.916422
vn 0.201697 0.246911 -0.947815
vn 0.260047 0.436614 -0.861245
vn -0.064721 0.827686 -0.557446
vn 0.010012 0.449374 -0.893288
vn 0.105239 0.631054 -0.768567
vn 0.105239 0.631054 -0.768567
vn 0.010012 0.449374 -0.893288
vn 0.177233 0.437605 -0.881527
vn 0.177233 0.437605 -0.881527
vn 0.425968 0.486727 -0.762659
vn 0.105239 0.631054 -0.768567
vn 0.425968 0.486727 -0.762659
vn 0.177233 0.437605 -0.881527
vn 0.367636 0.158161 -0.916422
vn 0.309505 0.552194 -0.774137
vn 0.425968 0.486727 -0.762659
vn 0.367636 0.158161 -0.916422
vn 0.309505 0.552194 -0.774137
vn 0.367636 0.158161 -0.916422
vn 0.260047 0.436614 -0.861245
vn 0.309505 0.552194 -0.774137
vn 0.260047 0.436614 -0.861245
vn 0.108922 0.354419 -0.928721
vn 0.108922 0.354419 -0.928721
vn 0.260047 0.436614 -0.861245
vn 0.201697 0.246911 -0.947815
vn 0.137648 0.219340 -0.965890
vn 0.108922 0.354419 -0.928721
vn 0.201697 0.246911 -0.947815
vn 0.201697 0.246911 -0.947815
vn 0.290864 -0.138399 -0.946701
vn 0.137648 0.219340 -0.965890
vn 0.198069 -0.030997 -0.979698
vn 0.137648 0.219340 -0.965890
vn 0.290864 -0.138399 -0.946701
vn 0.189250 -0.070342 -0.979406
vn 0.198069 -0.030997 -0.979698
vn 0.290864 -0.138399 -0.946701
vn 0.234256 0.119139 -0.964847
vn 0.198069 -0.030997 -0.979698
vn 0.189250 -0.070342 -0.979406
vn 0.301992 -0.001880 -0.953308
vn 0.234256 0.119139 -0.964847
vn 0.189250 -0.070342 -0.979406
vn 0.741278 -0.140233 -0.656386
vn 0.234256 0.119139 -0.964847
vn 0.301992 -0.001880 -0.953308
vn 0.301992 -0.001880 -0.953308
vn 0.711840 -0.312083 -0.629196
vn 0.741278 -0.140233 -0.656386
vn 0.301992 -0.001880 -0.953308
vn 0.384958 -0.189159 -0.903342
vn 0.711840 -0.312083 -0.629196
vn 0.615440 -0.584432 -0.528841
vn 0.711840 -0.312083 -0.629196
vn 0.384958 -0.189159 -0.903342
vn 0.198069 -0.030997 -0.979698
vn 0.234256 0.119139 -0.964847
vn 0.137648 0.219340 -0.965890
vn 0.309505 0.552194 -0.774137
vn 0.108922 0.354419 -0.928721
vn -0.164450 0.586080 -0.793389
vn 0.741278 -0.140233 -0.656386
vn 0.706773 0.014108 -0.707299
vn 0.234256 0.119139 -0.964847
vn 0.234256 0.119139 -0.964847
vn 0.706773 0.014108 -0.707299
vn 0.313665 0.210346 -0.925942
vn 0.234256 0.119139 -0.964847
vn 0.313665 0.210346 -0.925942
vn 0.137648 0.219340 -0.965890
vn 0.137648 0.219340 -0.965890
vn 0.313665 0.210346 -0.925942
vn 0.108922 0.354419 -0.928721
vn 0.309505 0.552194 -0.774137
vn 0.415799 0.741079 -0.527174
vn 0.425968 0.486727 -0.762659
vn 0.425968 0.486727 -0.762659
vn 0.415799 0.741079 -0.527174
vn 0.172236 0.793370 -0.583865
vn 0.105239 0.631054 -0.768567
vn 0.425968 0.486727 -0.762659
vn 0.172236 0.793370 -0.583865
vn 0.105239 0.631054 -0.768567
vn 0.172236 0.793370 -0.583865
vn -0.064721 0.827686 -0.557446
vn -0.003512 -0.368656 -0.929559
vn 0.170421 -0.099059 -0.980379
vn -0.060695 -0.161583 -0.984991
vn -0.003512 -0.368656 -0.929559
vn -0.234497 -0.196429 -0.952064
vn 0.170421 -0.099059 -0.980379
vn 0.052763 -0.081611 -0.995266
vn 0.170421 -0.099059 -0.980379
vn -0.234497 -0.196429 -0.952064
vn 0.052763 -0.081611 -0.995266
vn 0.189250 -0.070342 -0.979406
vn 0.170421 -0.099059 -0.980379
vn 0.150570 0.127367 -0.980360
vn 0.189250 -0.070342 -0.979406
vn 0.052763 -0.081611 -0.995266
vn 0.301992 -0.001880 -0.953308
vn 0.189250 -0.070342 -0.979406
vn 0.150570 0.127367 -0.980360
vn 0.384958 -0.189159 -0.903342
vn 0.301992 -0.001880 -0.953308
vn 0.150570 0.127367 -0.980360
vn 0.384958 -0.189159 -0.903342
vn 0.150570 0.127367 -0.980360
vn 0.163910 -0.036525 -0.985799
vn 0.163910 -0.036525 -0.985799
vn 0.150570 0.127367 -0.980360
vn 0.052763 -0.081611 -0.995266
vn 0.615440 -0.584432 -0.528841
vn 0.384958 -0.189159 -0.903342
vn 0.335040 -0.689575 -0.642055
vn 0.163910 -0.036525 -0.985799
vn 0.335040 -0.689575 -0.642055
vn 0.384958 -0.189159 -0.903342
vn 0.163910 -0.036525 -0.985799
vn 0.084264 -0.635654 -0.767361
vn 0.335040 -0.689575 -0.642055
vn 0.163910 -0.036525 -0.985799
vn 0.052763 -0.081611 -0.995266
vn 0.084264 -0.635654 -0.767361
vn 0.084264 -0.635654 -0.767361
vn 0.052763 -0.081611 -0.995266
vn -0.066683 -0.195031 -0.978527
vn 0.052763 -0.081611 -0.995266
vn -0.234497 -0.196429 -0.952064
vn -0.066683 -0.195031 -0.978527
vn -0.234497 -0.196429 -0.952064
vn -0.122214 -0.510864 -0.850930
vn -0.066683 -0.195031 -0.978527
vn -0.234497 -0.196429 -0.952064
vn -0.003512 -0.368656 -0.929559
vn -0.122214 -0.510864 -0.850930
vn -0.316185 -0.678587 -0.662983
vn -0.122214 -0.510864 -0.850930
vn -0.003512 -0.368656 -0.929559
vn -0.316185 -0.678587 -0.662983
vn -0.003512 -0.368656 -0.929559
vn -0.375115 -0.394992 -0.838612
vn -0.375115 -0.394992 -0.838612
vn -0.003512 -0.368656 -0.929559
vn -0.060695 -0.161583 -0.984991
vn -0.375115 -0.394992 -0.838612
vn -0.060695 -0.161583 -0.984991
vn -0.428461 0.013477 -0.903460
vn -0.369947 0.262850 -0.891094
vn -0.428461 0.013477 -0.903460
vn -0.060695 -0.161583 -0.984991
vn -0.369947 0.262850 -0.891094
vn -0.060695 -0.161583 -0.984991
vn -0.032869 0.123854 -0.991756
vn 0.170421 -0.099059 -0.980379
vn -0.032869 0.123854 -0.991756
vn -0.060695 -0.161583 -0.984991
vn 0.170421 -0.099059 -0.980379
vn 0.184387 -0.051119 -0.981523
vn -0.032869 0.123854 -0.991756
vn 0.184387 -0.051119 -0.981523
vn 0.170421 -0.099059 -0.980379
vn 0.189250 -0.070342 -0.979406
vn 0.189250 -0.070342 -0.979406
vn 0.290864 -0.138399 -0.946701
vn 0.184387 -0.051119 -0.981523
vn 0.367636 0.158161 -0.916422
vn 0.184387 -0.051119 -0.981523
vn 0.290864 -0.138399 -0.946701
vn 0.201697 0.246911 -0.947815
vn 0.367636 0.158161 -0.916422
vn 0.290864 -0.138399 -0.946701
vn 0.184387 -0.051119 -0.981523
vn 0.367636 0.158161 -0.916422
vn 0.132670 0.210308 -0.968591
vn -0.032869 0.123854 -0.991756
vn 0.184387 -0.051119 -0.981523
vn 0.132670 0.210308 -0.968591
vn -0.375115 -0.394992 -0.838612
vn -0.731103 0.054069 -0.680121
vn -0.628744 -0.427519 -0.649545
vn -0.432997 -0.801273 -0.412887
vn -0.375115 -0.394992 -0.838612
vn -0.628744 -0.427519 -0.649545
vn -0.432997 -0.801273 -0.412887
vn -0.316185 -0.678587 -0.662983
vn -0.375115 -0.394992 -0.838612
vn -0.316185 -0.678587 -0.662983
vn -0.432997 -0.801273 -0.412887
vn -0.260652 -0.872808 -0.412633
vn -0.201771 -0.817335 -0.539678
vn -0.260652 -0.872808 -0.412633
vn -0.056666 -0.978657 -0.197533
vn -0.201771 -0.817335 -0.539678
vn -0.056666 -0.978657 -0.197533
vn -0.099419 -0.685236 -0.721504
vn -0.029228 -0.984116 -0.175104
vn -0.099419 -0.685236 -0.721504
vn -0.056666 -0.978657 -0.197533
vn -0.029228 -0.984116 -0.175104
vn 0.084264 -0.635654 -0.767361
vn -0.099419 -0.685236 -0.721504
vn 0.084264 -0.635654 -0.767361
vn -0.066683 -0.195031 -0.978527
vn -0.099419 -0.685236 -0.721504
vn -0.066683 -0.195031 -0.978527
vn -0.201771 -0.817335 -0.539678
vn -0.099419 -0.685236 -0.721504
vn -0.066683 -0.195031 -0.978527
vn -0.122214 -0.510864 -0.850930
vn -0.201771 -0.817335 -0.539678
vn -0.260652 -0.872808 -0.412633
vn -0.201771 -0.817335 -0.539678
vn -0.122214 -0.510864 -0.850930
vn -0.260652 -0.872808 -0.412633
vn -0.122214 -0.510864 -0.850930
vn -0.316185 -0.678587 -0.662983
vn -0.375115 -0.394992 -0.838612
vn -0.428461 0.013477 -0.903460
vn -0.731103 0.054069 -0.680121
vn -0.428461 0.013477 -0.903460
vn -0.689089 0.328285 -0.646054
vn -0.731103 0.054069 -0.680121
vn -0.428461 0.013477 -0.903460
vn -0.369947 0.262850 -0.891094
vn -0.689089 0.328285 -0.646054
vn -0.369947 0.262850 -0.891094
vn -0.544320 0.545513 -0.637284
vn -0.689089 0.328285 -0.646054
vn -0.369947 0.262850 -0.891094
vn -0.215354 0.517584 -0.828088
vn -0.544320 0.545513 -0.637284
vn -0.215354 0.517584 -0.828088
vn -0.346999 0.762814 -0.545625
vn -0.544320 0.545513 -0.637284
vn -0.544320 0.545513 -0.637284
vn -0.346999 0.762814 -0.545625
vn -0.567940 0.752376 -0.333729
vn -0.544320 0.545513 -0.637284
vn -0.567940 0.752376 -0.333729
vn -0.745363 0.529120 -0.405544
vn -0.674290 0.738448 0.005245
vn -0.745363 0.529120 -0.405544
vn -0.567940 0.752376 -0.333729
vn -0.674290 0.738448 0.005245
vn -0.832963 0.524115 -0.177415
vn -0.745363 0.529120 -0.405544
vn -0.832963 0.524115 -0.177415
vn -0.856539 0.340726 -0.387616
vn -0.745363 0.529120 -0.405544
vn -0.745363 0.529120 -0.405544
vn -0.856539 0.340726 -0.387616
vn -0.544320 0.545513 -0.637284
vn -0.856539 0.340726 -0.387616
vn -0.689089 0.328285 -0.646054
vn -0.544320 0.545513 -0.637284
vn -0.731103 0.054069 -0.680121
vn -0.689089 0.328285 -0.646054
vn -0.856539 0.340726 -0.387616
vn -0.731103 0.054069 -0.680121
vn -0.856539 0.340726 -0.387616
vn -0.916839 0.126032 -0.378842
vn -0.628744 -0.427519 -0.649545
vn -0.731103 0.054069 -0.680121
vn -0.916839 0.126032 -0.378842
vn -0.628744 -0.427519 -0.649545
vn -0.916839 0.126032 -0.378842
vn -0.891831 -0.237042 -0.385289
vn -0.432997 -0.801273 -0.412887
vn -0.628744 -0.427519 -0.649545
vn -0.704352 -0.635396 -0.316481
vn -0.891831 -0.237042 -0.385289
vn -0.704352 -0.635396 -0.316481
vn -0.628744 -0.427519 -0.649545
vn -0.981603 -0.188088 0.032835
vn -0.704352 -0.635396 -0.316481
vn -0.891831 -0.237042 -0.385289
vn -0.916839 0.126032 -0.378842
vn -0.981603 -0.188088 0.032835
vn -0.891831 -0.237042 -0.385289
vn -0.916839 0.126032 -0.378842
vn -0.992151 0.118113 0.041048
vn -0.981603 -0.188088 0.032835
vn -0.992151 0.118113 0.041048
vn -0.916839 0.126032 -0.378842
vn -0.856539 0.340726 -0.387616
vn -0.992151 0.118113 0.041048
vn -0.856539 0.340726 -0.387616
vn -0.953770 0.299738 -0.021881
vn -0.832963 0.524115 -0.177415
vn -0.953770 0.299738 -0.021881
vn -0.856539 0.340726 -0.387616
vn -0.953770 0.299738 -0.021881
vn -0.832963 0.524115 -0.177415
vn -0.854535 0.500385 0.139227
vn -0.832963 0.524115 -0.177415
vn -0.674290 0.738448 0.005245
vn -0.854535 0.500385 0.139227
vn -0.854535 0.500385 0.139227
vn -0.674290 0.738448 0.005245
vn -0.597388 0.748647 0.287498
vn -0.597388 0.748647 0.287498
vn -0.674290 0.738448 0.005245
vn -0.493742 0.869521 -0.012289
vn -0.493742 0.869521 -0.012289
vn -0.674290 0.738448 0.005245
vn -0.567940 0.752376 -0.333729
vn -0.493742 0.869521 -0.012289
vn -0.567940 0.752376 -0.333729
vn -0.263840 0.932698 -0.245893
vn -0.263840 0.932698 -0.245893
vn -0.567940 0.752376 -0.333729
vn -0.346999 0.762814 -0.545625
vn -0.263840 0.932698 -0.245893
vn -0.346999 0.762814 -0.545625
vn -0.064721 0.827686 -0.557446
vn -0.215354 0.517584 -0.828088
vn -0.064721 0.827686 -0.557446
vn -0.346999 0.762814 -0.545625
vn -0.064721 0.827686 -0.557446
vn -0.215354 0.517584 -0.828088
vn 0.010012 0.449374 -0.893288
vn -0.981603 -0.188088 0.032835
vn -0.815481 -0.575631 -0.060331
vn -0.704352 -0.635396 -0.316481
vn -0.854535 0.500385 0.139227
vn -0.597388 0.748647 0.287498
vn -0.814962 0.429970 0.388540
vn -0.854535 0.500385 0.139227
vn -0.814962 0.429970 0.388540
vn -0.905215 0.158026 0.394478
vn -0.854535 0.500385 0.139227
vn -0.905215 0.158026 0.394478
vn -0.953770 0.299738 -0.021881
vn -0.905215 0.158026 0.394478
vn -0.992151 0.118113 0.041048
vn -0.953770 0.299738 -0.021881
vn -0.992151 0.118113 0.041048
vn -0.905215 0.158026 0.394478
vn -0.890149 -0.226127 0.395601
vn -0.992151 0.118113 0.041048
vn -0.890149 -0.226127 0.395601
vn -0.981603 -0.188088 0.032835
vn -0.890149 -0.226127 0.395601
vn -0.848204 -0.495299 0.187693
vn -0.981603 -0.188088 0.032835
vn -0.981603 -0.188088 0.032835
vn -0.848204 -0.495299 0.187693
vn -0.815481 -0.575631 -0.060331
vn -0.848204 -0.495299 0.187693
vn -0.565139 -0.799578 -0.203204
vn -0.815481 -0.575631 -0.060331
vn -0.565139 -0.799578 -0.203204
vn -0.704352 -0.635396 -0.316481
vn -0.815481 -0.575631 -0.060331
vn -0.432997 -0.801273 -0.412887
vn -0.704352 -0.635396 -0.316481
vn -0.565139 -0.799578 -0.203204
vn -0.432997 -0.801273 -0.412887
vn -0.565139 -0.799578 -0.203204
vn -0.411545 -0.907154 -0.087764
vn -0.432997 -0.801273 -0.412887
vn -0.411545 -0.907154 -0.087764
vn -0.260652 -0.872808 -0.412633
vn -0.139325 -0.981251 -0.133170
vn -0.260652 -0.872808 -0.412633
vn -0.411545 -0.907154 -0.087764
vn -0.260652 -0.872808 -0.412633
vn -0.139325 -0.981251 -0.133170
vn -0.056666 -0.978657 -0.197533
vn -0.034615 -0.997944 -0.053946
vn -0.056666 -0.978657 -0.197533
vn -0.139325 -0.981251 -0.133170
vn -0.056666 -0.978657 -0.197533
vn -0.034615 -0.997944 -0.053946
vn -0.029228 -0.984116 -0.175104
vn -0.075459 -0.975381 0.207212
vn -0.029228 -0.984116 -0.175104
vn -0.034615 -0.997944 -0.053946
vn -0.075459 -0.975381 0.207212
vn -0.034615 -0.997944 -0.053946
vn -0.141495 -0.989641 0.024266
vn -0.141495 -0.989641 0.024266
vn -0.034615 -0.997944 -0.053946
vn -0.139325 -0.981251 -0.133170
vn -0.139325 -0.981251 -0.133170
vn -0.487160 -0.861896 0.140748
vn -0.141495 -0.989641 0.024266
vn -0.139325 -0.981251 -0.133170
vn -0.411545 -0.907154 -0.087764
vn -0.487160 -0.861896 0.140748
vn -0.411545 -0.907154 -0.087764
vn -0.788293 -0.547288 0.281193
vn -0.487160 -0.861896 0.140748
vn -0.411545 -0.907154 -0.087764
vn -0.725012 -0.687291 0.044593
vn -0.788293 -0.547288 0.281193
vn -0.725012 -0.687291 0.044593
vn -0.890149 -0.226127 0.395601
vn -0.788293 -0.547288 0.281193
vn -0.725012 -0.687291 0.044593
vn -0.848204 -0.495299 0.187693
vn -0.890149 -0.226127 0.395601
vn -0.848204 -0.495299 0.187693
vn -0.725012 -0.687291 0.044593
vn -0.565139 -0.799578 -0.203204
vn -0.725012 -0.687291 0.044593
vn -0.411545 -0.907154 -0.087764
vn -0.565139 -0.799578 -0.203204
vn -0.064721 0.827686 -0.557446
vn 0.140508 0.925298 -0.352250
vn 0.021924 0.996957 -0.074801
vn -0.064721 0.827686 -0.557446
vn 0.021924 0.996957 -0.074801
vn -0.263840 0.932698 -0.245893
vn -0.263840 0.932698 -0.245893
vn 0.021924 0.996957 -0.074801
vn -0.299921 0.950489 0.081347
vn -0.263840 0.932698 -0.245893
vn -0.299921 0.950489 0.081347
vn -0.493742 0.869521 -0.012289
vn -0.493742 0.869521 -0.012289
vn -0.299921 0.950489 0.081347
vn -0.274336 0.878004 0.392235
vn -0.493742 0.869521 -0.012289
vn -0.274336 0.878004 0.392235
vn -0.597388 0.748647 0.287498
vn -0.274336 0.878004 0.392235
vn -0.538977 0.642976 0.544138
vn -0.597388 0.748647 0.287498
vn -0.538977 0.642976 0.544138
vn -0.814962 0.429970 0.388540
vn -0.597388 0.748647 0.287498
vn -0.538977 0.642976 0.544138
vn -0.703539 0.336110 0.626150
vn -0.814962 0.429970 0.388540
vn -0.905215 0.158026 0.394478
vn -0.814962 0.429970 0.388540
vn -0.703539 0.336110 0.626150
vn -0.905215 0.158026 0.394478
vn -0.703539 0.336110 0.626150
vn -0.756808 0.073247 0.649520
vn -0.890149 -0.226127 0.395601
vn -0.905215 0.158026 0.394478
vn -0.756808 0.073247 0.649520
vn -0.890149 -0.226127 0.395601
vn -0.756808 0.073247 0.649520
vn -0.758655 -0.180491 0.625991
vn -0.788293 -0.547288 0.281193
vn -0.890149 -0.226127 0.395601
vn -0.758655 -0.180491 0.625991
vn -0.788293 -0.547288 0.281193
vn -0.758655 -0.180491 0.625991
vn -0.710708 -0.464854 0.528020
vn -0.710708 -0.464854 0.528020
vn -0.487160 -0.861896 0.140748
vn -0.788293 -0.547288 0.281193
vn -0.710708 -0.464854 0.528020
vn -0.377146 -0.743460 0.552294
vn -0.487160 -0.861896 0.140748
vn -0.377146 -0.743460 0.552294
vn -0.141495 -0.989641 0.024266
vn -0.487160 -0.861896 0.140748
vn -0.478321 0.216581 0.851059
vn -0.756808 0.073247 0.649520
vn -0.703539 0.336110 0.626150
vn -0.756808 0.073247 0.649520
vn -0.478321 0.216581 0.851059
vn -0.533699 -0.050988 0.844136
vn -0.758655 -0.180491 0.625991
vn -0.756808 0.073247 0.649520
vn -0.533699 -0.050988 0.844136
vn -0.758655 -0.180491 0.625991
vn -0.533699 -0.050988 0.844136
vn -0.516985 -0.313096 0.796679
vn -0.516985 -0.313096 0.796679
vn -0.710708 -0.464854 0.528020
vn -0.758655 -0.180491 0.625991
vn -0.377146 -0.743460 0.552294
vn -0.710708 -0.464854 0.528020
vn -0.516985 -0.313096 0.796679
vn -0.377146 -0.743460 0.552294
vn -0.516985 -0.313096 0.796679
vn -0.245570 -0.274084 0.929824
vn -0.533699 -0.050988 0.844136
vn -0.245570 -0.274084 0.929824
vn -0.516985 -0.313096 0.796679
vn -0.533699 -0.050988 0.844136
vn -0.251763 0.018587 0.967610
vn -0.245570 -0.274084 0.929824
vn -0.478321 0.216581 0.851059
vn -0.251763 0.018587 0.967610
vn -0.533699 -0.050988 0.844136
vn -0.146643 -0.674843 0.723245
vn -0.245570 -0.274084 0.929824
vn -0.020729 -0.657142 0.753482
vn -0.052146 -0.254232 0.965736
vn -0.020729 -0.657142 0.753482
vn -0.245570 -0.274084 0.929824
vn -0.251763 0.018587 0.967610
vn -0.052146 -0.254232 0.965736
vn -0.245570 -0.274084 0.929824
vn -0.377146 -0.743460 0.552294
vn -0.245570 -0.274084 0.929824
vn -0.146643 -0.674843 0.723245
vn -0.097916 -0.944253 0.314322
vn -0.377146 -0.743460 0.552294
vn -0.146643 -0.674843 0.723245
vn -0.097916 -0.944253 0.314322
vn -0.146643 -0.674843 0.723245
vn -0.020729 -0.657142 0.753482
vn -0.057604 -0.641803 0.764703
vn -0.097916 -0.944253 0.314322
vn -0.020729 -0.657142 0.753482
vn -0.057604 -0.641803 0.764703
vn -0.020729 -0.657142 0.753482
vn -0.052146 -0.254232 0.965736
vn -0.057604 -0.641803 0.764703
vn -0.052146 -0.254232 0.965736
vn 0.109082 -0.185773 0.976519
vn -0.070887 0.058962 0.995740
vn 0.109082 -0.185773 0.976519
vn -0.052146 -0.254232 0.965736
vn -0.251763 0.018587 0.967610
vn -0.070887 0.058962 0.995740
vn -0.052146 -0.254232 0.965736
vn -0.175039 0.293498 0.939798
vn -0.070887 0.058962 0.995740
vn -0.251763 0.018587 0.967610
vn -0.251763 0.018587 0.967610
vn -0.478321 0.216581 0.851059
vn -0.175039 0.293498 0.939798
vn -0.175039 0.293498 0.939798
vn -0.478321 0.216581 0.851059
vn -0.390039 0.453517 0.801368
vn -0.703539 0.336110 0.626150
vn -0.390039 0.453517 0.801368
vn -0.478321 0.216581 0.851059
vn -0.703539 0.336110 0.626150
vn -0.538977 0.642976 0.544138
vn -0.390039 0.453517 0.801368
vn -0.207261 0.662768 0.719570
vn -0.390039 0.453517 0.801368
vn -0.538977 0.642976 0.544138
vn -0.538977 0.642976 0.544138
vn -0.274336 0.878004 0.392235
vn -0.207261 0.662768 0.719570
vn -0.175039 0.293498 0.939798
vn -0.007324 0.417444 0.908673
vn -0.070887 0.058962 0.995740
vn 0.007579 -0.275594 0.961244
vn -0.057604 -0.641803 0.764703
vn 0.109082 -0.185773 0.976519
vn 0.007579 -0.275594 0.961244
vn 0.109082 -0.185773 0.976519
vn 0.229746 -0.241033 0.942931
vn -0.377146 -0.743460 0.552294
vn -0.097916 -0.944253 0.314322
vn -0.141495 -0.989641 0.024266
vn -0.075459 -0.975381 0.207212
vn -0.141495 -0.989641 0.024266
vn -0.097916 -0.944253 0.314322
vn -0.057604 -0.641803 0.764703
vn -0.075459 -0.975381 0.207212
vn -0.097916 -0.944253 0.314322
vn -0.075459 -0.975381 0.207212
vn -0.057604 -0.641803 0.764703
vn -0.049590 -0.703040 0.709419
vn 0.007579 -0.275594 0.961244
vn -0.049590 -0.703040 0.709419
vn -0.057604 -0.641803 0.764703
vn -0.022568 -0.102036 0.994524
vn -0.049590 -0.703040 0.709419
vn 0.007579 -0.275594 0.961244
vn 0.229746 -0.241033 0.942931
vn -0.022568 -0.102036 0.994524
vn 0.007579 -0.275594 0.961244
vn 0.229746 -0.241033 0.942931
vn 0.185311 -0.057895 0.980973
vn -0.022568 -0.102036 0.994524
vn 0.185311 -0.057895 0.980973
vn 0.229746 -0.241033 0.942931
vn 0.109082 -0.185773 0.976519
vn 0.185311 -0.057895 0.980973
vn 0.109082 -0.185773 0.976519
vn 0.259648 0.137998 0.955792
vn 0.259648 0.137998 0.955792
vn 0.109082 -0.185773 0.976519
vn 0.142146 0.110905 0.983613
vn -0.070887 0.058962 0.995740
vn 0.142146 0.110905 0.983613
vn 0.109082 -0.185773 0.976519
vn -0.070887 0.058962 0.995740
vn 0.123777 0.420809 0.898665
vn 0.142146 0.110905 0.983613
vn -0.007324 0.417444 0.908673
vn 0.123777 0.420809 0.898665
vn -0.070887 0.058962 0.995740
vn 0.123777 0.420809 0.898665
vn -0.007324 0.417444 0.908673
vn 0.070710 0.628298 0.774752
vn -0.175039 0.293498 0.939798
vn 0.070710 0.628298 0.774752
vn -0.007324 0.417444 0.908673
vn -0.175039 0.293498 0.939798
vn -0.112444 0.461249 0.880117
vn 0.070710 0.628298 0.774752
vn -0.112444 0.461249 0.880117
vn -0.175039 0.293498 0.939798
vn -0.390039 0.453517 0.801368
vn -0.022568 -0.102036 0.994524
vn 0.014580 -0.607554 0.794144
vn -0.049590 -0.703040 0.709419
vn 0.123777 0.420809 0.898665
vn 0.070710 0.628298 0.774752
vn 0.010487 0.558475 0.829455
vn -0.025009 0.680317 0.732491
vn 0.010487 0.558475 0.829455
vn 0.070710 0.628298 0.774752
vn -0.025009 0.680317 0.732491
vn 0.070710 0.628298 0.774752
vn -0.112444 0.461249 0.880117
vn -0.075459 -0.975381 0.207212
vn -0.049590 -0.703040 0.709419
vn -0.005743 -0.996658 0.081489
vn 0.014580 -0.607554 0.794144
vn -0.005743 -0.996658 0.081489
vn -0.049590 -0.703040 0.709419
vn 0.014580 -0.607554 0.794144
vn 0.135606 -0.975038 0.175819
vn -0.005743 -0.996658 0.081489
vn 0.265649 -0.442548 0.856494
vn 0.135606 -0.975038 0.175819
vn 0.014580 -0.607554 0.794144
vn 0.265649 -0.442548 0.856494
vn 0.014580 -0.607554 0.794144
vn -0.022568 -0.102036 0.994524
vn 0.265649 -0.442548 0.856494
vn -0.022568 -0.102036 0.994524
vn 0.212894 0.023156 0.976801
vn 0.212894 0.023156 0.976801
vn -0.022568 -0.102036 0.994524
vn 0.185311 -0.057895 0.980973
vn 0.212894 0.023156 0.976801
vn 0.185311 -0.057895 0.980973
vn 0.259648 0.137998 0.955792
vn 0.145033 0.368878 0.918093
vn 0.301447 0.227324 0.925988
vn 0.142146 0.110905 0.983613
vn 0.259648 0.137998 0.955792
vn 0.142146 0.110905 0.983613
vn 0.301447 0.227324 0.925988
vn 0.301447 0.227324 0.925988
vn 0.667309 0.307979 0.678121
vn 0.259648 0.137998 0.955792
vn 0.667309 0.307979 0.678121
vn 0.212894 0.023156 0.976801
vn 0.259648 0.137998 0.955792
vn 0.667309 0.307979 0.678121
vn 0.799371 0.104866 0.591616
vn 0.212894 0.023156 0.976801
vn 0.265649 -0.442548 0.856494
vn 0.212894 0.023156 0.976801
vn 0.799371 0.104866 0.591616
vn 0.265649 -0.442548 0.856494
vn 0.799371 0.104866 0.591616
vn 0.647700 -0.594034 0.477083
vn 0.265649 -0.442548 0.856494
vn 0.647700 -0.594034 0.477083
vn 0.135606 -0.975038 0.175819
vn 0.135606 -0.975038 0.175819
vn 0.647700 -0.594034 0.477083
vn 0.835586 -0.548765 0.025560
vn 0.799371 0.104866 0.591616
vn 0.835586 -0.548765 0.025560
vn 0.647700 -0.594034 0.477083
vn 0.799371 0.104866 0.591616
vn 0.976996 0.142693 0.158487
vn 0.835586 -0.548765 0.025560
vn 0.976996 0.142693 0.158487
vn 0.799371 0.104866 0.591616
vn 0.667309 0.307979 0.678121
vn 0.976996 0.142693 0.158487
vn 0.667309 0.307979 0.678121
vn 0.861501 -0.080391 0.501351
vn 0.667309 0.307979 0.678121
vn 0.623108 0.048605 0.780624
vn 0.861501 -0.080391 0.501351
vn 0.861501 -0.080391 0.501351
vn 0.623108 0.048605 0.780624
vn 0.122396 -0.775147 0.619812
vn 0.183037 -0.005225 0.983092
vn 0.122396 -0.775147 0.619812
vn 0.623108 0.048605 0.780624
vn 0.183037 -0.005225 0.983092
vn -0.338901 -0.752364 0.564884
vn 0.122396 -0.775147 0.619812
vn -0.166621 -0.256566 0.952056
vn -0.338901 -0.752364 0.564884
vn 0.183037 -0.005225 0.983092
vn 0.145033 0.368878 0.918093
vn 0.132874 0.338460 0.931552
vn 0.301447 0.227324 0.925988
vn 0.861501 -0.080391 0.501351
vn 0.122396 -0.775147 0.619812
vn 0.649004 -0.690682 0.318986
vn 0.649004 -0.690682 0.318986
vn 0.917824 -0.220031 0.330431
vn 0.861501 -0.080391 0.501351
vn 0.888431 -0.095041 0.449062
vn 0.861501 -0.080391 0.501351
vn 0.917824 -0.220031 0.330431
vn 0.861501 -0.080391 0.501351
vn 0.888431 -0.095041 0.449062
vn 0.942411 -0.141571 0.303016
vn 0.976996 0.142693 0.158487
vn 0.861501 -0.080391 0.501351
vn 0.942411 -0.141571 0.303016
vn 0.649004 -0.690682 0.318986
vn 0.919251 -0.393060 0.021936
vn 0.917824 -0.220031 0.330431
vn 0.701288 -0.712866 -0.004140
vn 0.919251 -0.393060 0.021936
vn 0.649004 -0.690682 0.318986
vn -0.697207 0.103329 0.709384
vn -0.463941 -0.390574 0.795117
vn -0.813450 -0.247142 0.526516
vn -0.813450 -0.247142 0.526516
vn -0.463941 -0.390574 0.795117
vn -0.593920 -0.681294 0.427899
vn -0.463941 -0.390574 0.795117
vn -0.338901 -0.752364 0.564884
vn -0.593920 -0.681294 0.427899
vn -0.463941 -0.390574 0.795117
vn -0.190524 -0.757314 0.624640
vn -0.338901 -0.752364 0.564884
vn -0.338901 -0.752364 0.564884
vn -0.190524 -0.757314 0.624640
vn -0.071005 -0.915388 0.396262
vn -0.338901 -0.752364 0.564884
vn -0.071005 -0.915388 0.396262
vn 0.122396 -0.775147 0.619812
vn 0.193327 -0.930925 0.309843
vn 0.107035 -0.959213 0.261636
vn -0.071005 -0.915388 0.396262
vn 0.122396 -0.775147 0.619812
vn -0.071005 -0.915388 0.396262
vn 0.107035 -0.959213 0.261636
vn 0.107035 -0.959213 0.261636
vn 0.440396 -0.873338 0.208162
vn 0.122396 -0.775147 0.619812
vn 0.122396 -0.775147 0.619812
vn 0.440396 -0.873338 0.208162
vn 0.649004 -0.690682 0.318986
vn 0.701288 -0.712866 -0.004140
vn 0.649004 -0.690682 0.318986
vn 0.440396 -0.873338 0.208162
vn 0.107035 -0.959213 0.261636
vn 0.799246 -0.507244 0.322349
vn 0.440396 -0.873338 0.208162
vn 0.799246 -0.507244 0.322349
vn 0.906208 -0.414132 0.085331
vn 0.440396 -0.873338 0.208162
vn 0.701288 -0.712866 -0.004140
vn 0.440396 -0.873338 0.208162
vn 0.906208 -0.414132 0.085331
vn 0.906208 -0.414132 0.085331
vn 0.864406 -0.491788 -0.104624
vn 0.701288 -0.712866 -0.004140
vn 0.701288 -0.712866 -0.004140
vn 0.864406 -0.491788 -0.104624
vn 0.919251 -0.393060 0.021936
vn 0.864406 -0.491788 -0.104624
vn 0.901719 -0.287866 -0.322547
vn 0.919251 -0.393060 0.021936
vn 0.919251 -0.393060 0.021936
vn 0.901719 -0.287866 -0.322547
vn 0.965339 -0.067204 -0.252197
vn 0.919251 -0.393060 0.021936
vn 0.965339 -0.067204 -0.252197
vn 0.986444 -0.150948 -0.064357
vn 0.919251 -0.393060 0.021936
vn 0.986444 -0.150948 -0.064357
vn 0.917824 -0.220031 0.330431
vn 0.997138 -0.065667 -0.037450
vn 0.917824 -0.220031 0.330431
vn 0.986444 -0.150948 -0.064357
vn 0.997138 -0.065667 -0.037450
vn 0.888431 -0.095041 0.449062
vn 0.917824 -0.220031 0.330431
vn 0.997138 -0.065667 -0.037450
vn 0.943076 -0.306083 -0.130080
vn 0.888431 -0.095041 0.449062
vn 0.943076 -0.306083 -0.130080
vn 0.965667 -0.063499 0.251903
vn 0.888431 -0.095041 0.449062
vn 0.975681 -0.042896 0.214957
vn 0.965667 -0.063499 0.251903
vn 0.943076 -0.306083 -0.130080
vn 0.691316 0.261996 0.673380
vn 0.965667 -0.063499 0.251903
vn 0.975681 -0.042896 0.214957
vn 0.975681 -0.042896 0.214957
vn 0.787599 -0.615938 -0.017550
vn 0.691316 0.261996 0.673380
vn 0.691316 0.261996 0.673380
vn 0.787599 -0.615938 -0.017550
vn 0.738751 -0.631056 0.236676
vn 0.738751 -0.631056 0.236676
vn 0.520818 0.008013 0.853630
vn 0.691316 0.261996 0.673380
vn 0.787599 -0.615938 -0.017550
vn 0.975681 -0.042896 0.214957
vn 0.671976 -0.719003 -0.177434
vn 0.975681 -0.042896 0.214957
vn 0.943076 -0.306083 -0.130080
vn 0.671976 -0.719003 -0.177434
vn 0.799246 -0.507244 0.322349
vn 0.600991 0.242796 0.761485
vn 0.916594 0.208589 0.341094
vn 0.799246 -0.507244 0.322349
vn 0.916594 0.208589 0.341094
vn 0.906208 -0.414132 0.085331
vn 0.738751 -0.631056 0.236676
vn 0.497614 -0.866355 -0.042530
vn 0.520818 0.008013 0.853630
vn 0.951815 -0.304223 -0.038672
vn 0.520818 0.008013 0.853630
vn 0.497614 -0.866355 -0.042530
vn 0.835586 -0.548765 0.025560
vn 0.951815 -0.304223 -0.038672
vn 0.497614 -0.866355 -0.042530
vn 0.951815 -0.304223 -0.038672
vn 0.835586 -0.548765 0.025560
vn 0.828634 0.317560 0.461000
vn 0.828634 0.317560 0.461000
vn 0.835586 -0.548765 0.025560
vn 0.976996 0.142693 0.158487
vn 0.828634 0.317560 0.461000
vn 0.976996 0.142693 0.158487
vn 0.735479 0.461762 0.495829
vn 0.735479 0.461762 0.495829
vn 0.976996 0.142693 0.158487
vn 0.942411 -0.141571 0.303016
vn 0.775913 0.133160 0.616626
vn 0.735479 0.461762 0.495829
vn 0.942411 -0.141571 0.303016
vn 0.775913 0.133160 0.616626
vn 0.942411 -0.141571 0.303016
vn 0.888431 -0.095041 0.449062
vn 0.775913 0.133160 0.616626
vn 0.888431 -0.095041 0.449062
vn 0.965667 -0.063499 0.251903
vn 0.965667 -0.063499 0.251903
vn 0.691316 0.261996 0.673380
vn 0.775913 0.133160 0.616626
vn 0.775913 0.133160 0.616626
vn 0.691316 0.261996 0.673380
vn 0.828634 0.317560 0.461000
vn 0.828634 0.317560 0.461000
vn 0.691316 0.261996 0.673380
vn 0.520818 0.008013 0.853630
vn 0.828634 0.317560 0.461000
vn 0.520818 0.008013 0.853630
vn 0.951815 -0.304223 -0.038672
vn 0.775913 0.133160 0.616626
vn 0.828634 0.317560 0.461000
vn 0.735479 0.461762 0.495829
vn 0.172150 0.361714 0.916257
vn -0.068842 0.353779 0.932792
vn 0.026849 0.320880 0.946739
vn 0.668835 0.448676 0.592747
vn -0.068842 0.353779 0.932792
vn 0.172150 0.361714 0.916257
vn 0.668835 0.448676 0.592747
vn 0.600991 0.242796 0.761485
vn -0.068842 0.353779 0.932792
vn 0.668835 0.448676 0.592747
vn 0.898086 0.421051 0.127111
vn 0.600991 0.242796 0.761485
vn 0.916594 0.208589 0.341094
vn 0.600991 0.242796 0.761485
vn 0.898086 0.421051 0.127111
vn 0.916594 0.208589 0.341094
vn 0.898086 0.421051 0.127111
vn 0.790655 0.509694 0.339229
vn 0.898086 0.421051 0.127111
vn 0.846959 0.376325 0.375552
vn 0.790655 0.509694 0.339229
vn 0.668835 0.448676 0.592747
vn 0.846959 0.376325 0.375552
vn 0.898086 0.421051 0.127111
vn 0.668835 0.448676 0.592747
vn 0.435429 0.705734 0.558875
vn 0.846959 0.376325 0.375552
vn 0.435429 0.705734 0.558875
vn 0.668835 0.448676 0.592747
vn 0.172150 0.361714 0.916257
vn -0.068842 0.353779 0.932792
vn 0.600991 0.242796 0.761485
vn 0.162469 0.127799 0.978402
vn -0.068842 0.353779 0.932792
vn 0.162469 0.127799 0.978402
vn 0.026849 0.320880 0.946739
vn 0.207761 0.520682 0.828085
vn 0.026849 0.320880 0.946739
vn 0.162469 0.127799 0.978402
vn 0.134156 0.923581 0.359166
vn 0.017159 0.683109 0.730115
vn -0.150856 0.949263 0.275939
vn 0.134156 0.923581 0.359166
vn 0.435429 0.705734 0.558875
vn 0.017159 0.683109 0.730115
vn 0.435429 0.705734 0.558875
vn 0.172150 0.361714 0.916257
vn 0.017159 0.683109 0.730115
vn 0.172150 0.361714 0.916257
vn -0.049104 0.392684 0.918361
vn 0.017159 0.683109 0.730115
vn 0.098704 0.460514 0.882147
vn -0.049104 0.392684 0.918361
vn 0.172150 0.361714 0.916257
vn 0.098704 0.460514 0.882147
vn 0.172150 0.361714 0.916257
vn 0.026849 0.320880 0.946739
vn 0.150578 0.435511 0.887500
vn 0.098704 0.460514 0.882147
vn 0.026849 0.320880 0.946739
vn 0.207761 0.520682 0.828085
vn 0.150578 0.435511 0.887500
vn 0.026849 0.320880 0.946739
vn 0.207761 0.520682 0.828085
vn 0.196538 0.009124 0.980454
vn 0.150578 0.435511 0.887500
vn 0.196538 0.009124 0.980454
vn 0.207761 0.520682 0.828085
vn 0.162469 0.127799 0.978402
vn 0.196538 0.009124 0.980454
vn 0.162469 0.127799 0.978402
vn 0.226625 -0.734664 0.639461
vn 0.162469 0.127799 0.978402
vn 0.600991 0.242796 0.761485
vn 0.226625 -0.734664 0.639461
vn 0.600991 0.242796 0.761485
vn 0.527793 -0.656278 0.539198
vn 0.226625 -0.734664 0.639461
vn 0.527793 -0.656278 0.539198
vn 0.600991 0.242796 0.761485
vn 0.799246 -0.507244 0.322349
vn 0.196538 0.009124 0.980454
vn 0.226625 -0.734664 0.639461
vn 0.114374 -0.499664 0.858635
vn 0.114374 -0.499664 0.858635
vn -0.103372 -0.284613 0.953053
vn 0.196538 0.009124 0.980454
vn 0.196538 0.009124 0.980454
vn -0.103372 -0.284613 0.953053
vn -0.125652 0.189164 0.973873
vn 0.196538 0.009124 0.980454
vn -0.125652 0.189164 0.973873
vn 0.150578 0.435511 0.887500
vn -0.125652 0.189164 0.973873
vn 0.098704 0.460514 0.882147
vn 0.150578 0.435511 0.887500
vn -0.423840 0.418888 0.803052
vn 0.098704 0.460514 0.882147
vn -0.125652 0.189164 0.973873
vn -0.423840 0.418888 0.803052
vn -0.049104 0.392684 0.918361
vn 0.098704 0.460514 0.882147
vn -0.191884 0.980338 0.046024
vn -0.150856 0.949263 0.275939
vn -0.018315 0.517133 0.855709
vn -0.150856 0.949263 0.275939
vn 0.017159 0.683109 0.730115
vn -0.018315 0.517133 0.855709
vn 0.017159 0.683109 0.730115
vn -0.130744 0.245031 0.960659
vn -0.018315 0.517133 0.855709
vn -0.049104 0.392684 0.918361
vn -0.130744 0.245031 0.960659
vn 0.017159 0.683109 0.730115
vn -0.589574 0.353147 0.726423
vn -0.130744 0.245031 0.960659
vn -0.049104 0.392684 0.918361
vn -0.589574 0.353147 0.726423
vn -0.049104 0.392684 0.918361
vn -0.423840 0.418888 0.803052
vn -0.589574 0.353147 0.726423
vn -0.423840 0.418888 0.803052
vn -0.697207 0.103329 0.709384
vn -0.125652 0.189164 0.973873
vn -0.697207 0.103329 0.709384
vn -0.423840 0.418888 0.803052
vn -0.697207 0.103329 0.709384
vn -0.125652 0.189164 0.973873
vn -0.463941 -0.390574 0.795117
vn -0.463941 -0.390574 0.795117
vn -0.125652 0.189164 0.973873
vn -0.103372 -0.284613 0.953053
vn -0.103372 -0.284613 0.953053
vn -0.190524 -0.757314 0.624640
vn -0.463941 -0.390574 0.795117
vn -0.103372 -0.284613 0.953053
vn 0.114374 -0.499664 0.858635
vn -0.190524 -0.757314 0.624640
vn 0.114374 -0.499664 0.858635
vn -0.071005 -0.915388 0.396262
vn -0.190524 -0.757314 0.624640
vn 0.114374 -0.499664 0.858635
vn 0.226625 -0.734664 0.639461
vn -0.071005 -0.915388 0.396262
vn 0.226625 -0.734664 0.639461
vn 0.193327 -0.930925 0.309843
vn -0.071005 -0.915388 0.396262
vn 0.226625 -0.734664 0.639461
vn 0.527793 -0.656278 0.539198
vn 0.193327 -0.930925 0.309843
vn 0.107035 -0.959213 0.261636
vn 0.193327 -0.930925 0.309843
vn 0.527793 -0.656278 0.539198
vn 0.107035 -0.959213 0.261636
vn 0.527793 -0.656278 0.539198
vn 0.799246 -0.507244 0.322349
vn -0.192339 0.108471 0.975315
vn -0.018315 0.517133 0.855709
vn -0.130744 0.245031 0.960659
vn -0.192339 0.108471 0.975315
vn -0.130744 0.245031 0.960659
vn -0.589574 0.353147 0.726423
vn -0.166621 -0.256566 0.952056
vn -0.593920 -0.681294 0.427899
vn -0.338901 -0.752364 0.564884
vn -0.166621 -0.256566 0.952056
vn -0.318865 -0.495122 0.808195
vn -0.593920 -0.681294 0.427899
vn -0.318865 -0.495122 0.808195
vn -0.813450 -0.247142 0.526516
vn -0.593920 -0.681294 0.427899
vn -0.813450 -0.247142 0.526516
vn -0.318865 -0.495122 0.808195
vn -0.820725 0.097592 0.562926
vn -0.813450 -0.247142 0.526516
vn -0.820725 0.097592 0.562926
vn -0.697207 0.103329 0.709384
vn -0.697207 0.103329 0.709384
vn -0.820725 0.097592 0.562926
vn -0.728062 0.079566 0.680878
vn -0.697207 0.103329 0.709384
vn -0.728062 0.079566 0.680878
vn -0.589574 0.353147 0.726423
vn -0.541321 -0.098630 0.835011
vn -0.589574 0.353147 0.726423
vn -0.728062 0.079566 0.680878
vn -0.192339 0.108471 0.975315
vn -0.589574 0.353147 0.726423
vn -0.541321 -0.098630 0.835011
vn -0.541321 -0.098630 0.835011
vn -0.419509 0.065470 0.905387
vn -0.192339 0.108471 0.975315
vn -0.192339 0.108471 0.975315
vn -0.419509 0.065470 0.905387
vn -0.018315 0.517133 0.855709
vn -0.018315 0.517133 0.855709
vn -0.419509 0.065470 0.905387
vn -0.071371 0.761657 0.644038
vn -0.191884 0.980338 0.046024
vn -0.018315 0.517133 0.855709
vn -0.071371 0.761657 0.644038
vn -0.191884 0.980338 0.046024
vn -0.071371 0.761657 0.644038
vn -0.148363 0.877431 -0.456183
vn -0.191884 0.980338 0.046024
vn -0.148363 0.877431 -0.456183
vn -0.430440 0.822730 -0.371263
vn -0.430440 0.822730 -0.371263
vn -0.148363 0.877431 -0.456183
vn -0.875685 0.445347 -0.186661
vn -0.430440 0.822730 -0.371263
vn -0.875685 0.445347 -0.186661
vn -0.448453 0.856869 0.254295
vn -0.875685 0.445347 -0.186661
vn -0.506337 0.638197 0.579937
vn -0.448453 0.856869 0.254295
vn -0.148363 0.877431 -0.456183
vn -0.848293 -0.317418 -0.423845
vn -0.875685 0.445347 -0.186661
vn -0.277215 0.756755 0.592007
vn -0.216784 0.936803 0.274600
vn -0.448453 0.856869 0.254295
vn -0.448453 0.856869 0.254295
vn -0.216784 0.936803 0.274600
vn -0.308573 0.950427 -0.038353
vn -0.448453 0.856869 0.254295
vn -0.308573 0.950427 -0.038353
vn -0.430440 0.822730 -0.371263
vn -0.115732 0.808486 -0.577024
vn -0.766852 0.508873 0.391134
vn -0.848293 -0.317418 -0.423845
vn -0.115732 0.808486 -0.577024
vn -0.848293 -0.317418 -0.423845
vn -0.148363 0.877431 -0.456183
vn -0.148363 0.877431 -0.456183
vn -0.395605 0.408631 0.822506
vn -0.115732 0.808486 -0.577024
vn -0.148363 0.877431 -0.456183
vn -0.071371 0.761657 0.644038
vn -0.395605 0.408631 0.822506
vn -0.395605 0.408631 0.822506
vn -0.071371 0.761657 0.644038
vn -0.419509 0.065470 0.905387
vn -0.395605 0.408631 0.822506
vn -0.419509 0.065470 0.905387
vn -0.718904 -0.218495 0.659876
vn -0.541321 -0.098630 0.835011
vn -0.718904 -0.218495 0.659876
vn -0.419509 0.065470 0.905387
vn -0.541321 -0.098630 0.835011
vn -0.343984 0.144975 0.927716
vn -0.718904 -0.218495 0.659876
vn -0.541321 -0.098630 0.835011
vn -0.728062 0.079566 0.680878
vn -0.343984 0.144975 0.927716
vn -0.196748 0.382051 0.902955
vn -0.343984 0.144975 0.927716
vn -0.728062 0.079566 0.680878
vn -0.728062 0.079566 0.680878
vn -0.820725 0.097592 0.562926
vn -0.196748 0.382051 0.902955
vn -0.820725 0.097592 0.562926
vn 0.132874 0.338460 0.931552
vn -0.196748 0.382051 0.902955
vn -0.820725 0.097592 0.562926
vn -0.318865 -0.495122 0.808195
vn 0.132874 0.338460 0.931552
vn -0.318865 -0.495122 0.808195
vn -0.281703 -0.486198 0.827197
vn 0.132874 0.338460 0.931552
vn -0.166621 -0.256566 0.952056
vn -0.281703 -0.486198 0.827197
vn -0.318865 -0.495122 0.808195
vn 0.132874 0.338460 0.931552
vn -0.281703 -0.486198 0.827197
vn -0.166621 -0.256566 0.952056
vn 0.183037 -0.005225 0.983092
vn 0.132874 0.338460 0.931552
vn -0.166621 -0.256566 0.952056
vn 0.183037 -0.005225 0.983092
vn 0.301447 0.227324 0.925988
vn 0.132874 0.338460 0.931552
vn 0.301447 0.227324 0.925988
vn 0.183037 -0.005225 0.983092
vn 0.667309 0.307979 0.678121
vn 0.623108 0.048605 0.780624
vn 0.667309 0.307979 0.678121
vn 0.183037 -0.005225 0.983092
vn -0.115732 0.808486 -0.577024
vn -0.395605 0.408631 0.822506
vn -0.766852 0.508873 0.391134
vn -0.766852 0.508873 0.391134
vn -0.395605 0.408631 0.822506
vn -0.848293 -0.317418 -0.423845
vn -0.395605 0.408631 0.822506
vn -0.718904 -0.218495 0.659876
vn -0.848293 -0.317418 -0.423845
vn -0.718904 -0.218495 0.659876
vn -0.875685 0.445347 -0.186661
vn -0.848293 -0.317418 -0.423845
vn -0.506337 0.638197 0.579937
vn -0.875685 0.445347 -0.186661
vn -0.718904 -0.218495 0.659876
vn -0.343984 0.144975 0.927716
vn -0.506337 0.638197 0.579937
vn -0.718904 -0.218495 0.659876
vn -0.506337 0.638197 0.579937
vn -0.343984 0.144975 0.927716
vn 0.033638 0.425923 0.904134
vn -0.196748 0.382051 0.902955
vn 0.033638 0.425923 0.904134
vn -0.343984 0.144975 0.927716
vn -0.196748 0.382051 0.902955
vn -0.051543 0.418059 0.906956
vn 0.033638 0.425923 0.904134
vn 0.132874 0.338460 0.931552
vn -0.051543 0.418059 0.906956
vn -0.196748 0.382051 0.902955
vn 0.132874 0.338460 0.931552
vn 0.010487 0.558475 0.829455
vn -0.051543 0.418059 0.906956
vn 0.132874 0.338460 0.931552
vn 0.145033 0.368878 0.918093
vn 0.010487 0.558475 0.829455
vn 0.123777 0.420809 0.898665
vn 0.010487 0.558475 0.829455
vn 0.145033 0.368878 0.918093
vn 0.123777 0.420809 0.898665
vn 0.145033 0.368878 0.918093
vn 0.142146 0.110905 0.983613
vn -0.277215 0.756755 0.592007
vn -0.448453 0.856869 0.254295
vn -0.506337 0.638197 0.579937
vn -0.506337 0.638197 0.579937
vn 0.033638 0.425923 0.904134
vn -0.277215 0.756755 0.592007
vn -0.277215 0.756755 0.592007
vn 0.033638 0.425923 0.904134
vn -0.251550 0.400789 0.880960
vn -0.251550 0.400789 0.880960
vn 0.033638 0.425923 0.904134
vn -0.051543 0.418059 0.906956
vn -0.251550 0.400789 0.880960
vn -0.051543 0.418059 0.906956
vn -0.092846 0.448670 0.888861
vn -0.092846 0.448670 0.888861
vn -0.051543 0.418059 0.906956
vn 0.010487 0.558475 0.829455
vn -0.092846 0.448670 0.888861
vn 0.010487 0.558475 0.829455
vn 0.014850 0.698605 0.715353
vn -0.025009 0.680317 0.732491
vn 0.014850 0.698605 0.715353
vn 0.010487 0.558475 0.829455
vn -0.025009 0.680317 0.732491
vn -0.043002 0.785406 0.617486
vn 0.014850 0.698605 0.715353
vn -0.025009 0.680317 0.732491
vn -0.011326 0.878921 0.476833
vn -0.043002 0.785406 0.617486
vn 0.051768 0.872384 0.486071
vn -0.043002 0.785406 0.617486
vn -0.011326 0.878921 0.476833
vn 0.144598 0.940858 0.306395
vn 0.051768 0.872384 0.486071
vn -0.011326 0.878921 0.476833
vn 0.128553 0.989334 0.068504
vn 0.051768 0.872384 0.486071
vn 0.144598 0.940858 0.306395
vn 0.144598 0.940858 0.306395
vn 0.200852 0.979024 -0.034202
vn 0.128553 0.989334 0.068504
vn 0.200852 0.979024 -0.034202
vn 0.299781 0.951233 -0.072714
vn 0.128553 0.989334 0.068504
vn 0.307788 0.912281 -0.270204
vn 0.299781 0.951233 -0.072714
vn 0.200852 0.979024 -0.034202
vn 0.299781 0.951233 -0.072714
vn 0.307788 0.912281 -0.270204
vn 0.236990 0.968819 -0.072288
vn -0.031361 0.859319 -0.510477
vn 0.236990 0.968819 -0.072288
vn 0.307788 0.912281 -0.270204
vn -0.092846 0.448670 0.888861
vn 0.014850 0.698605 0.715353
vn -0.251550 0.400789 0.880960
vn -0.277215 0.756755 0.592007
vn -0.251550 0.400789 0.880960
vn 0.014850 0.698605 0.715353
vn -0.277215 0.756755 0.592007
vn 0.014850 0.698605 0.715353
vn -0.043002 0.785406 0.617486
vn -0.216784 0.936803 0.274600
vn -0.277215 0.756755 0.592007
vn -0.043002 0.785406 0.617486
vn -0.216784 0.936803 0.274600
vn -0.043002 0.785406 0.617486
vn 0.051768 0.872384 0.486071
vn 0.128553 0.989334 0.068504
vn -0.216784 0.936803 0.274600
vn 0.051768 0.872384 0.486071
vn -0.216784 0.936803 0.274600
vn 0.128553 0.989334 0.068504
vn -0.308573 0.950427 -0.038353
vn -0.044559 0.966221 -0.253834
vn -0.308573 0.950427 -0.038353
vn 0.128553 0.989334 0.068504
vn 0.128553 0.989334 0.068504
vn 0.236990 0.968819 -0.072288
vn -0.044559 0.966221 -0.253834
vn 0.128553 0.989334 0.068504
vn 0.299781 0.951233 -0.072714
vn 0.236990 0.968819 -0.072288
vn 0.144598 0.940858 0.306395
vn -0.011326 0.878921 0.476833
vn -0.052142 0.974177 0.219682
vn -0.390039 0.453517 0.801368
vn -0.025009 0.680317 0.732491
vn -0.112444 0.461249 0.880117
vn -0.390039 0.453517 0.801368
vn -0.207261 0.662768 0.719570
vn -0.025009 0.680317 0.732491
vn -0.207261 0.662768 0.719570
vn -0.011326 0.878921 0.476833
vn -0.025009 0.680317 0.732491
vn -0.207261 0.662768 0.719570
vn -0.274336 0.878004 0.392235
vn -0.011326 0.878921 0.476833
vn -0.299921 0.950489 0.081347
vn -0.011326 0.878921 0.476833
vn -0.274336 0.878004 0.392235
vn -0.299921 0.950489 0.081347
vn -0.052142 0.974177 0.219682
vn -0.011326 0.878921 0.476833
vn -0.052142 0.974177 0.219682
vn -0.299921 0.950489 0.081347
vn 0.021924 0.996957 -0.074801
vn 0.021924 0.996957 -0.074801
vn 0.144598 0.940858 0.306395
vn -0.052142 0.974177 0.219682
vn 0.021924 0.996957 -0.074801
vn 0.200852 0.979024 -0.034202
vn 0.144598 0.940858 0.306395
vn 0.140508 0.925298 -0.352250
vn 0.200852 0.979024 -0.034202
vn 0.021924 0.996957 -0.074801
vn 0.307788 0.912281 -0.270204
vn 0.200852 0.979024 -0.034202
vn 0.140508 0.925298 -0.352250
vn -0.031361 0.859319 -0.510477
vn -0.295341 0.560740 -0.773527
vn -0.423316 0.790712 -0.442242
vn -0.423316 0.790712 -0.442242
vn -0.366289 0.800087 -0.475071
vn -0.031361 0.859319 -0.510477
vn 0.681843 0.662622 0.309873
vn 0.405220 0.875376 0.263653
vn 0.684282 0.729085 -0.013876
vn 0.684282 0.729085 -0.013876
vn 0.405220 0.875376 0.263653
vn 0.231429 0.966859 0.107818
vn 0.231429 0.966859 0.107818
vn 0.405220 0.875376 0.263653
vn 0.008348 0.986409 0.164093
vn -0.120397 0.970376 -0.209461
vn 0.231429 0.966859 0.107818
vn 0.008348 0.986409 0.164093
vn 0.008348 0.986409 0.164093
vn -0.377561 0.904505 -0.198290
vn -0.120397 0.970376 -0.209461
vn -0.120397 0.970376 -0.209461
vn -0.377561 0.904505 -0.198290
vn -0.330411 0.858208 -0.392820
vn -0.377561 0.904505 -0.198290
vn -0.429789 0.843789 -0.321404
vn -0.330411 0.858208 -0.392820
vn -0.429789 0.843789 -0.321404
vn -0.366289 0.800087 -0.475071
vn -0.330411 0.858208 -0.392820
vn -0.432444 0.876401 -0.211928
vn -0.330411 0.858208 -0.392820
vn -0.366289 0.800087 -0.475071
vn -0.423316 0.790712 -0.442242
vn -0.432444 0.876401 -0.211928
vn -0.366289 0.800087 -0.475071
vn -0.752024 0.454059 -0.477798
vn -0.432444 0.876401 -0.211928
vn -0.423316 0.790712 -0.442242
vn -0.752024 0.454059 -0.477798
vn -0.423316 0.790712 -0.442242
vn -0.295341 0.560740 -0.773527
vn -0.295341 0.560740 -0.773527
vn -0.299340 0.275008 -0.913655
vn -0.752024 0.454059 -0.477798
vn -0.042356 0.442355 -0.895839
vn -0.299340 0.275008 -0.913655
vn -0.295341 0.560740 -0.773527
vn -0.042356 0.442355 -0.895839
vn -0.295341 0.560740 -0.773527
vn 0.300433 0.588066 -0.750945
vn -0.031361 0.859319 -0.510477
vn 0.300433 0.588066 -0.750945
vn -0.295341 0.560740 -0.773527
vn 0.300433 0.588066 -0.750945
vn -0.031361 0.859319 -0.510477
vn 0.307788 0.912281 -0.270204
vn 0.405220 0.875376 0.263653
vn 0.681843 0.662622 0.309873
vn 0.360580 0.905522 0.223635
vn 0.405220 0.875376 0.263653
vn 0.360580 0.905522 0.223635
vn 0.008348 0.986409 0.164093
vn 0.984619 -0.119641 -0.127320
vn 0.968096 0.187379 -0.166372
vn 0.780019 0.621442 0.073342
vn 0.780019 0.621442 0.073342
vn 0.968096 0.187379 -0.166372
vn 0.858908 0.324983 -0.395806
vn 0.780019 0.621442 0.073342
vn 0.858908 0.324983 -0.395806
vn 0.684282 0.729085 -0.013876
vn 0.231429 0.966859 0.107818
vn 0.780019 0.621442 0.073342
vn 0.684282 0.729085 -0.013876
vn 0.297121 0.954763 0.012073
vn 0.780019 0.621442 0.073342
vn 0.231429 0.966859 0.107818
vn -0.432444 0.876401 -0.211928
vn 0.297121 0.954763 0.012073
vn 0.231429 0.966859 0.107818
vn -0.432444 0.876401 -0.211928
vn 0.231429 0.966859 0.107818
vn -0.330411 0.858208 -0.392820
vn 0.231429 0.966859 0.107818
vn -0.120397 0.970376 -0.209461
vn -0.330411 0.858208 -0.392820
vn 0.780019 0.621442 0.073342
vn 0.297121 0.954763 0.012073
vn 0.984619 -0.119641 -0.127320
vn 0.984619 -0.119641 -0.127320
vn 0.202358 0.594742 -0.778032
vn 0.797089 -0.372122 -0.475578
vn 0.984619 -0.119641 -0.127320
vn 0.297121 0.954763 0.012073
vn 0.202358 0.594742 -0.778032
vn -0.839549 0.543149 -0.012100
vn 0.202358 0.594742 -0.778032
vn 0.297121 0.954763 0.012073
vn -0.432444 0.876401 -0.211928
vn -0.839549 0.543149 -0.012100
vn 0.297121 0.954763 0.012073
vn -0.432444 0.876401 -0.211928
vn -0.916621 0.174895 -0.359468
vn -0.839549 0.543149 -0.012100
vn -0.752024 0.454059 -0.477798
vn -0.916621 0.174895 -0.359468
vn -0.432444 0.876401 -0.211928
vn -0.416894 -0.049530 -0.907605
vn -0.916621 0.174895 -0.359468
vn -0.752024 0.454059 -0.477798
vn -0.416894 -0.049530 -0.907605
vn -0.752024 0.454059 -0.477798
vn -0.299340 0.275008 -0.913655
vn -0.299340 0.275008 -0.913655
vn 0.154549 0.258709 -0.953511
vn -0.416894 -0.049530 -0.907605
vn 0.154549 0.258709 -0.953511
vn -0.299340 0.275008 -0.913655
vn -0.042356 0.442355 -0.895839
vn 0.154549 0.258709 -0.953511
vn -0.042356 0.442355 -0.895839
vn -0.164450 0.586080 -0.793389
vn -0.164450 0.586080 -0.793389
vn -0.042356 0.442355 -0.895839
vn 0.309505 0.552194 -0.774137
vn 0.309505 0.552194 -0.774137
vn -0.042356 0.442355 -0.895839
vn 0.300433 0.588066 -0.750945
vn 0.309505 0.552194 -0.774137
vn 0.300433 0.588066 -0.750945
vn 0.415799 0.741079 -0.527174
vn 0.300433 0.588066 -0.750945
vn 0.307788 0.912281 -0.270204
vn 0.415799 0.741079 -0.527174
vn 0.415799 0.741079 -0.527174
vn 0.307788 0.912281 -0.270204
vn 0.172236 0.793370 -0.583865
vn 0.307788 0.912281 -0.270204
vn 0.140508 0.925298 -0.352250
vn 0.172236 0.793370 -0.583865
vn 0.140508 0.925298 -0.352250
vn -0.064721 0.827686 -0.557446
vn 0.172236 0.793370 -0.583865
vn 0.154549 0.258709 -0.953511
vn -0.164450 0.586080 -0.793389
vn 0.108922 0.354419 -0.928721
vn 0.154549 0.258709 -0.953511
vn 0.108922 0.354419 -0.928721
vn 0.522540 0.275836 -0.806763
vn 0.746375 0.152114 -0.647909
vn 0.108922 0.354419 -0.928721
vn 0.313665 0.210346 -0.925942
vn 0.746375 0.152114 -0.647909
vn 0.522540 0.275836 -0.806763
vn 0.108922 0.354419 -0.928721
vn 0.522540 0.275836 -0.806763
vn 0.746375 0.152114 -0.647909
vn 0.763943 0.217453 -0.607540
vn 0.763943 0.217453 -0.607540
vn 0.154549 0.258709 -0.953511
vn 0.522540 0.275836 -0.806763
vn 0.763943 0.217453 -0.607540
vn 0.710789 0.146671 -0.687943
vn 0.154549 0.258709 -0.953511
vn 0.154549 0.258709 -0.953511
vn 0.710789 0.146671 -0.687943
vn 0.651881 -0.032507 -0.757624
vn -0.416894 -0.049530 -0.907605
vn 0.154549 0.258709 -0.953511
vn 0.651881 -0.032507 -0.757624
vn 0.651881 -0.032507 -0.757624
vn -0.244681 -0.351065 -0.903817
vn -0.416894 -0.049530 -0.907605
vn -0.416894 -0.049530 -0.907605
vn -0.244681 -0.351065 -0.903817
vn -0.916621 0.174895 -0.359468
vn -0.244681 -0.351065 -0.903817
vn 0.202358 0.594742 -0.778032
vn -0.916621 0.174895 -0.359468
vn 0.202358 0.594742 -0.778032
vn -0.839549 0.543149 -0.012100
vn -0.916621 0.174895 -0.359468
vn 0.797089 -0.372122 -0.475578
vn 0.202358 0.594742 -0.778032
vn -0.244681 -0.351065 -0.903817
vn 0.797089 -0.372122 -0.475578
vn -0.244681 -0.351065 -0.903817
vn 0.651881 -0.032507 -0.757624
vn 0.916594 0.208589 0.341094
vn 0.878021 0.396654 0.267850
vn 0.973581 0.113250 0.198279
vn 0.906208 -0.414132 0.085331
vn 0.916594 0.208589 0.341094
vn 0.973581 0.113250 0.198279
vn 0.973581 0.113250 0.198279
vn 0.930626 -0.315718 -0.185088
vn 0.906208 -0.414132 0.085331
vn 0.930626 -0.315718 -0.185088
vn 0.864406 -0.491788 -0.104624
vn 0.906208 -0.414132 0.085331
vn 0.864406 -0.491788 -0.104624
vn 0.930626 -0.315718 -0.185088
vn 0.862035 -0.270591 -0.428574
vn 0.864406 -0.491788 -0.104624
vn 0.862035 -0.270591 -0.428574
vn 0.901719 -0.287866 -0.322547
vn 0.901719 -0.287866 -0.322547
vn 0.862035 -0.270591 -0.428574
vn 0.918843 -0.015107 -0.394334
vn 0.965339 -0.067204 -0.252197
vn 0.901719 -0.287866 -0.322547
vn 0.918843 -0.015107 -0.394334
vn 0.918843 -0.015107 -0.394334
vn 0.746375 0.152114 -0.647909
vn 0.965339 -0.067204 -0.252197
vn 0.746375 0.152114 -0.647909
vn 0.918843 -0.015107 -0.394334
vn 0.881446 0.054692 -0.469107
vn 0.763943 0.217453 -0.607540
vn 0.746375 0.152114 -0.647909
vn 0.881446 0.054692 -0.469107
vn 0.881446 0.054692 -0.469107
vn 0.872809 0.142603 -0.466764
vn 0.763943 0.217453 -0.607540
vn 0.872809 0.142603 -0.466764
vn 0.710789 0.146671 -0.687943
vn 0.763943 0.217453 -0.607540
vn 0.872809 0.142603 -0.466764
vn 0.858908 0.324983 -0.395806
vn 0.710789 0.146671 -0.687943
vn 0.651881 -0.032507 -0.757624
vn 0.710789 0.146671 -0.687943
vn 0.858908 0.324983 -0.395806
vn 0.651881 -0.032507 -0.757624
vn 0.858908 0.324983 -0.395806
vn 0.968096 0.187379 -0.166372
vn 0.968096 0.187379 -0.166372
vn 0.797089 -0.372122 -0.475578
vn 0.651881 -0.032507 -0.757624
vn 0.984619 -0.119641 -0.127320
vn 0.797089 -0.372122 -0.475578
vn 0.968096 0.187379 -0.166372
vn 0.862035 -0.270591 -0.428574
vn 0.881446 0.054692 -0.469107
vn 0.918843 -0.015107 -0.394334
vn 0.887617 0.460531 0.006885
vn 0.687479 0.724477 -0.050057
vn 0.684282 0.729085 -0.013876
vn 0.798248 0.454817 -0.394894
vn 0.887617 0.460531 0.006885
vn 0.684282 0.729085 -0.013876
vn 0.684282 0.729085 -0.013876
vn 0.858908 0.324983 -0.395806
vn 0.798248 0.454817 -0.394894
vn 0.798248 0.454817 -0.394894
vn 0.858908 0.324983 -0.395806
vn 0.872809 0.142603 -0.466764
vn 0.947707 0.294490 -0.122988
vn 0.798248 0.454817 -0.394894
vn 0.872809 0.142603 -0.466764
vn 0.947707 0.294490 -0.122988
vn 0.872809 0.142603 -0.466764
vn 0.881446 0.054692 -0.469107
vn 0.894177 0.096281 -0.437239
vn 0.947707 0.294490 -0.122988
vn 0.881446 0.054692 -0.469107
vn 0.881446 0.054692 -0.469107
vn 0.862035 -0.270591 -0.428574
vn 0.894177 0.096281 -0.437239
vn 0.894177 0.096281 -0.437239
vn 0.862035 -0.270591 -0.428574
vn 0.930626 -0.315718 -0.185088
vn 0.894177 0.096281 -0.437239
vn 0.930626 -0.315718 -0.185088
vn 0.984615 0.116286 -0.130421
vn 0.973581 0.113250 0.198279
vn 0.984615 0.116286 -0.130421
vn 0.930626 -0.315718 -0.185088
vn 0.878021 0.396654 0.267850
vn 0.984615 0.116286 -0.130421
vn 0.973581 0.113250 0.198279
vn 0.878021 0.396654 0.267850
vn 0.947707 0.294490 -0.122988
vn 0.984615 0.116286 -0.130421
vn 0.850503 0.325358 0.413263
vn 0.947707 0.294490 -0.122988
vn 0.878021 0.396654 0.267850
vn 0.850503 0.325358 0.413263
vn 0.887617 0.460531 0.006885
vn 0.947707 0.294490 -0.122988
vn 0.850503 0.325358 0.413263
vn 0.681843 0.662622 0.309873
vn 0.887617 0.460531 0.006885
vn 0.887617 0.460531 0.006885
vn 0.681843 0.662622 0.309873
vn 0.687479 0.724477 -0.050057
vn 0.681843 0.662622 0.309873
vn 0.684282 0.729085 -0.013876
vn 0.687479 0.724477 -0.050057
vn 0.798248 0.454817 -0.394894
vn 0.947707 0.294490 -0.122988
vn 0.887617 0.460531 0.006885
vn 0.947707 0.294490 -0.122988
vn 0.894177 0.096281 -0.437239
vn 0.984615 0.116286 -0.130421
vn -0.031361 0.859319 -0.510477
vn -0.044559 0.966221 -0.253834
vn 0.236990 0.968819 -0.072288
vn -0.031361 0.859319 -0.510477
vn -0.366289 0.800087 -0.475071
vn -0.044559 0.966221 -0.253834
vn -0.308573 0.950427 -0.038353
vn -0.044559 0.966221 -0.253834
vn -0.366289 0.800087 -0.475071
vn -0.308573 0.950427 -0.038353
vn -0.366289 0.800087 -0.475071
vn -0.429789 0.843789 -0.321404
vn -0.308573 0.950427 -0.038353
vn -0.429789 0.843789 -0.321404
vn -0.430440 0.822730 -0.371263
vn -0.429789 0.843789 -0.321404
vn -0.191884 0.980338 0.046024
vn -0.430440 0.822730 -0.371263
vn -0.429789 0.843789 -0.321404
vn -0.377561 0.904505 -0.198290
vn -0.191884 0.980338 0.046024
vn -0.150856 0.949263 0.275939
vn -0.191884 0.980338 0.046024
vn -0.377561 0.904505 -0.198290
vn -0.150856 0.949263 0.275939
vn -0.377561 0.904505 -0.198290
vn 0.008348 0.986409 0.164093
vn 0.134156 0.923581 0.359166
vn -0.150856 0.949263 0.275939
vn 0.008348 0.986409 0.164093
vn 0.134156 0.923581 0.359166
vn 0.008348 0.986409 0.164093
vn 0.360580 0.905522 0.223635
vn 0.435429 0.705734 0.558875
vn 0.134156 0.923581 0.359166
vn 0.360580 0.905522 0.223635
vn 0.435429 0.705734 0.558875
vn 0.360580 0.905522 0.223635
vn 0.681843 0.662622 0.309873
vn 0.846959 0.376325 0.375552
vn 0.435429 0.705734 0.558875
vn 0.681843 0.662622 0.309873
vn 0.846959 0.376325 0.375552
vn 0.681843 0.662622 0.309873
vn 0.850503 0.325358 0.413263
vn 0.790655 0.509694 0.339229
vn 0.846959 0.376325 0.375552
vn 0.850503 0.325358 0.413263
vn 0.790655 0.509694 0.339229
vn 0.850503 0.325358 0.413263
vn 0.878021 0.396654 0.267850
vn 0.790655 0.509694 0.339229
vn 0.878021 0.396654 0.267850
vn 0.916594 0.208589 0.341094
vn -0.029228 -0.984116 -0.175104
vn 0.003639 -0.979518 -0.201322
vn 0.084264 -0.635654 -0.767361
vn -0.215354 0.517584 -0.828088
vn -0.369947 0.262850 -0.891094
vn -0.032869 0.123854 -0.991756
vn -0.215354 0.517584 -0.828088
vn -0.032869 0.123854 -0.991756
vn 0.010012 0.449374 -0.893288
vn 0.706773 0.014108 -0.707299
vn 0.965339 -0.067204 -0.252197
vn 0.746375 0.152114 -0.647909
vn 0.706773 0.014108 -0.707299
vn 0.746375 0.152114 -0.647909
vn 0.313665 0.210346 -0.925942
vn 0.986444 -0.150948 -0.064357
vn 0.965339 -0.067204 -0.252197
vn 0.706773 0.014108 -0.707299
vn 0.997138 -0.065667 -0.037450
vn 0.986444 -0.150948 -0.064357
vn 0.706773 0.014108 -0.707299
vn 0.997138 -0.065667 -0.037450
vn 0.706773 0.014108 -0.707299
vn 0.741278 -0.140233 -0.656386
vn 0.943076 -0.306083 -0.130080
vn 0.997138 -0.065667 -0.037450
vn 0.741278 -0.140233 -0.656386
vn 0.943076 -0.306083 -0.130080
vn 0.741278 -0.140233 -0.656386
vn 0.711840 -0.312083 -0.629196
vn 0.671976 -0.719003 -0.177434
vn 0.943076 -0.306083 -0.130080
vn 0.711840 -0.312083 -0.629196
vn 0.671976 -0.719003 -0.177434
vn 0.711840 -0.312083 -0.629196
vn 0.615440 -0.584432 -0.528841
vn 0.335040 -0.689575 -0.642055
vn 0.084264 -0.635654 -0.767361
vn 0.003639 -0.979518 -0.201322
vn 0.335040 -0.689575 -0.642055
vn 0.003639 -0.979518 -0.201322
vn 0.225469 -0.963423 -0.144842
vn 0.615440 -0.584432 -0.528841
vn 0.335040 -0.689575 -0.642055
vn 0.225469 -0.963423 -0.144842
vn 0.615440 -0.584432 -0.528841
vn 0.225469 -0.963423 -0.144842
vn 0.671976 -0.719003 -0.177434
vn 0.787599 -0.615938 -0.017550
vn 0.671976 -0.719003 -0.177434
vn 0.225469 -0.963423 -0.144842
vn 0.787599 -0.615938 -0.017550
vn 0.225469 -0.963423 -0.144842
vn 0.184853 -0.982484 -0.023549
vn 0.787599 -0.615938 -0.017550
vn 0.184853 -0.982484 -0.023549
vn 0.738751 -0.631056 0.236676
vn 0.184853 -0.982484 -0.023549
vn 0.497614 -0.866355 -0.042530
vn 0.738751 -0.631056 0.236676
vn 0.497614 -0.866355 -0.042530
vn 0.184853 -0.982484 -0.023549
vn 0.135606 -0.975038 0.175819
vn 0.497614 -0.866355 -0.042530
vn 0.135606 -0.975038 0.175819
vn 0.835586 -0.548765 0.025560
vn -0.004014 -0.999424 -0.033688
vn 0.135606 -0.975038 0.175819
vn 0.184853 -0.982484 -0.023549
vn -0.004014 -0.999424 -0.033688
vn 0.184853 -0.982484 -0.023549
vn 0.225469 -0.963423 -0.144842
vn -0.004014 -0.999424 -0.033688
vn 0.225469 -0.963423 -0.144842
vn 0.003639 -0.979518 -0.201322
vn 0.003639 -0.979518 -0.201322
vn -0.029228 -0.984116 -0.175104
vn -0.004014 -0.999424 -0.033688
vn -0.004014 -0.999424 -0.033688
vn -0.029228 -0.984116 -0.175104
vn -0.075459 -0.975381 0.207212
vn -0.005743 -0.996658 0.081489
vn -0.004014 -0.999424 -0.033688
vn -0.075459 -0.975381 0.207212
vn 0.135606 -0.975038 0.175819
vn -0.004014 -0.999424 -0.033688
vn -0.005743 -0.996658 0.081489
vn 0.658765 -0.242920 0.712052
vn 0.666205 -0.103540 0.738546
vn 0.379954 0.140620 0.914254
vn 0.551536 0.186795 0.812967
vn 0.052527 0.667918 0.742379
vn 0.212634 0.385223 0.897992
vn 0.551536 0.186795 0.812967
vn 0.430183 0.271890 0.860824
vn 0.052527 0.667918 0.742379
vn 0.716347 -0.219061 0.662464
vn 0.430183 0.271890 0.860824
vn 0.551536 0.186795 0.812967
vn 0.716347 -0.219061 0.662464
vn 0.658765 -0.242920 0.712052
vn 0.430183 0.271890 0.860824
vn 0.658765 -0.242920 0.712052
vn 0.379954 0.140620 0.914254
vn 0.430183 0.271890 0.860824
vn 0.430183 0.271890 0.860824
vn 0.379954 0.140620 0.914254
vn -0.025215 0.576088 0.816998
vn 0.430183 0.271890 0.860824
vn -0.025215 0.576088 0.816998
vn 0.052527 0.667918 0.742379
vn 0.594350 -0.233935 0.769430
vn 0.791757 0.261914 0.551835
vn 0.686702 -0.077132 0.722836
vn 0.594350 -0.233935 0.769430
vn 0.755416 0.230401 0.613402
vn 0.791757 0.261914 0.551835
vn 0.504516 -0.438361 0.743844
vn 0.755416 0.230401 0.613402
vn 0.594350 -0.233935 0.769430
vn 0.504516 -0.438361 0.743844
vn 0.677151 -0.109935 0.727585
vn 0.755416 0.230401 0.613402
vn 0.677151 -0.109935 0.727585
vn 0.685613 0.494363 0.534359
vn 0.755416 0.230401 0.613402
vn 0.755416 0.230401 0.613402
vn 0.685613 0.494363 0.534359
vn 0.659701 0.709688 0.247260
vn 0.755416 0.230401 0.613402
vn 0.659701 0.709688 0.247260
vn 0.717837 0.642559 0.268008
vn 0.755416 0.230401 0.613402
vn 0.717837 0.642559 0.268008
vn 0.791757 0.261914 0.551835
vt 0.465627 0.164047
vt 0.281605 0.219917
vt 0.354430 0.156088
vt 0.465627 0.164047
vt 0.518806 0.219786
vt 0.581207 0.213447
vt 0.677048 0.321524
vt 0.581207 0.213447
vt 0.590115 0.267842
vt 0.677048 0.321524
vt 0.620206 0.373667
vt 0.677288 0.373148
vt 0.405212 0.099057
vt 0.465627 0.164047
vt 0.490403 0.140265
vt 0.490403 0.140265
vt 0.465627 0.164047
vt 0.581207 0.213447
vt 0.581207 0.213447
vt 0.682760 0.263501
vt 0.490403 0.140265
vt 0.682760 0.263501
vt 0.581207 0.213447
vt 0.677048 0.321524
vt 0.735566 0.362400
vt 0.682760 0.263501
vt 0.677048 0.321524
vt 0.735566 0.362400
vt 0.677048 0.321524
vt 0.677288 0.373148
vt 0.735566 0.362400
vt 0.677288 0.373148
vt 0.669450 0.393433
vt 0.669450 0.393433
vt 0.677288 0.373148
vt 0.620206 0.373667
vt 0.515502 0.363001
vt 0.669450 0.393433
vt 0.620206 0.373667
vt 0.620206 0.373667
vt 0.440824 0.323813
vt 0.515502 0.363001
vt 0.362988 0.360044
vt 0.515502 0.363001
vt 0.440824 0.323813
vt 0.326453 0.346591
vt 0.362988 0.360044
vt 0.440824 0.323813
vt 0.408916 0.398126
vt 0.362988 0.360044
vt 0.326453 0.346591
vt 0.391446 0.471029
vt 0.408916 0.398126
vt 0.326453 0.346591
vt 0.388015 0.555880
vt 0.408916 0.398126
vt 0.391446 0.471029
vt 0.391446 0.471029
vt 0.335099 0.656704
vt 0.388015 0.555880
vt 0.391446 0.471029
vt 0.325061 0.591317
vt 0.335099 0.656704
vt 0.361688 0.758116
vt 0.335099 0.656704
vt 0.325061 0.591317
vt 0.362988 0.360044
vt 0.408916 0.398126
vt 0.515502 0.363001
vt 0.735566 0.362400
vt 0.669450 0.393433
vt 0.787475 0.405792
vt 0.388015 0.555880
vt 0.519477 0.477155
vt 0.408916 0.398126
vt 0.408916 0.398126
vt 0.519477 0.477155
vt 0.605404 0.413544
vt 0.408916 0.398126
vt 0.605404 0.413544
vt 0.515502 0.363001
vt 0.515502 0.363001
vt 0.605404 0.413544
vt 0.669450 0.393433
vt 0.735303 0.359230
vt 0.664278 0.233842
vt 0.682760 0.263501
vt 0.682760 0.263501
vt 0.664278 0.233842
vt 0.480576 0.127187
vt 0.490403 0.140265
vt 0.682760 0.263501
vt 0.480576 0.127187
vt 0.490403 0.140265
vt 0.480576 0.127187
vt 0.405212 0.099057
vt 0.131192 0.322490
vt 0.314063 0.332602
vt 0.163517 0.258441
vt 0.131192 0.322490
vt 0.273813 0.392988
vt 0.314063 0.332602
vt 0.264713 0.543711
vt 0.314063 0.332602
vt 0.273813 0.392988
vt 0.264713 0.543711
vt 0.326453 0.346591
vt 0.314063 0.332602
vt 0.341226 0.435008
vt 0.326453 0.346591
vt 0.264713 0.543711
vt 0.391446 0.471029
vt 0.326453 0.346591
vt 0.341226 0.435008
vt 0.325061 0.591317
vt 0.391446 0.471029
vt 0.341226 0.435008
vt 0.325061 0.591317
vt 0.341226 0.435008
vt 0.291997 0.572147
vt 0.291997 0.572147
vt 0.341226 0.435008
vt 0.264713 0.543711
vt 0.361688 0.758116
vt 0.325061 0.591317
vt 0.317678 0.727341
vt 0.291997 0.572147
vt 0.317678 0.727341
vt 0.325061 0.591317
vt 0.291997 0.572147
vt 0.258361 0.660150
vt 0.317678 0.727341
vt 0.291997 0.572147
vt 0.264713 0.543711
vt 0.258361 0.660150
vt 0.258361 0.660150
vt 0.264713 0.543711
vt 0.208823 0.513816
vt 0.264713 0.543711
vt 0.273813 0.392988
vt 0.208823 0.513816
vt 0.273813 0.392988
vt 0.117183 0.424668
vt 0.208823 0.513816
vt 0.273813 0.392988
vt 0.131192 0.322490
vt 0.117183 0.424668
vt 0.343831 0.456590
vt 0.117183 0.424668
vt 0.131192 0.322490
vt 0.343831 0.456590
vt 0.131192 0.322490
vt 0.321488 0.346104
vt 0.321488 0.346104
vt 0.131192 0.322490
vt 0.163517 0.258441
vt 0.321488 0.346104
vt 0.163517 0.258441
vt 0.317473 0.298271
vt 0.339716 0.225488
vt 0.317473 0.298271
vt 0.163517 0.258441
vt 0.339716 0.225488
vt 0.163517 0.258441
vt 0.281605 0.219917
vt 0.314063 0.332602
vt 0.281605 0.219917
vt 0.163517 0.258441
vt 0.314063 0.332602
vt 0.400673 0.276404
vt 0.281605 0.219917
vt 0.400673 0.276404
vt 0.314063 0.332602
vt 0.326453 0.346591
vt 0.326453 0.346591
vt 0.440824 0.323813
vt 0.400673 0.276404
vt 0.319728 0.383532
vt 0.400673 0.276404
vt 0.440824 0.323813
vt 0.620206 0.373667
vt 0.319728 0.383532
vt 0.440824 0.323813
vt 0.400673 0.276404
vt 0.319728 0.383532
vt 0.413338 0.226622
vt 0.281605 0.219917
vt 0.400673 0.276404
vt 0.413338 0.226622
vt 0.321488 0.346104
vt 0.260218 0.303375
vt 0.265147 0.352792
vt 0.292159 0.464104
vt 0.321488 0.346104
vt 0.265147 0.352792
vt 0.292159 0.464104
vt 0.344255 0.455306
vt 0.321488 0.346104
vt 0.344255 0.455306
vt 0.292159 0.464104
vt 0.354460 0.496498
vt 0.106586 0.480391
vt 0.072246 0.500860
vt 0.143860 0.610034
vt 0.106586 0.480391
vt 0.143860 0.610034
vt 0.173480 0.579977
vt 0.193092 0.671724
vt 0.173480 0.579977
vt 0.143860 0.610034
vt 0.193092 0.671724
vt 0.258361 0.660150
vt 0.173480 0.579977
vt 0.258361 0.660150
vt 0.208823 0.513816
vt 0.173480 0.579977
vt 0.208823 0.513816
vt 0.106586 0.480391
vt 0.173480 0.579977
vt 0.208823 0.513816
vt 0.117183 0.424668
vt 0.106586 0.480391
vt 0.354460 0.496498
vt 0.106586 0.480391
vt 0.117183 0.424668
vt 0.354460 0.496498
vt 0.117183 0.424668
vt 0.343831 0.456590
vt 0.321488 0.346104
vt 0.318194 0.299425
vt 0.260218 0.303375
vt 0.318194 0.299425
vt 0.271035 0.238596
vt 0.260218 0.303375
vt 0.318194 0.299425
vt 0.339716 0.225488
vt 0.271035 0.238596
vt 0.339716 0.225488
vt 0.299926 0.144323
vt 0.271035 0.238596
vt 0.339716 0.225488
vt 0.379577 0.148730
vt 0.299926 0.144323
vt 0.379577 0.148730
vt 0.328264 0.107606
vt 0.299926 0.144323
vt 0.299926 0.144323
vt 0.328264 0.107606
vt 0.242703 0.122635
vt 0.299926 0.144323
vt 0.242703 0.122635
vt 0.216968 0.157882
vt 0.165038 0.144493
vt 0.216968 0.157882
vt 0.242703 0.122635
vt 0.165038 0.144493
vt 0.159379 0.171856
vt 0.216968 0.157882
vt 0.159379 0.171856
vt 0.190268 0.251970
vt 0.216968 0.157882
vt 0.216968 0.157882
vt 0.190268 0.251970
vt 0.299926 0.144323
vt 0.190268 0.251970
vt 0.271035 0.238596
vt 0.299926 0.144323
vt 0.260218 0.303375
vt 0.271035 0.238596
vt 0.190268 0.251970
vt 0.260218 0.303375
vt 0.190268 0.251970
vt 0.182367 0.316309
vt 0.265147 0.352792
vt 0.260218 0.303375
vt 0.182367 0.316309
vt 0.265147 0.352792
vt 0.182367 0.316309
vt 0.185460 0.354353
vt 0.292159 0.464104
vt 0.265147 0.352792
vt 0.191483 0.393972
vt 0.185460 0.354353
vt 0.191483 0.393972
vt 0.265147 0.352792
vt 0.124837 0.370587
vt 0.191483 0.393972
vt 0.185460 0.354353
vt 0.182367 0.316309
vt 0.124837 0.370587
vt 0.185460 0.354353
vt 0.182367 0.316309
vt 0.119525 0.331203
vt 0.124837 0.370587
vt 0.119525 0.331203
vt 0.182367 0.316309
vt 0.190268 0.251970
vt 0.119525 0.331203
vt 0.190268 0.251970
vt 0.124857 0.269460
vt 0.159379 0.171856
vt 0.124857 0.269460
vt 0.190268 0.251970
vt 0.124857 0.269460
vt 0.159379 0.171856
vt 0.123944 0.192898
vt 0.159379 0.171856
vt 0.165038 0.144493
vt 0.123944 0.192898
vt 0.123944 0.192898
vt 0.165038 0.144493
vt 0.118945 0.179049
vt 0.118945 0.179049
vt 0.165038 0.144493
vt 0.211528 0.117424
vt 0.211528 0.117424
vt 0.165038 0.144493
vt 0.242703 0.122635
vt 0.211528 0.117424
vt 0.242703 0.122635
vt 0.316689 0.087259
vt 0.316689 0.087259
vt 0.242703 0.122635
vt 0.328264 0.107606
vt 0.316689 0.087259
vt 0.328264 0.107606
vt 0.405212 0.099057
vt 0.347967 0.134292
vt 0.405212 0.099057
vt 0.328264 0.107606
vt 0.405212 0.099057
vt 0.347967 0.134292
vt 0.465627 0.164047
vt 0.124837 0.370587
vt 0.143107 0.408985
vt 0.191483 0.393972
vt 0.123944 0.192898
vt 0.118945 0.179049
vt 0.058471 0.265598
vt 0.123944 0.192898
vt 0.058471 0.265598
vt 0.046603 0.342858
vt 0.123944 0.192898
vt 0.046603 0.342858
vt 0.124857 0.269460
vt 0.046603 0.342858
vt 0.119525 0.331203
vt 0.124857 0.269460
vt 0.119525 0.331203
vt 0.046603 0.342858
vt 0.060007 0.439775
vt 0.119525 0.331203
vt 0.060007 0.439775
vt 0.124837 0.370587
vt 0.060007 0.439775
vt 0.118854 0.421093
vt 0.124837 0.370587
vt 0.124837 0.370587
vt 0.118854 0.421093
vt 0.143107 0.408985
vt 0.118854 0.421093
vt 0.178402 0.488837
vt 0.143107 0.408985
vt 0.178402 0.488837
vt 0.191483 0.393972
vt 0.143107 0.408985
vt 0.292159 0.464104
vt 0.191483 0.393972
vt 0.178402 0.488837
vt 0.292159 0.464104
vt 0.178402 0.488837
vt 0.177210 0.556391
vt 0.292159 0.464104
vt 0.177210 0.556391
vt 0.354460 0.496498
vt 0.258813 0.592599
vt 0.354460 0.496498
vt 0.177210 0.556391
vt 0.354460 0.496498
vt 0.258813 0.592599
vt 0.488199 0.585738
vt 0.371156 0.659501
vt 0.488199 0.585738
vt 0.258813 0.592599
vt 0.488199 0.585738
vt 0.371156 0.659501
vt 0.558819 0.613193
vt 0.350830 0.768276
vt 0.558819 0.613193
vt 0.371156 0.659501
vt 0.350830 0.768276
vt 0.371156 0.659501
vt 0.196744 0.643617
vt 0.196744 0.643617
vt 0.371156 0.659501
vt 0.258813 0.592599
vt 0.258813 0.592599
vt 0.130929 0.595222
vt 0.196744 0.643617
vt 0.258813 0.592599
vt 0.177210 0.556391
vt 0.130929 0.595222
vt 0.177210 0.556391
vt 0.094764 0.536894
vt 0.130929 0.595222
vt 0.177210 0.556391
vt 0.143239 0.500762
vt 0.094764 0.536894
vt 0.143239 0.500762
vt 0.060007 0.439775
vt 0.094764 0.536894
vt 0.143239 0.500762
vt 0.118854 0.421093
vt 0.060007 0.439775
vt 0.118854 0.421093
vt 0.143239 0.500762
vt 0.178402 0.488837
vt 0.143239 0.500762
vt 0.177210 0.556391
vt 0.178402 0.488837
vt 0.405212 0.099057
vt 0.450656 0.113139
vt 0.362228 0.100296
vt 0.405212 0.099057
vt 0.362228 0.100296
vt 0.316689 0.087259
vt 0.316689 0.087259
vt 0.362228 0.100296
vt 0.258342 0.099509
vt 0.316689 0.087259
vt 0.258342 0.099509
vt 0.211528 0.117424
vt 0.211528 0.117424
vt 0.258342 0.099509
vt 0.142689 0.177348
vt 0.211528 0.117424
vt 0.142689 0.177348
vt 0.118945 0.179049
vt 0.142689 0.177348
vt 0.078727 0.222058
vt 0.118945 0.179049
vt 0.078727 0.222058
vt 0.058471 0.265598
vt 0.118945 0.179049
vt 0.078727 0.222058
vt 0.029223 0.325875
vt 0.058471 0.265598
vt 0.046603 0.342858
vt 0.058471 0.265598
vt 0.029223 0.325875
vt 0.046603 0.342858
vt 0.029223 0.325875
vt 0.023129 0.390928
vt 0.060007 0.439775
vt 0.046603 0.342858
vt 0.023129 0.390928
vt 0.060007 0.439775
vt 0.023129 0.390928
vt 0.041307 0.483362
vt 0.094764 0.536894
vt 0.060007 0.439775
vt 0.041307 0.483362
vt 0.094764 0.536894
vt 0.041307 0.483362
vt 0.073128 0.568146
vt 0.073128 0.568146
vt 0.130929 0.595222
vt 0.094764 0.536894
vt 0.073128 0.568146
vt 0.104607 0.629982
vt 0.130929 0.595222
vt 0.104607 0.629982
vt 0.196744 0.643617
vt 0.130929 0.595222
vt 0.026120 0.384823
vt 0.023129 0.390928
vt 0.029223 0.325875
vt 0.023129 0.390928
vt 0.026120 0.384823
vt 0.035379 0.481454
vt 0.041307 0.483362
vt 0.023129 0.390928
vt 0.035379 0.481454
vt 0.041307 0.483362
vt 0.035379 0.481454
vt 0.064319 0.581132
vt 0.064319 0.581132
vt 0.073128 0.568146
vt 0.041307 0.483362
vt 0.104607 0.629982
vt 0.073128 0.568146
vt 0.064319 0.581132
vt 0.104607 0.629982
vt 0.064319 0.581132
vt 0.081519 0.603762
vt 0.035379 0.481454
vt 0.081519 0.603762
vt 0.064319 0.581132
vt 0.035379 0.481454
vt 0.070658 0.500028
vt 0.081519 0.603762
vt 0.026120 0.384823
vt 0.070658 0.500028
vt 0.035379 0.481454
vt 0.145787 0.672903
vt 0.081519 0.603762
vt 0.226265 0.722912
vt 0.180208 0.626196
vt 0.226265 0.722912
vt 0.081519 0.603762
vt 0.070658 0.500028
vt 0.180208 0.626196
vt 0.081519 0.603762
vt 0.104607 0.629982
vt 0.081519 0.603762
vt 0.145787 0.672903
vt 0.188225 0.681898
vt 0.104607 0.629982
vt 0.145787 0.672903
vt 0.188225 0.681898
vt 0.145787 0.672903
vt 0.226265 0.722912
vt 0.317456 0.770057
vt 0.188225 0.681898
vt 0.226265 0.722912
vt 0.317456 0.770057
vt 0.226265 0.722912
vt 0.180208 0.626196
vt 0.317456 0.770057
vt 0.180208 0.626196
vt 0.292129 0.653281
vt 0.173923 0.542316
vt 0.292129 0.653281
vt 0.180208 0.626196
vt 0.070658 0.500028
vt 0.173923 0.542316
vt 0.180208 0.626196
vt 0.088180 0.415986
vt 0.173923 0.542316
vt 0.070658 0.500028
vt 0.070658 0.500028
vt 0.026120 0.384823
vt 0.088180 0.415986
vt 0.088180 0.415986
vt 0.026120 0.384823
vt 0.057309 0.300999
vt 0.029223 0.325875
vt 0.057309 0.300999
vt 0.026120 0.384823
vt 0.029223 0.325875
vt 0.078727 0.222058
vt 0.057309 0.300999
vt 0.091790 0.256513
vt 0.057309 0.300999
vt 0.078727 0.222058
vt 0.078727 0.222058
vt 0.142689 0.177348
vt 0.091790 0.256513
vt 0.088180 0.415986
vt 0.183260 0.489109
vt 0.173923 0.542316
vt 0.385618 0.779357
vt 0.317456 0.770057
vt 0.292129 0.653281
vt 0.385618 0.779357
vt 0.292129 0.653281
vt 0.358072 0.693905
vt 0.104607 0.629982
vt 0.188225 0.681898
vt 0.196744 0.643617
vt 0.350830 0.768276
vt 0.196744 0.643617
vt 0.188225 0.681898
vt 0.317456 0.770057
vt 0.350830 0.768276
vt 0.188225 0.681898
vt 0.350830 0.768276
vt 0.317456 0.770057
vt 0.407275 0.837423
vt 0.385618 0.779357
vt 0.407275 0.837423
vt 0.317456 0.770057
vt 0.492967 0.823236
vt 0.407275 0.837423
vt 0.385618 0.779357
vt 0.358072 0.693905
vt 0.492967 0.823236
vt 0.385618 0.779357
vt 0.358072 0.693905
vt 0.464710 0.694758
vt 0.492967 0.823236
vt 0.464710 0.694758
vt 0.358072 0.693905
vt 0.292129 0.653281
vt 0.464710 0.694758
vt 0.292129 0.653281
vt 0.506589 0.678019
vt 0.506589 0.678019
vt 0.292129 0.653281
vt 0.286887 0.616814
vt 0.173923 0.542316
vt 0.286887 0.616814
vt 0.292129 0.653281
vt 0.173923 0.542316
vt 0.305218 0.556979
vt 0.286887 0.616814
vt 0.183260 0.489109
vt 0.305218 0.556979
vt 0.173923 0.542316
vt 0.305218 0.556979
vt 0.183260 0.489109
vt 0.217728 0.433053
vt 0.088180 0.415986
vt 0.217728 0.433053
vt 0.183260 0.489109
vt 0.088180 0.415986
vt 0.101871 0.363116
vt 0.217728 0.433053
vt 0.101871 0.363116
vt 0.088180 0.415986
vt 0.057309 0.300999
vt 0.492967 0.823236
vt 0.513429 0.896429
vt 0.407275 0.837423
vt 0.305218 0.556979
vt 0.217728 0.433053
vt 0.386778 0.493267
vt 0.139465 0.303281
vt 0.386778 0.493267
vt 0.217728 0.433053
vt 0.139465 0.303281
vt 0.217728 0.433053
vt 0.101871 0.363116
vt 0.350830 0.768276
vt 0.407275 0.837423
vt 0.437780 0.822127
vt 0.513429 0.896429
vt 0.437780 0.822127
vt 0.407275 0.837423
vt 0.513429 0.896429
vt 0.554119 0.898970
vt 0.437780 0.822127
vt 0.588575 0.918533
vt 0.554119 0.898970
vt 0.513429 0.896429
vt 0.588575 0.918533
vt 0.513429 0.896429
vt 0.492967 0.823236
vt 0.588575 0.918533
vt 0.492967 0.823236
vt 0.577182 0.847207
vt 0.577182 0.847207
vt 0.492967 0.823236
vt 0.464710 0.694758
vt 0.577182 0.847207
vt 0.464710 0.694758
vt 0.506589 0.678019
vt 0.386535 0.556223
vt 0.442045 0.607892
vt 0.286887 0.616814
vt 0.506589 0.678019
vt 0.286887 0.616814
vt 0.442045 0.607892
vt 0.442045 0.607892
vt 0.615106 0.684488
vt 0.506589 0.678019
vt 0.615106 0.684488
vt 0.577182 0.847207
vt 0.506589 0.678019
vt 0.615106 0.684488
vt 0.638292 0.848923
vt 0.577182 0.847207
vt 0.588575 0.918533
vt 0.577182 0.847207
vt 0.638292 0.848923
vt 0.588575 0.918533
vt 0.638292 0.848923
vt 0.637744 0.924750
vt 0.588575 0.918533
vt 0.637744 0.924750
vt 0.554119 0.898970
vt 0.554119 0.898970
vt 0.637744 0.924750
vt 0.697294 0.895912
vt 0.638292 0.848923
vt 0.697294 0.895912
vt 0.637744 0.924750
vt 0.638292 0.848923
vt 0.668331 0.777391
vt 0.697294 0.895912
vt 0.668331 0.777391
vt 0.638292 0.848923
vt 0.615106 0.684488
vt 0.668331 0.777391
vt 0.615106 0.684488
vt 0.734921 0.650839
vt 0.615106 0.684488
vt 0.622984 0.623633
vt 0.734921 0.650839
vt 0.734921 0.650839
vt 0.622984 0.623633
vt 0.627841 0.605475
vt 0.556631 0.579307
vt 0.627841 0.605475
vt 0.622984 0.623633
vt 0.556631 0.579307
vt 0.521417 0.574927
vt 0.627841 0.605475
vt 0.527106 0.511305
vt 0.521417 0.574927
vt 0.556631 0.579307
vt 0.386535 0.556223
vt 0.458969 0.501225
vt 0.442045 0.607892
vt 0.734921 0.650839
vt 0.627841 0.605475
vt 0.741366 0.619420
vt 0.741366 0.619420
vt 0.817278 0.612591
vt 0.734921 0.650839
vt 0.806203 0.679118
vt 0.734921 0.650839
vt 0.817278 0.612591
vt 0.734921 0.650839
vt 0.806203 0.679118
vt 0.732107 0.731540
vt 0.668331 0.777391
vt 0.734921 0.650839
vt 0.732107 0.731540
vt 0.741366 0.619420
vt 0.837004 0.591164
vt 0.817278 0.612591
vt 0.808995 0.600127
vt 0.837004 0.591164
vt 0.741214 0.618751
vt 0.471440 0.465506
vt 0.480310 0.509459
vt 0.473372 0.491437
vt 0.473372 0.491437
vt 0.480310 0.509459
vt 0.492678 0.518010
vt 0.480310 0.509459
vt 0.521417 0.574927
vt 0.492678 0.518010
vt 0.480310 0.509459
vt 0.556237 0.580079
vt 0.521417 0.574927
vt 0.521417 0.574927
vt 0.556237 0.580079
vt 0.640434 0.612990
vt 0.521417 0.574927
vt 0.640434 0.612990
vt 0.627841 0.605475
vt 0.695397 0.625851
vt 0.709516 0.621866
vt 0.640434 0.612990
vt 0.627841 0.605475
vt 0.640434 0.612990
vt 0.709516 0.621866
vt 0.709516 0.621866
vt 0.745075 0.636100
vt 0.627841 0.605475
vt 0.627841 0.605475
vt 0.745075 0.636100
vt 0.738086 0.621959
vt 0.808995 0.600127
vt 0.738086 0.621959
vt 0.745075 0.636100
vt 0.709516 0.621866
vt 0.781346 0.616967
vt 0.745075 0.636100
vt 0.781346 0.616967
vt 0.852500 0.564469
vt 0.745075 0.636100
vt 0.808995 0.600127
vt 0.745075 0.636100
vt 0.852500 0.564469
vt 0.852500 0.564469
vt 0.866625 0.544707
vt 0.808995 0.600127
vt 0.808995 0.600127
vt 0.866625 0.544707
vt 0.837004 0.591164
vt 0.866625 0.544707
vt 0.895578 0.489567
vt 0.837004 0.591164
vt 0.837004 0.591164
vt 0.895578 0.489567
vt 0.884679 0.517382
vt 0.837004 0.591164
vt 0.884679 0.517382
vt 0.887857 0.556857
vt 0.837004 0.591164
vt 0.887857 0.556857
vt 0.817278 0.612591
vt 0.880650 0.625538
vt 0.817278 0.612591
vt 0.887857 0.556857
vt 0.880650 0.625538
vt 0.806203 0.679118
vt 0.817278 0.612591
vt 0.880650 0.625538
vt 0.850692 0.725611
vt 0.806203 0.679118
vt 0.850692 0.725611
vt 0.813787 0.705125
vt 0.806203 0.679118
vt 0.804957 0.756223
vt 0.813787 0.705125
vt 0.850692 0.725611
vt 0.765151 0.777417
vt 0.813787 0.705125
vt 0.804957 0.756223
vt 0.804957 0.756223
vt 0.800897 0.797185
vt 0.765151 0.777417
vt 0.765151 0.777417
vt 0.800897 0.797185
vt 0.776008 0.813823
vt 0.776008 0.813823
vt 0.744550 0.793165
vt 0.765151 0.777417
vt 0.800897 0.797185
vt 0.804957 0.756223
vt 0.819400 0.766931
vt 0.804957 0.756223
vt 0.850692 0.725611
vt 0.819400 0.766931
vt 0.781346 0.616967
vt 0.739348 0.559109
vt 0.787285 0.551518
vt 0.781346 0.616967
vt 0.787285 0.551518
vt 0.852500 0.564469
vt 0.776008 0.813823
vt 0.720820 0.830858
vt 0.744550 0.793165
vt 0.726790 0.817855
vt 0.744550 0.793165
vt 0.720820 0.830858
vt 0.697294 0.895912
vt 0.726790 0.817855
vt 0.720820 0.830858
vt 0.726790 0.817855
vt 0.697294 0.895912
vt 0.724352 0.786800
vt 0.724352 0.786800
vt 0.697294 0.895912
vt 0.668331 0.777391
vt 0.724352 0.786800
vt 0.668331 0.777391
vt 0.723922 0.770337
vt 0.723922 0.770337
vt 0.668331 0.777391
vt 0.732107 0.731540
vt 0.764624 0.726831
vt 0.723922 0.770337
vt 0.732107 0.731540
vt 0.764624 0.726831
vt 0.732107 0.731540
vt 0.806203 0.679118
vt 0.764624 0.726831
vt 0.806203 0.679118
vt 0.813787 0.705125
vt 0.813787 0.705125
vt 0.765151 0.777417
vt 0.764624 0.726831
vt 0.764624 0.726831
vt 0.765151 0.777417
vt 0.724352 0.786800
vt 0.724352 0.786800
vt 0.765151 0.777417
vt 0.744550 0.793165
vt 0.724352 0.786800
vt 0.744550 0.793165
vt 0.726790 0.817855
vt 0.764624 0.726831
vt 0.724352 0.786800
vt 0.723922 0.770337
vt 0.643099 0.393809
vt 0.710837 0.481350
vt 0.685098 0.478532
vt 0.739666 0.450265
vt 0.710837 0.481350
vt 0.643099 0.393809
vt 0.739666 0.450265
vt 0.739348 0.559109
vt 0.710837 0.481350
vt 0.739666 0.450265
vt 0.759696 0.467895
vt 0.739348 0.559109
vt 0.787285 0.551518
vt 0.739348 0.559109
vt 0.759696 0.467895
vt 0.787285 0.551518
vt 0.759696 0.467895
vt 0.791026 0.471500
vt 0.759696 0.467895
vt 0.767589 0.396798
vt 0.791026 0.471500
vt 0.739666 0.450265
vt 0.767589 0.396798
vt 0.759696 0.467895
vt 0.739666 0.450265
vt 0.718815 0.366457
vt 0.767589 0.396798
vt 0.718815 0.366457
vt 0.739666 0.450265
vt 0.643099 0.393809
vt 0.710837 0.481350
vt 0.739348 0.559109
vt 0.694790 0.559476
vt 0.710837 0.481350
vt 0.694790 0.559476
vt 0.685098 0.478532
vt 0.634591 0.521307
vt 0.685098 0.478532
vt 0.694790 0.559476
vt 0.692740 0.309056
vt 0.601246 0.343085
vt 0.631512 0.258738
vt 0.692740 0.309056
vt 0.718815 0.366457
vt 0.601246 0.343085
vt 0.718815 0.366457
vt 0.643099 0.393809
vt 0.601246 0.343085
vt 0.643099 0.393809
vt 0.575467 0.391060
vt 0.601246 0.343085
vt 0.573137 0.453343
vt 0.575467 0.391060
vt 0.643099 0.393809
vt 0.573137 0.453343
vt 0.643099 0.393809
vt 0.685098 0.478532
vt 0.566220 0.498652
vt 0.573137 0.453343
vt 0.685098 0.478532
vt 0.634591 0.521307
vt 0.566220 0.498652
vt 0.685098 0.478532
vt 0.634591 0.521307
vt 0.581045 0.545939
vt 0.566220 0.498652
vt 0.581045 0.545939
vt 0.634591 0.521307
vt 0.694790 0.559476
vt 0.581045 0.545939
vt 0.694790 0.559476
vt 0.672536 0.635205
vt 0.694790 0.559476
vt 0.739348 0.559109
vt 0.672536 0.635205
vt 0.739348 0.559109
vt 0.731111 0.631963
vt 0.672536 0.635205
vt 0.731111 0.631963
vt 0.739348 0.559109
vt 0.781346 0.616967
vt 0.581045 0.545939
vt 0.672536 0.635205
vt 0.596526 0.598536
vt 0.596526 0.598536
vt 0.517949 0.536824
vt 0.581045 0.545939
vt 0.581045 0.545939
vt 0.517949 0.536824
vt 0.505058 0.503659
vt 0.581045 0.545939
vt 0.505058 0.503659
vt 0.566220 0.498652
vt 0.505058 0.503659
vt 0.573137 0.453343
vt 0.566220 0.498652
vt 0.479902 0.437167
vt 0.573137 0.453343
vt 0.505058 0.503659
vt 0.479902 0.437167
vt 0.575467 0.391060
vt 0.573137 0.453343
vt 0.600973 0.246858
vt 0.631512 0.258738
vt 0.538450 0.332856
vt 0.631512 0.258738
vt 0.601246 0.343085
vt 0.538450 0.332856
vt 0.601246 0.343085
vt 0.558430 0.374165
vt 0.538450 0.332856
vt 0.575467 0.391060
vt 0.558430 0.374165
vt 0.601246 0.343085
vt 0.491795 0.397098
vt 0.558430 0.374165
vt 0.575467 0.391060
vt 0.491795 0.397098
vt 0.575467 0.391060
vt 0.479902 0.437167
vt 0.491795 0.397098
vt 0.479902 0.437167
vt 0.471440 0.465506
vt 0.505058 0.503659
vt 0.471440 0.465506
vt 0.479902 0.437167
vt 0.471440 0.465506
vt 0.505058 0.503659
vt 0.480310 0.509459
vt 0.480310 0.509459
vt 0.505058 0.503659
vt 0.502570 0.558355
vt 0.502570 0.558355
vt 0.556237 0.580079
vt 0.480310 0.509459
vt 0.502570 0.558355
vt 0.596526 0.598536
vt 0.556237 0.580079
vt 0.596526 0.598536
vt 0.640434 0.612990
vt 0.556237 0.580079
vt 0.596526 0.598536
vt 0.672536 0.635205
vt 0.640434 0.612990
vt 0.672536 0.635205
vt 0.695397 0.625851
vt 0.640434 0.612990
vt 0.672536 0.635205
vt 0.731111 0.631963
vt 0.695397 0.625851
vt 0.709516 0.621866
vt 0.695397 0.625851
vt 0.731111 0.631963
vt 0.709516 0.621866
vt 0.731111 0.631963
vt 0.781346 0.616967
vt 0.515664 0.361384
vt 0.538450 0.332856
vt 0.558430 0.374165
vt 0.515664 0.361384
vt 0.558430 0.374165
vt 0.491795 0.397098
vt 0.527106 0.511305
vt 0.492678 0.518010
vt 0.521417 0.574927
vt 0.527106 0.511305
vt 0.490297 0.476767
vt 0.492678 0.518010
vt 0.490297 0.476767
vt 0.473372 0.491437
vt 0.492678 0.518010
vt 0.473372 0.491437
vt 0.490297 0.476767
vt 0.484809 0.444268
vt 0.473372 0.491437
vt 0.484809 0.444268
vt 0.471440 0.465506
vt 0.471440 0.465506
vt 0.484809 0.444268
vt 0.490061 0.404335
vt 0.471440 0.465506
vt 0.490061 0.404335
vt 0.491795 0.397098
vt 0.484996 0.360445
vt 0.491795 0.397098
vt 0.490061 0.404335
vt 0.515664 0.361384
vt 0.491795 0.397098
vt 0.484996 0.360445
vt 0.484996 0.360445
vt 0.464390 0.302725
vt 0.515664 0.361384
vt 0.515664 0.361384
vt 0.464390 0.302725
vt 0.538450 0.332856
vt 0.538450 0.332856
vt 0.464390 0.302725
vt 0.485397 0.290127
vt 0.600973 0.246858
vt 0.538450 0.332856
vt 0.485397 0.290127
vt 0.600973 0.246858
vt 0.485397 0.290127
vt 0.534984 0.226256
vt 0.600973 0.246858
vt 0.534984 0.226256
vt 0.553435 0.251218
vt 0.553435 0.251218
vt 0.534984 0.226256
vt 0.488425 0.276577
vt 0.553435 0.251218
vt 0.488425 0.276577
vt 0.469764 0.289512
vt 0.488425 0.276577
vt 0.458582 0.316323
vt 0.469764 0.289512
vt 0.534984 0.226256
vt 0.455075 0.233458
vt 0.488425 0.276577
vt 0.406592 0.317643
vt 0.428917 0.289444
vt 0.469764 0.289512
vt 0.469764 0.289512
vt 0.428917 0.289444
vt 0.510434 0.256373
vt 0.469764 0.289512
vt 0.510434 0.256373
vt 0.553435 0.251218
vt 0.475596 0.203382
vt 0.400512 0.190832
vt 0.455075 0.233458
vt 0.475596 0.203382
vt 0.455075 0.233458
vt 0.534984 0.226256
vt 0.534984 0.226256
vt 0.446248 0.240040
vt 0.475596 0.203382
vt 0.534984 0.226256
vt 0.485397 0.290127
vt 0.446248 0.240040
vt 0.446248 0.240040
vt 0.485397 0.290127
vt 0.464390 0.302725
vt 0.446248 0.240040
vt 0.464390 0.302725
vt 0.463703 0.309553
vt 0.484996 0.360445
vt 0.463703 0.309553
vt 0.464390 0.302725
vt 0.484996 0.360445
vt 0.478868 0.363461
vt 0.463703 0.309553
vt 0.484996 0.360445
vt 0.490061 0.404335
vt 0.478868 0.363461
vt 0.469329 0.470246
vt 0.478868 0.363461
vt 0.490061 0.404335
vt 0.490061 0.404335
vt 0.484809 0.444268
vt 0.469329 0.470246
vt 0.484809 0.444268
vt 0.458969 0.501225
vt 0.469329 0.470246
vt 0.484809 0.444268
vt 0.490297 0.476767
vt 0.458969 0.501225
vt 0.490297 0.476767
vt 0.518684 0.485199
vt 0.458969 0.501225
vt 0.527106 0.511305
vt 0.518684 0.485199
vt 0.490297 0.476767
vt 0.458969 0.501225
vt 0.518684 0.485199
vt 0.527106 0.511305
vt 0.556631 0.579307
vt 0.458969 0.501225
vt 0.527106 0.511305
vt 0.556631 0.579307
vt 0.442045 0.607892
vt 0.458969 0.501225
vt 0.442045 0.607892
vt 0.556631 0.579307
vt 0.615106 0.684488
vt 0.622984 0.623633
vt 0.615106 0.684488
vt 0.556631 0.579307
vt 0.475596 0.203382
vt 0.446248 0.240040
vt 0.400512 0.190832
vt 0.400512 0.190832
vt 0.446248 0.240040
vt 0.455075 0.233458
vt 0.446248 0.240040
vt 0.463703 0.309553
vt 0.455075 0.233458
vt 0.463703 0.309553
vt 0.488425 0.276577
vt 0.455075 0.233458
vt 0.458582 0.316323
vt 0.488425 0.276577
vt 0.463703 0.309553
vt 0.478868 0.363461
vt 0.458582 0.316323
vt 0.463703 0.309553
vt 0.458582 0.316323
vt 0.478868 0.363461
vt 0.439048 0.378373
vt 0.469329 0.470246
vt 0.439048 0.378373
vt 0.478868 0.363461
vt 0.469329 0.470246
vt 0.427195 0.479872
vt 0.439048 0.378373
vt 0.458969 0.501225
vt 0.427195 0.479872
vt 0.469329 0.470246
vt 0.458969 0.501225
vt 0.386778 0.493267
vt 0.427195 0.479872
vt 0.458969 0.501225
vt 0.386535 0.556223
vt 0.386778 0.493267
vt 0.305218 0.556979
vt 0.386778 0.493267
vt 0.386535 0.556223
vt 0.305218 0.556979
vt 0.386535 0.556223
vt 0.286887 0.616814
vt 0.406592 0.317643
vt 0.469764 0.289512
vt 0.458582 0.316323
vt 0.458582 0.316323
vt 0.439048 0.378373
vt 0.406592 0.317643
vt 0.406592 0.317643
vt 0.439048 0.378373
vt 0.391333 0.373673
vt 0.391333 0.373673
vt 0.439048 0.378373
vt 0.427195 0.479872
vt 0.391333 0.373673
vt 0.427195 0.479872
vt 0.372884 0.441855
vt 0.372884 0.441855
vt 0.427195 0.479872
vt 0.386778 0.493267
vt 0.372884 0.441855
vt 0.386778 0.493267
vt 0.288302 0.335602
vt 0.139465 0.303281
vt 0.288302 0.335602
vt 0.386778 0.493267
vt 0.139465 0.303281
vt 0.318363 0.283065
vt 0.288302 0.335602
vt 0.139465 0.303281
vt 0.213827 0.191404
vt 0.318363 0.283065
vt 0.347252 0.235229
vt 0.318363 0.283065
vt 0.213827 0.191404
vt 0.398544 0.172753
vt 0.347252 0.235229
vt 0.213827 0.191404
vt 0.443867 0.180563
vt 0.347252 0.235229
vt 0.398544 0.172753
vt 0.398544 0.172753
vt 0.450070 0.145664
vt 0.443867 0.180563
vt 0.450070 0.145664
vt 0.540810 0.192948
vt 0.443867 0.180563
vt 0.622861 0.222755
vt 0.540810 0.192948
vt 0.450070 0.145664
vt 0.540810 0.192948
vt 0.622861 0.222755
vt 0.587621 0.244114
vt 0.670482 0.272883
vt 0.587621 0.244114
vt 0.622861 0.222755
vt 0.372884 0.441855
vt 0.288302 0.335602
vt 0.391333 0.373673
vt 0.406592 0.317643
vt 0.391333 0.373673
vt 0.288302 0.335602
vt 0.406592 0.317643
vt 0.288302 0.335602
vt 0.318363 0.283065
vt 0.428917 0.289444
vt 0.406592 0.317643
vt 0.318363 0.283065
vt 0.428917 0.289444
vt 0.318363 0.283065
vt 0.347252 0.235229
vt 0.443867 0.180563
vt 0.428917 0.289444
vt 0.347252 0.235229
vt 0.428917 0.289444
vt 0.443867 0.180563
vt 0.510434 0.256373
vt 0.542505 0.255614
vt 0.510434 0.256373
vt 0.443867 0.180563
vt 0.443867 0.180563
vt 0.587621 0.244114
vt 0.542505 0.255614
vt 0.443867 0.180563
vt 0.540810 0.192948
vt 0.587621 0.244114
vt 0.398544 0.172753
vt 0.213827 0.191404
vt 0.304224 0.111343
vt 0.057309 0.300999
vt 0.139465 0.303281
vt 0.101871 0.363116
vt 0.057309 0.300999
vt 0.091790 0.256513
vt 0.139465 0.303281
vt 0.091790 0.256513
vt 0.213827 0.191404
vt 0.139465 0.303281
vt 0.091790 0.256513
vt 0.142689 0.177348
vt 0.213827 0.191404
vt 0.258342 0.099509
vt 0.213827 0.191404
vt 0.142689 0.177348
vt 0.258342 0.099509
vt 0.304224 0.111343
vt 0.213827 0.191404
vt 0.304224 0.111343
vt 0.258342 0.099509
vt 0.362228 0.100296
vt 0.362228 0.100296
vt 0.398544 0.172753
vt 0.304224 0.111343
vt 0.362228 0.100296
vt 0.450070 0.145664
vt 0.398544 0.172753
vt 0.450656 0.113139
vt 0.450070 0.145664
vt 0.362228 0.100296
vt 0.622861 0.222755
vt 0.450070 0.145664
vt 0.450656 0.113139
vt 0.670482 0.272883
vt 0.805326 0.256812
vt 0.778344 0.239101
vt 0.778344 0.239101
vt 0.650096 0.243212
vt 0.670482 0.272883
vt 0.814037 0.353925
vt 0.780792 0.265763
vt 0.846060 0.298728
vt 0.846060 0.298728
vt 0.780792 0.265763
vt 0.801297 0.226760
vt 0.801297 0.226760
vt 0.780792 0.265763
vt 0.728527 0.228175
vt 0.758156 0.214814
vt 0.801297 0.226760
vt 0.728527 0.228175
vt 0.728527 0.228175
vt 0.682709 0.220796
vt 0.758156 0.214814
vt 0.758156 0.214814
vt 0.682709 0.220796
vt 0.742134 0.216897
vt 0.682709 0.220796
vt 0.641569 0.235582
vt 0.742134 0.216897
vt 0.641569 0.235582
vt 0.650096 0.243212
vt 0.742134 0.216897
vt 0.833027 0.217358
vt 0.742134 0.216897
vt 0.650096 0.243212
vt 0.778344 0.239101
vt 0.833027 0.217358
vt 0.650096 0.243212
vt 0.851818 0.229315
vt 0.833027 0.217358
vt 0.778344 0.239101
vt 0.851818 0.229315
vt 0.778344 0.239101
vt 0.805326 0.256812
vt 0.805326 0.256812
vt 0.845042 0.281700
vt 0.851818 0.229315
vt 0.774035 0.335192
vt 0.845042 0.281700
vt 0.805326 0.256812
vt 0.774035 0.335192
vt 0.805326 0.256812
vt 0.699736 0.295846
vt 0.670482 0.272883
vt 0.699736 0.295846
vt 0.805326 0.256812
vt 0.699736 0.295846
vt 0.670482 0.272883
vt 0.622861 0.222755
vt 0.780792 0.265763
vt 0.814037 0.353925
vt 0.758952 0.312730
vt 0.780792 0.265763
vt 0.758952 0.312730
vt 0.728527 0.228175
vt 0.922637 0.219376
vt 0.884290 0.276402
vt 0.850875 0.263527
vt 0.850875 0.263527
vt 0.884290 0.276402
vt 0.899515 0.332338
vt 0.850875 0.263527
vt 0.899515 0.332338
vt 0.846060 0.298728
vt 0.801297 0.226760
vt 0.850875 0.263527
vt 0.846060 0.298728
vt 0.862441 0.216475
vt 0.850875 0.263527
vt 0.801297 0.226760
vt 0.833027 0.217358
vt 0.862441 0.216475
vt 0.801297 0.226760
vt 0.833027 0.217358
vt 0.801297 0.226760
vt 0.742134 0.216897
vt 0.801297 0.226760
vt 0.758156 0.214814
vt 0.742134 0.216897
vt 0.850875 0.263527
vt 0.862441 0.216475
vt 0.922637 0.219376
vt 0.922637 0.219376
vt 0.960748 0.133501
vt 0.911178 0.233684
vt 0.922637 0.219376
vt 0.862441 0.216475
vt 0.960748 0.133501
vt 0.875278 0.192383
vt 0.960748 0.133501
vt 0.862441 0.216475
vt 0.833027 0.217358
vt 0.875278 0.192383
vt 0.862441 0.216475
vt 0.833027 0.217358
vt 0.888115 0.195986
vt 0.875278 0.192383
vt 0.851818 0.229315
vt 0.888115 0.195986
vt 0.833027 0.217358
vt 0.883791 0.252561
vt 0.888115 0.195986
vt 0.851818 0.229315
vt 0.883791 0.252561
vt 0.851818 0.229315
vt 0.845042 0.281700
vt 0.845042 0.281700
vt 0.870888 0.321429
vt 0.883791 0.252561
vt 0.870888 0.321429
vt 0.845042 0.281700
vt 0.774035 0.335192
vt 0.870888 0.321429
vt 0.774035 0.335192
vt 0.807051 0.354808
vt 0.807051 0.354808
vt 0.774035 0.335192
vt 0.735303 0.359230
vt 0.735303 0.359230
vt 0.774035 0.335192
vt 0.699736 0.295846
vt 0.735303 0.359230
vt 0.699736 0.295846
vt 0.664278 0.233842
vt 0.699736 0.295846
vt 0.622861 0.222755
vt 0.664278 0.233842
vt 0.664278 0.233842
vt 0.622861 0.222755
vt 0.480576 0.127187
vt 0.622861 0.222755
vt 0.450656 0.113139
vt 0.480576 0.127187
vt 0.450656 0.113139
vt 0.405212 0.099057
vt 0.480576 0.127187
vt 0.870888 0.321429
vt 0.807051 0.354808
vt 0.856082 0.396135
vt 0.870888 0.321429
vt 0.856082 0.396135
vt 0.900039 0.394383
vt 0.911107 0.436503
vt 0.856082 0.396135
vt 0.883204 0.442288
vt 0.911107 0.436503
vt 0.900039 0.394383
vt 0.856082 0.396135
vt 0.900039 0.394383
vt 0.911107 0.436503
vt 0.906417 0.390419
vt 0.906417 0.390419
vt 0.870888 0.321429
vt 0.900039 0.394383
vt 0.906417 0.390419
vt 0.902279 0.345627
vt 0.870888 0.321429
vt 0.870888 0.321429
vt 0.902279 0.345627
vt 0.897282 0.274429
vt 0.883791 0.252561
vt 0.870888 0.321429
vt 0.897282 0.274429
vt 0.897282 0.274429
vt 0.910278 0.213760
vt 0.883791 0.252561
vt 0.883791 0.252561
vt 0.910278 0.213760
vt 0.888115 0.195986
vt 0.910278 0.213760
vt 0.960748 0.133501
vt 0.888115 0.195986
vt 0.960748 0.133501
vt 0.875278 0.192383
vt 0.888115 0.195986
vt 0.911178 0.233684
vt 0.960748 0.133501
vt 0.910278 0.213760
vt 0.911178 0.233684
vt 0.910278 0.213760
vt 0.897282 0.274429
vt 0.787285 0.551518
vt 0.881196 0.466479
vt 0.872040 0.508347
vt 0.852500 0.564469
vt 0.787285 0.551518
vt 0.872040 0.508347
vt 0.872040 0.508347
vt 0.903267 0.517390
vt 0.852500 0.564469
vt 0.903267 0.517390
vt 0.866625 0.544707
vt 0.852500 0.564469
vt 0.866625 0.544707
vt 0.903267 0.517390
vt 0.911442 0.495817
vt 0.866625 0.544707
vt 0.911442 0.495817
vt 0.895578 0.489567
vt 0.895578 0.489567
vt 0.911442 0.495817
vt 0.904831 0.456735
vt 0.884679 0.517382
vt 0.895578 0.489567
vt 0.904831 0.456735
vt 0.904831 0.456735
vt 0.911107 0.436503
vt 0.884679 0.517382
vt 0.911107 0.436503
vt 0.904831 0.456735
vt 0.908967 0.426947
vt 0.906417 0.390419
vt 0.911107 0.436503
vt 0.908967 0.426947
vt 0.908967 0.426947
vt 0.910957 0.383661
vt 0.906417 0.390419
vt 0.910957 0.383661
vt 0.902279 0.345627
vt 0.906417 0.390419
vt 0.910957 0.383661
vt 0.899515 0.332338
vt 0.902279 0.345627
vt 0.897282 0.274429
vt 0.902279 0.345627
vt 0.899515 0.332338
vt 0.897282 0.274429
vt 0.899515 0.332338
vt 0.884290 0.276402
vt 0.884290 0.276402
vt 0.911178 0.233684
vt 0.897282 0.274429
vt 0.922637 0.219376
vt 0.911178 0.233684
vt 0.884290 0.276402
vt 0.911442 0.495817
vt 0.908967 0.426947
vt 0.904831 0.456735
vt 0.892850 0.383851
vt 0.863101 0.333463
vt 0.846060 0.298728
vt 0.900660 0.360030
vt 0.892850 0.383851
vt 0.846060 0.298728
vt 0.846060 0.298728
vt 0.899515 0.332338
vt 0.900660 0.360030
vt 0.900660 0.360030
vt 0.899515 0.332338
vt 0.910957 0.383661
vt 0.902968 0.414101
vt 0.900660 0.360030
vt 0.910957 0.383661
vt 0.902968 0.414101
vt 0.910957 0.383661
vt 0.908967 0.426947
vt 0.915409 0.465615
vt 0.902968 0.414101
vt 0.908967 0.426947
vt 0.908967 0.426947
vt 0.911442 0.495817
vt 0.915409 0.465615
vt 0.915409 0.465615
vt 0.911442 0.495817
vt 0.903267 0.517390
vt 0.915409 0.465615
vt 0.903267 0.517390
vt 0.908857 0.459318
vt 0.872040 0.508347
vt 0.908857 0.459318
vt 0.903267 0.517390
vt 0.881196 0.466479
vt 0.908857 0.459318
vt 0.872040 0.508347
vt 0.881196 0.466479
vt 0.902968 0.414101
vt 0.908857 0.459318
vt 0.870629 0.407090
vt 0.902968 0.414101
vt 0.881196 0.466479
vt 0.870629 0.407090
vt 0.892850 0.383851
vt 0.902968 0.414101
vt 0.870629 0.407090
vt 0.814037 0.353925
vt 0.892850 0.383851
vt 0.892850 0.383851
vt 0.814037 0.353925
vt 0.863101 0.333463
vt 0.814037 0.353925
vt 0.846060 0.298728
vt 0.863101 0.333463
vt 0.900660 0.360030
vt 0.902968 0.414101
vt 0.892850 0.383851
vt 0.902968 0.414101
vt 0.915409 0.465615
vt 0.908857 0.459318
vt 0.670482 0.272883
vt 0.542505 0.255614
vt 0.587621 0.244114
vt 0.670482 0.272883
vt 0.650096 0.243212
vt 0.542505 0.255614
vt 0.510434 0.256373
vt 0.542505 0.255614
vt 0.650096 0.243212
vt 0.510434 0.256373
vt 0.650096 0.243212
vt 0.641569 0.235582
vt 0.510434 0.256373
vt 0.641569 0.235582
vt 0.553435 0.251218
vt 0.641569 0.235582
vt 0.600973 0.246858
vt 0.553435 0.251218
vt 0.641569 0.235582
vt 0.682709 0.220796
vt 0.600973 0.246858
vt 0.631512 0.258738
vt 0.600973 0.246858
vt 0.682709 0.220796
vt 0.631512 0.258738
vt 0.682709 0.220796
vt 0.728527 0.228175
vt 0.692740 0.309056
vt 0.631512 0.258738
vt 0.728527 0.228175
vt 0.692740 0.309056
vt 0.728527 0.228175
vt 0.758952 0.312730
vt 0.718815 0.366457
vt 0.692740 0.309056
vt 0.758952 0.312730
vt 0.718815 0.366457
vt 0.758952 0.312730
vt 0.814037 0.353925
vt 0.767589 0.396798
vt 0.718815 0.366457
vt 0.814037 0.353925
vt 0.767589 0.396798
vt 0.814037 0.353925
vt 0.870629 0.407090
vt 0.791026 0.471500
vt 0.767589 0.396798
vt 0.870629 0.407090
vt 0.791026 0.471500
vt 0.870629 0.407090
vt 0.881196 0.466479
vt 0.791026 0.471500
vt 0.881196 0.466479
vt 0.787285 0.551518
vt 0.840584 0.561026
vt 0.844958 0.626686
vt 0.874994 0.621422
vt 0.347967 0.134292
vt 0.329221 0.216271
vt 0.274777 0.218150
vt 0.347967 0.134292
vt 0.274777 0.218150
vt 0.425716 0.151980
vt 0.569910 0.649820
vt 0.588183 0.586417
vt 0.570047 0.578532
vt 0.569910 0.649820
vt 0.570047 0.578532
vt 0.547001 0.583420
vt 0.619235 0.640834
vt 0.588183 0.586417
vt 0.569012 0.653301
vt 0.629040 0.742740
vt 0.619235 0.640834
vt 0.569012 0.653301
vt 0.629040 0.742740
vt 0.569012 0.653301
vt 0.530616 0.707092
vt 0.689274 0.849944
vt 0.629040 0.742740
vt 0.530616 0.707092
vt 0.689274 0.849944
vt 0.530616 0.707092
vt 0.534633 0.815666
vt 0.679608 0.887881
vt 0.689274 0.849944
vt 0.534633 0.815666
vt 0.679608 0.887881
vt 0.534633 0.815666
vt 0.601124 0.895817
vt 0.859553 0.697973
vt 0.874626 0.622954
vt 0.845353 0.626126
vt 0.859553 0.697973
vt 0.845353 0.626126
vt 0.822779 0.740495
vt 0.849778 0.725950
vt 0.859553 0.697973
vt 0.822779 0.740495
vt 0.849778 0.725950
vt 0.822779 0.740495
vt 0.819055 0.767180
vt 0.801694 0.797234
vt 0.819055 0.767180
vt 0.822779 0.740495
vt 0.801694 0.797234
vt 0.822779 0.740495
vt 0.744236 0.749070
vt 0.801694 0.797234
vt 0.744236 0.749070
vt 0.775319 0.813012
vt 0.744236 0.749070
vt 0.721677 0.830047
vt 0.775319 0.813012
vt 0.721677 0.830047
vt 0.744236 0.749070
vt 0.625054 0.733064
vt 0.721677 0.830047
vt 0.625054 0.733064
vt 0.660724 0.812859
vt 0.744659 0.627858
vt 0.625054 0.733064
vt 0.744236 0.749070
vt 0.744659 0.627858
vt 0.744236 0.749070
vt 0.822779 0.740495
vt 0.744659 0.627858
vt 0.822779 0.740495
vt 0.845353 0.626126
vt 0.845353 0.626126
vt 0.840230 0.561458
vt 0.744659 0.627858
vt 0.744659 0.627858
vt 0.840230 0.561458
vt 0.645139 0.579088
vt 0.642893 0.636562
vt 0.744659 0.627858
vt 0.645139 0.579088
vt 0.625054 0.733064
vt 0.744659 0.627858
vt 0.642893 0.636562
vt 0.343133 0.911753
vt 0.125750 1.048388
vt 0.074348 0.754321
vt 0.462955 0.413404
vt 0.219399 0.356987
vt 0.415851 0.253721
vt 0.462955 0.413404
vt 0.268652 0.583863
vt 0.219399 0.356987
vt 0.509735 0.571993
vt 0.268652 0.583863
vt 0.462955 0.413404
vt 0.509735 0.571993
vt 0.343133 0.911753
vt 0.268652 0.583863
vt 0.343133 0.911753
vt 0.074348 0.754321
vt 0.268652 0.583863
vt 0.268652 0.583863
vt 0.074348 0.754321
vt 0.022947 0.460254
vt 0.268652 0.583863
vt 0.022947 0.460254
vt 0.219399 0.356987
vt 0.344728 0.836784
vt 0.069072 0.777642
vt 0.138349 0.977508
vt 0.344728 0.836784
vt 0.316869 0.563722
vt 0.069072 0.777642
vt 0.512518 0.653031
vt 0.316869 0.563722
vt 0.344728 0.836784
vt 0.512518 0.653031
vt 0.487502 0.497515
vt 0.316869 0.563722
vt 0.487502 0.497515
vt 0.462313 0.340926
vt 0.316869 0.563722
vt 0.316869 0.563722
vt 0.462313 0.340926
vt 0.291095 0.325593
vt 0.316869 0.563722
vt 0.291095 0.325593
vt 0.102103 0.366347
vt 0.316869 0.563722
vt 0.102103 0.366347
vt 0.069072 0.777642
f 1/1/1 3/3/3 2/2/2
f 4/4/4 6/6/6 5/5/5
f 7/7/7 9/9/9 8/8/8
f 10/10/10 12/12/12 11/11/11
f 13/13/13 15/15/15 14/14/14
f 16/16/16 18/18/18 17/17/17
f 19/19/19 21/21/21 20/20/20
f 22/22/22 24/24/24 23/23/23
f 25/25/25 27/27/27 26/26/26
f 28/28/28 30/30/30 29/29/29
f 31/31/31 33/33/33 32/32/32
f 34/34/34 36/36/36 35/35/35
f 37/37/37 39/39/39 38/38/38
f 40/40/40 42/42/42 41/41/41
f 43/43/43 45/45/45 44/44/44
f 46/46/46 48/48/48 47/47/47
f 49/49/49 51/51/51 50/50/50
f 52/52/52 54/54/54 53/53/53
f 55/55/55 57/57/57 56/56/56
f 58/58/58 60/60/60 59/59/59
f 61/61/61 63/63/63 62/62/62
f 64/64/64 66/66/66 65/65/65
f 67/67/67 69/69/69 68/68/68
f 70/70/70 72/72/72 71/71/71
f 73/73/73 75/75/75 74/74/74
f 76/76/76 78/78/78 77/77/77
f 79/79/79 81/81/81 80/80/80
f 82/82/82 84/84/84 83/83/83
f 85/85/85 87/87/87 86/86/86
f 88/88/88 90/90/90 89/89/89
f 91/91/91 93/93/93 92/92/92
f 94/94/94 96/96/96 95/95/95
f 97/97/97 99/99/99 98/98/98
f 100/100/100 102/102/102 101/101/101
f 103/103/103 105/105/105 104/104/104
f 106/106/106 108/108/108 107/107/107
f 109/109/109 111/111/111 110/110/110
f 112/112/112 114/114/114 113/113/113
f 115/115/115 117/117/117 116/116/116
f 118/118/118 120/120/120 119/119/119
f 121/121/121 123/123/123 122/122/122
f 124/124/124 126/126/126 125/125/125
f 127/127/127 129/129/129 128/128/128
f 130/130/130 132/132/132 131/131/131
f 133/133/133 135/135/135 134/134/134
f 136/136/136 138/138/138 137/137/137
f 139/139/139 141/141/141 140/140/140
f 142/142/142 144/144/144 143/143/143
f 145/145/145 147/147/147 146/146/146
f 148/148/148 150/150/150 149/149/149
f 151/151/151 153/153/153 152/152/152
f 154/154/154 156/156/156 155/155/155
f 157/157/157 159/159/159 158/158/158
f 160/160/160 162/162/162 161/161/161
f 163/163/163 165/165/165 164/164/164
f 166/166/166 168/168/168 167/167/167
f 169/169/169 171/171/171 170/170/170
f 172/172/172 174/174/174 173/173/173
f 175/175/175 177/177/177 176/176/176
f 178/178/178 180/180/180 179/179/179
f 181/181/181 183/183/183 182/182/182
f 184/184/184 186/186/186 185/185/185
f 187/187/187 189/189/189 188/188/188
f 190/190/190 192/192/192 191/191/191
f 193/193/193 195/195/195 194/194/194
f 196/196/196 198/198/198 197/197/197
f 199/199/199 201/201/201 200/200/200
f 202/202/202 204/204/204 203/203/203
f 205/205/205 207/207/207 206/206/206
f 208/208/208 210/210/210 209/209/209
f 211/211/211 213/213/213 212/212/212
f 214/214/214 216/216/216 215/215/215
f 217/217/217 219/219/219 218/218/218
f 220/220/220 222/222/222 221/221/221
f 223/223/223 225/225/225 224/224/224
f 226/226/226 228/228/228 227/227/227
f 229/229/229 231/231/231 230/230/230
f 232/232/232 234/234/234 233/233/233
f 235/235/235 237/237/237 236/236/236
f 238/238/238 240/240/240 239/239/239
f 241/241/241 243/243/243 242/242/242
f 244/244/244 246/246/246 245/245/245
f 247/247/247 249/249/249 248/248/248
f 250/250/250 252/252/252 251/251/251
f 253/253/253 255/255/255 254/254/254
f 256/256/256 258/258/258 257/257/257
f 259/259/259 261/261/261 260/260/260
f 262/262/262 264/264/264 263/263/263
f 265/265/265 267/267/267 266/266/266
f 268/268/268 270/270/270 269/269/269
f 271/271/271 273/273/273 272/272/272
f 274/274/274 276/276/276 275/275/275
f 277/277/277 279/279/279 278/278/278
f 280/280/280 282/282/282 281/281/281
f 283/283/283 285/285/285 284/284/284
f 286/286/286 288/288/288 287/287/287
f 289/289/289 291/291/291 290/290/290
f 292/292/292 294/294/294 293/293/293
f 295/295/295 297/297/297 296/296/296
f 298/298/298 300/300/300 299/299/299
f 301/301/301 303/303/303 302/302/302
f 304/304/304 306/306/306 305/305/305
f 307/307/307 309/309/309 308/308/308
f 310/310/310 312/312/312 311/311/311
f 313/313/313 315/315/315 314/314/314
f 316/316/316 318/318/318 317/317/317
f 319/319/319 321/321/321 320/320/320
f 322/322/322 324/324/324 323/323/323
f 325/325/325 327/327/327 326/326/326
f 328/328/328 330/330/330 329/329/329
f 331/331/331 333/333/333 332/332/332
f 334/334/334 336/336/336 335/335/335
f 337/337/337 339/339/339 338/338/338
f 340/340/340 342/342/342 341/341/341
f 343/343/343 345/345/345 344/344/344
f 346/346/346 348/348/348 347/347/347
f 349/349/349 351/351/351 350/350/350
f 352/352/352 354/354/354 353/353/353
f 355/355/355 357/357/357 356/356/356
f 358/358/358 360/360/360 359/359/359
f 361/361/361 363/363/363 362/362/362
f 364/364/364 366/366/366 365/365/365
f 367/367/367 369/369/369 368/368/368
f 370/370/370 372/372/372 371/371/371
f 373/373/373 375/375/375 374/374/374
f 376/376/376 378/378/378 377/377/377
f 379/379/379 381/381/381 380/380/380
f 382/382/382 384/384/384 383/383/383
f 385/385/385 387/387/387 386/386/386
f 388/388/388 390/390/390 389/389/389
f 391/391/391 393/393/393 392/392/392
f 394/394/394 396/396/396 395/395/395
f 397/397/397 399/399/399 398/398/398
f 400/400/400 402/402/402 401/401/401
f 403/403/403 405/405/405 404/404/404
f 406/406/406 408/408/408 407/407/407
f 409/409/409 411/411/411 410/410/410
f 412/412/412 414/414/414 413/413/413
f 415/415/415 417/417/417 416/416/416
f 418/418/418 420/420/420 419/419/419
f 421/421/421 423/423/423 422/422/422
f 424/424/424 426/426/426 425/425/425
f 427/427/427 429/429/429 428/428/428
f 430/430/430 432/432/432 431/431/431
f 433/433/433 435/435/435 434/434/434
f 436/436/436 438/438/438 437/437/437
f 439/439/439 441/441/441 440/440/440
f 442/442/442 444/444/444 443/443/443
f 445/445/445 447/447/447 446/446/446
f 448/448/448 450/450/450 449/449/449
f 451/451/451 453/453/453 452/452/452
f 454/454/454 456/456/456 455/455/455
f 457/457/457 459/459/459 458/458/458
f 460/460/460 462/462/462 461/461/461
f 463/463/463 465/465/465 464/464/464
f 466/466/466 468/468/468 467/467/467
f 469/469/469 471/471/471 470/470/470
f 472/472/472 474/474/474 473/473/473
f 475/475/475 477/477/477 476/476/476
f 478/478/478 480/480/480 479/479/479
f 481/481/481 483/483/483 482/482/482
f 484/484/484 486/486/486 485/485/485
f 487/487/487 489/489/489 488/488/488
f 490/490/490 492/492/492 491/491/491
f 493/493/493 495/495/495 494/494/494
f 496/496/496 498/498/498 497/497/497
f 499/499/499 501/501/501 500/500/500
f 502/502/502 504/504/504 503/503/503
f 505/505/505 507/507/507 506/506/506
f 508/508/508 510/510/510 509/509/509
f 511/511/511 513/513/513 512/512/512
f 514/514/514 516/516/516 515/515/515
f 517/517/517 519/519/519 518/518/518
f 520/520/520 522/522/522 521/521/521
f 523/523/523 525/525/525 524/524/524
f 526/526/526 528/528/528 527/527/527
f 529/529/529 531/531/531 530/530/530
f 532/532/532 534/534/534 533/533/533
f 535/535/535 537/537/537 536/536/536
f 538/538/538 540/540/540 539/539/539
f 541/541/541 543/543/543 542/542/542
f 544/544/544 546/546/546 545/545/545
f 547/547/547 549/549/549 548/548/548
f 550/550/550 552/552/552 551/551/551
f 553/553/553 555/555/555 554/554/554
f 556/556/556 558/558/558 557/557/557
f 559/559/559 561/561/561 560/560/560
f 562/562/562 564/564/564 563/563/563
f 565/565/565 567/567/567 566/566/566
f 568/568/568 570/570/570 569/569/569
f 571/571/571 573/573/573 572/572/572
f 574/574/574 576/576/576 575/575/575
f 577/577/577 579/579/579 578/578/578
f 580/580/580 582/582/582 581/581/581
f 583/583/583 585/585/585 584/584/584
f 586/586/586 588/588/588 587/587/587
f 589/589/589 591/591/591 590/590/590
f 592/592/592 594/594/594 593/593/593
f 595/595/595 597/597/597 596/596/596
f 598/598/598 600/600/600 599/599/599
f 601/601/601 603/603/603 602/602/602
f 604/604/604 606/606/606 605/605/605
f 607/607/607 609/609/609 608/608/608
f 610/610/610 612/612/612 611/611/611
f 613/613/613 615/615/615 614/614/614
f 616/616/616 618/618/618 617/617/617
f 619/619/619 621/621/621 620/620/620
f 622/622/622 624/624/624 623/623/623
f 625/625/625 627/627/627 626/626/626
f 628/628/628 630/630/630 629/629/629
f 631/631/631 633/633/633 632/632/632
f 634/634/634 636/636/636 635/635/635
f 637/637/637 639/639/639 638/638/638
f 640/640/640 642/642/642 641/641/641
f 643/643/643 645/645/645 644/644/644
f 646/646/646 648/648/648 647/647/647
f 649/649/649 651/651/651 650/650/650
f 652/652/652 654/654/654 653/653/653
f 655/655/655 657/657/657 656/656/656
f 658/658/658 660/660/660 659/659/659
f 661/661/661 663/663/663 662/662/662
f 664/664/664 666/666/666 665/665/665
f 667/667/667 669/669/669 668/668/668
f 670/670/670 672/672/672 671/671/671
f 673/673/673 675/675/675 674/674/674
f 676/676/676 678/678/678 677/677/677
f 679/679/679 681/681/681 680/680/680
f 682/682/682 684/684/684 683/683/683
f 685/685/685 687/687/687 686/686/686
f 688/688/688 690/690/690 689/689/689
f 691/691/691 693/693/693 692/692/692
f 694/694/694 696/696/696 695/695/695
f 697/697/697 699/699/699 698/698/698
f 700/700/700 702/702/702 701/701/701
f 703/703/703 705/705/705 704/704/704
f 706/706/706 708/708/708 707/707/707
f 709/709/709 711/711/711 710/710/710
f 712/712/712 714/714/714 713/713/713
f 715/715/715 717/717/717 716/716/716
f 718/718/718 720/720/720 719/719/719
f 721/721/721 723/723/723 722/722/722
f 724/724/724 726/726/726 725/725/725
f 727/727/727 729/729/729 728/728/728
f 730/730/730 732/732/732 731/731/731
f 733/733/733 735/735/735 734/734/734
f 736/736/736 738/738/738 737/737/737
f 739/739/739 741/741/741 740/740/740
f 742/742/742 744/744/744 743/743/743
f 745/745/745 747/747/747 746/746/746
f 748/748/748 750/750/750 749/749/749
f 751/751/751 753/753/753 752/752/752
f 754/754/754 756/756/756 755/755/755
f 757/757/757 759/759/759 758/758/758
f 760/760/760 762/762/762 761/761/761
f 763/763/763 765/765/765 764/764/764
f 766/766/766 768/768/768 767/767/767
f 769/769/769 771/771/771 770/770/770
f 772/772/772 774/774/774 773/773/773
f 775/775/775 777/777/777 776/776/776
f 778/778/778 780/780/780 779/779/779
f 781/781/781 783/783/783 782/782/782
f 784/784/784 786/786/786 785/785/785
f 787/787/787 789/789/789 788/788/788
f 790/790/790 792/792/792 791/791/791
f 793/793/793 795/795/795 794/794/794
f 796/796/796 798/798/798 797/797/797
f 799/799/799 801/801/801 800/800/800
f 802/802/802 804/804/804 803/803/803
f 805/805/805 807/807/807 806/806/806
f 808/808/808 810/810/810 809/809/809
f 811/811/811 813/813/813 812/812/812
f 814/814/814 816/816/816 815/815/815
f 817/817/817 819/819/819 818/818/818
f 820/820/820 822/822/822 821/821/821
f 823/823/823 825/825/825 824/824/824
f 826/826/826 828/828/828 827/827/827
f 829/829/829 831/831/831 830/830/830
f 832/832/832 834/834/834 833/833/833
f 835/835/835 837/837/837 836/836/836
f 838/838/838 840/840/840 839/839/839
f 841/841/841 843/843/843 842/842/842
f 844/844/844 846/846/846 845/845/845
f 847/847/847 849/849/849 848/848/848
f 850/850/850 852/852/852 851/851/851
f 853/853/853 855/855/855 854/854/854
f 856/856/856 858/858/858 857/857/857
f 859/859/859 861/861/861 860/860/860
f 862/862/862 864/864/864 863/863/863
f 865/865/865 867/867/867 866/866/866
f 868/868/868 870/870/870 869/869/869
f 871/871/871 873/873/873 872/872/872
f 874/874/874 876/876/876 875/875/875
f 877/877/877 879/879/879 878/878/878
f 880/880/880 882/882/882 881/881/881
f 883/883/883 885/885/885 884/884/884
f 886/886/886 888/888/888 887/887/887
f 889/889/889 891/891/891 890/890/890
f 892/892/892 894/894/894 893/893/893
f 895/895/895 897/897/897 896/896/896
f 898/898/898 900/900/900 899/899/899
f 901/901/901 903/903/903 902/902/902
f 904/904/904 906/906/906 905/905/905
f 907/907/907 909/909/909 908/908/908
f 910/910/910 912/912/912 911/911/911
f 913/913/913 915/915/915 914/914/914
f 916/916/916 918/918/918 917/917/917
f 919/919/919 921/921/921 920/920/920
f 922/922/922 924/924/924 923/923/923
f 925/925/925 927/927/927 926/926/926
f 928/928/928 930/930/930 929/929/929
f 931/931/931 933/933/933 932/932/932
f 934/934/934 936/936/936 935/935/935
f 937/937/937 939/939/939 938/938/938
f 940/940/940 942/942/942 941/941/941
f 943/943/943 945/945/945 944/944/944
f 946/946/946 948/948/948 947/947/947
f 949/949/949 951/951/951 950/950/950
f 952/952/952 954/954/954 953/953/953
f 955/955/955 957/957/957 956/956/956
f 958/958/958 960/960/960 959/959/959
f 961/961/961 963/963/963 962/962/962
f 964/964/964 966/966/966 965/965/965
f 967/967/967 969/969/969 968/968/968
f 970/970/970 972/972/972 971/971/971
f 973/973/973 975/975/975 974/974/974
f 976/976/976 978/978/978 977/977/977
f 979/979/979 981/981/981 980/980/980
f 982/982/982 984/984/984 983/983/983
f 985/985/985 987/987/987 986/986/986
f 988/988/988 990/990/990 989/989/989
f 991/991/991 993/993/993 992/992/992
f 994/994/994 996/996/996 995/995/995
f 997/997/997 999/999/999 998/998/998
f 1000/1000/1000 1002/1002/1002 1001/1001/1001
f 1003/1003/1003 1005/1005/1005 1004/1004/1004
f 1006/1006/1006 1008/1008/1008 1007/1007/1007
f 1009/1009/1009 1011/1011/1011 1010/1010/1010
f 1012/1012/1012 1014/1014/1014 1013/1013/1013
f 1015/1015/1015 1017/1017/1017 1016/1016/1016
f 1018/1018/1018 1020/1020/1020 1019/1019/1019
f 1021/1021/1021 1023/1023/1023 1022/1022/1022
f 1024/1024/1024 1026/1026/1026 1025/1025/1025
f 1027/1027/1027 1029/1029/1029 1028/1028/1028
f 1030/1030/1030 1032/1032/1032 1031/1031/1031
f 1033/1033/1033 1035/1035/1035 1034/1034/1034
f 1036/1036/1036 1038/1038/1038 1037/1037/1037
f 1039/1039/1039 1041/1041/1041 1040/1040/1040
f 1042/1042/1042 1044/1044/1044 1043/1043/1043
f 1045/1045/1045 1047/1047/1047 1046/1046/1046
f 1048/1048/1048 1050/1050/1050 1049/1049/1049
f 1051/1051/1051 1053/1053/1053 1052/1052/1052
f 1054/1054/1054 1056/1056/1056 1055/1055/1055
f 1057/1057/1057 1059/1059/1059 1058/1058/1058
f 1060/1060/1060 1062/1062/1062 1061/1061/1061
f 1063/1063/1063 1065/1065/1065 1064/1064/1064
f 1066/1066/1066 1068/1068/1068 1067/1067/1067
f 1069/1069/1069 1071/1071/1071 1070/1070/1070
f 1072/1072/1072 1074/1074/1074 1073/1073/1073
f 1075/1075/1075 1077/1077/1077 1076/1076/1076
f 1078/1078/1078 1080/1080/1080 1079/1079/1079
f 1081/1081/1081 1083/1083/1083 1082/1082/1082
f 1084/1084/1084 1086/1086/1086 1085/1085/1085
f 1087/1087/1087 1089/1089/1089 1088/1088/1088
f 1090/1090/1090 1092/1092/1092 1091/1091/1091
f 1093/1093/1093 1095/1095/1095 1094/1094/1094
f 1096/1096/1096 1098/1098/1098 1097/1097/1097
f 1099/1099/1099 1101/1101/1101 1100/1100/1100
f 1102/1102/1102 1104/1104/1104 1103/1103/1103
f 1105/1105/1105 1107/1107/1107 1106/1106/1106
f 1108/1108/1108 1110/1110/1110 1109/1109/1109
f 1111/1111/1111 1113/1113/1113 1112/1112/1112
f 1114/1114/1114 1116/1116/1116 1115/1115/1115
f 1117/1117/1117 1119/1119/1119 1118/1118/1118
f 1120/1120/1120 1122/1122/1122 1121/1121/1121
f 1123/1123/1123 1125/1125/1125 1124/1124/1124
f 1126/1126/1126 1128/1128/1128 1127/1127/1127
f 1129/1129/1129 1131/1131/1131 1130/1130/1130
f 1132/1132/1132 1134/1134/1134 1133/1133/1133
f 1135/1135/1135 1137/1137/1137 1136/1136/1136
f 1138/1138/1138 1140/1140/1140 1139/1139/1139
f 1141/1141/1141 1143/1143/1143 1142/1142/1142
f 1144/1144/1144 1146/1146/1146 1145/1145/1145
f 1147/1147/1147 1149/1149/1149 1148/1148/1148
f 1150/1150/1150 1152/1152/1152 1151/1151/1151
f 1153/1153/1153 1155/1155/1155 1154/1154/1154
f 1156/1156/1156 1158/1158/1158 1157/1157/1157
f 1159/1159/1159 1161/1161/1161 1160/1160/1160
f 1162/1162/1162 1164/1164/1164 1163/1163/1163
f 1165/1165/1165 1167/1167/1167 1166/1166/1166
f 1168/1168/1168 1170/1170/1170 1169/1169/1169
f 1171/1171/1171 1173/1173/1173 1172/1172/1172
f 1174/1174/1174 1176/1176/1176 1175/1175/1175
f 1177/1177/1177 1179/1179/1179 1178/1178/1178
f 1180/1180/1180 1182/1182/1182 1181/1181/1181
f 1183/1183/1183 1185/1185/1185 1184/1184/1184
f 1186/1186/1186 1188/1188/1188 1187/1187/1187
f 1189/1189/1189 1191/1191/1191 1190/1190/1190
f 1192/1192/1192 1194/1194/1194 1193/1193/1193
f 1195/1195/1195 1197/1197/1197 1196/1196/1196
f 1198/1198/1198 1200/1200/1200 1199/1199/1199
f 1201/1201/1201 1203/1203/1203 1202/1202/1202
f 1204/1204/1204 1206/1206/1206 1205/1205/1205
f 1207/1207/1207 1209/1209/1209 1208/1208/1208
f 1210/1210/1210 1212/1212/1212 1211/1211/1211
f 1213/1213/1213 1215/1215/1215 1214/1214/1214
f 1216/1216/1216 1218/1218/1218 1217/1217/1217
f 1219/1219/1219 1221/1221/1221 1220/1220/1220
f 1222/1222/1222 1224/1224/1224 1223/1223/1223
f 1225/1225/1225 1227/1227/1227 1226/1226/1226
f 1228/1228/1228 1230/1230/1230 1229/1229/1229
f 1231/1231/1231 1233/1233/1233 1232/1232/1232
f 1234/1234/1234 1236/1236/1236 1235/1235/1235
f 1237/1237/1237 1239/1239/1239 1238/1238/1238
f 1240/1240/1240 1242/1242/1242 1241/1241/1241
f 1243/1243/1243 1245/1245/1245 1244/1244/1244
f 1246/1246/1246 1248/1248/1248 1247/1247/1247
f 1249/1249/1249 1251/1251/1251 1250/1250/1250
f 1252/1252/1252 1254/1254/1254 1253/1253/1253
f 1255/1255/1255 1257/1257/1257 1256/1256/1256
f 1258/1258/1258 1260/1260/1260 1259/1259/1259
f 1261/1261/1261 1263/1263/1263 1262/1262/1262
f 1264/1264/1264 1266/1266/1266 1265/1265/1265
f 1267/1267/1267 1269/1269/1269 1268/1268/1268
f 1270/1270/1270 1272/1272/1272 1271/1271/1271
f 1273/1273/1273 1275/1275/1275 1274/1274/1274
f 1276/1276/1276 1278/1278/1278 1277/1277/1277
f 1279/1279/1279 1281/1281/1281 1280/1280/1280
f 1282/1282/1282 1284/1284/1284 1283/1283/1283
f 1285/1285/1285 1287/1287/1287 1286/1286/1286
f 1288/1288/1288 1290/1290/1290 1289/1289/1289
f 1291/1291/1291 1293/1293/1293 1292/1292/1292
f 1294/1294/1294 1296/1296/1296 1295/1295/1295
f 1297/1297/1297 1299/1299/1299 1298/1298/1298
f 1300/1300/1300 1302/1302/1302 1301/1301/1301
f 1303/1303/1303 1305/1305/1305 1304/1304/1304
f 1306/1306/1306 1308/1308/1308 1307/1307/1307
f 1309/1309/1309 1311/1311/1311 1310/1310/1310
f 1312/1312/1312 1314/1314/1314 1313/1313/1313
f 1315/1315/1315 1317/1317/1317 1316/1316/1316
f 1318/1318/1318 1320/1320/1320 1319/1319/1319
f 1321/1321/1321 1323/1323/1323 1322/1322/1322
f 1324/1324/1324 1326/1326/1326 1325/1325/1325
f 1327/1327/1327 1329/1329/1329 1328/1328/1328
f 1330/1330/1330 1332/1332/1332 1331/1331/1331
f 1333/1333/1333 1335/1335/1335 1334/1334/1334
f 1336/1336/1336 1338/1338/1338 1337/1337/1337
f 1339/1339/1339 1341/1341/1341 1340/1340/1340
f 1342/1342/1342 1344/1344/1344 1343/1343/1343
f 1345/1345/1345 1347/1347/1347 1346/1346/1346
f 1348/1348/1348 1350/1350/1350 1349/1349/1349
f 1351/1351/1351 1353/1353/1353 1352/1352/1352
f 1354/1354/1354 1356/1356/1356 1355/1355/1355
f 1357/1357/1357 1359/1359/1359 1358/1358/1358
f 1360/1360/1360 1362/1362/1362 1361/1361/1361
f 1363/1363/1363 1365/1365/1365 1364/1364/1364
f 1366/1366/1366 1368/1368/1368 1367/1367/1367
f 1369/1369/1369 1371/1371/1371 1370/1370/1370
f 1372/1372/1372 1374/1374/1374 1373/1373/1373
f 1375/1375/1375 1377/1377/1377 1376/1376/1376
f 1378/1378/1378 1380/1380/1380 1379/1379/1379
f 1381/1381/1381 1383/1383/1383 1382/1382/1382
f 1384/1384/1384 1386/1386/1386 1385/1385/1385
f 1387/1387/1387 1389/1389/1389 1388/1388/1388
f 1390/1390/1390 1392/1392/1392 1391/1391/1391
f 1393/1393/1393 1395/1395/1395 1394/1394/1394
f 1396/1396/1396 1398/1398/1398 1397/1397/1397
f 1399/1399/1399 1401/1401/1401 1400/1400/1400
f 1402/1402/1402 1404/1404/1404 1403/1403/1403
f 1405/1405/1405 1407/1407/1407 1406/1406/1406
f 1408/1408/1408 1410/1410/1410 1409/1409/1409
f 1411/1411/1411 1413/1413/1413 1412/1412/1412
f 1414/1414/1414 1416/1416/1416 1415/1415/1415
f 1417/1417/1417 1419/1419/1419 1418/1418/1418
f 1420/1420/1420 1422/1422/1422 1421/1421/1421
f 1423/1423/1423 1425/1425/1425 1424/1424/1424
f 1426/1426/1426 1428/1428/1428 1427/1427/1427
f 1429/1429/1429 1431/1431/1431 1430/1430/1430
f 1432/1432/1432 1434/1434/1434 1433/1433/1433
f 1435/1435/1435 1437/1437/1437 1436/1436/1436
f 1438/1438/1438 1440/1440/1440 1439/1439/1439
f 1441/1441/1441 1443/1443/1443 1442/1442/1442
f 1444/1444/1444 1446/1446/1446 1445/1445/1445
f 1447/1447/1447 1449/1449/1449 1448/1448/1448
f 1450/1450/1450 1452/1452/1452 1451/1451/1451
f 1453/1453/1453 1455/1455/1455 1454/1454/1454
f 1456/1456/1456 1458/1458/1458 1457/1457/1457
f 1459/1459/1459 1461/1461/1461 1460/1460/1460
f 1462/1462/1462 1464/1464/1464 1463/1463/1463
f 1465/1465/1465 1467/1467/1467 1466/1466/1466
f 1468/1468/1468 1470/1470/1470 1469/1469/1469
f 1471/1471/1471 1473/1473/1473 1472/1472/1472
f 1474/1474/1474 1476/1476/1476 1475/1475/1475
f 1477/1477/1477 1479/1479/1479 1478/1478/1478
f 1480/1480/1480 1482/1482/1482 1481/1481/1481
f 1483/1483/1483 1485/1485/1485 1484/1484/1484
f 1486/1486/1486 1488/1488/1488 1487/1487/1487
f 1489/1489/1489 1491/1491/1491 1490/1490/1490
f 1492/1492/1492 1494/1494/1494 1493/1493/1493
f 1495/1495/1495 1497/1497/1497 1496/1496/1496
f 1498/1498/1498 1500/1500/1500 1499/1499/1499
f 1501/1501/1501 1503/1503/1503 1502/1502/1502
f 1504/1504/1504 1506/1506/1506 1505/1505/1505
f 1507/1507/1507 1509/1509/1509 1508/1508/1508
f 1510/1510/1510 1512/1512/1512 1511/1511/1511
f 1513/1513/1513 1515/1515/1515 1514/1514/1514
f 1516/1516/1516 1518/1518/1518 1517/1517/1517
f 1519/1519/1519 1521/1521/1521 1520/1520/1520
f 1522/1522/1522 1524/1524/1524 1523/1523/1523
f 1525/1525/1525 1527/1527/1527 1526/1526/1526
f 1528/1528/1528 1530/1530/1530 1529/1529/1529
f 1531/1531/1531 1533/1533/1533 1532/1532/1532
f 1534/1534/1534 1536/1536/1536 1535/1535/1535
f 1537/1537/1537 1539/1539/1539 1538/1538/1538
f 1540/1540/1540 1542/1542/1542 1541/1541/1541
f 1543/1543/1543 1545/1545/1545 1544/1544/1544
f 1546/1546/1546 1548/1548/1548 1547/1547/1547
f 1549/1549/1549 1551/1551/1551 1550/1550/1550
f 1552/1552/1552 1554/1554/1554 1553/1553/1553
f 1555/1555/1555 1557/1557/1557 1556/1556/1556
f 1558/1558/1558 1560/1560/1560 1559/1559/1559
f 1561/1561/1561 1563/1563/1563 1562/1562/1562
f 1564/1564/1564 1566/1566/1566 1565/1565/1565
f 1567/1567/1567 1569/1569/1569 1568/1568/1568
f 1570/1570/1570 1572/1572/1572 1571/1571/1571
f 1573/1573/1573 1575/1575/1575 1574/1574/1574
f 1576/1576/1576 1578/1578/1578 1577/1577/1577
f 1579/1579/1579 1581/1581/1581 1580/1580/1580
f 1582/1582/1582 1584/1584/1584 1583/1583/1583
f 1585/1585/1585 1587/1587/1587 1586/1586/1586
f 1588/1588/1588 1590/1590/1590 1589/1589/1589
f 1591/1591/1591 1593/1593/1593 1592/1592/1592
f 1594/1594/1594 1596/1596/1596 1595/1595/1595
f 1597/1597/1597 1599/1599/1599 1598/1598/1598
f 1600/1600/1600 1602/1602/1602 1601/1601/1601
f 1603/1603/1603 1605/1605/1605 1604/1604/1604
f 1606/1606/1606 1608/1608/1608 1607/1607/1607
f 1609/1609/1609 1611/1611/1611 1610/1610/1610
f 1612/1612/1612 1614/1614/1614 1613/1613/1613
f 1615/1615/1615 1617/1617/1617 1616/1616/1616
f 1618/1618/1618 1620/1620/1620 1619/1619/1619
f 1621/1621/1621 1623/1623/1623 1622/1622/1622
f 1624/1624/1624 1626/1626/1626 1625/1625/1625
f 1627/1627/1627 1629/1629/1629 1628/1628/1628
f 1630/1630/1630 1632/1632/1632 1631/1631/1631
f 1633/1633/1633 1635/1635/1635 1634/1634/1634
f 1636/1636/1636 1638/1638/1638 1637/1637/1637
f 1639/1639/1639 1641/1641/1641 1640/1640/1640
f 1642/1642/1642 1644/1644/1644 1643/1643/1643
f 1645/1645/1645 1647/1647/1647 1646/1646/1646
f 1648/1648/1648 1650/1650/1650 1649/1649/1649
f 1651/1651/1651 1653/1653/1653 1652/1652/1652
f 1654/1654/1654 1656/1656/1656 1655/1655/1655
f 1657/1657/1657 1659/1659/1659 1658/1658/1658
f 1660/1660/1660 1662/1662/1662 1661/1661/1661
f 1663/1663/1663 1665/1665/1665 1664/1664/1664
f 1666/1666/1666 1668/1668/1668 1667/1667/1667
f 1669/1669/1669 1671/1671/1671 1670/1670/1670
f 1672/1672/1672 1674/1674/1674 1673/1673/1673
f 1675/1675/1675 1677/1677/1677 1676/1676/1676
f 1678/1678/1678 1680/1680/1680 1679/1679/1679
f 1681/1681/1681 1683/1683/1683 1682/1682/1682
f 1684/1684/1684 1686/1686/1686 1685/1685/1685
f 1687/1687/1687 1689/1689/1689 1688/1688/1688
f 1690/1690/1690 1692/1692/1692 1691/1691/1691
f 1693/1693/1693 1695/1695/1695 1694/1694/1694
f 1696/1696/1696 1698/1698/1698 1697/1697/1697
f 1699/1699/1699 1701/1701/1701 1700/1700/1700
f 1702/1702/1702 1704/1704/1704 1703/1703/1703
f 1705/1705/1705 1707/1707/1707 1706/1706/1706
f 1708/1708/1708 1710/1710/1710 1709/1709/1709
f 1711/1711/1711 1713/1713/1713 1712/1712/1712
f 1714/1714/1714 1716/1716/1716 1715/1715/1715
f 1717/1717/1717 1719/1719/1719 1718/1718/1718
f 1720/1720/1720 1722/1722/1722 1721/1721/1721
f 1723/1723/1723 1725/1725/1725 1724/1724/1724
f 1726/1726/1726 1728/1728/1728 1727/1727/1727
f 1729/1729/1729 1731/1731/1731 1730/1730/1730
f 1732/1732/1732 1734/1734/1734 1733/1733/1733
f 1735/1735/1735 1737/1737/1737 1736/1736/1736
f 1738/1738/1738 1740/1740/1740 1739/1739/1739
f 1741/1741/1741 1743/1743/1743 1742/1742/1742
f 1744/1744/1744 1746/1746/1746 1745/1745/1745
f 1747/1747/1747 1749/1749/1749 1748/1748/1748
f 1750/1750/1750 1752/1752/1752 1751/1751/1751
f 1753/1753/1753 1755/1755/1755 1754/1754/1754
f 1756/1756/1756 1758/1758/1758 1757/1757/1757
f 1759/1759/1759 1761/1761/1761 1760/1760/1760
f 1762/1762/1762 1764/1764/1764 1763/1763/1763
f 1765/1765/1765 1767/1767/1767 1766/1766/1766
f 1768/1768/1768 1770/1770/1770 1769/1769/1769
f 1771/1771/1771 1773/1773/1773 1772/1772/1772
f 1774/1774/1774 1776/1776/1776 1775/1775/1775
f 1777/1777/1777 1779/1779/1779 1778/1778/1778
f 1780/1780/1780 1782/1782/1782 1781/1781/1781
f 1783/1783/1783 1785/1785/1785 1784/1784/1784
f 1786/1786/1786 1788/1788/1788 1787/1787/1787
f 1789/1789/1789 1791/1791/1791 1790/1790/1790
f 1792/1792/1792 1794/1794/1794 1793/1793/1793
f 1795/1795/1795 1797/1797/1797 1796/1796/1796
f 1798/1798/1798 1800/1800/1800 1799/1799/1799
f 1801/1801/1801 1803/1803/1803 1802/1802/1802
f 1804/1804/1804 1806/1806/1806 1805/1805/1805
f 1807/1807/1807 1809/1809/1809 1808/1808/1808
f 1810/1810/1810 1812/1812/1812 1811/1811/1811
f 1813/1813/1813 1815/1815/1815 1814/1814/1814
f 1816/1816/1816 1818/1818/1818 1817/1817/1817
f 1819/1819/1819 1821/1821/1821 1820/1820/1820
f 1822/1822/1822 1824/1824/1824 1823/1823/1823
