# Blender 5.1.2
# www.blender.org
mtllib maxwell.mtl
o id_1_model_1
v -6.931175 7.533075 12.999862
v -9.940827 8.803177 9.013706
v -4.010146 7.806602 11.276631
v -6.931175 7.533075 12.999862
v -4.010146 7.806602 11.276631
v -2.412943 7.080081 12.680975
v 1.540075 6.927678 10.727496
v -2.412943 7.080081 12.680975
v -4.010146 7.806602 11.276631
v 1.540075 6.927678 10.727496
v 5.383215 4.932509 9.450521
v 4.954798 4.833705 10.228945
v -7.520420 5.517396 15.515530
v -6.931175 7.533075 12.999862
v -5.228475 6.526377 14.398197
v -5.228475 6.526377 14.398197
v -6.931175 7.533075 12.999862
v -2.412943 7.080081 12.680975
v -2.412943 7.080081 12.680975
v 1.630597 6.170778 12.552515
v -5.228475 6.526377 14.398197
v 1.630597 6.170778 12.552515
v -2.412943 7.080081 12.680975
v 1.540075 6.927678 10.727496
v 4.479464 4.341350 11.063820
v 1.630597 6.170778 12.552515
v 1.540075 6.927678 10.727496
v 4.479464 4.341350 11.063820
v 1.540075 6.927678 10.727496
v 4.954798 4.833705 10.228945
v 4.479464 4.341350 11.063820
v 4.954798 4.833705 10.228945
v 8.027420 4.694705 10.944507
v 8.027420 4.694705 10.944507
v 4.954798 4.833705 10.228945
v 5.383215 4.932509 9.450521
v 5.806593 5.139213 8.572536
v 8.027420 4.694705 10.944507
v 5.383215 4.932509 9.450521
v 5.383215 4.932509 9.450521
v 1.578924 6.727453 8.661002
v 5.806593 5.139213 8.572536
v 1.639146 6.320418 6.899477
v 5.806593 5.139213 8.572536
v 1.578924 6.727453 8.661002
v -1.030542 6.745066 6.792011
v 1.639146 6.320418 6.899477
v 1.578924 6.727453 8.661002
v 7.652610 5.442758 6.299127
v 1.639146 6.320418 6.899477
v -1.030542 6.745066 6.792011
v 7.034109 5.865935 4.541979
v 7.652610 5.442758 6.299127
v -1.030542 6.745066 6.792011
v 9.724698 4.682524 4.943496
v 7.652610 5.442758 6.299127
v 7.034109 5.865935 4.541979
v 7.034109 5.865935 4.541979
v 9.047291 4.241233 2.549715
v 9.724698 4.682524 4.943496
v 7.034109 5.865935 4.541979
v 6.483568 5.819152 1.864870
v 9.047291 4.241233 2.549715
v 8.370332 4.044552 0.892087
v 9.047291 4.241233 2.549715
v 6.483568 5.819152 1.864870
v 1.639146 6.320418 6.899477
v 7.652610 5.442758 6.299127
v 5.806593 5.139213 8.572536
v 4.479464 4.341350 11.063820
v 8.027420 4.694705 10.944507
v 6.963014 3.730457 12.151755
v 9.724698 4.682524 4.943496
v 9.782840 4.750668 7.136483
v 7.652610 5.442758 6.299127
v 7.652610 5.442758 6.299127
v 9.782840 4.750668 7.136483
v 8.770482 4.864790 9.732581
v 7.652610 5.442758 6.299127
v 8.770482 4.864790 9.732581
v 5.806593 5.139213 8.572536
v 5.806593 5.139213 8.572536
v 8.770482 4.864790 9.732581
v 8.027420 4.694705 10.944507
v 4.479464 4.341350 11.063820
v 1.722136 5.011604 13.722064
v 1.630597 6.170778 12.552515
v 1.630597 6.170778 12.552515
v 1.722136 5.011604 13.722064
v -4.921960 5.685991 15.103302
v -5.228475 6.526377 14.398197
v 1.630597 6.170778 12.552515
v -4.921960 5.685991 15.103302
v -5.228475 6.526377 14.398197
v -4.921960 5.685991 15.103302
v -7.520420 5.517396 15.515530
v -10.142411 8.169363 4.326052
v -5.138348 7.865943 6.552542
v -11.090516 8.702946 5.931207
v -10.142411 8.169363 4.326052
v -4.661869 7.602081 4.757023
v -5.138348 7.865943 6.552542
v -3.532713 7.519003 2.226754
v -5.138348 7.865943 6.552542
v -4.661869 7.602081 4.757023
v -3.532713 7.519003 2.226754
v -1.030542 6.745066 6.792011
v -5.138348 7.865943 6.552542
v 1.450268 6.689909 4.709585
v -1.030542 6.745066 6.792011
v -3.532713 7.519003 2.226754
v 7.034109 5.865935 4.541979
v -1.030542 6.745066 6.792011
v 1.450268 6.689909 4.709585
v 6.483568 5.819152 1.864870
v 7.034109 5.865935 4.541979
v 1.450268 6.689909 4.709585
v 6.483568 5.819152 1.864870
v 1.450268 6.689909 4.709585
v 0.985403 7.222219 1.777957
v 0.985403 7.222219 1.777957
v 1.450268 6.689909 4.709585
v -3.532713 7.519003 2.226754
v 8.370332 4.044552 0.892087
v 6.483568 5.819152 1.864870
v 6.056009 5.403068 0.170015
v 0.985403 7.222219 1.777957
v 6.056009 5.403068 0.170015
v 6.483568 5.819152 1.864870
v 0.985403 7.222219 1.777957
v 0.573109 6.961328 0.220157
v 6.056009 5.403068 0.170015
v 0.985403 7.222219 1.777957
v -3.532713 7.519003 2.226754
v 0.573109 6.961328 0.220157
v 0.573109 6.961328 0.220157
v -3.532713 7.519003 2.226754
v -4.606750 7.467628 1.890829
v -3.532713 7.519003 2.226754
v -4.661869 7.602081 4.757023
v -4.606750 7.467628 1.890829
v -4.661869 7.602081 4.757023
v -9.249748 7.120285 2.017104
v -4.606750 7.467628 1.890829
v -4.661869 7.602081 4.757023
v -10.142411 8.169363 4.326052
v -9.249748 7.120285 2.017104
v -11.461185 6.511500 2.006112
v -9.249748 7.120285 2.017104
v -10.142411 8.169363 4.326052
v -11.461185 6.511500 2.006112
v -10.142411 8.169363 4.326052
v -13.790758 7.846917 4.821985
v -13.790758 7.846917 4.821985
v -10.142411 8.169363 4.326052
v -11.090516 8.702946 5.931207
v -13.790758 7.846917 4.821985
v -11.090516 8.702946 5.931207
v -13.796114 8.132056 6.471486
v -12.532850 8.201535 9.346476
v -13.796114 8.132056 6.471486
v -11.090516 8.702946 5.931207
v -12.532850 8.201535 9.346476
v -11.090516 8.702946 5.931207
v -9.940827 8.803177 9.013706
v -5.138348 7.865943 6.552542
v -9.940827 8.803177 9.013706
v -11.090516 8.702946 5.931207
v -5.138348 7.865943 6.552542
v -3.640419 7.906233 9.153258
v -9.940827 8.803177 9.013706
v -3.640419 7.906233 9.153258
v -5.138348 7.865943 6.552542
v -1.030542 6.745066 6.792011
v -1.030542 6.745066 6.792011
v 1.578924 6.727453 8.661002
v -3.640419 7.906233 9.153258
v 1.540075 6.927678 10.727496
v -3.640419 7.906233 9.153258
v 1.578924 6.727453 8.661002
v 5.383215 4.932509 9.450521
v 1.540075 6.927678 10.727496
v 1.578924 6.727453 8.661002
v -3.640419 7.906233 9.153258
v 1.540075 6.927678 10.727496
v -4.010146 7.806602 11.276631
v -9.940827 8.803177 9.013706
v -3.640419 7.906233 9.153258
v -4.010146 7.806602 11.276631
v -13.790758 7.846917 4.821985
v -15.371808 6.979571 6.312031
v -15.313309 6.730712 4.559477
v -12.658946 5.239419 1.830198
v -13.790758 7.846917 4.821985
v -15.313309 6.730712 4.559477
v -12.658946 5.239419 1.830198
v -11.461185 6.511500 2.006112
v -13.790758 7.846917 4.821985
v -11.461185 6.511500 2.006112
v -12.658946 5.239419 1.830198
v -10.196773 5.696562 0.960767
v -8.701505 6.284609 0.795891
v -10.196773 5.696562 0.960767
v -4.440004 5.540448 -0.118565
v -8.701505 6.284609 0.795891
v -4.440004 5.540448 -0.118565
v -4.616586 7.009355 0.411444
v -2.572282 5.561283 -0.099178
v -4.616586 7.009355 0.411444
v -4.440004 5.540448 -0.118565
v -2.572282 5.561283 -0.099178
v 0.573109 6.961328 0.220157
v -4.616586 7.009355 0.411444
v 0.573109 6.961328 0.220157
v -4.606750 7.467628 1.890829
v -4.616586 7.009355 0.411444
v -4.606750 7.467628 1.890829
v -8.701505 6.284609 0.795891
v -4.616586 7.009355 0.411444
v -4.606750 7.467628 1.890829
v -9.249748 7.120285 2.017104
v -8.701505 6.284609 0.795891
v -10.196773 5.696562 0.960767
v -8.701505 6.284609 0.795891
v -9.249748 7.120285 2.017104
v -10.196773 5.696562 0.960767
v -9.249748 7.120285 2.017104
v -11.461185 6.511500 2.006112
v -13.790758 7.846917 4.821985
v -13.796114 8.132056 6.471486
v -15.371808 6.979571 6.312031
v -13.796114 8.132056 6.471486
v -14.606810 6.885572 8.867043
v -15.371808 6.979571 6.312031
v -13.796114 8.132056 6.471486
v -12.532850 8.201535 9.346476
v -14.606810 6.885572 8.867043
v -12.532850 8.201535 9.346476
v -12.705324 6.329263 12.675607
v -14.606810 6.885572 8.867043
v -12.532850 8.201535 9.346476
v -10.406286 7.303583 12.921726
v -12.705324 6.329263 12.675607
v -10.406286 7.303583 12.921726
v -10.749902 5.657354 14.517425
v -12.705324 6.329263 12.675607
v -12.705324 6.329263 12.675607
v -10.749902 5.657354 14.517425
v -12.944679 4.227282 13.922962
v -12.705324 6.329263 12.675607
v -12.944679 4.227282 13.922962
v -14.316586 4.398584 12.444865
v -14.073641 1.948481 13.675600
v -14.316586 4.398584 12.444865
v -12.944679 4.227282 13.922962
v -14.073641 1.948481 13.675600
v -15.022047 2.606603 12.368169
v -14.316586 4.398584 12.444865
v -15.022047 2.606603 12.368169
v -15.974488 4.796670 8.782407
v -14.316586 4.398584 12.444865
v -14.316586 4.398584 12.444865
v -15.974488 4.796670 8.782407
v -12.705324 6.329263 12.675607
v -15.974488 4.796670 8.782407
v -14.606810 6.885572 8.867043
v -12.705324 6.329263 12.675607
v -15.371808 6.979571 6.312031
v -14.606810 6.885572 8.867043
v -15.974488 4.796670 8.782407
v -15.371808 6.979571 6.312031
v -15.974488 4.796670 8.782407
v -16.798923 4.740208 6.260741
v -15.313309 6.730712 4.559477
v -15.371808 6.979571 6.312031
v -16.798923 4.740208 6.260741
v -15.313309 6.730712 4.559477
v -16.798923 4.740208 6.260741
v -16.788496 4.727698 4.872964
v -12.658946 5.239419 1.830198
v -15.313309 6.730712 4.559477
v -16.260832 4.354095 3.701294
v -16.788496 4.727698 4.872964
v -16.260832 4.354095 3.701294
v -15.313309 6.730712 4.559477
v -17.298256 2.387306 5.022582
v -16.260832 4.354095 3.701294
v -16.788496 4.727698 4.872964
v -16.798923 4.740208 6.260741
v -17.298256 2.387306 5.022582
v -16.788496 4.727698 4.872964
v -16.798923 4.740208 6.260741
v -17.284601 2.286551 6.403793
v -17.298256 2.387306 5.022582
v -17.284601 2.286551 6.403793
v -16.798923 4.740208 6.260741
v -15.974488 4.796670 8.782407
v -17.284601 2.286551 6.403793
v -15.974488 4.796670 8.782407
v -16.768448 2.253799 8.484621
v -15.022047 2.606603 12.368169
v -16.768448 2.253799 8.484621
v -15.974488 4.796670 8.782407
v -16.768448 2.253799 8.484621
v -15.022047 2.606603 12.368169
v -15.289908 1.224191 12.043191
v -15.022047 2.606603 12.368169
v -14.073641 1.948481 13.675600
v -15.289908 1.224191 12.043191
v -15.289908 1.224191 12.043191
v -14.073641 1.948481 13.675600
v -12.650866 -1.333885 13.870226
v -12.650866 -1.333885 13.870226
v -14.073641 1.948481 13.675600
v -12.265621 2.143227 14.835402
v -12.265621 2.143227 14.835402
v -14.073641 1.948481 13.675600
v -12.944679 4.227282 13.922962
v -12.265621 2.143227 14.835402
v -12.944679 4.227282 13.922962
v -9.544320 3.694151 15.942902
v -9.544320 3.694151 15.942902
v -12.944679 4.227282 13.922962
v -10.749902 5.657354 14.517425
v -9.544320 3.694151 15.942902
v -10.749902 5.657354 14.517425
v -7.520420 5.517396 15.515530
v -10.406286 7.303583 12.921726
v -7.520420 5.517396 15.515530
v -10.749902 5.657354 14.517425
v -7.520420 5.517396 15.515530
v -10.406286 7.303583 12.921726
v -6.931175 7.533075 12.999862
v -17.298256 2.387306 5.022582
v -16.684637 2.533525 3.751020
v -16.260832 4.354095 3.701294
v -15.289908 1.224191 12.043191
v -12.650866 -1.333885 13.870226
v -14.932713 -1.889014 10.797868
v -15.289908 1.224191 12.043191
v -14.932713 -1.889014 10.797868
v -15.886690 -1.879487 8.055629
v -15.289908 1.224191 12.043191
v -15.886690 -1.879487 8.055629
v -16.768448 2.253799 8.484621
v -15.886690 -1.879487 8.055629
v -17.284601 2.286551 6.403793
v -16.768448 2.253799 8.484621
v -17.284601 2.286551 6.403793
v -15.886690 -1.879487 8.055629
v -15.958694 -1.561683 4.666606
v -17.284601 2.286551 6.403793
v -15.958694 -1.561683 4.666606
v -17.298256 2.387306 5.022582
v -15.958694 -1.561683 4.666606
v -16.613974 1.378086 3.803628
v -17.298256 2.387306 5.022582
v -17.298256 2.387306 5.022582
v -16.613974 1.378086 3.803628
v -16.684637 2.533525 3.751020
v -16.613974 1.378086 3.803628
v -14.519115 1.810075 1.624908
v -16.684637 2.533525 3.751020
v -14.519115 1.810075 1.624908
v -16.260832 4.354095 3.701294
v -16.684637 2.533525 3.751020
v -12.658946 5.239419 1.830198
v -16.260832 4.354095 3.701294
v -14.519115 1.810075 1.624908
v -12.658946 5.239419 1.830198
v -14.519115 1.810075 1.624908
v -13.161360 0.222630 0.460788
v -12.658946 5.239419 1.830198
v -13.161360 0.222630 0.460788
v -10.196773 5.696562 0.960767
v -10.210271 0.742225 0.037949
v -10.196773 5.696562 0.960767
v -13.161360 0.222630 0.460788
v -10.196773 5.696562 0.960767
v -10.210271 0.742225 0.037949
v -4.440004 5.540448 -0.118565
v -6.028917 0.387136 -0.305579
v -4.440004 5.540448 -0.118565
v -10.210271 0.742225 0.037949
v -4.440004 5.540448 -0.118565
v -6.028917 0.387136 -0.305579
v -2.572282 5.561283 -0.099178
v -2.012256 -3.996907 -0.522247
v -2.572282 5.561283 -0.099178
v -6.028917 0.387136 -0.305579
v -2.012256 -3.996907 -0.522247
v -6.028917 0.387136 -0.305579
v -10.033130 -2.167784 -0.336712
v -10.033130 -2.167784 -0.336712
v -6.028917 0.387136 -0.305579
v -10.210271 0.742225 0.037949
v -10.210271 0.742225 0.037949
v -12.929167 -2.079344 0.254821
v -10.033130 -2.167784 -0.336712
v -10.210271 0.742225 0.037949
v -13.161360 0.222630 0.460788
v -12.929167 -2.079344 0.254821
v -13.161360 0.222630 0.460788
v -14.407151 -2.018170 1.820042
v -12.929167 -2.079344 0.254821
v -13.161360 0.222630 0.460788
v -14.927211 0.586031 1.759429
v -14.407151 -2.018170 1.820042
v -14.927211 0.586031 1.759429
v -15.958694 -1.561683 4.666606
v -14.407151 -2.018170 1.820042
v -14.927211 0.586031 1.759429
v -16.613974 1.378086 3.803628
v -15.958694 -1.561683 4.666606
v -16.613974 1.378086 3.803628
v -14.927211 0.586031 1.759429
v -14.519115 1.810075 1.624908
v -14.927211 0.586031 1.759429
v -13.161360 0.222630 0.460788
v -14.519115 1.810075 1.624908
v -7.520420 5.517396 15.515530
v -5.215098 4.582482 15.800254
v -6.795233 2.701913 16.372694
v -7.520420 5.517396 15.515530
v -6.795233 2.701913 16.372694
v -9.544320 3.694151 15.942902
v -9.544320 3.694151 15.942902
v -6.795233 2.701913 16.372694
v -9.973316 1.936500 15.951812
v -9.544320 3.694151 15.942902
v -9.973316 1.936500 15.951812
v -12.265621 2.143227 14.835402
v -12.265621 2.143227 14.835402
v -9.973316 1.936500 15.951812
v -10.788780 -2.131070 14.674984
v -12.265621 2.143227 14.835402
v -10.788780 -2.131070 14.674984
v -12.650866 -1.333885 13.870226
v -10.788780 -2.131070 14.674984
v -12.151984 -3.316039 13.272042
v -12.650866 -1.333885 13.870226
v -12.151984 -3.316039 13.272042
v -14.932713 -1.889014 10.797868
v -12.650866 -1.333885 13.870226
v -12.151984 -3.316039 13.272042
v -14.036240 -3.863664 9.875854
v -14.932713 -1.889014 10.797868
v -15.886690 -1.879487 8.055629
v -14.932713 -1.889014 10.797868
v -14.036240 -3.863664 9.875854
v -15.886690 -1.879487 8.055629
v -14.036240 -3.863664 9.875854
v -14.695228 -3.878969 7.637372
v -15.958694 -1.561683 4.666606
v -15.886690 -1.879487 8.055629
v -14.695228 -3.878969 7.637372
v -15.958694 -1.561683 4.666606
v -14.695228 -3.878969 7.637372
v -14.547829 -3.754781 4.501598
v -14.407151 -2.018170 1.820042
v -15.958694 -1.561683 4.666606
v -14.547829 -3.754781 4.501598
v -14.407151 -2.018170 1.820042
v -14.547829 -3.754781 4.501598
v -13.519125 -3.744409 1.846512
v -13.519125 -3.744409 1.846512
v -12.929167 -2.079344 0.254821
v -14.407151 -2.018170 1.820042
v -13.519125 -3.744409 1.846512
v -11.732152 -4.319712 0.487926
v -12.929167 -2.079344 0.254821
v -11.732152 -4.319712 0.487926
v -10.033130 -2.167784 -0.336712
v -12.929167 -2.079344 0.254821
v -12.273987 -5.674819 9.189975
v -14.695228 -3.878969 7.637372
v -14.036240 -3.863664 9.875854
v -14.695228 -3.878969 7.637372
v -12.273987 -5.674819 9.189975
v -12.724217 -5.437483 5.946432
v -14.547829 -3.754781 4.501598
v -14.695228 -3.878969 7.637372
v -12.724217 -5.437483 5.946432
v -14.547829 -3.754781 4.501598
v -12.724217 -5.437483 5.946432
v -12.414598 -5.155550 2.487431
v -12.414598 -5.155550 2.487431
v -13.519125 -3.744409 1.846512
v -14.547829 -3.754781 4.501598
v -11.732152 -4.319712 0.487926
v -13.519125 -3.744409 1.846512
v -12.414598 -5.155550 2.487431
v -11.732152 -4.319712 0.487926
v -12.414598 -5.155550 2.487431
v -10.115156 -6.421086 3.197161
v -12.724217 -5.437483 5.946432
v -10.115156 -6.421086 3.197161
v -12.414598 -5.155550 2.487431
v -12.724217 -5.437483 5.946432
v -9.492730 -6.919030 6.953277
v -10.115156 -6.421086 3.197161
v -12.273987 -5.674819 9.189975
v -9.492730 -6.919030 6.953277
v -12.724217 -5.437483 5.946432
v -9.246533 -5.022679 0.450053
v -10.115156 -6.421086 3.197161
v -4.999431 -5.448853 0.377281
v -5.427268 -7.092401 4.671787
v -4.999431 -5.448853 0.377281
v -10.115156 -6.421086 3.197161
v -9.492730 -6.919030 6.953277
v -5.427268 -7.092401 4.671787
v -10.115156 -6.421086 3.197161
v -11.732152 -4.319712 0.487926
v -10.115156 -6.421086 3.197161
v -9.246533 -5.022679 0.450053
v -8.699947 -3.999835 -0.284383
v -11.732152 -4.319712 0.487926
v -9.246533 -5.022679 0.450053
v -8.699947 -3.999835 -0.284383
v -9.246533 -5.022679 0.450053
v -4.999431 -5.448853 0.377281
v -2.251206 -5.325685 0.234842
v -8.699947 -3.999835 -0.284383
v -4.999431 -5.448853 0.377281
v -2.251206 -5.325685 0.234842
v -4.999431 -5.448853 0.377281
v -5.427268 -7.092401 4.671787
v -2.251206 -5.325685 0.234842
v -5.427268 -7.092401 4.671787
v -0.911019 -7.656468 6.194205
v -4.600531 -7.652355 7.739644
v -0.911019 -7.656468 6.194205
v -5.427268 -7.092401 4.671787
v -9.492730 -6.919030 6.953277
v -4.600531 -7.652355 7.739644
v -5.427268 -7.092401 4.671787
v -8.589655 -6.615801 9.652770
v -4.600531 -7.652355 7.739644
v -9.492730 -6.919030 6.953277
v -9.492730 -6.919030 6.953277
v -12.273987 -5.674819 9.189975
v -8.589655 -6.615801 9.652770
v -8.589655 -6.615801 9.652770
v -12.273987 -5.674819 9.189975
v -11.312037 -4.972180 11.777399
v -14.036240 -3.863664 9.875854
v -11.312037 -4.972180 11.777399
v -12.273987 -5.674819 9.189975
v -14.036240 -3.863664 9.875854
v -12.151984 -3.316039 13.272042
v -11.312037 -4.972180 11.777399
v -10.513757 -4.390429 13.127429
v -11.312037 -4.972180 11.777399
v -12.151984 -3.316039 13.272042
v -12.151984 -3.316039 13.272042
v -10.788780 -2.131070 14.674984
v -10.513757 -4.390429 13.127429
v -8.589655 -6.615801 9.652770
v -4.380654 -7.310637 9.237372
v -4.600531 -7.652355 7.739644
v 0.712658 -5.914425 1.685566
v -2.251206 -5.325685 0.234842
v -0.911019 -7.656468 6.194205
v 0.712658 -5.914425 1.685566
v -0.911019 -7.656468 6.194205
v 0.663665 -6.802174 4.890386
v -11.732152 -4.319712 0.487926
v -8.699947 -3.999835 -0.284383
v -10.033130 -2.167784 -0.336712
v -2.012256 -3.996907 -0.522247
v -10.033130 -2.167784 -0.336712
v -8.699947 -3.999835 -0.284383
v -2.251206 -5.325685 0.234842
v -2.012256 -3.996907 -0.522247
v -8.699947 -3.999835 -0.284383
v -2.012256 -3.996907 -0.522247
v -2.251206 -5.325685 0.234842
v 0.993710 -5.433949 -0.421638
v 0.712658 -5.914425 1.685566
v 0.993710 -5.433949 -0.421638
v -2.251206 -5.325685 0.234842
v 4.247199 -5.897849 1.919173
v 0.993710 -5.433949 -0.421638
v 0.712658 -5.914425 1.685566
v 0.663665 -6.802174 4.890386
v 4.247199 -5.897849 1.919173
v 0.712658 -5.914425 1.685566
v 0.663665 -6.802174 4.890386
v 3.674194 -6.273377 5.844433
v 4.247199 -5.897849 1.919173
v 3.674194 -6.273377 5.844433
v 0.663665 -6.802174 4.890386
v -0.911019 -7.656468 6.194205
v 3.674194 -6.273377 5.844433
v -0.911019 -7.656468 6.194205
v 4.892720 -6.032407 7.096510
v 4.892720 -6.032407 7.096510
v -0.911019 -7.656468 6.194205
v -0.811157 -7.690370 7.154072
v -4.600531 -7.652355 7.739644
v -0.811157 -7.690370 7.154072
v -0.911019 -7.656468 6.194205
v -4.600531 -7.652355 7.739644
v -1.043469 -7.258021 8.604577
v -0.811157 -7.690370 7.154072
v -4.380654 -7.310637 9.237372
v -1.043469 -7.258021 8.604577
v -4.600531 -7.652355 7.739644
v -1.043469 -7.258021 8.604577
v -4.380654 -7.310637 9.237372
v -4.151992 -6.318286 10.587821
v -8.589655 -6.615801 9.652770
v -4.151992 -6.318286 10.587821
v -4.380654 -7.310637 9.237372
v -8.589655 -6.615801 9.652770
v -8.566667 -6.042187 11.142028
v -4.151992 -6.318286 10.587821
v -8.566667 -6.042187 11.142028
v -8.589655 -6.615801 9.652770
v -11.312037 -4.972180 11.777399
v 4.247199 -5.897849 1.919173
v 4.896117 -5.888525 -0.147206
v 0.993710 -5.433949 -0.421638
v -1.043469 -7.258021 8.604577
v -4.151992 -6.318286 10.587821
v 0.431528 -5.773950 10.340871
v -8.802264 -4.835252 12.842469
v 0.431528 -5.773950 10.340871
v -4.151992 -6.318286 10.587821
v -8.802264 -4.835252 12.842469
v -4.151992 -6.318286 10.587821
v -8.566667 -6.042187 11.142028
v -2.012256 -3.996907 -0.522247
v 0.993710 -5.433949 -0.421638
v 0.963836 -4.093256 -0.767044
v 4.896117 -5.888525 -0.147206
v 0.963836 -4.093256 -0.767044
v 0.993710 -5.433949 -0.421638
v 4.896117 -5.888525 -0.147206
v 5.388240 -4.991757 -0.410054
v 0.963836 -4.093256 -0.767044
v 7.324949 -6.018497 0.484002
v 5.388240 -4.991757 -0.410054
v 4.896117 -5.888525 -0.147206
v 7.324949 -6.018497 0.484002
v 4.896117 -5.888525 -0.147206
v 4.247199 -5.897849 1.919173
v 7.324949 -6.018497 0.484002
v 4.247199 -5.897849 1.919173
v 7.009125 -6.131370 2.657656
v 7.009125 -6.131370 2.657656
v 4.247199 -5.897849 1.919173
v 3.674194 -6.273377 5.844433
v 7.009125 -6.131370 2.657656
v 3.674194 -6.273377 5.844433
v 4.892720 -6.032407 7.096510
v 1.500957 -6.508078 9.116490
v 3.075478 -6.358253 8.172175
v -0.811157 -7.690370 7.154072
v 4.892720 -6.032407 7.096510
v -0.811157 -7.690370 7.154072
v 3.075478 -6.358253 8.172175
v 3.075478 -6.358253 8.172175
v 7.377237 -5.195614 7.330298
v 4.892720 -6.032407 7.096510
v 7.377237 -5.195614 7.330298
v 7.009125 -6.131370 2.657656
v 4.892720 -6.032407 7.096510
v 7.377237 -5.195614 7.330298
v 8.347906 -5.467235 2.832482
v 7.009125 -6.131370 2.657656
v 7.324949 -6.018497 0.484002
v 7.009125 -6.131370 2.657656
v 8.347906 -5.467235 2.832482
v 7.324949 -6.018497 0.484002
v 8.347906 -5.467235 2.832482
v 8.307961 -5.282235 0.288866
v 7.324949 -6.018497 0.484002
v 8.307961 -5.282235 0.288866
v 5.388240 -4.991757 -0.410054
v 5.388240 -4.991757 -0.410054
v 8.307961 -5.282235 0.288866
v 8.929213 -3.509102 0.330750
v 8.347906 -5.467235 2.832482
v 8.929213 -3.509102 0.330750
v 8.307961 -5.282235 0.288866
v 8.347906 -5.467235 2.832482
v 8.316261 -4.198746 4.209506
v 8.929213 -3.509102 0.330750
v 8.316261 -4.198746 4.209506
v 8.347906 -5.467235 2.832482
v 7.377237 -5.195614 7.330298
v 8.316261 -4.198746 4.209506
v 7.377237 -5.195614 7.330298
v 8.533333 -1.883278 6.696304
v 7.377237 -5.195614 7.330298
v 7.170683 -4.620050 8.449576
v 8.533333 -1.883278 6.696304
v 8.533333 -1.883278 6.696304
v 7.170683 -4.620050 8.449576
v 7.407109 -4.925015 9.547394
v 5.404399 -4.912517 9.137578
v 7.407109 -4.925015 9.547394
v 7.170683 -4.620050 8.449576
v 5.404399 -4.912517 9.137578
v 5.688999 -6.279523 10.577641
v 7.407109 -4.925015 9.547394
v 4.538599 -4.933432 10.702328
v 5.688999 -6.279523 10.577641
v 5.404399 -4.912517 9.137578
v 1.500957 -6.508078 9.116490
v 3.191272 -5.739049 10.897864
v 3.075478 -6.358253 8.172175
v 8.533333 -1.883278 6.696304
v 7.407109 -4.925015 9.547394
v 9.820784 -1.680925 8.720055
v 9.820784 -1.680925 8.720055
v 9.874593 -0.164356 7.504060
v 8.533333 -1.883278 6.696304
v 9.885024 -0.523638 5.650496
v 8.533333 -1.883278 6.696304
v 9.874593 -0.164356 7.504060
v 8.533333 -1.883278 6.696304
v 9.885024 -0.523638 5.650496
v 8.606316 -1.830351 4.389077
v 8.316261 -4.198746 4.209506
v 8.533333 -1.883278 6.696304
v 8.606316 -1.830351 4.389077
v 9.820784 -1.680925 8.720055
v 10.864860 0.032414 9.374883
v 9.874593 -0.164356 7.504060
v 10.686675 -2.444195 9.316498
v 10.864860 0.032414 9.374883
v 9.820784 -1.680925 8.720055
v 4.348310 -6.934742 12.786305
v 4.664603 -7.018147 11.730934
v 4.232075 -6.712860 11.958655
v 4.232075 -6.712860 11.958655
v 4.664603 -7.018147 11.730934
v 4.546873 -6.354083 11.188377
v 4.664603 -7.018147 11.730934
v 5.688999 -6.279523 10.577641
v 4.546873 -6.354083 11.188377
v 4.664603 -7.018147 11.730934
v 6.735965 -6.758579 10.491940
v 5.688999 -6.279523 10.577641
v 5.688999 -6.279523 10.577641
v 6.735965 -6.758579 10.491940
v 8.199298 -5.635792 9.701504
v 5.688999 -6.279523 10.577641
v 8.199298 -5.635792 9.701504
v 7.407109 -4.925015 9.547394
v 9.676444 -5.592623 9.823805
v 9.549790 -4.534976 9.333360
v 8.199298 -5.635792 9.701504
v 7.407109 -4.925015 9.547394
v 8.199298 -5.635792 9.701504
v 9.549790 -4.534976 9.333360
v 9.549790 -4.534976 9.333360
v 10.547153 -3.585572 9.181990
v 7.407109 -4.925015 9.547394
v 7.407109 -4.925015 9.547394
v 10.547153 -3.585572 9.181990
v 9.820784 -1.680925 8.720055
v 10.686675 -2.444195 9.316498
v 9.820784 -1.680925 8.720055
v 10.547153 -3.585572 9.181990
v 9.549790 -4.534976 9.333360
v 11.647817 -5.061080 10.616259
v 10.547153 -3.585572 9.181990
v 11.647817 -5.061080 10.616259
v 12.156567 -3.178448 11.197595
v 10.547153 -3.585572 9.181990
v 10.686675 -2.444195 9.316498
v 10.547153 -3.585572 9.181990
v 12.156567 -3.178448 11.197595
v 12.156567 -3.178448 11.197595
v 11.211357 -0.801043 10.112133
v 10.686675 -2.444195 9.316498
v 10.686675 -2.444195 9.316498
v 11.211357 -0.801043 10.112133
v 10.864860 0.032414 9.374883
v 11.211357 -0.801043 10.112133
v 11.187152 0.748090 11.090309
v 10.864860 0.032414 9.374883
v 10.864860 0.032414 9.374883
v 11.187152 0.748090 11.090309
v 10.804221 2.116293 9.941263
v 10.864860 0.032414 9.374883
v 10.804221 2.116293 9.941263
v 10.414713 2.343191 8.084820
v 10.864860 0.032414 9.374883
v 10.414713 2.343191 8.084820
v 9.874593 -0.164356 7.504060
v 10.411498 2.421773 5.992360
v 9.874593 -0.164356 7.504060
v 10.414713 2.343191 8.084820
v 10.411498 2.421773 5.992360
v 9.885024 -0.523638 5.650496
v 9.874593 -0.164356 7.504060
v 10.411498 2.421773 5.992360
v 9.868848 2.526295 2.597672
v 9.885024 -0.523638 5.650496
v 9.868848 2.526295 2.597672
v 9.826587 0.482516 4.324608
v 9.885024 -0.523638 5.650496
v 9.925346 -0.125120 3.195746
v 9.826587 0.482516 4.324608
v 9.868848 2.526295 2.597672
v 9.417359 -1.441372 3.003222
v 9.826587 0.482516 4.324608
v 9.925346 -0.125120 3.195746
v 9.925346 -0.125120 3.195746
v 9.342254 0.984101 0.867547
v 9.417359 -1.441372 3.003222
v 9.417359 -1.441372 3.003222
v 9.342254 0.984101 0.867547
v 9.150349 -0.064398 0.888402
v 9.150349 -0.064398 0.888402
v 9.119699 -1.787421 2.615752
v 9.417359 -1.441372 3.003222
v 9.342254 0.984101 0.867547
v 9.925346 -0.125120 3.195746
v 8.922121 2.751220 0.672242
v 9.925346 -0.125120 3.195746
v 9.868848 2.526295 2.597672
v 8.922121 2.751220 0.672242
v 11.647817 -5.061080 10.616259
v 11.296758 -6.688544 12.807550
v 11.821700 -5.590433 12.532717
v 11.647817 -5.061080 10.616259
v 11.821700 -5.590433 12.532717
v 12.156567 -3.178448 11.197595
v 9.150349 -0.064398 0.888402
v 7.934063 -0.776100 0.151495
v 9.119699 -1.787421 2.615752
v 8.458358 -1.433623 1.288011
v 9.119699 -1.787421 2.615752
v 7.934063 -0.776100 0.151495
v 8.929213 -3.509102 0.330750
v 8.458358 -1.433623 1.288011
v 7.934063 -0.776100 0.151495
v 8.458358 -1.433623 1.288011
v 8.929213 -3.509102 0.330750
v 8.533388 -1.864755 2.626848
v 8.533388 -1.864755 2.626848
v 8.929213 -3.509102 0.330750
v 8.316261 -4.198746 4.209506
v 8.533388 -1.864755 2.626848
v 8.316261 -4.198746 4.209506
v 8.380656 -1.609729 2.889174
v 8.380656 -1.609729 2.889174
v 8.316261 -4.198746 4.209506
v 8.606316 -1.830351 4.389077
v 8.937021 -0.659903 3.945313
v 8.380656 -1.609729 2.889174
v 8.606316 -1.830351 4.389077
v 8.937021 -0.659903 3.945313
v 8.606316 -1.830351 4.389077
v 9.885024 -0.523638 5.650496
v 8.937021 -0.659903 3.945313
v 9.885024 -0.523638 5.650496
v 9.826587 0.482516 4.324608
v 9.826587 0.482516 4.324608
v 9.417359 -1.441372 3.003222
v 8.937021 -0.659903 3.945313
v 8.937021 -0.659903 3.945313
v 9.417359 -1.441372 3.003222
v 8.533388 -1.864755 2.626848
v 8.533388 -1.864755 2.626848
v 9.417359 -1.441372 3.003222
v 9.119699 -1.787421 2.615752
v 8.533388 -1.864755 2.626848
v 9.119699 -1.787421 2.615752
v 8.458358 -1.433623 1.288011
v 8.937021 -0.659903 3.945313
v 8.533388 -1.864755 2.626848
v 8.380656 -1.609729 2.889174
v 8.221852 -6.015467 15.318926
v 10.201871 -5.995834 13.914262
v 9.453143 -5.905587 13.672179
v 10.528069 -5.720381 14.600618
v 10.201871 -5.995834 13.914262
v 8.221852 -6.015467 15.318926
v 10.528069 -5.720381 14.600618
v 11.296758 -6.688544 12.807550
v 10.201871 -5.995834 13.914262
v 10.528069 -5.720381 14.600618
v 10.765601 -4.948938 13.959674
v 11.296758 -6.688544 12.807550
v 11.821700 -5.590433 12.532717
v 11.296758 -6.688544 12.807550
v 10.765601 -4.948938 13.959674
v 11.821700 -5.590433 12.532717
v 10.765601 -4.948938 13.959674
v 11.019795 -4.337148 13.727445
v 10.765601 -4.948938 13.959674
v 10.410927 -4.576051 15.429230
v 11.019795 -4.337148 13.727445
v 10.528069 -5.720381 14.600618
v 10.410927 -4.576051 15.429230
v 10.765601 -4.948938 13.959674
v 10.528069 -5.720381 14.600618
v 9.735317 -5.151772 16.133507
v 10.410927 -4.576051 15.429230
v 9.735317 -5.151772 16.133507
v 10.528069 -5.720381 14.600618
v 8.221852 -6.015467 15.318926
v 10.201871 -5.995834 13.914262
v 11.296758 -6.688544 12.807550
v 10.229246 -6.928005 12.409151
v 10.201871 -5.995834 13.914262
v 10.229246 -6.928005 12.409151
v 9.453143 -5.905587 13.672179
v 8.760682 -6.810807 12.794628
v 9.453143 -5.905587 13.672179
v 10.229246 -6.928005 12.409151
v 8.544428 -4.332115 16.728157
v 7.067547 -5.743116 16.097860
v 6.229456 -3.489384 17.025288
v 8.544428 -4.332115 16.728157
v 9.735317 -5.151772 16.133507
v 7.067547 -5.743116 16.097860
v 9.735317 -5.151772 16.133507
v 8.221852 -6.015467 15.318926
v 7.067547 -5.743116 16.097860
v 8.221852 -6.015467 15.318926
v 7.115965 -6.164279 15.107743
v 7.067547 -5.743116 16.097860
v 6.928369 -6.618357 13.871836
v 7.115965 -6.164279 15.107743
v 8.221852 -6.015467 15.318926
v 6.928369 -6.618357 13.871836
v 8.221852 -6.015467 15.318926
v 9.453143 -5.905587 13.672179
v 7.300466 -7.279267 13.060212
v 6.928369 -6.618357 13.871836
v 9.453143 -5.905587 13.672179
v 8.760682 -6.810807 12.794628
v 7.300466 -7.279267 13.060212
v 9.453143 -5.905587 13.672179
v 8.760682 -6.810807 12.794628
v 7.836194 -7.325323 12.046528
v 7.300466 -7.279267 13.060212
v 7.836194 -7.325323 12.046528
v 8.760682 -6.810807 12.794628
v 10.229246 -6.928005 12.409151
v 7.836194 -7.325323 12.046528
v 10.229246 -6.928005 12.409151
v 9.607697 -6.340876 9.965922
v 10.229246 -6.928005 12.409151
v 11.296758 -6.688544 12.807550
v 9.607697 -6.340876 9.965922
v 11.296758 -6.688544 12.807550
v 10.773456 -5.878200 10.263616
v 9.607697 -6.340876 9.965922
v 10.773456 -5.878200 10.263616
v 11.296758 -6.688544 12.807550
v 11.647817 -5.061080 10.616259
v 7.836194 -7.325323 12.046528
v 9.607697 -6.340876 9.965922
v 8.034905 -7.059278 10.643016
v 8.034905 -7.059278 10.643016
v 6.140996 -7.460624 11.771268
v 7.836194 -7.325323 12.046528
v 7.836194 -7.325323 12.046528
v 6.140996 -7.460624 11.771268
v 5.825684 -7.504913 12.536485
v 7.836194 -7.325323 12.046528
v 5.825684 -7.504913 12.536485
v 7.300466 -7.279267 13.060212
v 5.825684 -7.504913 12.536485
v 6.928369 -6.618357 13.871836
v 7.300466 -7.279267 13.060212
v 4.595223 -6.978672 13.226575
v 6.928369 -6.618357 13.871836
v 5.825684 -7.504913 12.536485
v 4.595223 -6.978672 13.226575
v 7.115965 -6.164279 15.107743
v 6.928369 -6.618357 13.871836
v 5.054741 -2.953269 16.824469
v 6.229456 -3.489384 17.025288
v 5.565413 -5.958808 16.013193
v 6.229456 -3.489384 17.025288
v 7.067547 -5.743116 16.097860
v 5.565413 -5.958808 16.013193
v 7.067547 -5.743116 16.097860
v 5.764902 -5.893474 14.951887
v 5.565413 -5.958808 16.013193
v 7.115965 -6.164279 15.107743
v 5.764902 -5.893474 14.951887
v 7.067547 -5.743116 16.097860
v 4.272846 -5.980100 14.072951
v 5.764902 -5.893474 14.951887
v 7.115965 -6.164279 15.107743
v 4.272846 -5.980100 14.072951
v 7.115965 -6.164279 15.107743
v 4.595223 -6.978672 13.226575
v 4.272846 -5.980100 14.072951
v 4.595223 -6.978672 13.226575
v 4.348310 -6.934742 12.786305
v 5.825684 -7.504913 12.536485
v 4.348310 -6.934742 12.786305
v 4.595223 -6.978672 13.226575
v 4.348310 -6.934742 12.786305
v 5.825684 -7.504913 12.536485
v 4.664603 -7.018147 11.730934
v 4.664603 -7.018147 11.730934
v 5.825684 -7.504913 12.536485
v 6.140996 -7.460624 11.771268
v 6.140996 -7.460624 11.771268
v 6.735965 -6.758579 10.491940
v 4.664603 -7.018147 11.730934
v 6.140996 -7.460624 11.771268
v 8.034905 -7.059278 10.643016
v 6.735965 -6.758579 10.491940
v 8.034905 -7.059278 10.643016
v 8.199298 -5.635792 9.701504
v 6.735965 -6.758579 10.491940
v 8.034905 -7.059278 10.643016
v 9.607697 -6.340876 9.965922
v 8.199298 -5.635792 9.701504
v 9.607697 -6.340876 9.965922
v 9.676444 -5.592623 9.823805
v 8.199298 -5.635792 9.701504
v 9.607697 -6.340876 9.965922
v 10.773456 -5.878200 10.263616
v 9.676444 -5.592623 9.823805
v 9.549790 -4.534976 9.333360
v 9.676444 -5.592623 9.823805
v 10.773456 -5.878200 10.263616
v 9.549790 -4.534976 9.333360
v 10.773456 -5.878200 10.263616
v 11.647817 -5.061080 10.616259
v 4.729568 -5.788529 14.931550
v 5.565413 -5.958808 16.013193
v 5.764902 -5.893474 14.951887
v 4.729568 -5.788529 14.931550
v 5.764902 -5.893474 14.951887
v 4.272846 -5.980100 14.072951
v 4.538599 -4.933432 10.702328
v 4.546873 -6.354083 11.188377
v 5.688999 -6.279523 10.577641
v 4.538599 -4.933432 10.702328
v 3.939950 -5.545893 11.705276
v 4.546873 -6.354083 11.188377
v 3.939950 -5.545893 11.705276
v 4.232075 -6.712860 11.958655
v 4.546873 -6.354083 11.188377
v 4.232075 -6.712860 11.958655
v 3.939950 -5.545893 11.705276
v 3.819140 -5.639417 12.551561
v 4.232075 -6.712860 11.958655
v 3.819140 -5.639417 12.551561
v 4.348310 -6.934742 12.786305
v 4.348310 -6.934742 12.786305
v 3.819140 -5.639417 12.551561
v 3.759623 -5.268678 13.468968
v 4.348310 -6.934742 12.786305
v 3.759623 -5.268678 13.468968
v 4.272846 -5.980100 14.072951
v 3.724042 -5.451262 14.617649
v 4.272846 -5.980100 14.072951
v 3.759623 -5.268678 13.468968
v 4.729568 -5.788529 14.931550
v 4.272846 -5.980100 14.072951
v 3.724042 -5.451262 14.617649
v 3.724042 -5.451262 14.617649
v 3.178904 -5.521977 15.907262
v 4.729568 -5.788529 14.931550
v 4.729568 -5.788529 14.931550
v 3.178904 -5.521977 15.907262
v 5.565413 -5.958808 16.013193
v 5.565413 -5.958808 16.013193
v 3.178904 -5.521977 15.907262
v 3.771883 -5.479969 16.304848
v 5.054741 -2.953269 16.824469
v 5.565413 -5.958808 16.013193
v 3.771883 -5.479969 16.304848
v 5.054741 -2.953269 16.824469
v 3.771883 -5.479969 16.304848
v 3.099890 -2.762885 16.900887
v 5.054741 -2.953269 16.824469
v 3.099890 -2.762885 16.900887
v 3.146835 -1.954294 16.009344
v 3.146835 -1.954294 16.009344
v 3.099890 -2.762885 16.900887
v 1.989730 -3.079955 15.338248
v 3.146835 -1.954294 16.009344
v 1.989730 -3.079955 15.338248
v 1.451741 -3.110030 14.900185
v 1.989730 -3.079955 15.338248
v 1.802273 -3.992766 14.618991
v 1.451741 -3.110030 14.900185
v 3.099890 -2.762885 16.900887
v 1.278494 -3.430767 16.398340
v 1.989730 -3.079955 15.338248
v 0.036995 -3.775262 14.049438
v -0.085867 -2.906677 14.366341
v 1.451741 -3.110030 14.900185
v 1.451741 -3.110030 14.900185
v -0.085867 -2.906677 14.366341
v 1.201843 -1.312685 14.986952
v 1.451741 -3.110030 14.900185
v 1.201843 -1.312685 14.986952
v 3.146835 -1.954294 16.009344
v 1.754625 -3.251967 17.206949
v 0.439970 -4.380353 17.556911
v 1.278494 -3.430767 16.398340
v 1.754625 -3.251967 17.206949
v 1.278494 -3.430767 16.398340
v 3.099890 -2.762885 16.900887
v 3.099890 -2.762885 16.900887
v 1.677413 -4.538407 16.809130
v 1.754625 -3.251967 17.206949
v 3.099890 -2.762885 16.900887
v 3.771883 -5.479969 16.304848
v 1.677413 -4.538407 16.809130
v 1.677413 -4.538407 16.809130
v 3.771883 -5.479969 16.304848
v 3.178904 -5.521977 15.907262
v 1.677413 -4.538407 16.809130
v 3.178904 -5.521977 15.907262
v 2.490247 -4.668063 15.227928
v 3.724042 -5.451262 14.617649
v 2.490247 -4.668063 15.227928
v 3.178904 -5.521977 15.907262
v 3.724042 -5.451262 14.617649
v 2.964583 -4.696833 14.038003
v 2.490247 -4.668063 15.227928
v 3.724042 -5.451262 14.617649
v 3.759623 -5.268678 13.468968
v 2.964583 -4.696833 14.038003
v 2.981950 -5.180196 11.397675
v 2.964583 -4.696833 14.038003
v 3.759623 -5.268678 13.468968
v 3.759623 -5.268678 13.468968
v 3.819140 -5.639417 12.551561
v 2.981950 -5.180196 11.397675
v 3.819140 -5.639417 12.551561
v 3.191272 -5.739049 10.897864
v 2.981950 -5.180196 11.397675
v 3.819140 -5.639417 12.551561
v 3.939950 -5.545893 11.705276
v 3.191272 -5.739049 10.897864
v 3.939950 -5.545893 11.705276
v 4.261725 -4.907169 11.279917
v 3.191272 -5.739049 10.897864
v 4.538599 -4.933432 10.702328
v 4.261725 -4.907169 11.279917
v 3.939950 -5.545893 11.705276
v 3.191272 -5.739049 10.897864
v 4.261725 -4.907169 11.279917
v 4.538599 -4.933432 10.702328
v 5.404399 -4.912517 9.137578
v 3.191272 -5.739049 10.897864
v 4.538599 -4.933432 10.702328
v 5.404399 -4.912517 9.137578
v 3.075478 -6.358253 8.172175
v 3.191272 -5.739049 10.897864
v 3.075478 -6.358253 8.172175
v 5.404399 -4.912517 9.137578
v 7.377237 -5.195614 7.330298
v 7.170683 -4.620050 8.449576
v 7.377237 -5.195614 7.330298
v 5.404399 -4.912517 9.137578
v 1.754625 -3.251967 17.206949
v 1.677413 -4.538407 16.809130
v 0.439970 -4.380353 17.556911
v 0.439970 -4.380353 17.556911
v 1.677413 -4.538407 16.809130
v 1.278494 -3.430767 16.398340
v 1.677413 -4.538407 16.809130
v 2.490247 -4.668063 15.227928
v 1.278494 -3.430767 16.398340
v 2.490247 -4.668063 15.227928
v 1.989730 -3.079955 15.338248
v 1.278494 -3.430767 16.398340
v 1.802273 -3.992766 14.618991
v 1.989730 -3.079955 15.338248
v 2.490247 -4.668063 15.227928
v 2.964583 -4.696833 14.038003
v 1.802273 -3.992766 14.618991
v 2.490247 -4.668063 15.227928
v 1.802273 -3.992766 14.618991
v 2.964583 -4.696833 14.038003
v 2.203961 -5.256108 13.609656
v 2.981950 -5.180196 11.397675
v 2.203961 -5.256108 13.609656
v 2.964583 -4.696833 14.038003
v 2.981950 -5.180196 11.397675
v 2.094928 -5.640642 10.879972
v 2.203961 -5.256108 13.609656
v 3.191272 -5.739049 10.897864
v 2.094928 -5.640642 10.879972
v 2.981950 -5.180196 11.397675
v 3.191272 -5.739049 10.897864
v 0.431528 -5.773950 10.340871
v 2.094928 -5.640642 10.879972
v 3.191272 -5.739049 10.897864
v 1.500957 -6.508078 9.116490
v 0.431528 -5.773950 10.340871
v -1.043469 -7.258021 8.604577
v 0.431528 -5.773950 10.340871
v 1.500957 -6.508078 9.116490
v -1.043469 -7.258021 8.604577
v 1.500957 -6.508078 9.116490
v -0.811157 -7.690370 7.154072
v 0.036995 -3.775262 14.049438
v 1.451741 -3.110030 14.900185
v 1.802273 -3.992766 14.618991
v 1.802273 -3.992766 14.618991
v 2.203961 -5.256108 13.609656
v 0.036995 -3.775262 14.049438
v 0.036995 -3.775262 14.049438
v 2.203961 -5.256108 13.609656
v 0.206066 -4.618644 12.886024
v 0.206066 -4.618644 12.886024
v 2.203961 -5.256108 13.609656
v 2.094928 -5.640642 10.879972
v 0.206066 -4.618644 12.886024
v 2.094928 -5.640642 10.879972
v 0.039221 -5.189435 11.208000
v 0.039221 -5.189435 11.208000
v 2.094928 -5.640642 10.879972
v 0.431528 -5.773950 10.340871
v 0.039221 -5.189435 11.208000
v 0.431528 -5.773950 10.340871
v -3.589468 -4.143469 12.642531
v -8.802264 -4.835252 12.842469
v -3.589468 -4.143469 12.642531
v 0.431528 -5.773950 10.340871
v -8.802264 -4.835252 12.842469
v -3.570889 -2.951013 13.675596
v -3.589468 -4.143469 12.642531
v -8.802264 -4.835252 12.842469
v -8.413925 -2.105594 14.901599
v -3.570889 -2.951013 13.675596
v -3.590933 -1.753210 14.584335
v -3.570889 -2.951013 13.675596
v -8.413925 -2.105594 14.901599
v -3.583244 0.341938 15.646893
v -3.590933 -1.753210 14.584335
v -8.413925 -2.105594 14.901599
v 0.012468 0.183786 14.814255
v -3.590933 -1.753210 14.584335
v -3.583244 0.341938 15.646893
v -3.583244 0.341938 15.646893
v -3.111784 2.273940 15.887241
v 0.012468 0.183786 14.814255
v -3.111784 2.273940 15.887241
v -0.470535 2.384937 15.185398
v 0.012468 0.183786 14.814255
v 1.240397 3.956308 14.305066
v -0.470535 2.384937 15.185398
v -3.111784 2.273940 15.887241
v -0.470535 2.384937 15.185398
v 1.240397 3.956308 14.305066
v 1.379814 1.904764 14.375640
v 3.653354 2.434569 14.006616
v 1.379814 1.904764 14.375640
v 1.240397 3.956308 14.305066
v 0.039221 -5.189435 11.208000
v -3.589468 -4.143469 12.642531
v 0.206066 -4.618644 12.886024
v 0.036995 -3.775262 14.049438
v 0.206066 -4.618644 12.886024
v -3.589468 -4.143469 12.642531
v 0.036995 -3.775262 14.049438
v -3.589468 -4.143469 12.642531
v -3.570889 -2.951013 13.675596
v -0.085867 -2.906677 14.366341
v 0.036995 -3.775262 14.049438
v -3.570889 -2.951013 13.675596
v -0.085867 -2.906677 14.366341
v -3.570889 -2.951013 13.675596
v -3.590933 -1.753210 14.584335
v 0.012468 0.183786 14.814255
v -0.085867 -2.906677 14.366341
v -3.590933 -1.753210 14.584335
v -0.085867 -2.906677 14.366341
v 0.012468 0.183786 14.814255
v 1.201843 -1.312685 14.986952
v 1.327003 0.007801 14.685706
v 1.201843 -1.312685 14.986952
v 0.012468 0.183786 14.814255
v 0.012468 0.183786 14.814255
v 1.379814 1.904764 14.375640
v 1.327003 0.007801 14.685706
v 0.012468 0.183786 14.814255
v -0.470535 2.384937 15.185398
v 1.379814 1.904764 14.375640
v -3.583244 0.341938 15.646893
v -8.413925 -2.105594 14.901599
v -7.561673 1.149125 16.257788
v -11.312037 -4.972180 11.777399
v -8.802264 -4.835252 12.842469
v -8.566667 -6.042187 11.142028
v -11.312037 -4.972180 11.777399
v -10.513757 -4.390429 13.127429
v -8.802264 -4.835252 12.842469
v -10.513757 -4.390429 13.127429
v -8.413925 -2.105594 14.901599
v -8.802264 -4.835252 12.842469
v -10.513757 -4.390429 13.127429
v -10.788780 -2.131070 14.674984
v -8.413925 -2.105594 14.901599
v -9.973316 1.936500 15.951812
v -8.413925 -2.105594 14.901599
v -10.788780 -2.131070 14.674984
v -9.973316 1.936500 15.951812
v -7.561673 1.149125 16.257788
v -8.413925 -2.105594 14.901599
v -7.561673 1.149125 16.257788
v -9.973316 1.936500 15.951812
v -6.795233 2.701913 16.372694
v -6.795233 2.701913 16.372694
v -3.583244 0.341938 15.646893
v -7.561673 1.149125 16.257788
v -6.795233 2.701913 16.372694
v -3.111784 2.273940 15.887241
v -3.583244 0.341938 15.646893
v -5.215098 4.582482 15.800254
v -3.111784 2.273940 15.887241
v -6.795233 2.701913 16.372694
v 1.240397 3.956308 14.305066
v -3.111784 2.273940 15.887241
v -5.215098 4.582482 15.800254
v 3.653354 2.434569 14.006616
v 7.484547 2.346705 15.486794
v 7.751252 1.252565 16.414593
v 7.751252 1.252565 16.414593
v 5.340638 -1.016685 16.399797
v 3.653354 2.434569 14.006616
v 10.848546 -3.299535 16.040508
v 9.077431 -1.930883 17.168146
v 10.481767 -1.202786 16.546820
v 10.481767 -1.202786 16.546820
v 9.077431 -1.930883 17.168146
v 9.080693 -0.808885 17.694221
v 9.080693 -0.808885 17.694221
v 9.077431 -1.930883 17.168146
v 7.941874 -1.630818 17.673813
v 7.965934 -0.971780 17.659658
v 9.080693 -0.808885 17.694221
v 7.941874 -1.630818 17.673813
v 7.941874 -1.630818 17.673813
v 6.302271 -1.463042 17.316263
v 7.965934 -0.971780 17.659658
v 7.965934 -0.971780 17.659658
v 6.302271 -1.463042 17.316263
v 7.370795 -0.669069 17.452667
v 6.302271 -1.463042 17.316263
v 5.398387 -1.581524 16.812355
v 7.370795 -0.669069 17.452667
v 5.398387 -1.581524 16.812355
v 5.340638 -1.016685 16.399797
v 7.370795 -0.669069 17.452667
v 8.961454 0.731203 17.327291
v 7.370795 -0.669069 17.452667
v 5.340638 -1.016685 16.399797
v 7.751252 1.252565 16.414593
v 8.961454 0.731203 17.327291
v 5.340638 -1.016685 16.399797
v 8.664720 2.346746 16.414810
v 8.961454 0.731203 17.327291
v 7.751252 1.252565 16.414593
v 8.664720 2.346746 16.414810
v 7.751252 1.252565 16.414593
v 7.484547 2.346705 15.486794
v 7.484547 2.346705 15.486794
v 8.184526 2.800941 14.845958
v 8.664720 2.346746 16.414810
v 6.359859 3.031913 12.791328
v 8.184526 2.800941 14.845958
v 7.484547 2.346705 15.486794
v 6.359859 3.031913 12.791328
v 7.484547 2.346705 15.486794
v 3.932290 3.350308 13.101558
v 3.653354 2.434569 14.006616
v 3.932290 3.350308 13.101558
v 7.484547 2.346705 15.486794
v 3.932290 3.350308 13.101558
v 3.653354 2.434569 14.006616
v 1.240397 3.956308 14.305066
v 9.077431 -1.930883 17.168146
v 10.848546 -3.299535 16.040508
v 9.387527 -3.516800 16.696199
v 9.077431 -1.930883 17.168146
v 9.387527 -3.516800 16.696199
v 7.941874 -1.630818 17.673813
v 10.218190 2.781078 16.880533
v 10.232661 0.900981 16.171484
v 10.164201 -0.483521 17.027372
v 10.164201 -0.483521 17.027372
v 10.232661 0.900981 16.171484
v 10.696642 1.120197 14.943951
v 10.164201 -0.483521 17.027372
v 10.696642 1.120197 14.943951
v 10.481767 -1.202786 16.546820
v 9.080693 -0.808885 17.694221
v 10.164201 -0.483521 17.027372
v 10.481767 -1.202786 16.546820
v 9.669969 0.569161 17.620123
v 10.164201 -0.483521 17.027372
v 9.080693 -0.808885 17.694221
v 8.961454 0.731203 17.327291
v 9.669969 0.569161 17.620123
v 9.080693 -0.808885 17.694221
v 8.961454 0.731203 17.327291
v 9.080693 -0.808885 17.694221
v 7.370795 -0.669069 17.452667
v 9.080693 -0.808885 17.694221
v 7.965934 -0.971780 17.659658
v 7.370795 -0.669069 17.452667
v 10.164201 -0.483521 17.027372
v 9.669969 0.569161 17.620123
v 10.218190 2.781078 16.880533
v 10.218190 2.781078 16.880533
v 10.045834 4.595604 18.447090
v 9.834624 3.078011 16.338865
v 10.218190 2.781078 16.880533
v 9.669969 0.569161 17.620123
v 10.045834 4.595604 18.447090
v 9.061109 2.469831 17.458166
v 10.045834 4.595604 18.447090
v 9.669969 0.569161 17.620123
v 8.961454 0.731203 17.327291
v 9.061109 2.469831 17.458166
v 9.669969 0.569161 17.620123
v 8.961454 0.731203 17.327291
v 9.008230 3.054849 17.043303
v 9.061109 2.469831 17.458166
v 8.664720 2.346746 16.414810
v 9.008230 3.054849 17.043303
v 8.961454 0.731203 17.327291
v 9.103696 3.035857 15.677114
v 9.008230 3.054849 17.043303
v 8.664720 2.346746 16.414810
v 9.103696 3.035857 15.677114
v 8.664720 2.346746 16.414810
v 8.184526 2.800941 14.845958
v 8.184526 2.800941 14.845958
v 8.991029 3.218690 13.839045
v 9.103696 3.035857 15.677114
v 8.991029 3.218690 13.839045
v 8.184526 2.800941 14.845958
v 6.359859 3.031913 12.791328
v 8.991029 3.218690 13.839045
v 6.359859 3.031913 12.791328
v 6.963014 3.730457 12.151755
v 6.963014 3.730457 12.151755
v 6.359859 3.031913 12.791328
v 4.479464 4.341350 11.063820
v 4.479464 4.341350 11.063820
v 6.359859 3.031913 12.791328
v 3.932290 3.350308 13.101558
v 4.479464 4.341350 11.063820
v 3.932290 3.350308 13.101558
v 1.722136 5.011604 13.722064
v 3.932290 3.350308 13.101558
v 1.240397 3.956308 14.305066
v 1.722136 5.011604 13.722064
v 1.722136 5.011604 13.722064
v 1.240397 3.956308 14.305066
v -4.921960 5.685991 15.103302
v 1.240397 3.956308 14.305066
v -5.215098 4.582482 15.800254
v -4.921960 5.685991 15.103302
v -5.215098 4.582482 15.800254
v -7.520420 5.517396 15.515530
v -4.921960 5.685991 15.103302
v 8.991029 3.218690 13.839045
v 6.963014 3.730457 12.151755
v 8.027420 4.694705 10.944507
v 8.991029 3.218690 13.839045
v 8.027420 4.694705 10.944507
v 9.590697 3.843481 11.782982
v 10.046547 3.725139 10.809355
v 8.027420 4.694705 10.944507
v 8.770482 4.864790 9.732581
v 10.046547 3.725139 10.809355
v 9.590697 3.843481 11.782982
v 8.027420 4.694705 10.944507
v 9.590697 3.843481 11.782982
v 10.046547 3.725139 10.809355
v 10.228481 2.783709 12.577047
v 10.228481 2.783709 12.577047
v 8.991029 3.218690 13.839045
v 9.590697 3.843481 11.782982
v 10.228481 2.783709 12.577047
v 10.139445 2.592886 13.812672
v 8.991029 3.218690 13.839045
v 8.991029 3.218690 13.839045
v 10.139445 2.592886 13.812672
v 9.639836 2.906423 15.281275
v 9.103696 3.035857 15.677114
v 8.991029 3.218690 13.839045
v 9.639836 2.906423 15.281275
v 9.639836 2.906423 15.281275
v 9.346089 3.503432 16.371805
v 9.103696 3.035857 15.677114
v 9.103696 3.035857 15.677114
v 9.346089 3.503432 16.371805
v 9.008230 3.054849 17.043303
v 9.346089 3.503432 16.371805
v 10.045834 4.595604 18.447090
v 9.008230 3.054849 17.043303
v 10.045834 4.595604 18.447090
v 9.061109 2.469831 17.458166
v 9.008230 3.054849 17.043303
v 9.834624 3.078011 16.338865
v 10.045834 4.595604 18.447090
v 9.346089 3.503432 16.371805
v 9.834624 3.078011 16.338865
v 9.346089 3.503432 16.371805
v 9.639836 2.906423 15.281275
v 11.821700 -5.590433 12.532717
v 12.346805 -2.635763 13.458276
v 12.520512 -3.226696 12.782520
v 12.156567 -3.178448 11.197595
v 11.821700 -5.590433 12.532717
v 12.520512 -3.226696 12.782520
v 12.520512 -3.226696 12.782520
v 12.391306 -1.141600 11.610360
v 12.156567 -3.178448 11.197595
v 12.391306 -1.141600 11.610360
v 11.211357 -0.801043 10.112133
v 12.156567 -3.178448 11.197595
v 11.211357 -0.801043 10.112133
v 12.391306 -1.141600 11.610360
v 12.078161 -0.401853 11.623362
v 11.211357 -0.801043 10.112133
v 12.078161 -0.401853 11.623362
v 11.187152 0.748090 11.090309
v 11.187152 0.748090 11.090309
v 12.078161 -0.401853 11.623362
v 10.910923 1.560275 11.514829
v 10.804221 2.116293 9.941263
v 11.187152 0.748090 11.090309
v 10.910923 1.560275 11.514829
v 10.910923 1.560275 11.514829
v 10.046547 3.725139 10.809355
v 10.804221 2.116293 9.941263
v 10.046547 3.725139 10.809355
v 10.910923 1.560275 11.514829
v 11.066422 1.247739 12.632710
v 10.228481 2.783709 12.577047
v 10.046547 3.725139 10.809355
v 11.066422 1.247739 12.632710
v 11.066422 1.247739 12.632710
v 10.958350 1.388546 13.480123
v 10.228481 2.783709 12.577047
v 10.958350 1.388546 13.480123
v 10.139445 2.592886 13.812672
v 10.228481 2.783709 12.577047
v 10.958350 1.388546 13.480123
v 10.696642 1.120197 14.943951
v 10.139445 2.592886 13.812672
v 9.639836 2.906423 15.281275
v 10.139445 2.592886 13.812672
v 10.696642 1.120197 14.943951
v 9.639836 2.906423 15.281275
v 10.696642 1.120197 14.943951
v 10.232661 0.900981 16.171484
v 10.232661 0.900981 16.171484
v 9.834624 3.078011 16.338865
v 9.639836 2.906423 15.281275
v 10.218190 2.781078 16.880533
v 9.834624 3.078011 16.338865
v 10.232661 0.900981 16.171484
v 12.078161 -0.401853 11.623362
v 11.066422 1.247739 12.632710
v 10.910923 1.560275 11.514829
v 12.029876 -1.823721 15.063121
v 11.213880 -1.828076 16.032961
v 10.481767 -1.202786 16.546820
v 11.130626 0.086463 15.034247
v 12.029876 -1.823721 15.063121
v 10.481767 -1.202786 16.546820
v 10.481767 -1.202786 16.546820
v 10.696642 1.120197 14.943951
v 11.130626 0.086463 15.034247
v 11.130626 0.086463 15.034247
v 10.696642 1.120197 14.943951
v 10.958350 1.388546 13.480123
v 12.325940 -1.636316 14.186336
v 11.130626 0.086463 15.034247
v 10.958350 1.388546 13.480123
v 12.325940 -1.636316 14.186336
v 10.958350 1.388546 13.480123
v 11.066422 1.247739 12.632710
v 12.200960 -0.577721 12.551334
v 12.325940 -1.636316 14.186336
v 11.066422 1.247739 12.632710
v 11.066422 1.247739 12.632710
v 12.078161 -0.401853 11.623362
v 12.200960 -0.577721 12.551334
v 12.200960 -0.577721 12.551334
v 12.078161 -0.401853 11.623362
v 12.391306 -1.141600 11.610360
v 12.200960 -0.577721 12.551334
v 12.391306 -1.141600 11.610360
v 12.514858 -1.662123 13.248652
v 12.520512 -3.226696 12.782520
v 12.514858 -1.662123 13.248652
v 12.391306 -1.141600 11.610360
v 12.346805 -2.635763 13.458276
v 12.514858 -1.662123 13.248652
v 12.520512 -3.226696 12.782520
v 12.346805 -2.635763 13.458276
v 12.325940 -1.636316 14.186336
v 12.514858 -1.662123 13.248652
v 11.924247 -2.319235 14.705187
v 12.325940 -1.636316 14.186336
v 12.346805 -2.635763 13.458276
v 11.924247 -2.319235 14.705187
v 12.029876 -1.823721 15.063121
v 12.325940 -1.636316 14.186336
v 11.924247 -2.319235 14.705187
v 10.848546 -3.299535 16.040508
v 12.029876 -1.823721 15.063121
v 12.029876 -1.823721 15.063121
v 10.848546 -3.299535 16.040508
v 11.213880 -1.828076 16.032961
v 10.848546 -3.299535 16.040508
v 10.481767 -1.202786 16.546820
v 11.213880 -1.828076 16.032961
v 11.130626 0.086463 15.034247
v 12.325940 -1.636316 14.186336
v 12.029876 -1.823721 15.063121
v 12.325940 -1.636316 14.186336
v 12.200960 -0.577721 12.551334
v 12.514858 -1.662123 13.248652
v 3.653354 2.434569 14.006616
v 1.327003 0.007801 14.685706
v 1.379814 1.904764 14.375640
v 3.653354 2.434569 14.006616
v 5.340638 -1.016685 16.399797
v 1.327003 0.007801 14.685706
v 1.201843 -1.312685 14.986952
v 1.327003 0.007801 14.685706
v 5.340638 -1.016685 16.399797
v 1.201843 -1.312685 14.986952
v 5.340638 -1.016685 16.399797
v 5.398387 -1.581524 16.812355
v 1.201843 -1.312685 14.986952
v 5.398387 -1.581524 16.812355
v 3.146835 -1.954294 16.009344
v 5.398387 -1.581524 16.812355
v 5.054741 -2.953269 16.824469
v 3.146835 -1.954294 16.009344
v 5.398387 -1.581524 16.812355
v 6.302271 -1.463042 17.316263
v 5.054741 -2.953269 16.824469
v 6.229456 -3.489384 17.025288
v 5.054741 -2.953269 16.824469
v 6.302271 -1.463042 17.316263
v 6.229456 -3.489384 17.025288
v 6.302271 -1.463042 17.316263
v 7.941874 -1.630818 17.673813
v 8.544428 -4.332115 16.728157
v 6.229456 -3.489384 17.025288
v 7.941874 -1.630818 17.673813
v 8.544428 -4.332115 16.728157
v 7.941874 -1.630818 17.673813
v 9.387527 -3.516800 16.696199
v 9.735317 -5.151772 16.133507
v 8.544428 -4.332115 16.728157
v 9.387527 -3.516800 16.696199
v 9.735317 -5.151772 16.133507
v 9.387527 -3.516800 16.696199
v 10.848546 -3.299535 16.040508
v 10.410927 -4.576051 15.429230
v 9.735317 -5.151772 16.133507
v 10.848546 -3.299535 16.040508
v 10.410927 -4.576051 15.429230
v 10.848546 -3.299535 16.040508
v 11.924247 -2.319235 14.705187
v 11.019795 -4.337148 13.727445
v 10.410927 -4.576051 15.429230
v 11.924247 -2.319235 14.705187
v 11.019795 -4.337148 13.727445
v 11.924247 -2.319235 14.705187
v 12.346805 -2.635763 13.458276
v 11.019795 -4.337148 13.727445
v 12.346805 -2.635763 13.458276
v 11.821700 -5.590433 12.532717
v -2.572282 5.561283 -0.099178
v 0.837431 5.449046 -0.374698
v 0.573109 6.961328 0.220157
v -10.406286 7.303583 12.921726
v -12.532850 8.201535 9.346476
v -9.940827 8.803177 9.013706
v -10.406286 7.303583 12.921726
v -9.940827 8.803177 9.013706
v -6.931175 7.533075 12.999862
v 9.782840 4.750668 7.136483
v 10.804221 2.116293 9.941263
v 10.046547 3.725139 10.809355
v 9.782840 4.750668 7.136483
v 10.046547 3.725139 10.809355
v 8.770482 4.864790 9.732581
v 10.414713 2.343191 8.084820
v 10.804221 2.116293 9.941263
v 9.782840 4.750668 7.136483
v 10.411498 2.421773 5.992360
v 10.414713 2.343191 8.084820
v 9.782840 4.750668 7.136483
v 10.411498 2.421773 5.992360
v 9.782840 4.750668 7.136483
v 9.724698 4.682524 4.943496
v 9.868848 2.526295 2.597672
v 10.411498 2.421773 5.992360
v 9.724698 4.682524 4.943496
v 9.868848 2.526295 2.597672
v 9.724698 4.682524 4.943496
v 9.047291 4.241233 2.549715
v 8.922121 2.751220 0.672242
v 9.868848 2.526295 2.597672
v 9.047291 4.241233 2.549715
v 8.922121 2.751220 0.672242
v 9.047291 4.241233 2.549715
v 8.370332 4.044552 0.892087
v 6.056009 5.403068 0.170015
v 0.573109 6.961328 0.220157
v 0.837431 5.449046 -0.374698
v 6.056009 5.403068 0.170015
v 0.837431 5.449046 -0.374698
v 6.130226 3.941646 -0.240608
v 8.370332 4.044552 0.892087
v 6.056009 5.403068 0.170015
v 6.130226 3.941646 -0.240608
v 8.370332 4.044552 0.892087
v 6.130226 3.941646 -0.240608
v 8.922121 2.751220 0.672242
v 9.342254 0.984101 0.867547
v 8.922121 2.751220 0.672242
v 6.130226 3.941646 -0.240608
v 9.342254 0.984101 0.867547
v 6.130226 3.941646 -0.240608
v 6.341572 0.380273 -0.214558
v 9.342254 0.984101 0.867547
v 6.341572 0.380273 -0.214558
v 9.150349 -0.064398 0.888402
v 6.341572 0.380273 -0.214558
v 7.934063 -0.776100 0.151495
v 9.150349 -0.064398 0.888402
v 7.934063 -0.776100 0.151495
v 6.341572 0.380273 -0.214558
v 5.388240 -4.991757 -0.410054
v 7.934063 -0.776100 0.151495
v 5.388240 -4.991757 -0.410054
v 8.929213 -3.509102 0.330750
v 0.682935 0.694722 -0.415831
v 5.388240 -4.991757 -0.410054
v 6.341572 0.380273 -0.214558
v 0.682935 0.694722 -0.415831
v 6.341572 0.380273 -0.214558
v 6.130226 3.941646 -0.240608
v 0.682935 0.694722 -0.415831
v 6.130226 3.941646 -0.240608
v 0.837431 5.449046 -0.374698
v 0.837431 5.449046 -0.374698
v -2.572282 5.561283 -0.099178
v 0.682935 0.694722 -0.415831
v 0.682935 0.694722 -0.415831
v -2.572282 5.561283 -0.099178
v -2.012256 -3.996907 -0.522247
v 0.963836 -4.093256 -0.767044
v 0.682935 0.694722 -0.415831
v -2.012256 -3.996907 -0.522247
v 5.388240 -4.991757 -0.410054
v 0.682935 0.694722 -0.415831
v 0.963836 -4.093256 -0.767044
v 7.845054 -7.623681 8.131734
v 5.675989 -9.384627 6.736105
v 5.430868 -9.942052 9.135019
v 9.697525 -7.002587 11.938663
v 5.747488 -7.861616 12.116504
v 8.843275 -6.883350 12.688141
v 9.697525 -7.002587 11.938663
v 7.607820 -8.979062 10.833201
v 5.747488 -7.861616 12.116504
v 10.007122 -6.321180 10.641392
v 7.607820 -8.979062 10.833201
v 9.697525 -7.002587 11.938663
v 10.007122 -6.321180 10.641392
v 7.845054 -7.623681 8.131734
v 7.607820 -8.979062 10.833201
v 7.845054 -7.623681 8.131734
v 5.430868 -9.942052 9.135019
v 7.607820 -8.979062 10.833201
v 7.607820 -8.979062 10.833201
v 5.430868 -9.942052 9.135019
v 2.855315 -8.631036 11.118752
v 7.607820 -8.979062 10.833201
v 2.855315 -8.631036 11.118752
v 5.747488 -7.861616 12.116504
v 12.731527 -3.725863 9.270228
v 15.933140 -0.731884 9.716186
v 15.151821 -1.303072 8.112978
v 12.731527 -3.725863 9.270228
v 13.288754 -4.019759 11.389901
v 15.933140 -0.731884 9.716186
v 11.080503 -4.887156 10.320254
v 13.288754 -4.019759 11.389901
v 12.731527 -3.725863 9.270228
v 11.080503 -4.887156 10.320254
v 11.521742 -5.692923 11.579430
v 13.288754 -4.019759 11.389901
v 11.521742 -5.692923 11.579430
v 11.390257 -5.163050 12.787068
v 13.288754 -4.019759 11.389901
v 13.288754 -4.019759 11.389901
v 11.390257 -5.163050 12.787068
v 12.867117 -2.611947 12.272330
v 13.288754 -4.019759 11.389901
v 12.867117 -2.611947 12.272330
v 14.832586 0.493749 11.547759
v 13.288754 -4.019759 11.389901
v 14.832586 0.493749 11.547759
v 15.933140 -0.731884 9.716186
vn 0.0100 0.8933 0.4494
vn 0.1327 0.9686 0.2103
vn -0.0328 0.9918 0.1239
vn 0.0101 0.8933 0.4494
vn 0.1772 0.8815 0.4376
vn 0.3676 0.9164 0.1582
vn 0.1772 0.8816 0.4376
vn 0.3677 0.9164 0.1582
vn 0.2601 0.8612 0.4366
vn 0.2017 0.9478 0.2469
vn -0.0647 0.5575 0.8277
vn 0.1052 0.7686 0.6311
vn 0.1053 0.7686 0.6310
vn 0.1773 0.8815 0.4376
vn 0.4259 0.7626 0.4868
vn 0.4260 0.7627 0.4867
vn 0.3095 0.7741 0.5522
vn 0.3676 0.9164 0.1581
vn 0.3095 0.7742 0.5522
vn 0.1089 0.9287 0.3544
vn 0.2600 0.8612 0.4366
vn 0.2600 0.8613 0.4366
vn 0.1376 0.9659 0.2193
vn 0.1377 0.9659 0.2194
vn 0.2909 0.9467 -0.1384
vn 0.1981 0.9797 -0.0311
vn 0.1377 0.9659 0.2193
vn 0.1892 0.9794 -0.0704
vn 0.2908 0.9467 -0.1384
vn 0.1980 0.9797 -0.0310
vn 0.2342 0.9649 0.1191
vn 0.1892 0.9794 -0.0703
vn 0.1981 0.9797 -0.0310
vn 0.3020 0.9533 -0.0019
vn 0.2342 0.9648 0.1191
vn 0.7413 0.6564 -0.1402
vn 0.2343 0.9648 0.1191
vn 0.7118 0.6292 -0.3121
vn 0.3850 0.9033 -0.1892
vn 0.6154 0.5289 -0.5844
vn 0.1981 0.9797 -0.0309
vn 0.2342 0.9648 0.1192
vn -0.1644 0.7934 0.5861
vn 0.1089 0.9287 0.3545
vn 0.7413 0.6564 -0.1403
vn 0.7068 0.7073 0.0141
vn 0.3137 0.9259 0.2103
vn 0.2342 0.9649 0.1192
vn 0.3136 0.9260 0.2103
vn 0.3136 0.9260 0.2104
vn 0.4260 0.7626 0.4867
vn 0.4158 0.5272 0.7410
vn 0.4260 0.7626 0.4868
vn 0.1722 0.5839 0.7933
vn 0.4158 0.5272 0.7411
vn 0.1722 0.5839 0.7934
vn 0.4259 0.7627 0.4868
vn 0.1052 0.7685 0.6311
vn -0.0035 0.9296 -0.3686
vn -0.0606 0.9850 -0.1616
vn 0.1704 0.9804 -0.0991
vn -0.2344 0.9521 -0.1964
vn 0.0528 0.9953 -0.0816
vn -0.2345 0.9521 -0.1964
vn 0.1705 0.9804 -0.0990
vn 0.1893 0.9794 -0.0703
vn 0.1506 0.9804 0.1274
vn 0.3849 0.9034 -0.1891
vn 0.1506 0.9804 0.1273
vn 0.3019 0.9533 -0.0019
vn 0.3850 0.9033 -0.1891
vn 0.1639 0.9858 -0.0365
vn 0.6155 0.5289 -0.5844
vn 0.3351 0.6421 -0.6896
vn 0.1639 0.9858 -0.0366
vn 0.3849 0.9033 -0.1892
vn 0.3350 0.6420 -0.6896
vn 0.0843 0.7674 -0.6357
vn 0.0843 0.7673 -0.6357
vn 0.0528 0.9953 -0.0817
vn 0.0843 0.7674 -0.6356
vn -0.0667 0.9785 -0.1950
vn 0.0527 0.9953 -0.0816
vn -0.1222 0.8509 -0.5109
vn -0.1222 0.8509 -0.5108
vn -0.0035 0.9296 -0.3687
vn -0.3162 0.6630 -0.6786
vn -0.0036 0.9295 -0.3687
vn -0.1223 0.8509 -0.5108
vn -0.3161 0.6630 -0.6786
vn -0.3751 0.8386 -0.3950
vn -0.0607 0.9850 -0.1616
vn -0.3751 0.8386 -0.3949
vn -0.4284 0.9035 0.0135
vn -0.0608 0.9850 -0.1616
vn -0.3699 0.8911 0.2628
vn -0.0607 0.9850 -0.1615
vn -0.0329 0.9918 0.1238
vn -0.0328 0.9918 0.1238
vn 0.1844 0.9815 -0.0511
vn 0.1893 0.9794 -0.0704
vn 0.1844 0.9815 -0.0512
vn 0.3677 0.9164 0.1581
vn -0.6287 0.6496 -0.4275
vn -0.7311 0.6801 0.0540
vn -0.4330 0.4129 -0.8013
vn -0.6287 0.6495 -0.4276
vn -0.3162 0.6629 -0.6786
vn -0.2607 0.4126 -0.8728
vn -0.2018 0.5397 -0.8173
vn -0.0567 0.1975 -0.9787
vn -0.2606 0.4126 -0.8728
vn -0.2018 0.5396 -0.8174
vn -0.0994 0.7215 -0.6852
vn -0.0567 0.1976 -0.9787
vn -0.0292 0.1751 -0.9841
vn -0.0567 0.1976 -0.9786
vn 0.0842 0.7674 -0.6356
vn -0.0666 0.9785 -0.1951
vn -0.0667 0.9785 -0.1951
vn -0.2607 0.4127 -0.8728
vn -0.2606 0.4127 -0.8728
vn -0.7311 0.6801 0.0541
vn -0.4285 0.9034 0.0134
vn -0.4285 0.9034 0.0135
vn -0.6891 0.6461 0.3283
vn -0.3700 0.8911 0.2628
vn -0.3700 0.8911 0.2629
vn -0.5443 0.6373 0.5455
vn -0.2154 0.8281 0.5176
vn -0.3470 0.5457 0.7628
vn -0.5679 0.3337 0.7524
vn -0.3470 0.5456 0.7628
vn -0.7454 0.4056 0.5291
vn -0.5680 0.3337 0.7524
vn -0.6743 -0.0052 0.7385
vn -0.7454 0.4055 0.5291
vn -0.6743 -0.0052 0.7384
vn -0.7454 0.4055 0.5292
vn -0.8329 0.1774 0.5242
vn -0.8330 0.1774 0.5241
vn -0.8565 0.3876 0.3407
vn -0.5444 0.6373 0.5455
vn -0.6891 0.6460 0.3283
vn -0.8565 0.3877 0.3407
vn -0.9168 0.3789 0.1260
vn -0.6288 0.6495 -0.4275
vn -0.8918 0.3853 -0.2370
vn -0.7043 0.3165 -0.6354
vn -0.6288 0.6495 -0.4276
vn -0.8918 0.3853 -0.2371
vn -0.7044 0.3165 -0.6354
vn -0.9816 -0.0328 -0.1881
vn -0.9169 0.3788 0.1260
vn -0.9816 -0.0328 -0.1880
vn -0.9922 -0.0410 0.1181
vn -0.8566 0.3876 0.3407
vn -0.9168 0.3788 0.1260
vn -0.9538 0.0219 0.2997
vn -0.9538 0.0219 0.2998
vn -0.8546 -0.1392 0.5004
vn -0.8545 -0.1392 0.5004
vn -0.8545 -0.1393 0.5004
vn -0.5974 -0.2875 0.7486
vn -0.6743 -0.0053 0.7384
vn -0.5974 -0.2875 0.7487
vn -0.4937 0.0122 0.8695
vn -0.4938 0.0123 0.8695
vn -0.4937 0.0123 0.8695
vn -0.2639 0.2459 0.9327
vn -0.2638 0.2459 0.9327
vn -0.0648 0.5574 0.8277
vn -0.2153 0.8281 0.5176
vn -0.0648 0.5575 0.8277
vn -0.8155 0.0603 -0.5756
vn -0.8149 -0.3885 0.4300
vn -0.9052 -0.3944 0.1581
vn -0.8150 -0.3885 0.4299
vn -0.8546 -0.1392 0.5003
vn -0.9538 0.0218 0.2998
vn -0.9052 -0.3945 0.1580
vn -0.9921 -0.0411 0.1181
vn -0.8902 -0.3956 -0.2261
vn -0.9922 -0.0411 0.1181
vn -0.9816 -0.0329 -0.1881
vn -0.8901 -0.3956 -0.2261
vn -0.8482 -0.1877 -0.4953
vn -0.5652 0.2031 -0.7996
vn -0.5651 0.2032 -0.7996
vn -0.8155 0.0603 -0.5757
vn -0.4115 0.0878 -0.9072
vn -0.4330 0.4128 -0.8013
vn -0.1393 0.1332 -0.9812
vn -0.1393 0.1332 -0.9813
vn -0.0346 0.0539 -0.9979
vn -0.1393 0.1331 -0.9813
vn -0.0754 -0.2072 -0.9754
vn -0.0755 -0.2072 -0.9754
vn -0.1415 -0.0243 -0.9896
vn -0.1415 -0.0242 -0.9896
vn -0.0346 0.0540 -0.9979
vn -0.1394 0.1332 -0.9812
vn -0.4871 -0.1407 -0.8619
vn -0.4872 -0.1407 -0.8619
vn -0.4116 0.0878 -0.9071
vn -0.7883 -0.2811 -0.5473
vn -0.7883 -0.2812 -0.5473
vn -0.7250 -0.0446 -0.6873
vn -0.8902 -0.3956 -0.2262
vn -0.8901 -0.3956 -0.2262
vn -0.5652 0.2032 -0.7995
vn -0.0647 0.5574 0.8277
vn 0.0219 0.0748 0.9970
vn 0.1405 0.3522 0.9253
vn 0.0219 0.0749 0.9970
vn -0.2999 -0.0813 0.9505
vn -0.2744 -0.3922 0.8780
vn -0.3000 -0.0814 0.9505
vn -0.5390 -0.5441 0.6430
vn -0.5390 -0.5441 0.6429
vn -0.8149 -0.3886 0.4300
vn -0.7035 -0.6261 0.3361
vn -0.9052 -0.3945 0.1581
vn -0.7036 -0.6261 0.3361
vn -0.8150 -0.3886 0.4299
vn -0.7568 -0.6495 0.0733
vn -0.7587 -0.6260 -0.1805
vn -0.7568 -0.6495 0.0732
vn -0.7587 -0.6259 -0.1805
vn -0.7107 -0.5280 -0.4648
vn -0.7107 -0.5280 -0.4649
vn -0.4872 -0.1408 -0.8619
vn -0.3772 -0.5523 -0.7435
vn -0.3771 -0.5523 -0.7435
vn -0.4871 -0.1408 -0.8619
vn -0.4784 -0.8510 0.2166
vn -0.7035 -0.6262 0.3361
vn -0.7568 -0.6496 0.0732
vn -0.5337 -0.8441 -0.0510
vn -0.4784 -0.8510 0.2165
vn -0.7586 -0.6260 -0.1805
vn -0.5170 -0.7967 -0.3131
vn -0.7107 -0.5281 -0.4648
vn -0.3772 -0.5523 -0.7434
vn -0.5170 -0.7966 -0.3131
vn -0.7107 -0.5281 -0.4649
vn -0.2456 -0.9298 -0.2741
vn -0.5169 -0.7967 -0.3131
vn -0.5337 -0.8442 -0.0510
vn -0.2518 -0.9676 0.0186
vn -0.4783 -0.8511 0.2165
vn -0.1466 -0.7233 -0.6748
vn -0.0208 -0.7535 -0.6571
vn -0.0521 -0.9657 -0.2543
vn -0.2455 -0.9298 -0.2741
vn -0.0207 -0.7535 -0.6571
vn -0.2517 -0.9676 0.0185
vn -0.0522 -0.9657 -0.2542
vn -0.3771 -0.5523 -0.7434
vn -0.0979 -0.3144 -0.9442
vn -0.1466 -0.7232 -0.6749
vn -0.0207 -0.7534 -0.6572
vn -0.0576 -0.7647 -0.6418
vn -0.0207 -0.7535 -0.6572
vn -0.0521 -0.9657 -0.2542
vn 0.1090 -0.9765 -0.1858
vn -0.0709 -0.9957 0.0589
vn -0.1750 -0.9398 0.2935
vn -0.2517 -0.9676 0.0186
vn -0.0709 -0.9957 0.0590
vn -0.1751 -0.9398 0.2935
vn -0.4783 -0.8511 0.2166
vn -0.3900 -0.8014 0.4535
vn -0.3901 -0.8013 0.4535
vn -0.5390 -0.5442 0.6430
vn -0.2073 -0.7196 0.6628
vn -0.5389 -0.5442 0.6430
vn -0.2073 -0.7195 0.6628
vn -0.2743 -0.3923 0.8780
vn -0.0073 -0.9087 0.4174
vn 0.0076 -0.9612 -0.2756
vn 0.1091 -0.9765 -0.1858
vn 0.0076 -0.9613 -0.2756
vn 0.2298 -0.9429 -0.2410
vn -0.0979 -0.3143 -0.9443
vn -0.0979 -0.3143 -0.9442
vn -0.0754 -0.2073 -0.9754
vn -0.0496 -0.7094 -0.7031
vn -0.0225 -0.9945 -0.1021
vn 0.2297 -0.9429 -0.2410
vn -0.0226 -0.9945 -0.1021
vn -0.0225 -0.9945 -0.1020
vn 0.1853 -0.9810 -0.0579
vn 0.2597 -0.9558 0.1379
vn 0.1091 -0.9765 -0.1857
vn 0.1422 -0.9836 0.1109
vn 0.1421 -0.9836 0.1109
vn 0.1237 -0.8987 0.4208
vn 0.1238 -0.8986 0.4209
vn 0.0707 -0.7748 0.6283
vn -0.0073 -0.9087 0.4175
vn -0.1124 -0.8801 0.4612
vn -0.1125 -0.8801 0.4612
vn -0.0226 -0.9945 -0.1020
vn 0.0146 -0.7941 -0.6076
vn 0.0105 -0.8294 0.5585
vn -0.0250 -0.7325 0.6803
vn 0.0707 -0.7747 0.6283
vn -0.1124 -0.8801 0.4613
vn -0.0058 -0.0815 -0.9967
vn -0.0496 -0.7094 -0.7030
vn 0.0145 -0.7942 -0.6075
vn -0.0057 -0.0815 -0.9967
vn 0.0146 -0.7942 -0.6075
vn 0.1356 -0.1758 -0.9750
vn 0.2656 -0.8565 -0.4425
vn 0.2656 -0.8565 -0.4426
vn -0.0223 -0.9945 -0.1019
vn 0.2657 -0.8565 -0.4425
vn 0.2129 -0.9768 0.0231
vn 0.2128 -0.9768 0.0231
vn 0.2129 -0.9768 0.0232
vn 0.2596 -0.9558 0.1380
vn 0.1451 -0.9181 0.3688
vn 0.3014 -0.9260 0.2273
vn 0.2597 -0.9558 0.1380
vn 0.3015 -0.9260 0.2273
vn 0.6673 -0.6781 0.3080
vn 0.6673 -0.6782 0.3080
vn 0.7994 -0.5916 0.1048
vn 0.7994 -0.5916 0.1049
vn 0.6477 -0.4771 -0.5941
vn 0.6477 -0.4771 -0.5940
vn 0.8356 -0.0255 -0.5487
vn 0.6476 -0.4771 -0.5940
vn 0.8356 -0.0256 -0.5488
vn 0.9770 -0.1585 0.1427
vn 0.6673 -0.6781 0.3079
vn 0.8615 -0.5013 -0.0804
vn 0.6231 -0.7806 0.0486
vn 0.8615 -0.5014 -0.0804
vn 0.1223 -0.6198 -0.7751
vn 0.1830 -0.9831 -0.0053
vn 0.1224 -0.6198 -0.7752
vn 0.1830 -0.9831 -0.0052
vn 0.1224 -0.6198 -0.7751
vn -0.3389 -0.5649 -0.7524
vn -0.1666 -0.9521 -0.2565
vn -0.3389 -0.5649 -0.7523
vn 0.1329 -0.9316 0.3384
vn 0.6490 -0.3190 -0.6907
vn 0.6490 -0.3190 -0.6906
vn 0.9178 -0.3304 -0.2201
vn 0.8884 -0.4491 -0.0950
vn 0.9178 -0.3304 -0.2200
vn 0.9424 -0.3030 -0.1416
vn 0.8884 -0.4491 -0.0951
vn 0.9424 -0.3030 -0.1415
vn 0.9178 -0.3303 -0.2201
vn 0.9193 -0.0220 -0.3931
vn 0.7013 0.0041 -0.7129
vn 0.9193 -0.0219 -0.3931
vn -0.6972 -0.7094 0.1033
vn -0.8134 -0.5265 -0.2471
vn -0.4640 -0.7951 -0.3906
vn -0.8134 -0.5265 -0.2472
vn -0.5940 -0.4279 -0.6812
vn -0.5939 -0.4279 -0.6813
vn -0.1906 -0.6246 -0.7573
vn -0.0710 -0.3963 -0.9154
vn -0.1905 -0.6246 -0.7573
vn 0.1933 -0.3099 -0.9309
vn 0.1070 -0.2617 -0.9592
vn 0.1070 -0.2616 -0.9592
vn -0.0710 -0.3962 -0.9154
vn 0.1224 -0.6199 -0.7751
vn 0.4404 -0.2081 -0.8733
vn 0.6491 -0.3190 -0.6906
vn 0.6490 -0.3189 -0.6907
vn 0.4404 -0.2082 -0.8733
vn 0.7992 -0.3224 -0.5072
vn 0.7992 -0.3223 -0.5073
vn 0.4404 -0.2081 -0.8734
vn 0.9062 -0.0853 -0.4142
vn 0.7013 0.0042 -0.7128
vn 0.8644 0.1046 -0.4918
vn 0.9192 -0.0220 -0.3931
vn 0.9193 -0.0219 -0.3930
vn 0.9017 0.3225 -0.2879
vn 0.9653 0.2522 -0.0672
vn 0.9864 0.0644 -0.1509
vn 0.9864 0.0643 -0.1510
vn 0.9971 0.0374 -0.0657
vn 0.8884 -0.4490 -0.0951
vn 0.9431 0.1300 -0.3061
vn 0.9431 0.1301 -0.3061
vn 0.8885 -0.4490 -0.0950
vn 0.9657 -0.2519 -0.0635
vn 0.9757 -0.2149 -0.0429
vn 0.9431 0.1300 -0.3060
vn 0.9657 -0.2519 -0.0634
vn 0.6913 -0.6734 0.2620
vn 0.9757 -0.2150 -0.0429
vn 0.9757 -0.2150 -0.0430
vn 0.7876 0.0175 -0.6159
vn 0.7388 -0.2367 -0.6310
vn 0.5208 -0.8536 0.0081
vn 0.6720 0.1774 -0.7190
vn 0.7993 -0.3224 -0.5072
vn 0.9166 -0.3411 0.2086
vn 0.6010 -0.7615 0.2429
vn 0.7993 -0.3223 -0.5072
vn 0.9062 -0.0854 -0.4141
vn 0.9166 -0.3411 0.2085
vn 0.7387 -0.2367 -0.6311
vn 0.5208 -0.8537 0.0080
vn 0.4976 0.0426 -0.8664
vn 0.9518 0.0386 -0.3043
vn 0.5208 -0.8536 0.0080
vn 0.8356 -0.0256 -0.5487
vn 0.4976 0.0425 -0.8664
vn 0.9518 0.0387 -0.3042
vn 0.8286 -0.4610 0.3176
vn 0.8356 -0.0255 -0.5488
vn 0.9770 -0.1584 0.1427
vn 0.8286 -0.4610 0.3175
vn 0.7354 -0.4959 0.4618
vn 0.7354 -0.4958 0.4618
vn 0.7759 -0.6166 0.1332
vn 0.7355 -0.4958 0.4618
vn 0.9424 -0.3031 -0.1416
vn 0.7759 -0.6166 0.1331
vn 0.7760 -0.6166 0.1332
vn 0.8287 -0.4610 0.3176
vn 0.6914 -0.6733 0.2620
vn 0.8287 -0.4610 0.3175
vn 0.9518 0.0387 -0.3043
vn 0.7355 -0.4958 0.4617
vn 0.8286 -0.4611 0.3175
vn 0.1721 -0.9163 0.3617
vn 0.0268 -0.9467 0.3209
vn -0.0688 -0.9328 0.3538
vn 0.6688 -0.5927 0.4487
vn 0.1722 -0.9163 0.3617
vn -0.0689 -0.9328 0.3538
vn 0.6010 -0.7615 0.2427
vn 0.6688 -0.5928 0.4486
vn 0.6009 -0.7615 0.2429
vn 0.8981 -0.1271 0.4211
vn 0.7907 -0.3392 0.5097
vn 0.8981 -0.1271 0.4210
vn 0.7907 -0.3392 0.5096
vn 0.8470 -0.3755 0.3763
vn 0.6688 -0.5928 0.4487
vn 0.8469 -0.3755 0.3764
vn 0.4354 -0.5589 0.7057
vn 0.1722 -0.9162 0.3617
vn 0.1624 -0.9784 0.1278
vn 0.6010 -0.7615 0.2428
vn 0.1625 -0.9784 0.1278
vn 0.2077 -0.8281 0.5207
vn 0.1341 -0.3592 0.9236
vn -0.1508 -0.2760 0.9493
vn 0.0172 -0.7301 0.6831
vn 0.1342 -0.3592 0.9236
vn 0.0171 -0.7301 0.6832
vn 0.4354 -0.5589 0.7058
vn 0.1721 -0.9162 0.3618
vn -0.0491 -0.9184 0.3927
vn 0.0987 -0.8822 0.4605
vn 0.0269 -0.9467 0.3209
vn 0.1506 -0.8875 0.4355
vn 0.0987 -0.8821 0.4605
vn 0.2078 -0.8281 0.5207
vn 0.2078 -0.8281 0.5206
vn 0.1965 -0.9805 0.0092
vn 0.1965 -0.9805 0.0091
vn 0.1625 -0.9784 0.1279
vn 0.1966 -0.9804 0.0091
vn 0.2266 -0.6395 -0.7347
vn 0.6010 -0.7614 0.2428
vn 0.5278 -0.5392 -0.6563
vn 0.1144 -0.8586 -0.4997
vn 0.2266 -0.6394 -0.7347
vn 0.1144 -0.8587 -0.4996
vn -0.1033 -0.9531 -0.2846
vn -0.1256 -0.9739 0.1891
vn -0.1034 -0.9531 -0.2846
vn -0.1256 -0.9739 0.1892
vn 0.0987 -0.8821 0.4606
vn -0.4238 -0.8030 0.4189
vn -0.1257 -0.9739 0.1892
vn -0.4239 -0.8031 0.4189
vn -0.1919 -0.0460 0.9803
vn -0.0183 -0.8557 0.5171
vn -0.1509 -0.2759 0.9493
vn -0.0183 -0.8557 0.5172
vn -0.1307 -0.9607 0.2450
vn -0.1308 -0.9607 0.2451
vn -0.5896 -0.7264 0.3531
vn -0.1307 -0.9607 0.2451
vn -0.5896 -0.7264 0.3532
vn -0.0491 -0.9183 0.3927
vn -0.6972 -0.7094 0.1034
vn -0.4239 -0.8030 0.4189
vn -0.4238 -0.8031 0.4189
vn -0.4639 -0.7951 -0.3905
vn -0.1257 -0.9739 0.1891
vn -0.4639 -0.7952 -0.3906
vn -0.1034 -0.9530 -0.2846
vn -0.4639 -0.7951 -0.3906
vn -0.1905 -0.6247 -0.7573
vn -0.1034 -0.9530 -0.2847
vn -0.1906 -0.6247 -0.7573
vn 0.1143 -0.8586 -0.4997
vn 0.1933 -0.3098 -0.9309
vn 0.1071 -0.2617 -0.9592
vn 0.1071 -0.2616 -0.9592
vn -0.1923 -0.9753 0.1084
vn -0.1923 -0.9753 0.1085
vn -0.1667 -0.9521 -0.2565
vn -0.3188 -0.8082 -0.4951
vn -0.8135 -0.5265 -0.2472
vn -0.8135 -0.5265 -0.2471
vn -0.8207 -0.5629 0.0976
vn -0.3189 -0.8082 -0.4951
vn -0.7281 -0.6808 0.0795
vn -0.8208 -0.5629 0.0976
vn -0.7281 -0.6808 0.0796
vn -0.5413 -0.8350 -0.0986
vn -0.7281 -0.6809 0.0795
vn -0.1924 -0.9753 0.1085
vn -0.5895 -0.7265 0.3531
vn -0.4195 -0.9054 0.0654
vn -0.4195 -0.9054 0.0655
vn -0.0714 -0.6440 0.7617
vn -0.1919 -0.0461 0.9803
vn -0.0713 -0.6440 0.7617
vn -0.0182 -0.8557 0.5171
vn -0.1918 -0.0461 0.9803
vn -0.1484 0.4562 0.8774
vn -0.4305 0.3712 0.8227
vn -0.1483 0.4562 0.8774
vn -0.4304 0.3713 0.8227
vn -0.8757 0.1867 0.4454
vn -0.4484 -0.2543 0.8569
vn -0.8757 0.1867 0.4453
vn -0.4485 -0.2543 0.8569
vn -0.5064 -0.5799 0.6382
vn -0.8483 0.4238 -0.3174
vn -0.2772 -0.5920 0.7568
vn -0.2168 -0.2746 0.9368
vn -0.3086 0.0383 0.9504
vn -0.4485 -0.2542 0.8569
vn -0.4304 0.3712 0.8227
vn -0.1157 0.5770 0.8085
vn -0.7669 -0.3912 0.5088
vn -0.3956 -0.8225 0.4087
vn -0.3955 -0.8225 0.4086
vn -0.0714 -0.6441 0.7616
vn -0.7189 -0.6599 -0.2185
vn -0.5413 -0.8350 -0.0987
vn -0.3440 -0.9277 0.1449
vn -0.5414 -0.8350 -0.0986
vn -0.3440 -0.9277 0.1450
vn -0.1968 -0.9030 0.3820
vn -0.7280 -0.6809 0.0796
vn -0.7281 -0.6809 0.0796
vn -0.1967 -0.9030 0.3821
vn -0.8207 -0.5630 0.0976
vn -0.8207 -0.5629 0.0977
vn -0.1967 -0.9030 0.3820
vn 0.1329 -0.9315 0.3385
vn -0.3189 -0.8082 -0.4952
vn -0.3188 -0.8082 -0.4952
vn 0.1328 -0.9316 0.3384
vn -0.2817 -0.8272 -0.4863
vn -0.2817 -0.8272 -0.4862
vn -0.1666 -0.9520 -0.2566
vn -0.2817 -0.8272 -0.4861
vn 0.1831 -0.9831 -0.0052
vn 0.3015 -0.9260 0.2274
vn -0.7669 -0.3911 0.5089
vn -0.7668 -0.3912 0.5089
vn -0.3956 -0.8225 0.4086
vn -0.8483 0.4239 -0.3174
vn -0.8483 0.4239 -0.3175
vn 0.0337 -0.9041 0.4259
vn -0.1968 -0.9029 0.3821
vn 0.0336 -0.9041 0.4259
vn -0.0516 -0.9070 0.4180
vn -0.1967 -0.9029 0.3821
vn -0.0516 -0.9069 0.4181
vn 0.1328 -0.9315 0.3385
vn 0.0105 -0.8295 0.5585
vn 0.1328 -0.9316 0.3385
vn 0.0105 -0.8295 0.5584
vn 0.1450 -0.9181 0.3689
vn 0.1238 -0.8987 0.4208
vn 0.1451 -0.9181 0.3689
vn -0.5063 -0.5799 0.6382
vn -0.5063 -0.5800 0.6382
vn -0.2772 -0.5920 0.7567
vn -0.2516 -0.8809 0.4008
vn -0.2516 -0.8810 0.4007
vn -0.0516 -0.9070 0.4181
vn -0.2515 -0.8810 0.4008
vn -0.0929 -0.8889 0.4486
vn -0.0928 -0.8889 0.4487
vn 0.0104 -0.8295 0.5585
vn 0.0148 -0.7154 0.6986
vn 0.0149 -0.7153 0.6986
vn -0.0430 -0.6175 0.7854
vn -0.0113 -0.4769 0.8789
vn 0.0518 -0.4861 0.8724
vn 0.1446 -0.3064 0.9409
vn -0.0113 -0.4768 0.8789
vn 0.1285 -0.0685 0.9893
vn 0.1446 -0.3064 0.9408
vn 0.1286 -0.0685 0.9893
vn 0.2009 0.0342 0.9790
vn 0.2998 0.0727 0.9512
vn 0.3078 0.2702 0.9123
vn 0.2998 0.0728 0.9512
vn 0.2370 0.0723 0.9688
vn -0.0314 0.5105 0.8593
vn 0.0149 -0.7154 0.6986
vn -0.2515 -0.8809 0.4008
vn 0.0148 -0.7153 0.6986
vn 0.0517 -0.4861 0.8724
vn 0.0518 -0.4860 0.8724
vn -0.0445 0.2538 0.9662
vn 0.1285 -0.0684 0.9893
vn -0.0521 -0.2197 0.9742
vn -0.2073 -0.7196 0.6627
vn -0.2072 -0.7196 0.6628
vn -0.0250 -0.7325 0.6804
vn -0.2072 -0.7195 0.6628
vn -0.2999 -0.0814 0.9505
vn -0.2743 -0.3922 0.8780
vn -0.0114 -0.4768 0.8789
vn -0.0522 -0.2197 0.9742
vn -0.0522 -0.2196 0.9742
vn 0.1446 -0.3063 0.9409
vn 0.2008 0.0341 0.9790
vn 0.0220 0.0748 0.9970
vn 0.2008 0.0342 0.9790
vn -0.4233 0.4423 0.7907
vn -0.2954 0.7735 0.5608
vn -0.4233 0.4422 0.7907
vn -0.3663 0.4751 0.8001
vn 0.6818 -0.3099 0.6627
vn 0.6843 0.0139 0.7291
vn 0.4052 -0.2636 0.8754
vn 0.2314 -0.1078 0.9669
vn 0.4052 -0.2637 0.8754
vn 0.2315 -0.1079 0.9668
vn 0.0084 -0.1642 0.9864
vn -0.1204 0.2094 0.9704
vn 0.0083 -0.1641 0.9864
vn 0.0083 -0.1640 0.9864
vn -0.3775 0.1983 0.9045
vn -0.1204 0.2095 0.9704
vn -0.3304 0.3928 0.8582
vn -0.3776 0.1983 0.9045
vn -0.3304 0.3929 0.8582
vn -0.4298 0.3215 0.8438
vn -0.4298 0.3214 0.8438
vn -0.3305 0.3928 0.8582
vn -0.4325 0.2119 0.8764
vn -0.4324 0.2120 0.8764
vn -0.7520 0.4778 0.4541
vn -0.2954 0.7735 0.5607
vn -0.2953 0.7736 0.5607
vn -0.2993 0.9137 0.2750
vn -0.0424 0.8959 0.4423
vn -0.0423 0.8958 0.4423
vn 0.3004 0.7509 0.5881
vn -0.2953 0.7735 0.5608
vn 0.3005 0.7509 0.5881
vn -0.0314 0.5104 0.8593
vn 0.3606 -0.2236 0.9055
vn 0.6818 -0.3099 0.6626
vn 0.0084 -0.1641 0.9864
vn 0.9846 0.1273 -0.1196
vn 0.7800 -0.0734 0.6215
vn 0.9681 0.1663 0.1873
vn 0.7800 -0.0733 0.6214
vn 0.8589 0.3958 0.3250
vn 0.9681 0.1664 0.1874
vn 0.2314 -0.1079 0.9669
vn 0.6843 0.0138 0.7291
vn 0.7800 -0.0734 0.6214
vn 0.2971 -0.0121 0.9548
vn 0.2315 -0.1078 0.9668
vn -0.4324 0.2119 0.8764
vn 0.2972 -0.0121 0.9548
vn 0.2315 -0.1078 0.9669
vn 0.9846 0.1273 -0.1197
vn 0.7971 0.4756 -0.3721
vn 0.2024 0.7780 0.5947
vn -0.8395 0.0121 0.5432
vn 0.2023 0.7780 0.5947
vn -0.8396 0.0121 0.5431
vn -0.9166 0.3594 0.1749
vn -0.9166 0.3595 0.1749
vn -0.4169 0.9076 -0.0495
vn -0.7520 0.4778 0.4540
vn -0.9166 0.3595 0.1748
vn -0.2994 0.9136 0.2750
vn -0.2994 0.9137 0.2750
vn 0.1546 0.9535 0.2587
vn 0.1545 0.9535 0.2587
vn -0.1645 0.7934 0.5861
vn -0.0424 0.8958 0.4424
vn 0.3004 0.7510 0.5881
vn -0.0423 0.8958 0.4424
vn 0.3005 0.7509 0.5880
vn 0.3005 0.7510 0.5880
vn 0.4158 0.5271 0.7411
vn 0.1722 0.5838 0.7934
vn 0.3078 0.2703 0.9123
vn 0.1405 0.3523 0.9253
vn -0.1645 0.7934 0.5860
vn 0.5225 0.8068 0.2759
vn 0.1090 0.9287 0.3544
vn 0.7464 0.6479 0.1521
vn 0.3137 0.9259 0.2104
vn 0.5225 0.8068 0.2758
vn 0.5226 0.8067 0.2759
vn 0.7639 0.6075 0.2175
vn 0.7639 0.6076 0.2175
vn 0.5225 0.8067 0.2759
vn 0.7107 0.6880 0.1467
vn 0.6518 0.7577 -0.0325
vn 0.7108 0.6880 0.1466
vn 0.6519 0.7576 -0.0325
vn 0.6519 0.7577 -0.0325
vn -0.2446 0.9038 -0.3511
vn -0.4169 0.9076 -0.0496
vn 0.2023 0.7780 0.5948
vn -0.2447 0.9038 -0.3511
vn 0.2024 0.7781 0.5947
vn 0.6519 0.7576 -0.0326
vn -0.2447 0.9038 -0.3510
vn 0.9736 -0.1983 0.1133
vn 0.8780 -0.2679 0.3967
vn 0.9062 -0.0853 -0.4141
vn 0.9736 -0.1983 0.1132
vn 0.9306 0.1850 -0.3157
vn 0.9306 0.1851 -0.3157
vn 0.8644 0.1047 -0.4918
vn 0.8620 0.4286 -0.2706
vn 0.9017 0.3226 -0.2879
vn 0.9189 0.3943 -0.0151
vn 0.9188 0.3943 -0.0151
vn 0.9017 0.3225 -0.2878
vn 0.8815 0.4691 0.0547
vn 0.7640 0.6075 0.2174
vn 0.8814 0.4691 0.0547
vn 0.8728 0.4668 0.1426
vn 0.7108 0.6879 0.1467
vn 0.8589 0.3958 0.3249
vn 0.9681 0.1663 0.1874
vn 0.9188 0.3944 -0.0151
vn 0.8876 -0.0069 0.4605
vn 0.6875 0.0501 0.7245
vn 0.7982 0.3949 0.4548
vn 0.8876 -0.0069 0.4606
vn 0.7983 0.3949 0.4548
vn 0.8728 0.4667 0.1426
vn 0.9477 0.1230 0.2945
vn 0.8942 0.4373 0.0963
vn 0.8620 0.4286 -0.2705
vn 0.8942 0.4372 0.0962
vn 0.8942 0.4372 0.0963
vn 0.9846 0.1304 0.1163
vn 0.9736 -0.1982 0.1132
vn 0.9846 0.1304 0.1162
vn 0.8780 -0.2678 0.3967
vn 0.9736 -0.1982 0.1133
vn 0.9477 0.1229 0.2945
vn 0.8505 -0.4132 0.3253
vn 0.8505 -0.4133 0.3253
vn 0.8505 -0.4133 0.3254
vn 0.6819 -0.3099 0.6626
vn 0.6875 0.0500 0.7245
vn 0.6819 -0.3098 0.6626
vn 0.9846 0.1305 0.1163
vn -0.0313 0.5105 0.8593
vn -0.0446 0.2539 0.9662
vn -0.3086 0.0384 0.9504
vn -0.3663 0.4750 0.8001
vn -0.0446 0.2538 0.9662
vn -0.4298 0.3213 0.8438
vn -0.4304 0.3712 0.8228
vn -0.3775 0.1982 0.9045
vn -0.1508 -0.2759 0.9493
vn 0.3605 -0.2237 0.9055
vn 0.4354 -0.5588 0.7058
vn 0.1342 -0.3591 0.9236
vn 0.4355 -0.5589 0.7057
vn 0.8470 -0.3756 0.3763
vn 0.7907 -0.3393 0.5096
vn 0.7906 -0.3393 0.5097
vn 0.8780 -0.2679 0.3966
vn 0.7906 -0.3392 0.5097
vn 0.0036 0.2013 -0.9795
vn -0.0329 0.9918 0.1239
vn -0.3699 0.8911 0.2629
vn -0.2153 0.8281 0.5175
vn 0.7067 0.7073 0.0141
vn 0.7463 0.6480 0.1521
vn 0.9864 0.0644 -0.1510
vn 0.9971 0.0375 -0.0657
vn 0.9865 0.0644 -0.1509
vn 0.9431 0.1301 -0.3060
vn 0.7119 0.6292 -0.3121
vn 0.6720 0.1775 -0.7190
vn 0.6155 0.5288 -0.5844
vn 0.0036 0.2014 -0.9795
vn 0.0842 0.7673 -0.6357
vn 0.2254 0.1449 -0.9634
vn 0.0037 0.2013 -0.9795
vn 0.6154 0.5288 -0.5845
vn 0.2255 0.1449 -0.9634
vn 0.6154 0.5288 -0.5844
vn 0.6719 0.1775 -0.7190
vn 0.7876 0.0176 -0.6159
vn 0.2255 0.1448 -0.9634
vn 0.1849 0.0235 -0.9825
vn 0.1849 0.0236 -0.9825
vn 0.1357 -0.1758 -0.9750
vn -0.0040 0.0337 -0.9994
vn 0.1848 0.0236 -0.9825
vn 0.2254 0.1448 -0.9634
vn 0.1848 0.0235 -0.9825
vn 0.6588 -0.7121 -0.2429
vn 0.3800 -0.9143 0.1406
vn 0.6662 -0.7385 -0.1035
vn 0.5515 -0.8130 0.1868
vn 0.2126 -0.8980 0.3852
vn 0.0525 -0.7424 0.6679
vn 0.5516 -0.8130 0.1868
vn 0.0526 -0.7423 0.6680
vn 0.4302 -0.8608 0.2719
vn 0.7163 -0.6625 -0.2191
vn 0.7164 -0.6625 -0.2191
vn 0.6587 -0.7121 -0.2429
vn 0.3800 -0.9142 0.1406
vn -0.0252 -0.8170 0.5761
vn 0.3799 -0.9143 0.1406
vn 0.5944 -0.7694 -0.2339
vn 0.6867 -0.7228 -0.0771
vn 0.7917 -0.5519 0.2619
vn 0.7918 -0.5518 0.2619
vn 0.7554 -0.6134 0.2304
vn 0.5045 -0.7439 -0.4383
vn 0.5943 -0.7694 -0.2339
vn 0.5045 -0.7438 -0.4384
vn 0.6771 -0.7276 -0.1099
vn 0.6772 -0.7276 -0.1099
vn 0.6856 -0.5344 0.4943
vn 0.6597 -0.2473 0.7097
vn 0.6856 -0.5344 0.4944
vn 0.7178 -0.2680 0.6426
vn 0.6597 -0.2472 0.7097
vt 0.465627 0.838873
vt 0.354430 0.846832
vt 0.281605 0.783003
vt 0.581207 0.789473
vt 0.518806 0.783134
vt 0.677048 0.681396
vt 0.590115 0.735078
vt 0.677288 0.629772
vt 0.620206 0.629253
vt 0.405212 0.903863
vt 0.490403 0.862655
vt 0.682760 0.739419
vt 0.735566 0.640520
vt 0.669450 0.609487
vt 0.515502 0.639919
vt 0.440824 0.679107
vt 0.362988 0.642876
vt 0.326453 0.656329
vt 0.408916 0.604794
vt 0.391446 0.531891
vt 0.388015 0.447040
vt 0.335099 0.346216
vt 0.325061 0.411603
vt 0.361688 0.244804
vt 0.787475 0.597128
vt 0.519477 0.525765
vt 0.605404 0.589376
vt 0.735303 0.643690
vt 0.664278 0.769078
vt 0.480576 0.875733
vt 0.131192 0.680430
vt 0.163517 0.744479
vt 0.314063 0.670318
vt 0.273813 0.609932
vt 0.264713 0.459209
vt 0.341226 0.567912
vt 0.291997 0.430773
vt 0.317678 0.275579
vt 0.258361 0.342770
vt 0.208823 0.489104
vt 0.117183 0.578252
vt 0.343831 0.546330
vt 0.321488 0.656816
vt 0.317473 0.704649
vt 0.339716 0.777432
vt 0.400673 0.726516
vt 0.319728 0.619388
vt 0.413338 0.776298
vt 0.265147 0.650128
vt 0.260218 0.699545
vt 0.292159 0.538816
vt 0.344255 0.547614
vt 0.354460 0.506422
vt 0.106586 0.522529
vt 0.143860 0.392886
vt 0.072246 0.502060
vt 0.173480 0.422943
vt 0.193092 0.331196
vt 0.318194 0.703495
vt 0.271035 0.764324
vt 0.299926 0.858597
vt 0.379577 0.854190
vt 0.328264 0.895314
vt 0.242703 0.880285
vt 0.216968 0.845038
vt 0.165038 0.858427
vt 0.159379 0.831064
vt 0.190268 0.750950
vt 0.182367 0.686611
vt 0.185460 0.648567
vt 0.191483 0.608948
vt 0.124837 0.632333
vt 0.119525 0.671717
vt 0.124857 0.733460
vt 0.123944 0.810022
vt 0.118945 0.823871
vt 0.211528 0.885496
vt 0.316689 0.915661
vt 0.347967 0.868628
vt 0.143107 0.593935
vt 0.058471 0.737322
vt 0.046603 0.660062
vt 0.060007 0.563145
vt 0.118854 0.581827
vt 0.178402 0.514083
vt 0.177210 0.446529
vt 0.258813 0.410321
vt 0.488199 0.417182
vt 0.371156 0.343419
vt 0.558819 0.389727
vt 0.350830 0.234644
vt 0.196744 0.359303
vt 0.130929 0.407698
vt 0.094764 0.466026
vt 0.143239 0.502158
vt 0.362228 0.902624
vt 0.450656 0.889781
vt 0.258342 0.903411
vt 0.142689 0.825572
vt 0.078727 0.780862
vt 0.029223 0.677045
vt 0.023129 0.611992
vt 0.041307 0.519558
vt 0.073128 0.434774
vt 0.104607 0.372938
vt 0.026120 0.618097
vt 0.035379 0.521466
vt 0.064319 0.421788
vt 0.081519 0.399158
vt 0.070658 0.502892
vt 0.145787 0.330017
vt 0.226265 0.280008
vt 0.180208 0.376724
vt 0.188225 0.321022
vt 0.317456 0.232863
vt 0.292129 0.349639
vt 0.173923 0.460604
vt 0.088180 0.586934
vt 0.057309 0.701921
vt 0.091790 0.746407
vt 0.183260 0.513811
vt 0.385618 0.223563
vt 0.358072 0.309015
vt 0.407275 0.165497
vt 0.492967 0.179684
vt 0.464710 0.308162
vt 0.506589 0.324901
vt 0.286887 0.386106
vt 0.305218 0.445941
vt 0.217728 0.569867
vt 0.101871 0.639804
vt 0.513429 0.106491
vt 0.386778 0.509653
vt 0.139465 0.699639
vt 0.437780 0.180793
vt 0.554119 0.103950
vt 0.588575 0.084387
vt 0.577182 0.155713
vt 0.386535 0.446697
vt 0.442045 0.395028
vt 0.615106 0.318432
vt 0.638292 0.153997
vt 0.637744 0.078170
vt 0.697294 0.107008
vt 0.668331 0.225529
vt 0.734921 0.352081
vt 0.622984 0.379287
vt 0.627841 0.397445
vt 0.556631 0.423613
vt 0.521417 0.427993
vt 0.527106 0.491615
vt 0.458969 0.501695
vt 0.741366 0.383500
vt 0.817278 0.390329
vt 0.806203 0.323802
vt 0.732107 0.271380
vt 0.837004 0.411756
vt 0.808995 0.402793
vt 0.741214 0.384169
vt 0.471440 0.537414
vt 0.473372 0.511483
vt 0.480310 0.493461
vt 0.492678 0.484910
vt 0.556237 0.422841
vt 0.640434 0.389930
vt 0.695397 0.377069
vt 0.709516 0.381054
vt 0.745075 0.366820
vt 0.738086 0.380961
vt 0.781346 0.385953
vt 0.852500 0.438451
vt 0.866625 0.458213
vt 0.895578 0.513353
vt 0.884679 0.485538
vt 0.887857 0.446063
vt 0.880650 0.377382
vt 0.850692 0.277309
vt 0.813787 0.297795
vt 0.804957 0.246697
vt 0.765151 0.225503
vt 0.800897 0.205735
vt 0.776008 0.189097
vt 0.744550 0.209755
vt 0.819400 0.235989
vt 0.787285 0.451402
vt 0.739348 0.443811
vt 0.720820 0.172062
vt 0.726790 0.185065
vt 0.724352 0.216120
vt 0.723922 0.232583
vt 0.764624 0.276089
vt 0.643099 0.609111
vt 0.685098 0.524388
vt 0.710837 0.521570
vt 0.739666 0.552655
vt 0.759696 0.535025
vt 0.791026 0.531420
vt 0.767589 0.606122
vt 0.718815 0.636463
vt 0.694790 0.443444
vt 0.634591 0.481613
vt 0.692740 0.693864
vt 0.631512 0.744182
vt 0.601246 0.659835
vt 0.575467 0.611860
vt 0.573137 0.549577
vt 0.566220 0.504268
vt 0.581045 0.456981
vt 0.672536 0.367715
vt 0.731111 0.370957
vt 0.596526 0.404384
vt 0.517949 0.466096
vt 0.505058 0.499261
vt 0.479902 0.565753
vt 0.600973 0.756062
vt 0.538450 0.670064
vt 0.558430 0.628755
vt 0.491795 0.605822
vt 0.502570 0.444565
vt 0.515664 0.641536
vt 0.490297 0.526153
vt 0.484809 0.558652
vt 0.490061 0.598585
vt 0.484996 0.642475
vt 0.464390 0.700195
vt 0.485397 0.712793
vt 0.534984 0.776664
vt 0.553435 0.751702
vt 0.488425 0.726343
vt 0.469764 0.713408
vt 0.458582 0.686597
vt 0.455075 0.769462
vt 0.406592 0.685277
vt 0.428917 0.713476
vt 0.510434 0.746547
vt 0.475596 0.799538
vt 0.400512 0.812088
vt 0.446248 0.762880
vt 0.463703 0.693367
vt 0.478868 0.639459
vt 0.469329 0.532674
vt 0.518684 0.517721
vt 0.439048 0.624547
vt 0.427195 0.523048
vt 0.391333 0.629247
vt 0.372884 0.561065
vt 0.288302 0.667318
vt 0.318363 0.719855
vt 0.213827 0.811516
vt 0.347252 0.767691
vt 0.398544 0.830167
vt 0.443867 0.822357
vt 0.450070 0.857256
vt 0.540810 0.809972
vt 0.622861 0.780165
vt 0.587621 0.758806
vt 0.670482 0.730037
vt 0.542505 0.747306
vt 0.304224 0.891577
vt 0.778344 0.763819
vt 0.805326 0.746108
vt 0.650096 0.759708
vt 0.814037 0.648995
vt 0.846060 0.704192
vt 0.780792 0.737157
vt 0.801297 0.776160
vt 0.728527 0.774745
vt 0.758156 0.788106
vt 0.682709 0.782124
vt 0.742134 0.786023
vt 0.641569 0.767338
vt 0.833027 0.785562
vt 0.851818 0.773605
vt 0.845042 0.721220
vt 0.774035 0.667728
vt 0.699736 0.707074
vt 0.758952 0.690190
vt 0.922637 0.783544
vt 0.850875 0.739393
vt 0.884290 0.726518
vt 0.899515 0.670582
vt 0.862441 0.786445
vt 0.911178 0.769236
vt 0.960748 0.869419
vt 0.875278 0.810537
vt 0.888115 0.806934
vt 0.883791 0.750359
vt 0.870888 0.681491
vt 0.807051 0.648112
vt 0.856082 0.606785
vt 0.900039 0.608537
vt 0.911107 0.566417
vt 0.883204 0.560632
vt 0.906417 0.612501
vt 0.902279 0.657293
vt 0.897282 0.728491
vt 0.910278 0.789160
vt 0.872040 0.494573
vt 0.881196 0.536441
vt 0.903267 0.485530
vt 0.911442 0.507103
vt 0.904831 0.546185
vt 0.908967 0.575973
vt 0.910957 0.619259
vt 0.892850 0.619069
vt 0.863101 0.669457
vt 0.900660 0.642890
vt 0.902968 0.588819
vt 0.915409 0.537305
vt 0.908857 0.543602
vt 0.870629 0.595830
vt 0.840584 0.441894
vt 0.874994 0.381498
vt 0.844958 0.376234
vt 0.274777 0.784770
vt 0.329221 0.786649
vt 0.425716 0.850940
vt 0.569910 0.353100
vt 0.570047 0.424388
vt 0.588183 0.416503
vt 0.547001 0.419500
vt 0.619235 0.362086
vt 0.569012 0.349619
vt 0.629040 0.260180
vt 0.530616 0.295828
vt 0.689274 0.152976
vt 0.534633 0.187254
vt 0.679608 0.115039
vt 0.601124 0.107103
vt 0.859553 0.304947
vt 0.845353 0.376794
vt 0.874626 0.379966
vt 0.822779 0.262425
vt 0.849778 0.276970
vt 0.819055 0.235740
vt 0.801694 0.205686
vt 0.744236 0.253850
vt 0.775319 0.189908
vt 0.721677 0.172873
vt 0.625054 0.269856
vt 0.660724 0.190061
vt 0.744659 0.375062
vt 0.840230 0.441462
vt 0.645139 0.423832
vt 0.642893 0.366358
vt 0.343133 0.091167
vt 0.074348 0.248599
vt 0.125750 -0.045468
vt 0.462955 0.589516
vt 0.415851 0.749199
vt 0.219399 0.645933
vt 0.268652 0.419057
vt 0.509735 0.430927
vt 0.022947 0.542666
vt 0.344728 0.166136
vt 0.138349 0.025412
vt 0.069072 0.225278
vt 0.316869 0.439198
vt 0.512518 0.349889
vt 0.487502 0.505405
vt 0.462313 0.661994
vt 0.291095 0.677327
vt 0.102103 0.636573
s 1
usemtl Material.001
f 1/1/1 3/2/2 2/3/3
f 4/1/4 6/4/5 5/5/2
f 7/6/6 9/7/2 8/4/7
f 10/6/8 12/8/9 11/9/10
f 13/10/11 15/11/12 14/1/1
f 16/11/13 18/4/5 17/1/1
f 19/4/14 21/11/13 20/12/15
f 22/12/16 24/6/6 23/4/5
f 25/13/17 27/6/8 26/12/16
f 28/13/17 30/8/9 29/6/18
f 31/13/19 33/14/20 32/8/21
f 34/14/20 36/9/10 35/8/22
f 37/15/23 39/9/10 38/14/20
f 40/9/10 42/15/24 41/16/25
f 43/17/26 45/16/25 44/15/27
f 46/18/28 48/16/29 47/17/30
f 49/19/31 51/18/32 50/17/33
f 52/20/34 54/18/32 53/19/35
f 55/21/36 57/20/34 56/19/37
f 58/20/34 60/21/36 59/22/38
f 61/20/34 63/22/38 62/23/39
f 64/24/40 66/23/39 65/22/38
f 67/17/41 69/15/24 68/19/42
f 70/13/17 72/25/43 71/14/44
f 73/21/45 75/19/37 74/26/46
f 76/19/37 78/27/47 77/26/46
f 79/19/48 81/15/23 80/27/49
f 82/15/23 84/14/20 83/27/50
f 85/28/17 87/12/51 86/29/52
f 88/12/53 90/30/54 89/29/55
f 91/11/12 93/30/56 92/12/57
f 94/11/58 96/10/11 95/30/56
f 97/31/59 99/32/60 98/33/61
f 100/31/59 102/33/61 101/34/62
f 103/35/63 105/34/64 104/33/65
f 106/35/63 108/33/65 107/18/66
f 109/36/67 111/35/63 110/18/32
f 112/20/34 114/36/67 113/18/66
f 115/23/68 117/36/69 116/20/70
f 118/23/71 120/37/72 119/36/67
f 121/37/72 123/35/63 122/36/67
f 124/24/73 126/38/74 125/23/39
f 127/37/75 129/23/76 128/38/77
f 130/37/75 132/38/77 131/39/78
f 133/37/72 135/39/79 134/35/80
f 136/39/81 138/40/82 137/35/80
f 139/35/83 141/40/82 140/34/64
f 142/34/64 144/40/82 143/41/84
f 145/34/64 147/41/85 146/31/86
f 148/42/87 150/31/88 149/41/89
f 151/42/90 153/43/91 152/31/88
f 154/43/91 156/32/92 155/31/86
f 157/43/93 159/44/94 158/32/95
f 160/45/96 162/32/97 161/44/94
f 163/45/96 165/3/98 164/32/97
f 166/33/61 168/32/92 167/3/99
f 169/33/61 171/3/99 170/46/100
f 172/46/100 174/18/101 173/33/61
f 175/18/101 177/46/102 176/16/29
f 178/47/18 180/16/29 179/46/100
f 181/9/10 183/16/25 182/47/103
f 184/46/100 186/48/2 185/47/18
f 187/3/3 189/48/2 188/46/100
f 190/43/91 192/49/104 191/50/105
f 193/51/106 195/49/107 194/43/91
f 196/51/106 198/43/91 197/52/87
f 199/52/108 201/53/109 200/51/106
f 202/54/110 204/55/111 203/56/112
f 205/54/113 207/57/114 206/55/115
f 208/58/116 210/55/117 209/57/114
f 211/58/116 213/57/114 212/39/78
f 214/39/118 216/57/114 215/40/119
f 217/40/120 219/57/114 218/54/113
f 220/40/120 222/54/110 221/41/84
f 223/53/121 225/41/84 224/54/110
f 226/53/122 228/42/90 227/41/84
f 229/43/91 231/50/123 230/59/124
f 232/59/125 234/50/123 233/60/126
f 235/59/125 237/60/126 236/45/127
f 238/45/128 240/60/126 239/61/129
f 241/45/128 243/61/129 242/62/130
f 244/62/130 246/61/129 245/63/131
f 247/61/129 249/64/132 248/63/133
f 250/61/129 252/65/134 251/64/135
f 253/66/136 255/64/135 254/65/137
f 256/66/138 258/65/139 257/67/140
f 259/67/141 261/65/137 260/68/142
f 262/65/134 264/61/129 263/68/142
f 265/68/142 267/61/143 266/60/144
f 268/50/123 270/68/145 269/60/144
f 271/50/123 273/69/146 272/68/142
f 274/49/147 276/69/146 275/50/105
f 277/49/147 279/70/148 278/69/146
f 280/51/106 282/71/149 281/49/150
f 283/70/151 285/49/147 284/71/152
f 286/72/153 288/70/151 287/71/152
f 289/69/154 291/70/148 290/72/155
f 292/69/154 294/72/153 293/73/156
f 295/73/156 297/68/157 296/69/158
f 298/73/156 300/74/159 299/68/157
f 301/67/141 303/68/142 302/74/160
f 304/74/160 306/75/161 305/67/141
f 307/67/141 309/75/162 308/66/138
f 310/75/163 312/76/164 311/66/165
f 313/76/166 315/77/167 314/66/136
f 316/77/168 318/64/132 317/66/136
f 319/77/169 321/78/170 320/64/132
f 322/78/170 324/63/133 323/64/132
f 325/78/171 327/10/172 326/63/133
f 328/79/173 330/63/133 329/10/174
f 331/10/174 333/1/1 332/79/173
f 334/72/153 336/71/152 335/80/175
f 337/75/163 339/81/176 338/76/164
f 340/75/162 342/82/177 341/81/178
f 343/75/179 345/74/180 344/82/177
f 346/82/181 348/74/180 347/73/182
f 349/73/182 351/83/183 350/82/181
f 352/73/184 354/72/185 353/83/183
f 355/83/186 357/72/185 356/84/187
f 358/72/185 360/80/175 359/84/187
f 361/84/187 363/80/175 362/85/188
f 364/85/189 366/80/190 365/71/152
f 367/51/106 369/85/189 368/71/149
f 370/51/106 372/86/191 371/85/189
f 373/51/192 375/53/109 374/86/191
f 376/87/193 378/86/191 377/53/112
f 379/53/112 381/88/111 380/87/194
f 382/89/195 384/87/196 383/88/111
f 385/88/111 387/90/116 386/89/195
f 388/91/197 390/89/195 389/90/116
f 391/91/198 393/92/199 392/89/195
f 394/92/200 396/87/194 395/89/201
f 397/87/202 399/92/200 398/93/203
f 400/87/194 402/93/204 401/86/191
f 403/86/205 405/93/204 404/94/206
f 406/86/205 408/94/207 407/95/208
f 409/95/208 411/94/207 410/83/209
f 412/95/208 414/83/210 413/84/187
f 415/84/187 417/85/211 416/95/208
f 418/95/208 420/85/189 419/86/205
f 421/10/212 423/96/213 422/97/214
f 424/10/212 426/78/171 425/96/215
f 427/78/171 429/98/216 428/96/213
f 430/78/170 432/77/169 431/98/216
f 433/77/167 435/99/217 434/98/218
f 436/77/167 438/76/166 437/99/217
f 439/99/217 441/76/164 440/100/219
f 442/100/219 444/76/164 443/81/176
f 445/100/220 447/81/221 446/101/222
f 448/82/223 450/101/224 449/81/225
f 451/82/223 453/102/226 452/101/224
f 454/83/183 456/102/226 455/82/181
f 457/83/186 459/103/227 458/102/228
f 460/94/207 462/103/229 461/83/186
f 463/94/207 465/104/230 464/103/227
f 466/104/231 468/94/207 467/93/204
f 469/104/231 471/93/232 470/105/233
f 472/105/234 474/93/235 473/92/199
f 475/106/236 477/101/237 476/102/226
f 478/102/238 480/107/239 479/106/240
f 481/103/241 483/107/239 482/102/238
f 484/103/241 486/108/242 485/107/239
f 487/108/242 489/103/241 488/104/243
f 490/105/244 492/108/245 491/104/246
f 493/105/244 495/109/247 494/108/248
f 496/107/239 498/108/242 497/109/247
f 499/107/249 501/109/247 500/110/250
f 502/106/251 504/107/249 503/110/250
f 505/111/252 507/112/253 506/109/247
f 508/113/254 510/109/255 509/112/256
f 511/110/257 513/109/255 512/113/258
f 514/105/259 516/111/252 515/109/247
f 517/114/260 519/111/261 518/105/234
f 520/114/260 522/112/262 521/111/261
f 523/115/263 525/112/264 524/114/260
f 526/115/263 528/113/265 527/112/256
f 529/115/263 531/116/266 530/113/254
f 532/117/267 534/113/258 533/116/266
f 535/110/257 537/113/265 536/117/267
f 538/118/268 540/110/269 539/117/270
f 541/110/250 543/118/271 542/106/272
f 544/118/271 546/119/273 545/106/272
f 547/101/237 549/106/236 548/119/274
f 550/101/237 552/119/274 551/100/275
f 553/120/276 555/100/275 554/119/273
f 556/100/277 558/120/278 557/99/279
f 559/118/268 561/117/270 560/121/280
f 562/122/281 564/116/282 563/115/263
f 565/122/283 567/123/284 566/116/282
f 568/105/234 570/92/199 569/114/285
f 571/91/198 573/114/285 572/92/199
f 574/115/263 576/114/286 575/91/287
f 577/91/198 579/124/288 578/115/263
f 580/122/281 582/115/263 581/124/288
f 583/125/289 585/122/283 584/124/288
f 586/123/290 588/122/281 587/125/291
f 589/123/290 591/125/292 590/126/293
f 592/126/293 594/116/282 593/123/284
f 595/126/293 597/127/294 596/116/295
f 598/127/294 600/128/296 599/116/282
f 601/117/270 603/116/295 602/128/297
f 604/117/270 606/128/297 605/129/298
f 607/121/280 609/117/270 608/129/298
f 610/129/299 612/130/300 611/121/301
f 613/118/268 615/121/301 614/130/300
f 616/118/268 618/130/300 617/131/302
f 619/131/303 621/119/273 620/118/268
f 622/125/304 624/124/288 623/132/305
f 625/129/299 627/133/306 626/130/300
f 628/134/307 630/130/308 629/133/306
f 631/134/307 633/131/309 632/130/300
f 634/91/198 636/135/310 635/124/311
f 637/132/312 639/124/311 638/135/313
f 640/132/314 642/135/310 641/136/315
f 643/137/316 645/132/305 644/136/315
f 646/137/317 648/125/318 647/132/305
f 649/137/319 651/138/320 650/125/304
f 652/138/321 654/126/293 653/125/304
f 655/138/322 657/127/323 656/126/293
f 658/139/324 660/128/296 659/140/325
f 661/127/326 663/140/325 662/128/296
f 664/140/327 666/127/326 665/141/328
f 667/141/328 669/127/326 668/138/322
f 670/141/329 672/138/322 671/142/330
f 673/137/317 675/142/331 674/138/322
f 676/137/319 678/143/332 677/142/331
f 679/137/316 681/136/315 680/143/333
f 682/136/315 684/144/334 683/143/333
f 685/142/330 687/143/335 686/144/334
f 688/142/330 690/144/336 689/145/337
f 691/145/337 693/141/338 692/142/331
f 694/145/337 696/146/339 695/141/338
f 697/141/328 699/146/339 698/147/340
f 700/146/341 702/148/342 701/147/340
f 703/149/343 705/147/340 704/148/344
f 706/149/345 708/148/346 707/150/347
f 709/151/348 711/149/345 710/150/349
f 712/139/324 714/140/325 713/152/350
f 715/146/341 717/153/351 716/148/344
f 718/153/352 720/146/341 719/154/353
f 721/155/354 723/154/355 722/146/341
f 724/146/341 726/156/356 725/155/357
f 727/145/337 729/156/358 728/146/339
f 730/153/351 732/154/359 731/157/360
f 733/158/361 735/159/351 734/157/362
f 736/160/363 738/161/364 737/162/365
f 739/161/366 741/163/367 740/162/365
f 742/162/365 744/163/368 743/150/347
f 745/162/365 747/150/347 746/164/369
f 748/150/347 750/165/370 749/164/371
f 751/150/347 753/148/344 752/165/370
f 754/166/372 756/165/370 755/167/373
f 757/148/344 759/167/374 758/165/375
f 760/167/374 762/148/376 761/168/377
f 763/148/344 765/169/378 764/168/377
f 766/158/361 768/168/377 767/169/379
f 769/167/373 771/168/380 770/170/381
f 772/170/382 774/168/383 773/171/384
f 775/158/361 777/171/384 776/168/380
f 778/171/384 780/158/385 779/172/386
f 781/158/361 783/157/387 782/172/386
f 784/172/386 786/157/388 785/173/389
f 787/157/388 789/174/390 788/173/389
f 790/157/388 792/175/391 791/174/390
f 793/157/387 795/154/355 794/175/392
f 796/176/393 798/175/392 797/154/355
f 799/176/393 801/154/355 800/155/354
f 802/176/393 804/155/394 803/177/395
f 805/177/396 807/155/397 806/178/398
f 808/179/399 810/177/400 809/178/401
f 811/180/402 813/179/403 812/178/398
f 814/179/404 816/180/402 815/181/405
f 817/180/402 819/182/406 818/181/405
f 820/182/406 822/180/402 821/183/407
f 823/181/405 825/184/408 824/179/399
f 826/179/403 828/184/408 827/177/395
f 829/170/409 831/185/410 830/186/411
f 832/170/412 834/171/413 833/185/414
f 835/182/415 837/183/416 836/187/417
f 838/188/418 840/187/417 839/183/419
f 841/144/420 843/187/421 842/188/422
f 844/188/422 846/189/423 845/144/424
f 847/189/423 849/145/425 848/144/424
f 850/189/426 852/190/427 851/145/337
f 853/190/428 855/156/356 854/145/337
f 856/191/429 858/156/356 857/190/430
f 859/191/429 861/155/394 860/156/431
f 862/191/432 864/178/398 863/155/357
f 865/178/398 867/191/432 866/180/402
f 868/191/433 870/189/434 869/180/435
f 871/189/436 873/183/416 872/180/402
f 874/189/423 876/188/437 875/183/419
f 877/191/429 879/190/438 878/189/439
f 880/192/440 882/193/441 881/194/442
f 883/195/443 885/192/444 884/194/442
f 886/195/443 888/194/445 887/186/446
f 889/195/447 891/186/448 890/196/449
f 892/185/410 894/196/449 893/186/446
f 895/185/410 897/197/450 896/196/449
f 898/196/451 900/197/452 899/198/453
f 901/195/454 903/196/451 902/198/453
f 904/195/443 906/198/455 905/199/456
f 907/199/456 909/192/457 908/195/443
f 910/194/442 912/200/458 911/186/459
f 913/194/445 915/193/441 914/200/460
f 916/201/461 918/200/460 917/193/441
f 919/202/462 921/203/463 920/204/464
f 922/202/465 924/204/466 923/199/467
f 925/199/467 927/204/464 926/192/468
f 928/192/440 930/204/464 929/205/469
f 931/206/470 933/192/440 932/205/469
f 934/206/470 936/193/471 935/192/444
f 937/207/472 939/193/441 938/206/473
f 940/201/474 942/193/471 941/207/472
f 943/201/475 945/207/472 944/208/476
f 946/208/477 948/200/478 947/201/474
f 949/208/479 951/209/480 950/200/460
f 952/200/460 954/209/480 953/186/459
f 955/186/481 957/209/480 956/210/482
f 958/210/482 960/170/381 959/186/459
f 961/208/479 963/211/483 962/209/484
f 964/211/485 966/208/477 965/212/486
f 967/208/477 969/213/487 968/212/488
f 970/208/477 972/207/472 971/213/487
f 973/213/489 975/207/472 974/206/490
f 976/214/491 978/213/492 977/206/473
f 979/214/493 981/206/470 980/205/469
f 982/215/494 984/216/495 983/203/496
f 985/203/463 987/216/495 986/204/464
f 988/204/466 990/216/497 989/217/498
f 991/205/469 993/204/464 992/217/499
f 994/218/500 996/205/469 995/217/501
f 997/218/502 999/214/491 998/205/503
f 1000/218/500 1002/160/504 1001/214/505
f 1003/213/492 1005/214/506 1004/160/363
f 1006/160/363 1008/162/507 1007/213/508
f 1009/162/509 1011/219/488 1010/213/508
f 1012/219/510 1014/162/511 1013/164/512
f 1015/219/513 1017/164/514 1016/211/515
f 1018/211/483 1020/164/371 1019/165/370
f 1021/211/483 1023/165/370 1022/209/484
f 1024/209/480 1026/165/375 1025/166/516
f 1027/209/480 1029/166/516 1028/210/482
f 1030/167/517 1032/210/482 1031/166/516
f 1033/167/518 1035/170/381 1034/210/482
f 1036/220/519 1038/217/498 1037/216/497
f 1039/220/520 1041/218/500 1040/217/498
f 1042/151/348 1044/150/347 1043/163/368
f 1045/151/521 1047/163/368 1046/221/522
f 1048/221/522 1050/163/368 1049/161/523
f 1051/161/524 1053/222/525 1052/221/526
f 1054/161/524 1056/160/363 1055/222/525
f 1057/160/363 1059/223/527 1058/222/528
f 1060/160/363 1062/218/500 1061/223/529
f 1063/224/530 1065/223/531 1064/218/502
f 1066/220/532 1068/224/530 1067/218/533
f 1069/224/530 1071/220/519 1070/225/534
f 1072/220/519 1074/216/495 1073/225/535
f 1075/216/495 1077/226/536 1076/225/535
f 1078/215/537 1080/226/538 1079/216/539
f 1081/215/540 1083/227/541 1082/226/536
f 1084/215/540 1086/228/542 1085/227/543
f 1087/228/544 1089/229/545 1088/227/543
f 1090/228/542 1092/230/546 1091/229/545
f 1093/229/547 1095/230/548 1094/231/549
f 1096/227/543 1098/229/547 1097/232/550
f 1099/233/551 1101/230/546 1100/234/552
f 1102/230/546 1104/235/553 1103/234/552
f 1105/230/554 1107/228/555 1106/235/553
f 1108/236/556 1110/232/550 1109/237/557
f 1111/236/556 1113/227/541 1112/232/550
f 1114/227/541 1116/236/556 1115/238/558
f 1117/227/541 1119/238/559 1118/226/536
f 1120/238/558 1122/225/535 1121/226/560
f 1123/238/558 1125/239/561 1124/225/534
f 1126/224/562 1128/225/535 1127/239/561
f 1129/224/562 1131/239/561 1130/240/563
f 1132/224/564 1134/240/565 1133/223/531
f 1135/241/566 1137/223/567 1136/240/565
f 1138/223/568 1140/241/569 1139/222/570
f 1141/222/571 1143/241/572 1142/152/573
f 1144/222/570 1146/152/573 1145/221/574
f 1147/221/575 1149/152/576 1148/242/577
f 1150/151/348 1152/221/526 1151/242/578
f 1153/152/350 1155/151/579 1154/242/580
f 1156/149/345 1158/151/579 1157/152/573
f 1159/149/581 1161/152/350 1160/140/327
f 1162/140/582 1164/141/328 1163/149/581
f 1165/147/340 1167/149/345 1166/141/328
f 1168/236/556 1170/237/583 1169/238/558
f 1171/237/584 1173/232/550 1172/238/585
f 1174/238/585 1176/232/586 1175/239/561
f 1177/239/561 1179/232/587 1178/229/547
f 1180/231/549 1182/239/561 1181/229/547
f 1183/240/565 1185/239/561 1184/231/549
f 1186/231/549 1188/243/588 1187/240/563
f 1189/241/589 1191/240/565 1190/243/590
f 1192/241/566 1194/243/590 1193/244/591
f 1195/152/573 1197/241/592 1196/244/593
f 1198/152/594 1200/244/593 1199/133/595
f 1201/152/596 1203/133/597 1202/139/598
f 1204/129/599 1206/139/598 1205/133/306
f 1207/129/599 1209/128/296 1208/139/600
f 1210/233/551 1212/231/601 1211/230/546
f 1213/231/602 1215/233/551 1214/243/590
f 1216/233/603 1218/245/604 1217/243/590
f 1219/245/605 1221/244/606 1220/243/588
f 1222/245/607 1224/246/608 1223/244/591
f 1225/246/609 1227/133/610 1226/244/593
f 1228/246/609 1230/247/611 1229/133/595
f 1231/134/307 1233/133/306 1232/247/612
f 1234/134/307 1236/247/612 1235/248/613
f 1237/134/307 1239/248/613 1238/249/614
f 1240/250/615 1242/249/614 1241/248/613
f 1243/251/616 1245/249/617 1244/250/615
f 1246/252/618 1248/251/619 1247/250/615
f 1249/251/616 1251/252/620 1250/253/621
f 1252/253/621 1254/252/620 1253/254/622
f 1255/255/623 1257/253/621 1256/254/624
f 1258/254/622 1260/256/625 1259/255/623
f 1261/257/626 1263/255/623 1262/256/625
f 1264/246/608 1266/245/607 1265/247/627
f 1267/233/603 1269/247/611 1268/245/628
f 1270/233/551 1272/248/613 1271/247/629
f 1273/234/552 1275/248/613 1274/233/551
f 1276/234/552 1278/250/630 1277/248/613
f 1279/252/618 1281/250/631 1280/234/552
f 1282/234/552 1284/235/553 1283/252/618
f 1285/258/632 1287/252/633 1286/235/553
f 1288/252/620 1290/258/632 1289/256/625
f 1291/252/620 1293/256/625 1292/254/622
f 1294/251/616 1296/259/634 1295/249/617
f 1297/119/273 1299/131/303 1298/134/307
f 1300/119/273 1302/134/307 1301/120/635
f 1303/120/636 1305/134/637 1304/249/614
f 1306/120/638 1308/249/614 1307/99/279
f 1309/98/639 1311/99/640 1310/249/617
f 1312/98/639 1314/249/641 1313/259/642
f 1315/259/643 1317/96/213 1316/98/216
f 1318/96/213 1320/259/634 1319/251/644
f 1321/96/213 1323/251/616 1322/253/645
f 1324/97/214 1326/96/646 1325/253/647
f 1327/255/623 1329/97/214 1328/253/621
f 1330/257/626 1332/260/648 1331/261/649
f 1333/260/650 1335/257/626 1334/262/651
f 1336/263/652 1338/264/653 1337/265/654
f 1339/264/653 1341/266/655 1340/265/656
f 1342/266/657 1344/267/658 1343/265/656
f 1345/268/659 1347/267/660 1346/266/655
f 1348/267/661 1350/268/659 1349/269/662
f 1351/268/663 1353/270/664 1352/269/662
f 1354/269/665 1356/270/666 1355/271/667
f 1357/271/668 1359/270/669 1358/262/651
f 1360/272/670 1362/262/651 1361/270/664
f 1363/260/650 1365/262/651 1364/272/671
f 1366/273/672 1368/260/650 1367/272/671
f 1369/273/672 1371/261/673 1370/260/648
f 1372/261/674 1374/273/672 1373/274/675
f 1375/275/676 1377/261/674 1376/274/675
f 1378/275/677 1380/276/678 1379/261/679
f 1381/257/626 1383/261/679 1382/276/678
f 1384/276/680 1386/255/623 1385/257/681
f 1387/265/654 1389/277/682 1388/263/683
f 1390/265/654 1392/267/684 1391/277/682
f 1393/278/685 1395/279/686 1394/280/687
f 1396/279/688 1398/281/689 1397/280/690
f 1399/279/688 1401/264/653 1400/281/689
f 1402/266/691 1404/264/692 1403/279/693
f 1405/282/694 1407/266/695 1406/279/686
f 1408/272/696 1410/266/695 1409/282/697
f 1411/272/671 1413/270/664 1412/266/655
f 1414/266/698 1416/270/664 1415/268/663
f 1417/279/688 1419/278/699 1418/282/694
f 1420/278/685 1422/283/700 1421/284/701
f 1423/278/685 1425/284/701 1424/282/694
f 1426/285/702 1428/282/694 1427/284/703
f 1429/272/670 1431/282/697 1430/285/704
f 1432/272/671 1434/285/704 1433/286/705
f 1435/273/672 1437/272/696 1436/286/706
f 1438/287/707 1440/273/708 1439/286/709
f 1441/287/707 1443/274/710 1442/273/708
f 1444/274/711 1446/287/707 1445/288/712
f 1447/288/713 1449/275/676 1448/274/675
f 1450/288/713 1452/289/714 1451/275/715
f 1453/289/43 1455/28/17 1454/275/715
f 1456/28/19 1458/276/716 1457/275/717
f 1459/28/17 1461/29/52 1460/276/718
f 1462/276/719 1464/29/720 1463/255/623
f 1465/29/55 1467/30/721 1466/255/623
f 1468/255/722 1470/30/721 1469/97/723
f 1471/97/723 1473/30/56 1472/10/212
f 1474/288/713 1476/290/20 1475/289/724
f 1477/288/712 1479/291/725 1478/290/726
f 1480/292/727 1482/293/728 1481/290/726
f 1483/292/727 1485/290/20 1484/291/729
f 1486/291/730 1488/294/731 1487/292/727
f 1489/294/732 1491/291/733 1490/288/712
f 1492/294/732 1494/288/712 1493/295/734
f 1495/288/712 1497/296/735 1496/295/736
f 1498/287/707 1500/296/737 1499/288/712
f 1501/296/738 1503/287/707 1502/297/739
f 1504/287/740 1506/286/706 1505/297/739
f 1507/297/739 1509/286/706 1508/284/703
f 1510/284/741 1512/286/706 1511/285/704
f 1513/283/700 1515/297/742 1514/284/743
f 1516/283/700 1518/296/744 1517/297/745
f 1519/185/410 1521/298/746 1520/299/747
f 1522/171/748 1524/298/749 1523/185/410
f 1525/298/749 1527/171/748 1526/300/750
f 1528/300/751 1530/171/384 1529/172/386
f 1531/172/752 1533/301/753 1532/300/751
f 1534/172/752 1536/173/389 1535/301/753
f 1537/173/754 1539/302/755 1538/301/753
f 1540/174/390 1542/302/756 1541/173/757
f 1543/302/756 1545/174/390 1544/292/727
f 1546/292/727 1548/303/758 1547/302/756
f 1549/294/759 1551/303/760 1550/292/727
f 1552/303/760 1554/294/759 1553/304/761
f 1555/304/761 1557/294/759 1556/295/762
f 1558/304/761 1560/295/762 1559/281/689
f 1561/296/737 1563/281/763 1562/295/762
f 1564/296/737 1566/280/690 1565/281/689
f 1567/280/764 1569/296/737 1568/283/700
f 1570/278/685 1572/280/690 1571/283/700
f 1573/301/753 1575/302/765 1574/303/760
f 1576/305/766 1578/264/653 1577/306/767
f 1579/307/768 1581/264/653 1580/305/769
f 1582/264/653 1584/307/768 1583/281/689
f 1585/307/770 1587/304/771 1586/281/689
f 1588/308/772 1590/304/761 1589/307/770
f 1591/308/772 1593/303/758 1592/304/761
f 1594/309/773 1596/303/760 1595/308/772
f 1597/303/760 1599/309/773 1598/301/774
f 1600/309/775 1602/300/751 1601/301/753
f 1603/309/776 1605/310/777 1604/300/751
f 1606/298/778 1608/300/750 1607/310/779
f 1609/299/780 1611/298/781 1610/310/777
f 1612/299/780 1614/310/777 1613/308/782
f 1615/311/783 1617/299/747 1616/308/772
f 1618/311/784 1620/308/772 1619/305/766
f 1621/311/785 1623/305/766 1622/263/786
f 1624/305/769 1626/306/787 1625/263/788
f 1627/263/683 1629/306/787 1628/264/653
f 1630/307/770 1632/305/769 1631/308/772
f 1633/308/772 1635/310/789 1634/309/776
f 1636/257/790 1638/256/625 1637/258/632
f 1639/257/626 1641/258/791 1640/262/651
f 1642/235/792 1644/262/793 1643/258/794
f 1645/235/553 1647/271/668 1646/262/651
f 1648/235/792 1650/228/544 1649/271/668
f 1651/271/795 1653/228/796 1652/215/494
f 1654/271/668 1656/215/494 1655/269/665
f 1657/203/496 1659/269/797 1658/215/494
f 1660/203/496 1662/267/660 1661/269/662
f 1663/202/462 1665/267/660 1664/203/798
f 1666/202/465 1668/277/799 1667/267/684
f 1669/199/800 1671/277/682 1670/202/801
f 1672/199/802 1674/263/683 1673/277/682
f 1675/198/803 1677/263/786 1676/199/456
f 1678/198/803 1680/311/785 1679/263/786
f 1681/197/804 1683/311/784 1682/198/803
f 1684/197/805 1686/299/806 1685/311/785
f 1687/197/807 1689/185/410 1688/299/806
f 1690/312/116 1692/313/78 1691/314/808
f 1693/79/130 1695/315/809 1694/316/810
f 1696/79/811 1698/317/1 1697/315/809
f 1699/318/46 1701/319/727 1700/320/390
f 1702/318/812 1704/321/47 1703/319/813
f 1705/322/814 1707/323/812 1706/320/390
f 1708/324/815 1710/323/46 1709/322/816
f 1711/324/815 1713/325/36 1712/323/46
f 1714/326/817 1716/325/45 1715/324/815
f 1717/326/396 1719/327/818 1718/325/36
f 1720/328/408 1722/327/818 1721/326/396
f 1723/328/819 1725/329/820 1724/327/818
f 1726/330/77 1728/331/821 1727/332/822
f 1729/330/77 1731/333/823 1730/331/824
f 1732/334/825 1734/333/826 1733/330/77
f 1735/334/827 1737/335/828 1736/333/826
f 1738/336/829 1740/333/830 1739/335/408
f 1741/336/405 1743/337/831 1742/333/830
f 1744/336/829 1746/338/415 1745/337/831
f 1747/337/832 1749/338/406 1748/339/417
f 1750/339/421 1752/340/833 1751/337/831
f 1753/339/421 1755/341/334 1754/340/315
f 1756/342/834 1758/337/835 1757/340/315
f 1759/342/834 1761/333/836 1760/337/837
f 1762/342/834 1764/331/808 1763/333/830
f 1765/331/808 1767/342/834 1766/343/116
f 1768/342/834 1770/344/197 1769/343/116
f 1771/345/310 1773/344/198 1772/342/834
f 1774/340/315 1776/345/313 1775/342/834
f 1777/346/838 1779/347/839 1778/348/840
f 1780/349/841 1782/350/842 1781/351/843
f 1783/349/844 1785/351/845 1784/352/846
f 1786/353/847 1788/349/841 1787/352/846
f 1789/353/848 1791/352/846 1790/346/838
f 1792/346/849 1794/352/846 1793/347/850
f 1795/352/846 1797/354/851 1796/347/852
f 1798/352/846 1800/351/843 1799/354/851
f 1801/355/853 1803/356/854 1802/357/855
f 1804/355/853 1806/357/856 1805/358/857
f 1807/359/858 1809/355/859 1808/358/857
f 1810/359/860 1812/358/857 1811/360/861
f 1813/360/862 1815/358/857 1814/361/863
f 1816/358/857 1818/362/864 1817/361/865
f 1819/358/857 1821/363/866 1820/362/867
f 1822/358/857 1824/357/856 1823/363/866
