# Blender 5.1.2
# www.blender.org
mtllib l4d2shovelObj.mtl
o id_1_model_1
v 0.162110 -0.081986 -19.671089
v 0.653756 1.949689 -19.474669
v 0.471752 1.990275 -19.538094
v 0.019393 -0.669987 -19.676109
v -0.012634 -0.041625 -19.702969
v -0.155757 -0.628431 -19.706099
v 0.019393 -0.669987 -19.676109
v 0.162110 -0.081986 -19.671089
v -0.012634 -0.041625 -19.702969
v 0.162110 -0.081986 -19.671089
v 0.471752 1.990275 -19.538094
v -0.012634 -0.041625 -19.702969
v 0.471752 1.990275 -19.538094
v -0.171074 -0.010274 -19.786680
v -0.012634 -0.041625 -19.702969
v 0.471752 1.990275 -19.538094
v 0.335661 2.046039 -19.632097
v -0.171074 -0.010274 -19.786680
v -0.171074 -0.010274 -19.786680
v 0.335661 2.046039 -19.632097
v 0.219806 2.084471 -19.759365
v -0.171074 -0.010274 -19.786680
v 0.219806 2.084471 -19.759365
v -0.297514 0.009316 -19.916214
v -0.297514 0.009316 -19.916214
v 0.219806 2.084471 -19.759365
v 0.147395 2.108339 -19.918375
v -0.297514 0.009316 -19.916214
v 0.147395 2.108339 -19.918375
v -0.379674 0.015238 -20.078623
v -0.379674 0.015238 -20.078623
v 0.147395 2.108339 -19.918375
v 0.125676 2.141937 -20.105188
v -0.379674 0.015238 -20.078623
v 0.125676 2.141937 -20.105188
v -0.409569 0.006927 -20.258148
v 0.161479 2.154768 -20.266693
v -0.409569 0.006927 -20.258148
v 0.125676 2.141937 -20.105188
v 0.161479 2.154768 -20.266693
v -0.384269 -0.014788 -20.437307
v -0.409569 0.006927 -20.258148
v 0.247112 2.165894 -20.416067
v -0.384269 -0.014788 -20.437307
v 0.161479 2.154768 -20.266693
v 0.247112 2.165894 -20.416067
v -0.306170 -0.047775 -20.598618
v -0.384269 -0.014788 -20.437307
v 0.373097 2.158538 -20.534649
v -0.306170 -0.047775 -20.598618
v 0.247112 2.165894 -20.416067
v 0.373097 2.158538 -20.534649
v -0.182817 -0.088831 -20.726269
v -0.306170 -0.047775 -20.598618
v 0.527877 2.133076 -20.611118
v -0.182817 -0.088831 -20.726269
v 0.373097 2.158538 -20.534649
v -0.155757 -0.628431 -19.706099
v -0.012634 -0.041625 -19.702969
v -0.171074 -0.010274 -19.786680
v -0.155757 -0.628431 -19.706099
v -0.171074 -0.010274 -19.786680
v -0.313740 -0.592883 -19.790215
v -0.313740 -0.592883 -19.790215
v -0.171074 -0.010274 -19.786680
v -0.297514 0.009316 -19.916214
v -0.313740 -0.592883 -19.790215
v -0.297514 0.009316 -19.916214
v -0.439097 -0.566823 -19.920233
v -0.439097 -0.566823 -19.920233
v -0.297514 0.009316 -19.916214
v -0.379674 0.015238 -20.078623
v -0.439097 -0.566823 -19.920233
v -0.379674 0.015238 -20.078623
v -0.519569 -0.552796 -20.083387
v -0.519569 -0.552796 -20.083387
v -0.379674 0.015238 -20.078623
v -0.409569 0.006927 -20.258148
v -0.519569 -0.552796 -20.083387
v -0.409569 0.006927 -20.258148
v -0.547295 -0.552173 -20.263733
v -0.547295 -0.552173 -20.263733
v -0.409569 0.006927 -20.258148
v -0.384269 -0.014788 -20.437307
v -0.547295 -0.552173 -20.263733
v -0.384269 -0.014788 -20.437307
v -0.519569 -0.565013 -20.443626
v -0.519569 -0.565013 -20.443626
v -0.384269 -0.014788 -20.437307
v -0.306170 -0.047775 -20.598618
v -0.519569 -0.565013 -20.443626
v -0.306170 -0.047775 -20.598618
v -0.439099 -0.590061 -20.605450
v -0.439099 -0.590061 -20.605450
v -0.306170 -0.047775 -20.598618
v -0.182817 -0.088831 -20.726269
v -0.439099 -0.590061 -20.605450
v -0.182817 -0.088831 -20.726269
v -0.313738 -0.624871 -20.733398
v -0.313738 -0.624871 -20.733398
v -0.182817 -0.088831 -20.726269
v -0.026243 -0.133965 -20.807684
v -0.313738 -0.624871 -20.733398
v -0.026243 -0.133965 -20.807684
v -0.155755 -0.666036 -20.814922
v 0.527877 2.133076 -20.611118
v -0.026243 -0.133965 -20.807684
v -0.182817 -0.088831 -20.726269
v 0.698625 2.095019 -20.638838
v -0.026243 -0.133965 -20.807684
v 0.527877 2.133076 -20.611118
v 0.698625 2.095019 -20.638838
v 0.148264 -0.178547 -20.836739
v -0.026243 -0.133965 -20.807684
v 0.148264 -0.178547 -20.836739
v -0.155755 -0.666036 -20.814922
v -0.026243 -0.133965 -20.807684
v 0.148264 -0.178547 -20.836739
v 0.019393 -0.709527 -20.842020
v -0.155755 -0.666036 -20.814922
v -0.633439 -3.390918 -20.620110
v -0.116455 -1.272955 -20.956755
v -0.339013 -1.217692 -20.922340
v -0.116455 -1.272955 -20.956755
v 0.019393 -0.714878 -20.999794
v -0.203165 -0.659615 -20.965384
v -0.116455 -1.272955 -20.956755
v -0.203165 -0.659615 -20.965384
v -0.339013 -1.217692 -20.922340
v -0.403937 -0.607302 -20.861813
v -0.339013 -1.217692 -20.922340
v -0.203165 -0.659615 -20.965384
v -1.396397 -3.669246 -20.072144
v -1.330582 -3.731462 -20.046679
v -1.232763 -3.701529 -20.212063
v -1.396397 -3.669246 -20.072144
v -1.232763 -3.701529 -20.212063
v -1.286362 -3.643898 -20.266216
v -1.286362 -3.643898 -20.266216
v -1.232763 -3.701529 -20.212063
v -1.085467 -3.679250 -20.346346
v -1.286362 -3.643898 -20.266216
v -1.085467 -3.679250 -20.346346
v -1.122325 -3.633871 -20.417990
v -1.122325 -3.633871 -20.417990
v -1.085467 -3.679250 -20.346346
v -0.903299 -3.668603 -20.436958
v -1.122325 -3.633871 -20.417990
v -0.903299 -3.668603 -20.436958
v -0.916390 -3.624089 -20.519354
v -0.916390 -3.624089 -20.519354
v -0.903299 -3.668603 -20.436958
v -0.703711 -3.675233 -20.469120
v -0.916390 -3.624089 -20.519354
v -0.703711 -3.675233 -20.469120
v -0.694948 -3.642032 -20.554281
v -0.694948 -3.642032 -20.554281
v -0.877521 -3.461111 -20.566475
v -0.916390 -3.624089 -20.519354
v -0.694948 -3.642032 -20.554281
v -0.665224 -3.521083 -20.597975
v -0.877521 -3.461111 -20.566475
v -0.877521 -3.461111 -20.566475
v -0.665224 -3.521083 -20.597975
v -0.633439 -3.390918 -20.620110
v -0.877521 -3.461111 -20.566475
v -0.633439 -3.390918 -20.620110
v -0.846634 -3.331104 -20.588408
v -0.633439 -3.390918 -20.620110
v -0.339013 -1.217692 -20.922340
v -0.846634 -3.331104 -20.588408
v -0.539785 -1.165379 -20.818777
v -0.846634 -3.331104 -20.588408
v -0.339013 -1.217692 -20.922340
v -0.403937 -0.607302 -20.861813
v -0.539785 -1.165379 -20.818777
v -0.339013 -1.217692 -20.922340
v -0.563271 -0.563060 -20.699255
v -0.539785 -1.165379 -20.818777
v -0.403937 -0.607302 -20.861813
v -0.563271 -0.563060 -20.699255
v -0.699119 -1.121137 -20.656214
v -0.539785 -1.165379 -20.818777
v -0.665570 -0.531221 -20.493616
v -0.699119 -1.121137 -20.656214
v -0.563271 -0.563060 -20.699255
v -0.916390 -3.624089 -20.519354
v -0.877521 -3.461111 -20.566475
v -1.065881 -3.390757 -20.471237
v -1.065881 -3.390757 -20.471237
v -0.877521 -3.461111 -20.566475
v -0.846634 -3.331104 -20.588408
v -1.065881 -3.390757 -20.471237
v -0.846634 -3.331104 -20.588408
v -1.036008 -3.261730 -20.492678
v -0.539785 -1.165379 -20.818777
v -1.036008 -3.261730 -20.492678
v -0.846634 -3.331104 -20.588408
v -0.699119 -1.121137 -20.656214
v -1.036008 -3.261730 -20.492678
v -0.539785 -1.165379 -20.818777
v -0.699119 -1.121137 -20.656214
v -1.183210 -3.189625 -20.341951
v -1.036008 -3.261730 -20.492678
v -0.801418 -1.089298 -20.450562
v -1.183210 -3.189625 -20.341951
v -0.699119 -1.121137 -20.656214
v -0.801418 -1.089298 -20.450562
v -1.273746 -3.121620 -20.150892
v -1.183210 -3.189625 -20.341951
v -0.836668 -1.072977 -20.221952
v -1.273746 -3.121620 -20.150892
v -0.801418 -1.089298 -20.450562
v -0.836668 -1.072977 -20.221952
v -1.298571 -3.064328 -19.937981
v -1.273746 -3.121620 -20.150892
v -0.801418 -1.073773 -19.992760
v -1.298571 -3.064328 -19.937981
v -0.836668 -1.072977 -20.221952
v -0.801418 -1.073773 -19.992760
v -1.255029 -3.023399 -19.724091
v -1.298571 -3.064328 -19.937981
v -0.699119 -1.091606 -19.785433
v -1.255029 -3.023399 -19.724091
v -0.801418 -1.073773 -19.992760
v -0.699119 -1.091606 -19.785433
v -1.147257 -3.003062 -19.529993
v -1.255029 -3.023399 -19.724091
v -0.539785 -1.124732 -19.620235
v -1.147257 -3.003062 -19.529993
v -0.699119 -1.091606 -19.785433
v -0.539785 -1.124732 -19.620235
v -0.985645 -3.005339 -19.375078
v -1.147257 -3.003062 -19.529993
v -0.339013 -1.169909 -19.513376
v -0.985645 -3.005339 -19.375078
v -0.539785 -1.124732 -19.620235
v -0.339013 -1.169909 -19.513376
v -0.786013 -3.030035 -19.274662
v -0.985645 -3.005339 -19.375078
v -0.665570 -0.531221 -20.493616
v -0.801418 -1.089298 -20.450562
v -0.699119 -1.121137 -20.656214
v -0.700820 -0.514900 -20.264996
v -0.801418 -1.089298 -20.450562
v -0.665570 -0.531221 -20.493616
v -0.700820 -0.514900 -20.264996
v -0.836668 -1.072977 -20.221952
v -0.801418 -1.089298 -20.450562
v -0.665570 -0.515694 -20.035803
v -0.836668 -1.072977 -20.221952
v -0.700820 -0.514900 -20.264996
v -0.665570 -0.515694 -20.035803
v -0.801418 -1.073773 -19.992760
v -0.836668 -1.072977 -20.221952
v -0.563271 -0.533529 -19.828476
v -0.801418 -1.073773 -19.992760
v -0.665570 -0.515694 -20.035803
v -0.563271 -0.533529 -19.828476
v -0.699119 -1.091606 -19.785433
v -0.801418 -1.073773 -19.992760
v -0.403937 -0.566656 -19.663286
v -0.699119 -1.091606 -19.785433
v -0.563271 -0.533529 -19.828476
v -0.403937 -0.566656 -19.663286
v -0.539785 -1.124732 -19.620235
v -0.699119 -1.091606 -19.785433
v -0.203165 -0.611832 -19.556419
v -0.539785 -1.124732 -19.620235
v -0.403937 -0.566656 -19.663286
v -0.203165 -0.611832 -19.556419
v -0.339013 -1.169909 -19.513376
v -0.539785 -1.124732 -19.620235
v 0.019393 -0.664636 -19.518330
v -0.339013 -1.169909 -19.513376
v -0.203165 -0.611832 -19.556419
v 0.019393 -0.664636 -19.518330
v -0.116455 -1.222714 -19.475294
v -0.339013 -1.169909 -19.513376
v -0.116455 -1.222714 -19.475294
v -0.786013 -3.030035 -19.274662
v -0.339013 -1.169909 -19.513376
v -0.116455 -1.222714 -19.475294
v -0.568082 -3.074862 -19.238331
v -0.786013 -3.030035 -19.274662
v -0.583348 -3.137470 -19.230425
v -0.786013 -3.030035 -19.274662
v -0.568082 -3.074862 -19.238331
v -0.583348 -3.137470 -19.230425
v -0.816272 -3.109570 -19.269962
v -0.786013 -3.030035 -19.274662
v -0.816943 -3.147297 -19.252174
v -0.816272 -3.109570 -19.269962
v -0.583348 -3.137470 -19.230425
v -0.816943 -3.147297 -19.252174
v -0.583348 -3.137470 -19.230425
v -0.590331 -3.166112 -19.226830
v -1.023639 -3.167958 -19.221542
v -0.816943 -3.147297 -19.252174
v -0.816423 -3.157387 -19.223803
v -0.816423 -3.157387 -19.223803
v -0.816943 -3.147297 -19.252174
v -0.590331 -3.166112 -19.226830
v -0.816423 -3.157387 -19.223803
v -0.590331 -3.166112 -19.226830
v -0.596117 -3.189842 -19.223854
v -0.985645 -3.005339 -19.375078
v -0.989781 -3.095424 -19.354382
v -1.140214 -3.117707 -19.466597
v -0.985645 -3.005339 -19.375078
v -1.140214 -3.117707 -19.466597
v -1.147257 -3.003062 -19.529993
v -1.147257 -3.003062 -19.529993
v -1.140214 -3.117707 -19.466597
v -1.270192 -3.174341 -19.618727
v -1.147257 -3.003062 -19.529993
v -1.270192 -3.174341 -19.618727
v -1.255029 -3.023399 -19.724091
v -0.816272 -3.109570 -19.269962
v -0.985645 -3.005339 -19.375078
v -0.786013 -3.030035 -19.274662
v -0.816272 -3.109570 -19.269962
v -0.989781 -3.095424 -19.354382
v -0.985645 -3.005339 -19.375078
v -1.016730 -3.145036 -19.297949
v -0.989781 -3.095424 -19.354382
v -0.816272 -3.109570 -19.269962
v -1.171971 -3.176064 -19.349218
v -0.989781 -3.095424 -19.354382
v -1.016730 -3.145036 -19.297949
v -1.171971 -3.176064 -19.349218
v -1.140214 -3.117707 -19.466597
v -0.989781 -3.095424 -19.354382
v -1.305828 -3.259712 -19.431114
v -1.140214 -3.117707 -19.466597
v -1.171971 -3.176064 -19.349218
v -1.305828 -3.259712 -19.431114
v -1.270192 -3.174341 -19.618727
v -1.140214 -3.117707 -19.466597
v -1.380166 -3.432256 -19.548826
v -1.270192 -3.174341 -19.618727
v -1.305828 -3.259712 -19.431114
v -1.380166 -3.432256 -19.548826
v -1.348807 -3.307480 -19.865747
v -1.270192 -3.174341 -19.618727
v -1.255029 -3.023399 -19.724091
v -1.270192 -3.174341 -19.618727
v -1.348807 -3.307480 -19.865747
v -1.255029 -3.023399 -19.724091
v -1.348807 -3.307480 -19.865747
v -1.298571 -3.064328 -19.937981
v -1.312957 -3.294415 -20.120815
v -1.298571 -3.064328 -19.937981
v -1.348807 -3.307480 -19.865747
v -1.312957 -3.294415 -20.120815
v -1.273746 -3.121620 -20.150892
v -1.298571 -3.064328 -19.937981
v -1.214165 -3.325785 -20.319918
v -1.273746 -3.121620 -20.150892
v -1.312957 -3.294415 -20.120815
v -1.214165 -3.325785 -20.319918
v -1.183210 -3.189625 -20.341951
v -1.273746 -3.121620 -20.150892
v -1.214165 -3.325785 -20.319918
v -1.036008 -3.261730 -20.492678
v -1.183210 -3.189625 -20.341951
v -1.214165 -3.325785 -20.319918
v -1.065881 -3.390757 -20.471237
v -1.036008 -3.261730 -20.492678
v -1.016730 -3.145036 -19.297949
v -0.816272 -3.109570 -19.269962
v -0.816943 -3.147297 -19.252174
v -1.023639 -3.167958 -19.221542
v -1.016730 -3.145036 -19.297949
v -0.816943 -3.147297 -19.252174
v -1.171971 -3.176064 -19.349218
v -1.016730 -3.145036 -19.297949
v -1.023639 -3.167958 -19.221542
v -1.171971 -3.176064 -19.349218
v -1.023639 -3.167958 -19.221542
v -1.197557 -3.222036 -19.217569
v -1.305828 -3.259712 -19.431114
v -1.171971 -3.176064 -19.349218
v -1.197557 -3.222036 -19.217569
v -1.305828 -3.259712 -19.431114
v -1.197557 -3.222036 -19.217569
v -1.321796 -3.314863 -19.212660
v -1.384566 -3.436499 -19.207130
v -1.305828 -3.259712 -19.431114
v -1.321796 -3.314863 -19.212660
v -1.384566 -3.436499 -19.207130
v -1.380166 -3.432256 -19.548826
v -1.305828 -3.259712 -19.431114
v -1.380166 -3.432256 -19.548826
v -1.384566 -3.436499 -19.207130
v -1.457531 -3.763810 -19.337399
v -1.380166 -3.432256 -19.548826
v -1.457531 -3.763810 -19.337399
v -1.428793 -3.719784 -19.692059
v -1.348807 -3.307480 -19.865747
v -1.380166 -3.432256 -19.548826
v -1.428793 -3.719784 -19.692059
v -1.348807 -3.307480 -19.865747
v -1.428793 -3.719784 -19.692059
v -1.396397 -3.669246 -20.072144
v -1.348807 -3.307480 -19.865747
v -1.396397 -3.669246 -20.072144
v -1.312957 -3.294415 -20.120815
v -1.312957 -3.294415 -20.120815
v -1.396397 -3.669246 -20.072144
v -1.286362 -3.643898 -20.266216
v -1.312957 -3.294415 -20.120815
v -1.286362 -3.643898 -20.266216
v -1.214165 -3.325785 -20.319918
v -1.122325 -3.633871 -20.417990
v -1.214165 -3.325785 -20.319918
v -1.286362 -3.643898 -20.266216
v -1.122325 -3.633871 -20.417990
v -1.065881 -3.390757 -20.471237
v -1.214165 -3.325785 -20.319918
v -0.916390 -3.624089 -20.519354
v -1.065881 -3.390757 -20.471237
v -1.122325 -3.633871 -20.417990
v -0.596117 -3.189842 -19.223854
v -0.590741 -3.140321 -18.416571
v -0.806858 -3.109506 -18.417978
v -0.596117 -3.189842 -19.223854
v -0.806858 -3.109506 -18.417978
v -0.816423 -3.157387 -19.223803
v -0.816423 -3.157387 -19.223803
v -0.806858 -3.109506 -18.417978
v -1.011712 -3.124259 -18.418274
v -0.816423 -3.157387 -19.223803
v -1.011712 -3.124259 -18.418274
v -1.023639 -3.167958 -19.221542
v -1.023639 -3.167958 -19.221542
v -1.011712 -3.124259 -18.418274
v -1.184553 -3.181880 -18.417629
v -1.023639 -3.167958 -19.221542
v -1.184553 -3.181880 -18.417629
v -1.197557 -3.222036 -19.217569
v -1.197557 -3.222036 -19.217569
v -1.184553 -3.181880 -18.417629
v -1.308918 -3.277580 -18.415936
v -1.197557 -3.222036 -19.217569
v -1.308918 -3.277580 -18.415936
v -1.321796 -3.314863 -19.212660
v -1.321796 -3.314863 -19.212660
v -1.308918 -3.277580 -18.415936
v -1.372885 -3.401701 -18.413412
v -1.321796 -3.314863 -19.212660
v -1.372885 -3.401701 -18.413412
v -1.384566 -3.436499 -19.207130
v -1.384566 -3.436499 -19.207130
v -1.372885 -3.401701 -18.413412
v -1.446498 -3.717757 -18.520498
v -1.384566 -3.436499 -19.207130
v -1.446498 -3.717757 -18.520498
v -1.457531 -3.763810 -19.337399
v -1.457531 -3.763810 -19.337399
v -1.446498 -3.717757 -18.520498
v -1.377730 -3.782849 -18.519279
v -1.457531 -3.763810 -19.337399
v -1.377730 -3.782849 -18.519279
v -1.387175 -3.827173 -19.347919
v -1.457531 -3.763810 -19.337399
v -1.387175 -3.827173 -19.347919
v -1.360239 -3.781829 -19.685173
v -1.457531 -3.763810 -19.337399
v -1.360239 -3.781829 -19.685173
v -1.428793 -3.719784 -19.692059
v -1.428793 -3.719784 -19.692059
v -1.360239 -3.781829 -19.685173
v -1.330582 -3.731462 -20.046679
v -1.428793 -3.719784 -19.692059
v -1.330582 -3.731462 -20.046679
v -1.396397 -3.669246 -20.072144
v -1.446498 -3.717757 -18.520498
v -1.311925 -3.503799 -17.680157
v -1.377730 -3.782849 -18.519279
v -1.446498 -3.717757 -18.520498
v -1.378873 -3.436436 -17.680906
v -1.311925 -3.503799 -17.680157
v -1.372885 -3.401701 -18.413412
v -1.378873 -3.436436 -17.680906
v -1.446498 -3.717757 -18.520498
v -1.372885 -3.401701 -18.413412
v -1.308286 -3.141906 -17.633730
v -1.378873 -3.436436 -17.680906
v -1.308918 -3.277580 -18.415936
v -1.308286 -3.141906 -17.633730
v -1.372885 -3.401701 -18.413412
v -1.308918 -3.277580 -18.415936
v -1.243296 -3.016170 -17.646524
v -1.308286 -3.141906 -17.633730
v -1.184553 -3.181880 -18.417629
v -1.243296 -3.016170 -17.646524
v -1.308918 -3.277580 -18.415936
v -1.184553 -3.181880 -18.417629
v -1.118859 -2.918648 -17.657654
v -1.243296 -3.016170 -17.646524
v -1.011712 -3.124259 -18.418274
v -1.118859 -2.918648 -17.657654
v -1.184553 -3.181880 -18.417629
v -1.011712 -3.124259 -18.418274
v -0.947036 -2.858842 -17.665899
v -1.118859 -2.918648 -17.657654
v -0.806858 -3.109506 -18.417978
v -0.947036 -2.858842 -17.665899
v -1.011712 -3.124259 -18.418274
v -0.806858 -3.109506 -18.417978
v -0.744723 -2.842821 -17.670431
v -0.947036 -2.858842 -17.665899
v -0.590741 -3.140321 -18.416571
v -0.744723 -2.842821 -17.670431
v -0.806858 -3.109506 -18.417978
v -0.590741 -3.140321 -18.416571
v -0.531820 -2.872334 -17.670469
v -0.744723 -2.842821 -17.670431
v -0.531820 -2.872334 -17.670469
v -0.643707 -2.398381 -16.677691
v -0.744723 -2.842821 -17.670431
v -0.531820 -2.872334 -17.670469
v -0.432184 -2.428486 -16.683783
v -0.643707 -2.398381 -16.677691
v -0.432184 -2.428486 -16.683783
v -0.514739 -1.840599 -15.893866
v -0.643707 -2.398381 -16.677691
v -0.432184 -2.428486 -16.683783
v -0.303911 -1.873758 -15.905584
v -0.514739 -1.840599 -15.893866
v -0.384365 -1.287351 -15.414478
v -0.286065 -0.877573 -15.270111
v -0.474578 -0.839000 -15.207966
v -0.384365 -1.287351 -15.414478
v -0.474578 -0.839000 -15.207966
v -0.580032 -1.278649 -15.364222
v -0.514739 -1.840599 -15.893866
v -0.384365 -1.287351 -15.414478
v -0.580032 -1.278649 -15.364222
v -0.514739 -1.840599 -15.893866
v -0.580032 -1.278649 -15.364222
v -0.713409 -1.844699 -15.856438
v -0.643707 -2.398381 -16.677691
v -0.514739 -1.840599 -15.893866
v -0.713409 -1.844699 -15.856438
v -0.643707 -2.398381 -16.677691
v -0.713409 -1.844699 -15.856438
v -0.844392 -2.411337 -16.656603
v -0.744723 -2.842821 -17.670431
v -0.643707 -2.398381 -16.677691
v -0.844392 -2.411337 -16.656603
v -0.744723 -2.842821 -17.670431
v -0.844392 -2.411337 -16.656603
v -0.947036 -2.858842 -17.665899
v -0.947036 -2.858842 -17.665899
v -0.844392 -2.411337 -16.656603
v -1.014593 -2.466071 -16.622578
v -0.947036 -2.858842 -17.665899
v -1.014593 -2.466071 -16.622578
v -1.118859 -2.918648 -17.657654
v -1.118859 -2.918648 -17.657654
v -1.014593 -2.466071 -16.622578
v -1.137649 -2.557235 -16.578959
v -1.118859 -2.918648 -17.657654
v -1.137649 -2.557235 -16.578959
v -1.243296 -3.016170 -17.646524
v -1.243296 -3.016170 -17.646524
v -1.137649 -2.557235 -16.578959
v -1.201516 -2.675909 -16.530014
v -1.243296 -3.016170 -17.646524
v -1.201516 -2.675909 -16.530014
v -1.308286 -3.141906 -17.633730
v -1.308286 -3.141906 -17.633730
v -1.201516 -2.675909 -16.530014
v -1.269778 -2.956096 -16.501282
v -1.308286 -3.141906 -17.633730
v -1.269778 -2.956096 -16.501282
v -1.378873 -3.436436 -17.680906
v -1.378873 -3.436436 -17.680906
v -1.269778 -2.956096 -16.501282
v -1.203904 -3.024917 -16.493883
v -1.378873 -3.436436 -17.680906
v -1.203904 -3.024917 -16.493883
v -1.311925 -3.503799 -17.680157
v -0.580032 -1.278649 -15.364222
v -0.474578 -0.839000 -15.207966
v -0.625821 -0.813485 -15.110003
v -0.580032 -1.278649 -15.364222
v -0.625821 -0.813485 -15.110003
v -0.742419 -1.299658 -15.284771
v -0.713409 -1.844699 -15.856438
v -0.580032 -1.278649 -15.364222
v -0.742419 -1.299658 -15.284771
v -0.713409 -1.844699 -15.856438
v -0.742419 -1.299658 -15.284771
v -0.880471 -1.885643 -15.796969
v -0.844392 -2.411337 -16.656603
v -0.713409 -1.844699 -15.856438
v -0.880471 -1.885643 -15.796969
v -0.844392 -2.411337 -16.656603
v -0.880471 -1.885643 -15.796969
v -1.014593 -2.466071 -16.622578
v -1.014593 -2.466071 -16.622578
v -0.880471 -1.885643 -15.796969
v -0.999569 -1.959422 -15.721294
v -1.014593 -2.466071 -16.622578
v -0.999569 -1.959422 -15.721294
v -1.137649 -2.557235 -16.578959
v -1.137649 -2.557235 -16.578959
v -0.999569 -1.959422 -15.721294
v -1.059051 -2.058830 -15.636803
v -1.137649 -2.557235 -16.578959
v -1.059051 -2.058830 -15.636803
v -1.201516 -2.675909 -16.530014
v -1.201516 -2.675909 -16.530014
v -1.059051 -2.058830 -15.636803
v -1.115612 -2.284369 -15.417804
v -1.201516 -2.675909 -16.530014
v -1.115612 -2.284369 -15.417804
v -1.269778 -2.956096 -16.501282
v -1.269778 -2.956096 -16.501282
v -1.115612 -2.284369 -15.417804
v -1.049738 -2.352695 -15.395802
v -1.269778 -2.956096 -16.501282
v -1.049738 -2.352695 -15.395802
v -1.203904 -3.024917 -16.493883
v -1.115612 -2.284369 -15.417804
v -0.827142 -1.392345 -14.238245
v -1.049738 -2.352695 -15.395802
v -0.827142 -1.392345 -14.238245
v -0.616928 -0.703483 -12.946422
v -0.504954 -0.887210 -12.940202
v -0.827142 -1.392345 -14.238245
v -0.888990 -1.312708 -14.273156
v -0.616928 -0.703483 -12.946422
v -1.115612 -2.284369 -15.417804
v -0.888990 -1.312708 -14.273156
v -0.827142 -1.392345 -14.238245
v -0.901303 -1.386867 -14.953101
v -0.888990 -1.312708 -14.273156
v -1.115612 -2.284369 -15.417804
v -0.901303 -1.386867 -14.953101
v -1.115612 -2.284369 -15.417804
v -1.059051 -2.058830 -15.636803
v -0.855627 -1.348323 -15.183926
v -0.901303 -1.386867 -14.953101
v -1.059051 -2.058830 -15.636803
v -0.855627 -1.348323 -15.183926
v -1.059051 -2.058830 -15.636803
v -0.999569 -1.959422 -15.721294
v -0.880471 -1.885643 -15.796969
v -0.855627 -1.348323 -15.183926
v -0.999569 -1.959422 -15.721294
v -0.880471 -1.885643 -15.796969
v -0.742419 -1.299658 -15.284771
v -0.855627 -1.348323 -15.183926
v -0.742419 -1.299658 -15.284771
v -0.724989 -0.803527 -14.985813
v -0.855627 -1.348323 -15.183926
v -0.742419 -1.299658 -15.284771
v -0.625821 -0.813485 -15.110003
v -0.724989 -0.803527 -14.985813
v -0.724989 -0.803527 -14.985813
v -0.901303 -1.386867 -14.953101
v -0.855627 -1.348323 -15.183926
v -0.724989 -0.803527 -14.985813
v -0.757255 -0.814431 -14.611025
v -0.901303 -1.386867 -14.953101
v -0.757255 -0.814431 -14.611025
v -0.888990 -1.312708 -14.273156
v -0.901303 -1.386867 -14.953101
v -0.757255 -0.814431 -14.611025
v -0.730231 -0.737128 -13.948506
v -0.888990 -1.312708 -14.273156
v -0.666613 -0.494167 -12.953523
v -0.888990 -1.312708 -14.273156
v -0.730231 -0.737128 -13.948506
v -0.666613 -0.494167 -12.953523
v -0.616928 -0.703483 -12.946422
v -0.888990 -1.312708 -14.273156
v -0.303911 -1.873758 -15.905584
v -0.384365 -1.287351 -15.414478
v -0.514739 -1.840599 -15.893866
v -0.303911 -1.873758 -15.905584
v -0.174571 -1.324917 -15.430620
v -0.384365 -1.287351 -15.414478
v -0.174571 -1.324917 -15.430620
v -0.286065 -0.877573 -15.270111
v -0.384365 -1.287351 -15.414478
v -0.174571 -1.324917 -15.430620
v -0.078736 -0.925431 -15.290345
v -0.286065 -0.877573 -15.270111
v -0.286065 -0.877573 -15.270111
v -0.078736 -0.925431 -15.290345
v 0.019393 -0.520549 -15.269613
v -0.286065 -0.877573 -15.270111
v 0.019393 -0.520549 -15.269613
v -0.187197 -0.469644 -15.249256
v -0.474578 -0.839000 -15.207966
v -0.286065 -0.877573 -15.270111
v -0.187197 -0.469644 -15.249256
v -0.474578 -0.839000 -15.207966
v -0.187197 -0.469644 -15.249256
v -0.373565 -0.422225 -15.186766
v -0.625821 -0.813485 -15.110003
v -0.474578 -0.839000 -15.207966
v -0.373565 -0.422225 -15.186766
v -0.625821 -0.813485 -15.110003
v -0.373565 -0.422225 -15.186766
v -0.521468 -0.382934 -15.088259
v -0.724989 -0.803527 -14.985813
v -0.625821 -0.813485 -15.110003
v -0.521468 -0.382934 -15.088259
v -0.724989 -0.803527 -14.985813
v -0.521468 -0.382934 -15.088259
v -0.616428 -0.355618 -14.963392
v -0.757255 -0.814431 -14.611025
v -0.724989 -0.803527 -14.985813
v -0.616428 -0.355618 -14.963392
v -0.757255 -0.814431 -14.611025
v -0.616428 -0.355618 -14.963392
v -0.648334 -0.333538 -14.541002
v -0.648334 -0.333538 -14.541002
v -0.730231 -0.737128 -13.948506
v -0.757255 -0.814431 -14.611025
v -0.648334 -0.333538 -14.541002
v -0.648200 -0.311506 -13.890362
v -0.730231 -0.737128 -13.948506
v -0.648200 -0.311506 -13.890362
v -0.666613 -0.494167 -12.953523
v -0.730231 -0.737128 -13.948506
v -0.648200 -0.311506 -13.890362
v -0.649149 -0.279751 -12.960798
v -0.666613 -0.494167 -12.953523
v -0.649149 -0.218202 -11.145905
v -0.666613 -0.494167 -12.953523
v -0.649149 -0.279751 -12.960798
v -0.649149 -0.218202 -11.145905
v -0.666614 -0.432618 -11.138628
v -0.666613 -0.494167 -12.953523
v -0.666614 -0.432618 -11.138628
v -0.616928 -0.703483 -12.946422
v -0.666613 -0.494167 -12.953523
v -0.666614 -0.432618 -11.138628
v -0.616929 -0.641934 -11.131529
v -0.616928 -0.703483 -12.946422
v -0.504955 -0.825661 -11.125300
v -0.616928 -0.703483 -12.946422
v -0.616929 -0.641934 -11.131529
v -0.504955 -0.825661 -11.125300
v -0.504954 -0.887210 -12.940202
v -0.616928 -0.703483 -12.946422
v -0.504955 -0.825661 -11.125300
v -0.341654 -1.027362 -12.935444
v -0.504954 -0.887210 -12.940202
v -0.504954 -0.933697 -14.310973
v -0.504954 -0.887210 -12.940202
v -0.341654 -1.027362 -12.935444
v -0.504954 -0.933697 -14.310973
v -0.341654 -1.027362 -12.935444
v -0.341654 -1.075408 -14.352172
v -0.504954 -0.958214 -15.033911
v -0.504954 -0.933697 -14.310973
v -0.341654 -1.075408 -14.352172
v -0.504954 -0.958214 -15.033911
v -0.341654 -1.075408 -14.352172
v -0.341654 -1.101413 -15.118977
v -0.341654 -1.075408 -14.352172
v -0.143013 -1.184271 -15.116166
v -0.341654 -1.101413 -15.118977
v -0.341654 -1.075408 -14.352172
v -0.143013 -1.158266 -14.349359
v -0.143013 -1.184271 -15.116166
v -0.341654 -1.027362 -12.935444
v -0.143013 -1.158266 -14.349359
v -0.341654 -1.075408 -14.352172
v -0.341654 -1.027362 -12.935444
v -0.143013 -1.110221 -12.932631
v -0.143013 -1.158266 -14.349359
v -0.341655 -0.965814 -11.120550
v -0.143013 -1.110221 -12.932631
v -0.341654 -1.027362 -12.935444
v -0.341655 -0.965814 -11.120550
v -0.143013 -1.048672 -11.117737
v -0.143013 -1.110221 -12.932631
v -0.504955 -0.825661 -11.125300
v -0.341655 -0.965814 -11.120550
v -0.341654 -1.027362 -12.935444
v -0.504954 -0.887210 -12.940202
v -0.504954 -0.933697 -14.310973
v -0.616928 -0.750014 -14.318486
v -0.584591 -0.843791 -14.798582
v -0.616928 -0.750014 -14.318486
v -0.504954 -0.933697 -14.310973
v -0.584591 -0.843791 -14.798582
v -0.504954 -0.933697 -14.310973
v -0.504954 -0.958214 -15.033911
v 0.672225 1.980737 -20.802280
v -0.067317 -0.099904 -20.960249
v 0.155241 -0.155167 -20.994661
v 0.352366 2.433179 -20.623741
v 0.529288 2.323599 -20.721058
v 0.562612 2.362324 -20.641485
v 0.529288 2.323599 -20.721058
v 0.742496 2.274629 -20.670898
v 0.562612 2.362324 -20.641485
v 0.529288 2.323599 -20.721058
v 0.733734 2.235734 -20.753614
v 0.742496 2.274629 -20.670898
v 0.488365 2.158302 -20.757048
v 0.733734 2.235734 -20.753614
v 0.529288 2.323599 -20.721058
v 0.488365 2.158302 -20.757048
v 0.704010 2.112102 -20.789011
v 0.733734 2.235734 -20.753614
v 0.672225 1.980737 -20.802280
v 0.704010 2.112102 -20.789011
v 0.488365 2.158302 -20.757048
v 0.672225 1.980737 -20.802280
v 0.488365 2.158302 -20.757048
v 0.455858 2.027500 -20.770128
v 0.672225 1.980737 -20.802280
v 0.455858 2.027500 -20.770128
v -0.067317 -0.099904 -20.960249
v 0.455858 2.027500 -20.770128
v -0.268089 -0.047591 -20.856680
v -0.067317 -0.099904 -20.960249
v 0.455858 2.027500 -20.770128
v 0.257270 2.058964 -20.673119
v -0.268089 -0.047591 -20.856680
v 0.257270 2.058964 -20.673119
v -0.427423 -0.003349 -20.694117
v -0.268089 -0.047591 -20.856680
v 0.257270 2.058964 -20.673119
v 0.095755 2.072189 -20.520395
v -0.427423 -0.003349 -20.694117
v 0.095755 2.072189 -20.520395
v -0.529722 0.028490 -20.488466
v -0.427423 -0.003349 -20.694117
v 0.095755 2.072189 -20.520395
v -0.012900 2.065645 -20.326809
v -0.529722 0.028490 -20.488466
v -0.012900 2.065645 -20.326809
v -0.564972 0.044811 -20.259861
v -0.529722 0.028490 -20.488466
v -0.012900 2.065645 -20.326809
v -0.057918 2.039865 -20.111082
v -0.564972 0.044811 -20.259861
v -0.057918 2.039865 -20.111082
v -0.529722 0.044016 -20.030668
v -0.564972 0.044811 -20.259861
v -0.057918 2.039865 -20.111082
v -0.034669 1.997304 -19.894360
v -0.529722 0.044016 -20.030668
v 0.114595 2.044726 -19.641668
v 0.239791 1.963178 -19.525934
v 0.201839 1.880108 -19.540758
v 0.114595 2.044726 -19.641668
v 0.201839 1.880108 -19.540758
v 0.054786 1.942282 -19.697704
v 0.022705 2.144791 -19.799114
v 0.114595 2.044726 -19.641668
v 0.054786 1.942282 -19.697704
v 0.022705 2.144791 -19.799114
v 0.054786 1.942282 -19.697704
v -0.034669 1.997304 -19.894360
v 0.010057 2.283046 -20.055344
v 0.022705 2.144791 -19.799114
v -0.034669 1.997304 -19.894360
v 0.010057 2.283046 -20.055344
v -0.034669 1.997304 -19.894360
v -0.057918 2.039865 -20.111082
v 0.031955 2.238711 -20.308458
v 0.010057 2.283046 -20.055344
v -0.057918 2.039865 -20.111082
v 0.031955 2.238711 -20.308458
v -0.057918 2.039865 -20.111082
v -0.012900 2.065645 -20.326809
v 0.131025 2.208482 -20.507603
v 0.031955 2.238711 -20.308458
v -0.012900 2.065645 -20.326809
v 0.131025 2.208482 -20.507603
v -0.012900 2.065645 -20.326809
v 0.095755 2.072189 -20.520395
v 0.257270 2.058964 -20.673119
v 0.131025 2.208482 -20.507603
v 0.095755 2.072189 -20.520395
v 0.257270 2.058964 -20.673119
v 0.290220 2.188400 -20.660444
v 0.131025 2.208482 -20.507603
v 0.455858 2.027500 -20.770128
v 0.290220 2.188400 -20.660444
v 0.257270 2.058964 -20.673119
v 0.455858 2.027500 -20.770128
v 0.488365 2.158302 -20.757048
v 0.290220 2.188400 -20.660444
v 0.290220 2.188400 -20.660444
v 0.488365 2.158302 -20.757048
v 0.529288 2.323599 -20.721058
v 0.290220 2.188400 -20.660444
v 0.529288 2.323599 -20.721058
v 0.352366 2.433179 -20.623741
v 0.131025 2.208482 -20.507603
v 0.290220 2.188400 -20.660444
v 0.352366 2.433179 -20.623741
v 0.131025 2.208482 -20.507603
v 0.352366 2.433179 -20.623741
v 0.213568 2.526989 -20.475489
v 0.031955 2.238711 -20.308458
v 0.131025 2.208482 -20.507603
v 0.213568 2.526989 -20.475489
v 0.031955 2.238711 -20.308458
v 0.213568 2.526989 -20.475489
v 0.130436 2.612324 -20.285173
v 0.010057 2.283046 -20.055344
v 0.031955 2.238711 -20.308458
v 0.130436 2.612324 -20.285173
v -0.034669 1.997304 -19.894360
v -0.427423 0.026183 -19.823338
v -0.529722 0.044016 -20.030668
v -0.034669 1.997304 -19.894360
v 0.054786 1.942282 -19.697704
v -0.427423 0.026183 -19.823338
v 0.054786 1.942282 -19.697704
v -0.268089 -0.006944 -19.658140
v -0.427423 0.026183 -19.823338
v 0.054786 1.942282 -19.697704
v 0.201839 1.880108 -19.540758
v -0.268089 -0.006944 -19.658140
v 0.201839 1.880108 -19.540758
v -0.067317 -0.052121 -19.551281
v -0.268089 -0.006944 -19.658140
v 0.201839 1.880108 -19.540758
v 0.392107 1.816889 -19.439032
v -0.067317 -0.052121 -19.551281
v 0.401761 1.901560 -19.439905
v 0.392107 1.816889 -19.439032
v 0.201839 1.880108 -19.540758
v 0.401761 1.901560 -19.439905
v 0.201839 1.880108 -19.540758
v 0.239791 1.963178 -19.525934
v 0.401761 1.901560 -19.439905
v 0.239791 1.963178 -19.525934
v 0.239471 2.023121 -19.473217
v 0.239791 1.963178 -19.525934
v 0.114960 2.118523 -19.528774
v 0.239471 2.023121 -19.473217
v 0.239791 1.963178 -19.525934
v 0.114595 2.044726 -19.641668
v 0.114960 2.118523 -19.528774
v 0.114595 2.044726 -19.641668
v 0.033102 2.248803 -19.617926
v 0.114960 2.118523 -19.528774
v 0.114595 2.044726 -19.641668
v 0.022705 2.144791 -19.799114
v 0.033102 2.248803 -19.617926
v 0.022705 2.144791 -19.799114
v 0.044332 2.428298 -19.747576
v 0.033102 2.248803 -19.617926
v 0.022705 2.144791 -19.799114
v 0.010057 2.283046 -20.055344
v 0.044332 2.428298 -19.747576
v 0.130734 2.696290 -19.909647
v 0.044332 2.428298 -19.747576
v 0.010057 2.283046 -20.055344
v 0.130734 2.696290 -19.909647
v 0.010057 2.283046 -20.055344
v 0.130436 2.612324 -20.285173
v 0.130734 2.696290 -19.909647
v 0.130436 2.612324 -20.285173
v 0.217839 2.638924 -20.262720
v 0.130436 2.612324 -20.285173
v 0.288459 2.556960 -20.424307
v 0.217839 2.638924 -20.262720
v 0.130436 2.612324 -20.285173
v 0.213568 2.526989 -20.475489
v 0.288459 2.556960 -20.424307
v 0.213568 2.526989 -20.475489
v 0.407037 2.461085 -20.554581
v 0.288459 2.556960 -20.424307
v 0.213568 2.526989 -20.475489
v 0.352366 2.433179 -20.623741
v 0.407037 2.461085 -20.554581
v 0.352366 2.433179 -20.623741
v 0.562612 2.362324 -20.641485
v 0.407037 2.461085 -20.554581
v 0.033102 2.248803 -19.617926
v 0.044332 2.428298 -19.747576
v 0.047682 2.455935 -19.406961
v 0.130900 2.771180 -19.559021
v 0.047682 2.455935 -19.406961
v 0.044332 2.428298 -19.747576
v 0.130900 2.771180 -19.559021
v 0.044332 2.428298 -19.747576
v 0.130734 2.696290 -19.909647
v 0.130900 2.771180 -19.559021
v 0.130734 2.696290 -19.909647
v 0.220203 2.720294 -19.905676
v 0.130734 2.696290 -19.909647
v 0.217839 2.638924 -20.262720
v 0.220203 2.720294 -19.905676
v 0.132289 2.777559 -18.740774
v 0.047682 2.455935 -19.406961
v 0.130900 2.771180 -19.559021
v 0.166829 2.579967 -17.886477
v 0.132289 2.777559 -18.740774
v 0.223258 2.803804 -18.742651
v 0.223258 2.803804 -18.742651
v 0.132289 2.777559 -18.740774
v 0.130900 2.771180 -19.559021
v 0.223258 2.803804 -18.742651
v 0.130900 2.771180 -19.559021
v 0.222304 2.794412 -19.572477
v 0.130900 2.771180 -19.559021
v 0.220203 2.720294 -19.905676
v 0.222304 2.794412 -19.572477
v -0.067317 -0.052121 -19.551281
v 0.019393 -0.664636 -19.518330
v -0.203165 -0.611832 -19.556419
v -0.067317 -0.052121 -19.551281
v 0.155241 -0.104925 -19.513203
v 0.019393 -0.664636 -19.518330
v 0.392107 1.816889 -19.439032
v 0.155241 -0.104925 -19.513203
v -0.067317 -0.052121 -19.551281
v 0.392107 1.816889 -19.439032
v 0.606868 1.759021 -19.402262
v 0.155241 -0.104925 -19.513203
v 0.392107 1.816889 -19.439032
v 0.622134 1.822022 -19.398613
v 0.606868 1.759021 -19.402262
v 0.392107 1.816889 -19.439032
v 0.401761 1.901560 -19.439905
v 0.622134 1.822022 -19.398613
v 0.622134 1.822022 -19.398613
v 0.401761 1.901560 -19.439905
v 0.418740 1.936447 -19.424578
v 0.401761 1.901560 -19.439905
v 0.239471 2.023121 -19.473217
v 0.418740 1.936447 -19.424578
v 0.418740 1.936447 -19.424578
v 0.239471 2.023121 -19.473217
v 0.245030 2.051495 -19.398550
v 0.114960 2.118523 -19.528774
v 0.245030 2.051495 -19.398550
v 0.239471 2.023121 -19.473217
v 0.114960 2.118523 -19.528774
v 0.115352 2.179425 -19.400749
v 0.245030 2.051495 -19.398550
v 0.033102 2.248803 -19.617926
v 0.115352 2.179425 -19.400749
v 0.114960 2.118523 -19.528774
v 0.033102 2.248803 -19.617926
v 0.047598 2.318985 -19.403721
v 0.115352 2.179425 -19.400749
v 0.033102 2.248803 -19.617926
v 0.047682 2.455935 -19.406961
v 0.047598 2.318985 -19.403721
v 0.054447 2.470513 -18.612556
v 0.047598 2.318985 -19.403721
v 0.047682 2.455935 -19.406961
v 0.132289 2.777559 -18.740774
v 0.054447 2.470513 -18.612556
v 0.047682 2.455935 -19.406961
v 0.076443 2.550905 -17.883957
v 0.054447 2.470513 -18.612556
v 0.132289 2.777559 -18.740774
v 0.166829 2.579967 -17.886477
v 0.076443 2.550905 -17.883957
v 0.132289 2.777559 -18.740774
v 0.423345 1.951692 -18.589617
v 0.634903 1.874718 -19.395609
v 0.424269 1.946967 -19.396912
v 0.629117 1.850841 -19.396971
v 0.424269 1.946967 -19.396912
v 0.634903 1.874718 -19.395609
v 0.629117 1.850841 -19.396971
v 0.418740 1.936447 -19.424578
v 0.424269 1.946967 -19.396912
v 0.622134 1.822022 -19.398613
v 0.418740 1.936447 -19.424578
v 0.629117 1.850841 -19.396971
v 0.418740 1.936447 -19.424578
v 0.245030 2.051495 -19.398550
v 0.424269 1.946967 -19.396912
v 0.248082 2.058679 -18.594044
v 0.424269 1.946967 -19.396912
v 0.245030 2.051495 -19.398550
v 0.248082 2.058679 -18.594044
v 0.423345 1.951692 -18.589617
v 0.424269 1.946967 -19.396912
v 0.195551 1.841894 -17.825314
v 0.423345 1.951692 -18.589617
v 0.248082 2.058679 -18.594044
v 0.195551 1.841894 -17.825314
v 0.367900 1.734641 -17.825665
v 0.423345 1.951692 -18.589617
v 0.097261 1.462738 -16.787983
v 0.367900 1.734641 -17.825665
v 0.195551 1.841894 -17.825314
v 0.097261 1.462738 -16.787983
v 0.269312 1.357888 -16.805079
v 0.367900 1.734641 -17.825665
v -0.033722 0.951612 -15.951265
v 0.269312 1.357888 -16.805079
v 0.097261 1.462738 -16.787983
v -0.033722 0.951612 -15.951265
v 0.140344 0.854490 -15.985259
v 0.269312 1.357888 -16.805079
v -0.167098 0.420209 -15.421832
v 0.140344 0.854490 -15.985259
v -0.033722 0.951612 -15.951265
v -0.167098 0.420209 -15.421832
v 0.009970 0.334991 -15.469496
v 0.140344 0.854490 -15.985259
v -0.272553 -0.007843 -15.236153
v 0.009970 0.334991 -15.469496
v -0.167098 0.420209 -15.421832
v -0.272553 -0.007843 -15.236153
v -0.088329 -0.064064 -15.297697
v 0.009970 0.334991 -15.469496
v -0.507866 0.089742 -15.016107
v -0.521468 -0.382934 -15.088259
v -0.417116 0.045154 -15.139119
v -0.417116 0.045154 -15.139119
v -0.521468 -0.382934 -15.088259
v -0.373565 -0.422225 -15.186766
v -0.417116 0.045154 -15.139119
v -0.373565 -0.422225 -15.186766
v -0.272553 -0.007843 -15.236153
v -0.272553 -0.007843 -15.236153
v -0.373565 -0.422225 -15.186766
v -0.187197 -0.469644 -15.249256
v -0.272553 -0.007843 -15.236153
v -0.187197 -0.469644 -15.249256
v -0.088329 -0.064064 -15.297697
v 0.019393 -0.520549 -15.269613
v -0.088329 -0.064064 -15.297697
v -0.187197 -0.469644 -15.249256
v 0.019393 -0.520549 -15.269613
v 0.117522 -0.118002 -15.317725
v -0.088329 -0.064064 -15.297697
v -0.088329 -0.064064 -15.297697
v 0.117522 -0.118002 -15.317725
v 0.213357 0.271062 -15.484745
v -0.088329 -0.064064 -15.297697
v 0.213357 0.271062 -15.484745
v 0.009970 0.334991 -15.469496
v 0.009970 0.334991 -15.469496
v 0.213357 0.271062 -15.484745
v 0.342697 0.786464 -15.995798
v 0.009970 0.334991 -15.469496
v 0.342697 0.786464 -15.995798
v 0.140344 0.854490 -15.985259
v 0.140344 0.854490 -15.985259
v 0.342697 0.786464 -15.995798
v 0.470970 1.287196 -16.809792
v 0.140344 0.854490 -15.985259
v 0.470970 1.287196 -16.809792
v 0.269312 1.357888 -16.805079
v 0.269312 1.357888 -16.805079
v 0.470970 1.287196 -16.809792
v 0.570606 1.663179 -17.824280
v 0.269312 1.357888 -16.805079
v 0.570606 1.663179 -17.824280
v 0.367900 1.734641 -17.825665
v 0.367900 1.734641 -17.825665
v 0.570606 1.663179 -17.824280
v 0.629527 1.880003 -18.586824
v 0.367900 1.734641 -17.825665
v 0.629527 1.880003 -18.586824
v 0.423345 1.951692 -18.589617
v 0.423345 1.951692 -18.589617
v 0.629527 1.880003 -18.586824
v 0.634903 1.874718 -19.395609
v -0.507866 0.089742 -15.016107
v -0.417116 0.045154 -15.139119
v -0.300519 0.518370 -15.346427
v 0.120934 2.189043 -18.599775
v 0.245030 2.051495 -19.398550
v 0.115352 2.179425 -19.400749
v 0.120934 2.189043 -18.599775
v 0.248082 2.058679 -18.594044
v 0.245030 2.051495 -19.398550
v 0.070427 1.974216 -17.823587
v 0.248082 2.058679 -18.594044
v 0.120934 2.189043 -18.599775
v 0.070427 1.974216 -17.823587
v 0.195551 1.841894 -17.825314
v 0.248082 2.058679 -18.594044
v -0.028344 1.591470 -16.760181
v 0.195551 1.841894 -17.825314
v 0.070427 1.974216 -17.823587
v -0.028344 1.591470 -16.760181
v 0.097261 1.462738 -16.787983
v 0.195551 1.841894 -17.825314
v -0.162467 1.068308 -15.897145
v 0.097261 1.462738 -16.787983
v -0.028344 1.591470 -16.760181
v -0.162467 1.068308 -15.897145
v -0.033722 0.951612 -15.951265
v 0.097261 1.462738 -16.787983
v -0.300519 0.518370 -15.346427
v -0.033722 0.951612 -15.951265
v -0.162467 1.068308 -15.897145
v -0.300519 0.518370 -15.346427
v -0.167098 0.420209 -15.421832
v -0.033722 0.951612 -15.951265
v -0.417116 0.045154 -15.139119
v -0.167098 0.420209 -15.421832
v -0.300519 0.518370 -15.346427
v -0.417116 0.045154 -15.139119
v -0.272553 -0.007843 -15.236153
v -0.167098 0.420209 -15.421832
v -0.566241 -0.081223 -12.967527
v -0.526839 0.099650 -13.976882
v -0.409041 0.661858 -14.340121
v -0.409041 0.661858 -14.340121
v -0.526839 0.099650 -13.976882
v -0.525708 0.138179 -14.643330
v -0.409041 0.661858 -14.340121
v -0.525708 0.138179 -14.643330
v -0.396552 0.689740 -15.023525
v -0.507866 0.089742 -15.016107
v -0.396552 0.689740 -15.023525
v -0.525708 0.138179 -14.643330
v -0.507866 0.089742 -15.016107
v -0.377229 0.619865 -15.250669
v -0.396552 0.689740 -15.023525
v -0.507866 0.089742 -15.016107
v -0.300519 0.518370 -15.346427
v -0.377229 0.619865 -15.250669
v -0.377229 0.619865 -15.250669
v -0.300519 0.518370 -15.346427
v -0.162467 1.068308 -15.897145
v -0.377229 0.619865 -15.250669
v -0.162467 1.068308 -15.897145
v -0.233287 1.193155 -15.828206
v -0.233287 1.193155 -15.828206
v -0.162467 1.068308 -15.897145
v -0.028344 1.591470 -16.760181
v -0.233287 1.193155 -15.828206
v -0.028344 1.591470 -16.760181
v -0.095207 1.731489 -16.724400
v -0.095207 1.731489 -16.724400
v -0.028344 1.591470 -16.760181
v 0.070427 1.974216 -17.823587
v -0.095207 1.731489 -16.724400
v 0.070427 1.974216 -17.823587
v 0.004747 2.118426 -17.820656
v 0.004747 2.118426 -17.820656
v 0.070427 1.974216 -17.823587
v 0.120934 2.189043 -18.599775
v 0.004747 2.118426 -17.820656
v 0.120934 2.189043 -18.599775
v 0.054335 2.331001 -18.606140
v 0.054335 2.331001 -18.606140
v 0.120934 2.189043 -18.599775
v 0.115352 2.179425 -19.400749
v 0.054335 2.331001 -18.606140
v 0.115352 2.179425 -19.400749
v 0.047598 2.318985 -19.403721
v 0.054447 2.470513 -18.612556
v 0.054335 2.331001 -18.606140
v 0.047598 2.318985 -19.403721
v 0.004851 2.260493 -17.816944
v 0.054335 2.331001 -18.606140
v 0.054447 2.470513 -18.612556
v -0.396552 0.689740 -15.023525
v -0.182685 1.553805 -15.547968
v -0.409041 0.661858 -14.340121
v 0.076443 2.550905 -17.883957
v 0.004851 2.260493 -17.816944
v 0.054447 2.470513 -18.612556
v -0.028520 2.150585 -16.674463
v 0.004851 2.260493 -17.816944
v 0.076443 2.550905 -17.883957
v -0.028520 2.150585 -16.674463
v -0.096782 1.869094 -16.684151
v 0.004851 2.260493 -17.816944
v -0.182685 1.553805 -15.547968
v -0.096782 1.869094 -16.684151
v -0.028520 2.150585 -16.674463
v -0.182685 1.553805 -15.547968
v -0.239246 1.313947 -15.751182
v -0.096782 1.869094 -16.684151
v -0.396552 0.689740 -15.023525
v -0.239246 1.313947 -15.751182
v -0.182685 1.553805 -15.547968
v -0.377229 0.619865 -15.250669
v -0.239246 1.313947 -15.751182
v -0.396552 0.689740 -15.023525
v -0.377229 0.619865 -15.250669
v -0.233287 1.193155 -15.828206
v -0.239246 1.313947 -15.751182
v -0.239246 1.313947 -15.751182
v -0.233287 1.193155 -15.828206
v -0.095207 1.731489 -16.724400
v -0.239246 1.313947 -15.751182
v -0.095207 1.731489 -16.724400
v -0.096782 1.869094 -16.684151
v -0.096782 1.869094 -16.684151
v -0.095207 1.731489 -16.724400
v 0.004747 2.118426 -17.820656
v -0.096782 1.869094 -16.684151
v 0.004747 2.118426 -17.820656
v 0.004851 2.260493 -17.816944
v 0.004851 2.260493 -17.816944
v 0.004747 2.118426 -17.820656
v 0.054335 2.331001 -18.606140
v 0.061684 2.181855 -16.670462
v 0.076443 2.550905 -17.883957
v 0.166829 2.579967 -17.886477
v 0.061684 2.181855 -16.670462
v -0.028520 2.150585 -16.674463
v 0.076443 2.550905 -17.883957
v -0.092481 1.585570 -15.529356
v -0.028520 2.150585 -16.674463
v 0.061684 2.181855 -16.670462
v -0.092481 1.585570 -15.529356
v -0.182685 1.553805 -15.547968
v -0.028520 2.150585 -16.674463
v -0.317029 0.706322 -14.309422
v -0.182685 1.553805 -15.547968
v -0.092481 1.585570 -15.529356
v -0.317029 0.706322 -14.309422
v -0.409041 0.661858 -14.340121
v -0.182685 1.553805 -15.547968
v -0.317029 0.706322 -14.309422
v -0.426008 0.081984 -12.973061
v -0.409041 0.661858 -14.340121
v -0.566241 -0.081223 -12.967527
v -0.409041 0.661858 -14.340121
v -0.426008 0.081984 -12.973061
v -0.426008 0.081984 -12.973061
v -0.566242 -0.019674 -11.152634
v -0.566241 -0.081223 -12.967527
v -0.566241 -0.081223 -12.967527
v -0.566242 -0.019674 -11.152634
v -0.649149 -0.218202 -11.145905
v -0.566241 -0.081223 -12.967527
v -0.649149 -0.218202 -11.145905
v -0.649149 -0.279751 -12.960798
v -0.566241 -0.081223 -12.967527
v -0.649149 -0.279751 -12.960798
v -0.648200 -0.311506 -13.890362
v -0.566241 -0.081223 -12.967527
v -0.648200 -0.311506 -13.890362
v -0.526839 0.099650 -13.976882
v -0.526839 0.099650 -13.976882
v -0.648200 -0.311506 -13.890362
v -0.648334 -0.333538 -14.541002
v -0.526839 0.099650 -13.976882
v -0.648334 -0.333538 -14.541002
v -0.525708 0.138179 -14.643330
v -0.525708 0.138179 -14.643330
v -0.648334 -0.333538 -14.541002
v -0.616428 -0.355618 -14.963392
v -0.525708 0.138179 -14.643330
v -0.616428 -0.355618 -14.963392
v -0.507866 0.089742 -15.016107
v -0.507866 0.089742 -15.016107
v -0.616428 -0.355618 -14.963392
v -0.521468 -0.382934 -15.088259
v -0.317029 0.706322 -14.309422
v -0.242176 0.193892 -12.976866
v -0.426008 0.081984 -12.973061
v -0.426008 0.081984 -12.973061
v -0.426009 0.143532 -11.158167
v -0.566242 -0.019674 -11.152634
v -0.242176 0.255442 -11.161964
v -0.426009 0.143532 -11.158167
v -0.426008 0.081984 -12.973061
v -0.242176 0.255442 -11.161964
v -0.426008 0.081984 -12.973061
v -0.242176 0.193892 -12.976866
v -0.032739 0.243550 -12.978542
v -0.242176 0.255442 -11.161964
v -0.242176 0.193892 -12.976866
v -0.032739 0.243550 -12.978542
v -0.242176 0.193892 -12.976866
v -0.242176 0.147406 -14.347637
v -0.032739 0.243550 -12.978542
v -0.242176 0.147406 -14.347637
v -0.032739 0.195504 -14.395273
v -0.032739 0.195504 -14.395273
v -0.242176 0.147406 -14.347637
v -0.242176 0.122888 -15.070575
v -0.032739 0.195504 -14.395273
v -0.242176 0.122888 -15.070575
v -0.032739 0.169499 -15.162075
v -0.032739 0.195504 -14.395273
v -0.032739 0.169499 -15.162075
v 0.181799 0.152044 -15.161485
v -0.032739 0.195504 -14.395273
v 0.181799 0.152044 -15.161485
v 0.181799 0.178048 -14.394677
v -0.032739 0.243550 -12.978542
v -0.032739 0.195504 -14.395273
v 0.181799 0.178048 -14.394677
v -0.032739 0.243550 -12.978542
v 0.181799 0.178048 -14.394677
v 0.181799 0.226094 -12.977950
v 0.181799 0.226094 -12.977950
v -0.032740 0.305098 -11.163650
v -0.032739 0.243550 -12.978542
v 0.181799 0.226094 -12.977950
v 0.181799 0.287642 -11.163055
v -0.032740 0.305098 -11.163650
v -0.032739 0.243550 -12.978542
v -0.032740 0.305098 -11.163650
v -0.242176 0.255442 -11.161964
v -0.242176 0.193892 -12.976866
v -0.426008 0.035453 -14.345121
v -0.242176 0.147406 -14.347637
v -0.242176 0.147406 -14.347637
v -0.426008 0.035453 -14.345121
v -0.361742 0.073035 -14.829679
v -0.242176 0.147406 -14.347637
v -0.361742 0.073035 -14.829679
v -0.242176 0.122888 -15.070575
v -1.533307 -3.426365 27.754240
v -1.646842 -3.254705 27.753944
v -1.658981 -3.048935 27.762062
v -1.533307 -3.426365 27.754240
v -1.658981 -3.048935 27.762062
v -0.086895 -2.156078 27.910864
v -0.086895 -2.156078 27.910864
v -1.357794 -3.600999 27.760162
v -1.533307 -3.426365 27.754240
v -0.003615 -1.387620 27.958338
v 0.157710 -1.447967 27.964613
v 0.451257 -1.617375 27.970356
v -0.003615 -1.387620 27.958338
v 0.451257 -1.617375 27.970356
v 0.249719 -1.925581 27.939198
v -0.003615 -1.387620 27.958338
v 0.249719 -1.925581 27.939198
v -0.380324 -1.542822 27.926220
v -0.380324 -1.542822 27.926220
v 0.249719 -1.925581 27.939198
v -0.086895 -2.156078 27.910864
v -0.380324 -1.542822 27.926220
v -0.086895 -2.156078 27.910864
v -0.635488 -1.814884 27.899294
v -1.658981 -3.048935 27.762062
v -0.635488 -1.814884 27.899294
v -0.086895 -2.156078 27.910864
v -1.658981 -3.048935 27.762062
v -1.566446 -2.864591 27.776396
v -0.635488 -1.814884 27.899294
v -0.003615 -1.387620 27.958338
v -0.380324 -1.542822 27.926220
v -0.324099 -1.490100 27.932756
v -0.003615 -1.387620 27.958338
v -0.324099 -1.490100 27.932756
v -0.175337 -1.402652 27.946985
v -2.710238 -2.972874 32.766575
v -2.938658 -2.716635 33.637878
v -2.916051 -2.737292 33.650204
v -2.710238 -2.972874 32.766575
v -2.916051 -2.737292 33.650204
v -2.687023 -2.993405 32.777946
v -2.448955 -3.142719 31.892773
v -2.710238 -2.972874 32.766575
v -2.687023 -2.993405 32.777946
v -2.448955 -3.142719 31.892773
v -2.687023 -2.993405 32.777946
v -2.425290 -3.163254 31.903168
v -2.448955 -3.142719 31.892773
v -2.425290 -3.163254 31.903168
v -2.101510 -3.316021 30.812149
v -1.532805 -2.026221 32.010406
v -2.710238 -2.972874 32.766575
v -2.448955 -3.142719 31.892773
v -1.532805 -2.026221 32.010406
v -1.854897 -1.887336 32.976849
v -2.710238 -2.972874 32.766575
v -1.854897 -1.887336 32.976849
v -2.938658 -2.716635 33.637878
v -2.710238 -2.972874 32.766575
v -1.854897 -1.887336 32.976849
v -2.128651 -1.685848 33.871063
v -2.938658 -2.716635 33.637878
v -1.304420 -1.079157 33.247124
v -2.128651 -1.685848 33.871063
v -1.854897 -1.887336 32.976849
v -1.304420 -1.079157 33.247124
v -1.651134 -0.936286 34.180836
v -2.128651 -1.685848 33.871063
v -1.651134 -0.936286 34.180836
v -1.304420 -1.079157 33.247124
v -1.042723 -0.473893 33.603020
v -1.651134 -0.936286 34.180836
v -1.042723 -0.473893 33.603020
v -1.431408 -0.367701 34.573284
v -0.854100 0.073974 34.006252
v -1.431408 -0.367701 34.573284
v -1.042723 -0.473893 33.603020
v -0.854100 0.073974 34.006252
v -1.277977 0.155258 35.011959
v -1.431408 -0.367701 34.573284
v -1.277977 0.155258 35.011959
v -0.854100 0.073974 34.006252
v -0.769664 0.566969 34.406578
v -1.277977 0.155258 35.011959
v -0.769664 0.566969 34.406578
v -1.242439 0.640669 35.413219
v -2.128651 -1.685848 33.871063
v -3.144761 -2.364683 34.536945
v -2.938658 -2.716635 33.637878
v -2.128651 -1.685848 33.871063
v -2.363278 -1.427959 34.728359
v -3.144761 -2.364683 34.536945
v -2.363278 -1.427959 34.728359
v -2.128651 -1.685848 33.871063
v -1.651134 -0.936286 34.180836
v -2.363278 -1.427959 34.728359
v -1.651134 -0.936286 34.180836
v -2.041926 -0.793159 35.072346
v -2.041926 -0.793159 35.072346
v -1.651134 -0.936286 34.180836
v -1.431408 -0.367701 34.573284
v -2.041926 -0.793159 35.072346
v -1.431408 -0.367701 34.573284
v -1.870576 -0.253314 35.500130
v -1.277977 0.155258 35.011959
v -1.870576 -0.253314 35.500130
v -1.431408 -0.367701 34.573284
v -1.277977 0.155258 35.011959
v -1.777956 0.249086 35.968319
v -1.870576 -0.253314 35.500130
v -1.777956 0.249086 35.968319
v -1.277977 0.155258 35.011959
v -1.242439 0.640669 35.413219
v -1.777956 0.249086 35.968319
v -1.242439 0.640669 35.413219
v -1.754556 0.734137 36.394119
v -2.328888 0.365354 36.834644
v -1.777956 0.249086 35.968319
v -1.754556 0.734137 36.394119
v -2.328888 0.365354 36.834644
v -1.754556 0.734137 36.394119
v -2.287277 0.856702 37.297947
v -2.942642 0.511071 37.634716
v -2.328888 0.365354 36.834644
v -2.287277 0.856702 37.297947
v -2.942642 0.511071 37.634716
v -2.287277 0.856702 37.297947
v -2.956159 1.055188 37.986572
v -3.691465 0.706105 38.315819
v -2.942642 0.511071 37.634716
v -2.956159 1.055188 37.986572
v -3.691465 0.706105 38.315819
v -2.956159 1.055188 37.986572
v -3.675679 1.306065 38.666176
v -2.363278 -1.427959 34.728359
v -3.353769 -1.918462 35.448532
v -3.144761 -2.364683 34.536945
v -2.363278 -1.427959 34.728359
v -2.608696 -1.154334 35.536404
v -3.353769 -1.918462 35.448532
v -2.041926 -0.793159 35.072346
v -2.608696 -1.154334 35.536404
v -2.363278 -1.427959 34.728359
v -2.041926 -0.793159 35.072346
v -2.461349 -0.654186 35.900936
v -2.608696 -1.154334 35.536404
v -2.461349 -0.654186 35.900936
v -2.041926 -0.793159 35.072346
v -1.870576 -0.253314 35.500130
v -2.461349 -0.654186 35.900936
v -1.870576 -0.253314 35.500130
v -2.337398 -0.141434 36.378666
v -1.777956 0.249086 35.968319
v -2.337398 -0.141434 36.378666
v -1.870576 -0.253314 35.500130
v -1.777956 0.249086 35.968319
v -2.328888 0.365354 36.834644
v -2.337398 -0.141434 36.378666
v -2.328888 0.365354 36.834644
v -2.897733 -0.048344 37.168243
v -2.337398 -0.141434 36.378666
v -2.328888 0.365354 36.834644
v -2.942642 0.511071 37.634716
v -2.897733 -0.048344 37.168243
v -3.689725 0.014584 37.842930
v -2.897733 -0.048344 37.168243
v -2.942642 0.511071 37.634716
v -3.689725 0.014584 37.842930
v -2.942642 0.511071 37.634716
v -3.691465 0.706105 38.315819
v -3.702156 -0.657497 37.215050
v -2.897733 -0.048344 37.168243
v -3.689725 0.014584 37.842930
v -3.702156 -0.657497 37.215050
v -2.864628 -0.531317 36.616970
v -2.897733 -0.048344 37.168243
v -2.864628 -0.531317 36.616970
v -2.337398 -0.141434 36.378666
v -2.897733 -0.048344 37.168243
v -2.864628 -0.531317 36.616970
v -2.461349 -0.654186 35.900936
v -2.337398 -0.141434 36.378666
v -2.791731 -0.893247 36.150600
v -2.461349 -0.654186 35.900936
v -2.864628 -0.531317 36.616970
v -2.791731 -0.893247 36.150600
v -2.608696 -1.154334 35.536404
v -2.461349 -0.654186 35.900936
v -2.608696 -1.154334 35.536404
v -2.791731 -0.893247 36.150600
v -3.555257 -1.330011 36.385296
v -2.608696 -1.154334 35.536404
v -3.555257 -1.330011 36.385296
v -3.353769 -1.918462 35.448532
v -3.555257 -1.330011 36.385296
v -2.864628 -0.531317 36.616970
v -3.702156 -0.657497 37.215050
v -3.555257 -1.330011 36.385296
v -2.791731 -0.893247 36.150600
v -2.864628 -0.531317 36.616970
v -3.703936 1.804528 38.864517
v -2.842251 1.993844 38.362339
v -3.670609 2.215910 38.973358
v -3.703936 1.804528 38.864517
v -2.943814 1.534988 38.251335
v -2.842251 1.993844 38.362339
v -3.675679 1.306065 38.666176
v -2.943814 1.534988 38.251335
v -3.703936 1.804528 38.864517
v -3.675679 1.306065 38.666176
v -2.956159 1.055188 37.986572
v -2.943814 1.534988 38.251335
v -2.956159 1.055188 37.986572
v -2.294637 1.333138 37.601929
v -2.943814 1.534988 38.251335
v -2.956159 1.055188 37.986572
v -2.287277 0.856702 37.297947
v -2.294637 1.333138 37.601929
v -2.287277 0.856702 37.297947
v -1.733339 1.196989 36.843769
v -2.294637 1.333138 37.601929
v -2.287277 0.856702 37.297947
v -1.754556 0.734137 36.394119
v -1.733339 1.196989 36.843769
v -1.754556 0.734137 36.394119
v -1.202319 1.099071 35.817299
v -1.733339 1.196989 36.843769
v -1.754556 0.734137 36.394119
v -1.242439 0.640669 35.413219
v -1.202319 1.099071 35.817299
v -1.242439 0.640669 35.413219
v -0.706778 1.019881 34.787838
v -1.202319 1.099071 35.817299
v -1.242439 0.640669 35.413219
v -0.769664 0.566969 34.406578
v -0.706778 1.019881 34.787838
v -0.769664 0.566969 34.406578
v -0.425481 0.894904 33.723099
v -0.706778 1.019881 34.787838
v -0.769664 0.566969 34.406578
v -0.476402 0.483386 33.410133
v -0.425481 0.894904 33.723099
v -0.476402 0.483386 33.410133
v -0.248598 0.829586 32.624996
v -0.425481 0.894904 33.723099
v -0.476402 0.483386 33.410133
v -0.216445 0.445876 32.442898
v -0.248598 0.829586 32.624996
v -0.101389 0.784752 31.562927
v -0.248598 0.829586 32.624996
v -0.216445 0.445876 32.442898
v -0.101389 0.784752 31.562927
v -0.216445 0.445876 32.442898
v -0.027691 0.427524 31.369278
v -0.012455 1.000685 29.358967
v -0.093369 1.059199 30.504456
v -0.008001 0.742686 30.433613
v -0.093369 1.059199 30.504456
v -0.101389 0.784752 31.562927
v -0.008001 0.742686 30.433613
v -0.093369 1.059199 30.504456
v -0.144050 1.108480 31.594372
v -0.101389 0.784752 31.562927
v -0.144050 1.108480 31.594372
v -0.248598 0.829586 32.624996
v -0.101389 0.784752 31.562927
v -0.144050 1.108480 31.594372
v -0.263029 1.175962 32.731441
v -0.248598 0.829586 32.624996
v -0.425481 0.894904 33.723099
v -0.248598 0.829586 32.624996
v -0.263029 1.175962 32.731441
v -0.425481 0.894904 33.723099
v -0.263029 1.175962 32.731441
v -0.315668 1.228161 33.893360
v -0.706778 1.019881 34.787838
v -0.425481 0.894904 33.723099
v -0.315668 1.228161 33.893360
v -0.706778 1.019881 34.787838
v -0.315668 1.228161 33.893360
v -0.677871 1.350235 34.896919
v -1.202319 1.099071 35.817299
v -0.706778 1.019881 34.787838
v -0.677871 1.350235 34.896919
v -1.202319 1.099071 35.817299
v -0.677871 1.350235 34.896919
v -1.171094 1.506159 35.959606
v -1.733339 1.196989 36.843769
v -1.202319 1.099071 35.817299
v -1.171094 1.506159 35.959606
v -1.733339 1.196989 36.843769
v -1.171094 1.506159 35.959606
v -1.745069 1.685643 37.138222
v -2.294637 1.333138 37.601929
v -1.733339 1.196989 36.843769
v -1.745069 1.685643 37.138222
v -2.294637 1.333138 37.601929
v -1.745069 1.685643 37.138222
v -2.245381 1.830451 37.822304
v -2.943814 1.534988 38.251335
v -2.294637 1.333138 37.601929
v -2.245381 1.830451 37.822304
v -2.943814 1.534988 38.251335
v -2.245381 1.830451 37.822304
v -2.842251 1.993844 38.362339
v 0.158115 0.409645 30.283913
v 0.066964 -0.027150 30.949650
v 0.325762 0.024218 29.903042
v 0.158115 0.409645 30.283913
v -0.027691 0.427524 31.369278
v 0.066964 -0.027150 30.949650
v -0.027691 0.427524 31.369278
v -0.235245 -0.033666 32.000301
v 0.066964 -0.027150 30.949650
v -0.027691 0.427524 31.369278
v -0.216445 0.445876 32.442898
v -0.235245 -0.033666 32.000301
v -0.529317 0.004016 33.009518
v -0.235245 -0.033666 32.000301
v -0.216445 0.445876 32.442898
v -0.529317 0.004016 33.009518
v -0.216445 0.445876 32.442898
v -0.476402 0.483386 33.410133
v -0.235245 -0.033666 32.000301
v -0.529317 0.004016 33.009518
v -0.699813 -0.566754 32.589909
v 0.066964 -0.027150 30.949650
v -0.235245 -0.033666 32.000301
v -0.353549 -0.615739 31.516335
v -0.235245 -0.033666 32.000301
v -0.699813 -0.566754 32.589909
v -0.353549 -0.615739 31.516335
v -1.000042 -1.227724 32.234852
v -0.353549 -0.615739 31.516335
v -0.699813 -0.566754 32.589909
v -0.854100 0.073974 34.006252
v -0.476402 0.483386 33.410133
v -0.769664 0.566969 34.406578
v -0.854100 0.073974 34.006252
v -0.529317 0.004016 33.009518
v -0.476402 0.483386 33.410133
v -0.529317 0.004016 33.009518
v -0.854100 0.073974 34.006252
v -1.042723 -0.473893 33.603020
v -0.529317 0.004016 33.009518
v -1.042723 -0.473893 33.603020
v -0.699813 -0.566754 32.589909
v -1.304420 -1.079157 33.247124
v -0.699813 -0.566754 32.589909
v -1.042723 -0.473893 33.603020
v -1.304420 -1.079157 33.247124
v -1.000042 -1.227724 32.234852
v -0.699813 -0.566754 32.589909
v -1.854897 -1.887336 32.976849
v -1.000042 -1.227724 32.234852
v -1.304420 -1.079157 33.247124
v -1.854897 -1.887336 32.976849
v -1.532805 -2.026221 32.010406
v -1.000042 -1.227724 32.234852
v -1.532805 -2.026221 32.010406
v -0.612635 -1.310630 31.091225
v -1.000042 -1.227724 32.234852
v -1.532805 -2.026221 32.010406
v -1.186911 -2.154672 30.904388
v -0.612635 -1.310630 31.091225
v -0.612635 -1.310630 31.091225
v -1.186911 -2.154672 30.904388
v -0.774884 -2.237783 29.670105
v -1.780275 -3.441839 29.586784
v -0.774884 -2.237783 29.670105
v -1.186911 -2.154672 30.904388
v -1.492890 -3.535377 28.373596
v -0.774884 -2.237783 29.670105
v -1.780275 -3.441839 29.586784
v -1.492890 -3.535377 28.373596
v -0.245229 -2.141984 28.474289
v -0.774884 -2.237783 29.670105
v -0.245229 -2.141984 28.474289
v -1.492890 -3.535377 28.373596
v -1.357794 -3.600999 27.760162
v -0.245229 -2.141984 28.474289
v -1.357794 -3.600999 27.760162
v -0.086895 -2.156078 27.910864
v 0.249719 -1.918668 28.143034
v -0.245229 -2.141984 28.474289
v -0.086895 -2.156078 27.910864
v -0.086895 -2.156078 27.910864
v 0.249719 -1.925581 27.939198
v 0.249719 -1.918668 28.143034
v -1.780275 -3.441839 29.586784
v -1.186911 -2.154672 30.904388
v -2.125441 -3.295415 30.802525
v -2.125441 -3.295415 30.802525
v -1.186911 -2.154672 30.904388
v -1.532805 -2.026221 32.010406
v -1.566446 -2.865657 27.744972
v -1.566446 -2.864591 27.776396
v -1.658981 -3.048935 27.762062
v -1.566446 -2.865657 27.744972
v -1.658981 -3.048935 27.762062
v -1.658981 -3.050001 27.730637
v -1.658981 -3.050001 27.730637
v -1.658981 -3.048935 27.762062
v -1.646842 -3.254705 27.753944
v -1.658981 -3.050001 27.730637
v -1.646842 -3.254705 27.753944
v -1.646842 -3.255770 27.722521
v -1.646842 -3.255770 27.722521
v -1.646842 -3.254705 27.753944
v -1.533307 -3.426365 27.754240
v -1.646842 -3.255770 27.722521
v -1.533307 -3.426365 27.754240
v -1.533308 -3.427431 27.722813
v -1.357794 -3.600999 27.760162
v -1.533308 -3.427431 27.722813
v -1.533307 -3.426365 27.754240
v -1.357794 -3.600999 27.760162
v -1.357794 -3.602065 27.728735
v -1.533308 -3.427431 27.722813
v -1.357794 -3.600999 27.760162
v -1.337018 -3.611812 27.740843
v -1.357794 -3.602065 27.728735
v -1.357794 -3.600999 27.760162
v -1.334054 -3.622722 27.767550
v -1.337018 -3.611812 27.740843
v -1.492890 -3.535377 28.373596
v -1.334054 -3.622722 27.767550
v -1.357794 -3.600999 27.760162
v -1.492890 -3.535377 28.373596
v -1.469072 -3.556887 28.381334
v -1.334054 -3.622722 27.767550
v -1.780275 -3.441839 29.586784
v -1.469072 -3.556887 28.381334
v -1.492890 -3.535377 28.373596
v -1.780275 -3.441839 29.586784
v -1.756323 -3.462810 29.595509
v -1.469072 -3.556887 28.381334
v -1.780275 -3.441839 29.586784
v -2.101510 -3.316021 30.812149
v -1.756323 -3.462810 29.595509
v -1.780275 -3.441839 29.586784
v -2.125441 -3.295415 30.802525
v -2.101510 -3.316021 30.812149
v -2.448955 -3.142719 31.892773
v -2.101510 -3.316021 30.812149
v -2.125441 -3.295415 30.802525
v -2.125441 -3.295415 30.802525
v -1.532805 -2.026221 32.010406
v -2.448955 -3.142719 31.892773
v 0.451257 -1.607895 28.249897
v 0.475697 -1.635276 27.982336
v 0.475697 -1.625796 28.261875
v 0.451257 -1.607895 28.249897
v 0.451257 -1.617375 27.970356
v 0.475697 -1.635276 27.982336
v 0.451257 -1.617375 27.970356
v 0.467960 -1.634066 27.949772
v 0.475697 -1.635276 27.982336
v 0.451257 -1.617375 27.970356
v 0.451257 -1.618651 27.932703
v 0.467960 -1.634066 27.949772
v 0.157710 -1.449244 27.926958
v 0.451257 -1.618651 27.932703
v 0.451257 -1.617375 27.970356
v 0.157710 -1.449244 27.926958
v 0.451257 -1.617375 27.970356
v 0.157710 -1.447967 27.964613
v -0.003615 -1.387620 27.958338
v 0.157710 -1.449244 27.926958
v 0.157710 -1.447967 27.964613
v -0.003615 -1.387620 27.958338
v -0.003616 -1.388887 27.920923
v 0.157710 -1.449244 27.926958
v -0.175337 -1.402652 27.946985
v -0.003616 -1.388887 27.920923
v -0.003615 -1.387620 27.958338
v -0.175337 -1.402652 27.946985
v -0.175336 -1.403894 27.910240
v -0.003616 -1.388887 27.920923
v -0.324099 -1.490100 27.932756
v -0.175336 -1.403894 27.910240
v -0.175337 -1.402652 27.946985
v -0.324099 -1.490100 27.932756
v -0.324099 -1.491313 27.896988
v -0.175336 -1.403894 27.910240
v -0.380324 -1.542822 27.926220
v -0.324099 -1.491313 27.896988
v -0.324099 -1.490100 27.932756
v -0.380324 -1.542822 27.926220
v -0.380324 -1.544019 27.890923
v -0.324099 -1.491313 27.896988
v -0.380324 -1.544019 27.890923
v -0.380324 -1.542822 27.926220
v -0.635488 -1.814884 27.899294
v -0.380324 -1.544019 27.890923
v -0.635488 -1.814884 27.899294
v -0.635488 -1.815949 27.867867
v -0.635488 -1.815949 27.867867
v -0.635488 -1.814884 27.899294
v -1.566446 -2.864591 27.776396
v -0.635488 -1.815949 27.867867
v -1.566446 -2.864591 27.776396
v -1.566446 -2.865657 27.744972
v 0.602687 -1.010727 28.632114
v -0.079698 -1.332089 29.692688
v 0.317432 -1.524716 28.687874
v 0.080529 0.230380 24.087372
v 0.466609 0.135226 25.022776
v 0.231707 0.185577 23.987713
v 0.080529 0.230380 24.087372
v 0.315528 0.198667 25.187277
v 0.466609 0.135226 25.022776
v 0.315528 0.198667 25.187277
v 0.714864 0.008113 26.078674
v 0.466609 0.135226 25.022776
v 0.315528 0.198667 25.187277
v 0.533728 0.110896 26.312016
v 0.714864 0.008113 26.078674
v 0.533728 0.110896 26.312016
v 0.950390 -0.228443 27.170694
v 0.714864 0.008113 26.078674
v 0.533728 0.110896 26.312016
v 0.694355 -0.033168 27.464039
v 0.950390 -0.228443 27.170694
v 0.694355 -0.033168 27.464039
v 0.719893 -0.525156 28.019236
v 0.950390 -0.228443 27.170694
v 0.694355 -0.033168 27.464039
v 0.591985 -0.221337 28.427309
v 0.719893 -0.525156 28.019236
v 0.591985 -0.221337 28.427309
v 0.602687 -1.010727 28.632114
v 0.719893 -0.525156 28.019236
v 0.591985 -0.221337 28.427309
v 0.408642 -0.442432 29.339241
v 0.602687 -1.010727 28.632114
v 0.408642 -0.442432 29.339241
v -0.079698 -1.332089 29.692688
v 0.602687 -1.010727 28.632114
v 0.408642 -0.442432 29.339241
v 0.044630 -0.588672 30.379555
v -0.079698 -1.332089 29.692688
v 0.044630 -0.588672 30.379555
v -0.612635 -1.310630 31.091225
v -0.079698 -1.332089 29.692688
v -0.612635 -1.310630 31.091225
v -0.774884 -2.237783 29.670105
v -0.079698 -1.332089 29.692688
v -0.245229 -2.141984 28.474289
v -0.079698 -1.332089 29.692688
v -0.774884 -2.237783 29.670105
v -0.245229 -2.141984 28.474289
v 0.317432 -1.524716 28.687874
v -0.079698 -1.332089 29.692688
v 0.249719 -1.918668 28.143034
v 0.317432 -1.524716 28.687874
v -0.245229 -2.141984 28.474289
v -1.000042 -1.227724 32.234852
v -0.612635 -1.310630 31.091225
v -0.353549 -0.615739 31.516335
v 0.044630 -0.588672 30.379555
v -0.353549 -0.615739 31.516335
v -0.612635 -1.310630 31.091225
v 0.066964 -0.027150 30.949650
v -0.353549 -0.615739 31.516335
v 0.044630 -0.588672 30.379555
v 0.325762 0.024218 29.903042
v 0.066964 -0.027150 30.949650
v 0.044630 -0.588672 30.379555
v 0.325762 0.024218 29.903042
v 0.044630 -0.588672 30.379555
v 0.408642 -0.442432 29.339241
v 0.479947 0.105860 28.862350
v 0.325762 0.024218 29.903042
v 0.408642 -0.442432 29.339241
v 0.479947 0.105860 28.862350
v 0.408642 -0.442432 29.339241
v 0.591985 -0.221337 28.427309
v 0.519836 0.187612 27.722380
v 0.479947 0.105860 28.862350
v 0.591985 -0.221337 28.427309
v 0.519836 0.187612 27.722380
v 0.591985 -0.221337 28.427309
v 0.694355 -0.033168 27.464039
v 0.407218 0.263880 26.521978
v 0.519836 0.187612 27.722380
v 0.694355 -0.033168 27.464039
v 0.407218 0.263880 26.521978
v 0.694355 -0.033168 27.464039
v 0.533728 0.110896 26.312016
v 0.183758 0.315797 25.332298
v 0.407218 0.263880 26.521978
v 0.533728 0.110896 26.312016
v 0.183758 0.315797 25.332298
v 0.533728 0.110896 26.312016
v 0.315528 0.198667 25.187277
v -0.062459 0.329724 24.181067
v 0.183758 0.315797 25.332298
v 0.315528 0.198667 25.187277
v -0.062459 0.329724 24.181067
v 0.315528 0.198667 25.187277
v 0.080529 0.230380 24.087372
v -0.282512 0.329269 23.079325
v -0.062459 0.329724 24.181067
v 0.080529 0.230380 24.087372
v -0.282512 0.329269 23.079325
v 0.080529 0.230380 24.087372
v -0.124241 0.228586 23.042023
v -0.124241 0.228586 23.042023
v 0.080529 0.230380 24.087372
v 0.231707 0.185577 23.987713
v -0.124241 0.228586 23.042023
v 0.231707 0.185577 23.987713
v 0.042202 0.176864 22.996990
v -0.129354 0.128765 21.942738
v -0.124241 0.228586 23.042023
v 0.042202 0.176864 22.996990
v -0.129354 0.128765 21.942738
v -0.311291 0.204656 21.940165
v -0.124241 0.228586 23.042023
v -0.311291 0.204656 21.940165
v -0.282512 0.329269 23.079325
v -0.124241 0.228586 23.042023
v -0.311291 0.204656 21.940165
v -0.460858 0.333022 21.935814
v -0.282512 0.329269 23.079325
v -0.460858 0.333022 21.935814
v -0.418863 0.479761 23.101402
v -0.282512 0.329269 23.079325
v -0.418863 0.479761 23.101402
v -0.062459 0.329724 24.181067
v -0.282512 0.329269 23.079325
v -0.418863 0.479761 23.101402
v -0.201191 0.469678 24.244934
v -0.062459 0.329724 24.181067
v -0.201191 0.469678 24.244934
v 0.183758 0.315797 25.332298
v -0.062459 0.329724 24.181067
v -0.201191 0.469678 24.244934
v 0.077971 0.470095 25.446062
v 0.183758 0.315797 25.332298
v 0.077971 0.470095 25.446062
v 0.407218 0.263880 26.521978
v 0.183758 0.315797 25.332298
v 0.077971 0.470095 25.446062
v 0.302591 0.450050 26.701452
v 0.407218 0.263880 26.521978
v 0.302591 0.450050 26.701452
v 0.519836 0.187612 27.722380
v 0.407218 0.263880 26.521978
v 0.302591 0.450050 26.701452
v 0.289492 0.404336 27.955227
v 0.519836 0.187612 27.722380
v 0.289492 0.404336 27.955227
v 0.479947 0.105860 28.862350
v 0.519836 0.187612 27.722380
v 0.289492 0.404336 27.955227
v 0.239703 0.406675 29.138721
v 0.479947 0.105860 28.862350
v 0.239703 0.406675 29.138721
v 0.325762 0.024218 29.903042
v 0.479947 0.105860 28.862350
v 0.239703 0.406675 29.138721
v 0.158115 0.409645 30.283913
v 0.325762 0.024218 29.903042
v -0.008001 0.742686 30.433613
v -0.101389 0.784752 31.562927
v -0.027691 0.427524 31.369278
v -0.008001 0.742686 30.433613
v -0.027691 0.427524 31.369278
v 0.158115 0.409645 30.283913
v 0.076976 0.700999 29.289547
v -0.008001 0.742686 30.433613
v 0.158115 0.409645 30.283913
v 0.076976 0.700999 29.289547
v 0.158115 0.409645 30.283913
v 0.239703 0.406675 29.138721
v 0.160154 0.675882 28.089163
v 0.076976 0.700999 29.289547
v 0.239703 0.406675 29.138721
v 0.160154 0.675882 28.089163
v 0.239703 0.406675 29.138721
v 0.289492 0.404336 27.955227
v 0.161348 0.666296 26.825506
v 0.160154 0.675882 28.089163
v 0.289492 0.404336 27.955227
v 0.161348 0.666296 26.825506
v 0.289492 0.404336 27.955227
v 0.302591 0.450050 26.701452
v 0.009700 0.658058 25.533689
v 0.161348 0.666296 26.825506
v 0.302591 0.450050 26.701452
v 0.009700 0.658058 25.533689
v 0.302591 0.450050 26.701452
v 0.077971 0.470095 25.446062
v -0.282283 0.662761 24.293591
v 0.009700 0.658058 25.533689
v 0.077971 0.470095 25.446062
v -0.282283 0.662761 24.293591
v 0.077971 0.470095 25.446062
v -0.201191 0.469678 24.244934
v -0.484829 0.676892 23.118509
v -0.282283 0.662761 24.293591
v -0.201191 0.469678 24.244934
v -0.484829 0.676892 23.118509
v -0.201191 0.469678 24.244934
v -0.418863 0.479761 23.101402
v -0.563415 0.501298 21.930103
v -0.484829 0.676892 23.118509
v -0.418863 0.479761 23.101402
v -0.460858 0.333022 21.935814
v -0.563415 0.501298 21.930103
v -0.418863 0.479761 23.101402
v -0.563415 0.501298 21.930103
v -0.460858 0.333022 21.935814
v -0.460857 0.149619 16.527815
v -0.311291 0.204656 21.940165
v -0.460857 0.149619 16.527815
v -0.460858 0.333022 21.935814
v -0.563415 0.501298 21.930103
v -0.608922 0.693011 21.923605
v -0.484829 0.676892 23.118509
v -0.563415 0.501298 21.930103
v -0.460857 0.149619 16.527815
v -0.563414 0.317895 16.522108
v -0.563415 0.501298 21.930103
v -0.563414 0.317895 16.522108
v -0.608922 0.509609 16.515606
v -0.563415 0.501298 21.930103
v -0.608922 0.509609 16.515606
v -0.608922 0.693011 21.923605
v -0.608922 0.693011 21.923605
v -0.608922 0.509609 16.515606
v -0.592925 0.705993 16.508947
v -0.608922 0.693011 21.923605
v -0.592925 0.705993 16.508947
v -0.592925 0.889396 21.916945
v -0.592925 0.889396 21.916945
v -0.484829 0.676892 23.118509
v -0.608922 0.693011 21.923605
v -0.592925 0.889396 21.916945
v -0.463807 0.899026 23.126343
v -0.484829 0.676892 23.118509
v -0.463807 0.899026 23.126343
v -0.282283 0.662761 24.293591
v -0.484829 0.676892 23.118509
v -0.463807 0.899026 23.126343
v -0.265240 0.890941 24.311115
v -0.282283 0.662761 24.293591
v -0.265240 0.890941 24.311115
v 0.009700 0.658058 25.533689
v -0.282283 0.662761 24.293591
v -0.265240 0.890941 24.311115
v 0.013272 0.865771 25.565136
v 0.009700 0.658058 25.533689
v 0.013272 0.865771 25.565136
v 0.161348 0.666296 26.825506
v 0.009700 0.658058 25.533689
v 0.013272 0.865771 25.565136
v 0.121398 0.884956 26.905817
v 0.161348 0.666296 26.825506
v 0.121398 0.884956 26.905817
v 0.160154 0.675882 28.089163
v 0.161348 0.666296 26.825506
v 0.121398 0.884956 26.905817
v 0.080635 0.937699 28.168886
v 0.160154 0.675882 28.089163
v 0.080635 0.937699 28.168886
v 0.076976 0.700999 29.289547
v 0.160154 0.675882 28.089163
v 0.080635 0.937699 28.168886
v -0.012455 1.000685 29.358967
v 0.076976 0.700999 29.289547
v -0.012455 1.000685 29.358967
v -0.008001 0.742686 30.433613
v 0.076976 0.700999 29.289547
v -0.311291 0.204656 21.940165
v -0.311290 0.021253 16.532167
v -0.460857 0.149619 16.527815
v -0.311291 0.204656 21.940165
v -0.129353 -0.054638 16.534742
v -0.311290 0.021253 16.532167
v -0.311291 0.204656 21.940165
v -0.129354 0.128765 21.942738
v -0.129353 -0.054638 16.534742
v 0.067144 0.112777 21.943281
v -0.129353 -0.054638 16.534742
v -0.129354 0.128765 21.942738
v 0.067144 0.112777 21.943281
v -0.129354 0.128765 21.942738
v 0.042202 0.176864 22.996990
v 0.067144 0.112777 21.943281
v 0.042202 0.176864 22.996990
v 0.207854 0.180471 22.954023
v 0.042202 0.176864 22.996990
v 0.382298 0.195364 23.895765
v 0.207854 0.180471 22.954023
v 0.207854 0.180471 22.954023
v 0.382298 0.195364 23.895765
v 0.517834 0.250580 23.818081
v 0.382298 0.195364 23.895765
v 0.748149 0.195392 24.700859
v 0.517834 0.250580 23.818081
v 0.517834 0.250580 23.818081
v 0.748149 0.195392 24.700859
v 0.852407 0.301825 24.588404
v 0.748149 0.195392 24.700859
v 1.126565 0.217848 25.369015
v 0.852407 0.301825 24.588404
v 0.852407 0.301825 24.588404
v 1.126565 0.217848 25.369015
v 1.171113 0.395051 25.270224
v 1.126565 0.217848 25.369015
v 1.553049 0.308743 25.932810
v 1.171113 0.395051 25.270224
v 1.171113 0.395051 25.270224
v 1.553049 0.308743 25.932810
v 1.549934 0.500262 25.801048
v 1.171113 0.395051 25.270224
v 1.549934 0.500262 25.801048
v 1.210180 0.563352 25.226244
v 0.917258 0.444245 24.521996
v 1.171113 0.395051 25.270224
v 1.210180 0.563352 25.226244
v 0.917258 0.444245 24.521996
v 1.210180 0.563352 25.226244
v 0.960813 0.599228 24.496857
v 0.695765 0.477678 23.728432
v 0.917258 0.444245 24.521996
v 0.960813 0.599228 24.496857
v 0.382298 0.195364 23.895765
v 0.615017 0.138323 24.849869
v 0.748149 0.195392 24.700859
v 0.615017 0.138323 24.849869
v 1.015378 0.086869 25.546335
v 0.748149 0.195392 24.700859
v 0.748149 0.195392 24.700859
v 1.015378 0.086869 25.546335
v 1.126565 0.217848 25.369015
v 1.015378 0.086869 25.546335
v 1.499663 0.073222 26.067556
v 1.126565 0.217848 25.369015
v 1.126565 0.217848 25.369015
v 1.499663 0.073222 26.067556
v 1.553049 0.308743 25.932810
v 0.615017 0.138323 24.849869
v 0.901656 -0.001908 25.800014
v 1.015378 0.086869 25.546335
v 0.901656 -0.001908 25.800014
v 1.384787 -0.149204 26.325541
v 1.015378 0.086869 25.546335
v 1.015378 0.086869 25.546335
v 1.384787 -0.149204 26.325541
v 1.499663 0.073222 26.067556
v 0.901656 -0.001908 25.800014
v 1.286120 -0.271119 26.731459
v 1.384787 -0.149204 26.325541
v 0.695765 0.477678 23.728432
v 0.960813 0.599228 24.496857
v 0.745194 0.625241 23.718489
v 0.638746 0.623153 22.893957
v 0.695765 0.477678 23.728432
v 0.745194 0.625241 23.718489
v 0.638746 0.623153 22.893957
v 0.568281 0.471495 22.891373
v 0.695765 0.477678 23.728432
v 0.631715 0.592070 21.927029
v 0.568281 0.471495 22.891373
v 0.638746 0.623153 22.893957
v 0.631715 0.592070 21.927029
v 0.555780 0.410237 21.933193
v 0.568281 0.471495 22.891373
v 0.555780 0.410237 21.933193
v 0.631715 0.592070 21.927029
v 0.631715 0.408667 16.519032
v 0.555780 0.410237 21.933193
v 0.631715 0.408667 16.519032
v 0.555781 0.226835 16.525196
v 0.555780 0.410237 21.933193
v 0.555781 0.226835 16.525196
v 0.427341 0.077353 16.530266
v 0.555780 0.410237 21.933193
v 0.427341 0.077353 16.530266
v 0.427340 0.260756 21.938263
v 0.427340 0.260756 21.938263
v 0.427341 0.077353 16.530266
v 0.258968 -0.025145 16.533743
v 0.427340 0.260756 21.938263
v 0.258968 -0.025145 16.533743
v 0.258967 0.158258 21.941740
v 0.067144 0.112777 21.943281
v 0.258967 0.158258 21.941740
v 0.258968 -0.025145 16.533743
v 0.258967 0.158258 21.941740
v 0.067144 0.112777 21.943281
v 0.207854 0.180471 22.954023
v 0.258967 0.158258 21.941740
v 0.207854 0.180471 22.954023
v 0.357682 0.237440 22.918644
v 0.207854 0.180471 22.954023
v 0.517834 0.250580 23.818081
v 0.357682 0.237440 22.918644
v 0.357682 0.237440 22.918644
v 0.517834 0.250580 23.818081
v 0.623351 0.347781 23.760214
v 0.517834 0.250580 23.818081
v 0.852407 0.301825 24.588404
v 0.623351 0.347781 23.760214
v 0.623351 0.347781 23.760214
v 0.852407 0.301825 24.588404
v 0.917258 0.444245 24.521996
v 0.852407 0.301825 24.588404
v 1.171113 0.395051 25.270224
v 0.917258 0.444245 24.521996
v 0.357682 0.237440 22.918644
v 0.623351 0.347781 23.760214
v 0.483314 0.335136 22.896357
v 0.427340 0.260756 21.938263
v 0.258967 0.158258 21.941740
v 0.357682 0.237440 22.918644
v 0.427340 0.260756 21.938263
v 0.357682 0.237440 22.918644
v 0.483314 0.335136 22.896357
v 0.555780 0.410237 21.933193
v 0.427340 0.260756 21.938263
v 0.483314 0.335136 22.896357
v 0.555780 0.410237 21.933193
v 0.483314 0.335136 22.896357
v 0.568281 0.471495 22.891373
v 0.483314 0.335136 22.896357
v 0.695765 0.477678 23.728432
v 0.568281 0.471495 22.891373
v 0.483314 0.335136 22.896357
v 0.623351 0.347781 23.760214
v 0.695765 0.477678 23.728432
v 0.623351 0.347781 23.760214
v 0.917258 0.444245 24.521996
v 0.695765 0.477678 23.728432
v 0.067144 0.112777 21.943281
v 0.258968 -0.025145 16.533743
v 0.067145 -0.070626 16.535282
v 0.067144 0.112777 21.943281
v 0.067145 -0.070626 16.535282
v -0.129353 -0.054638 16.534742
v -0.003616 -1.388887 27.920923
v -0.175336 -1.403894 27.910240
v -0.324099 -1.491313 27.896988
v -0.003616 -1.388887 27.920923
v -0.324099 -1.491313 27.896988
v -0.380324 -1.544019 27.890923
v -0.003616 -1.388887 27.920923
v 0.451257 -1.618651 27.932703
v 0.157710 -1.449244 27.926958
v -0.003616 -1.388887 27.920923
v 0.249719 -1.926778 27.903904
v 0.451257 -1.618651 27.932703
v -0.003616 -1.388887 27.920923
v -0.380324 -1.544019 27.890923
v 0.249719 -1.926778 27.903904
v -0.086895 -2.157143 27.879438
v 0.249719 -1.926778 27.903904
v -0.380324 -1.544019 27.890923
v -0.086895 -2.157143 27.879438
v -0.380324 -1.544019 27.890923
v -0.635488 -1.815949 27.867867
v -0.086895 -2.157143 27.879438
v -0.635488 -1.815949 27.867867
v -1.566446 -2.865657 27.744972
v -1.646842 -3.255770 27.722521
v -0.086895 -2.157143 27.879438
v -1.566446 -2.865657 27.744972
v -1.646842 -3.255770 27.722521
v -1.566446 -2.865657 27.744972
v -1.658981 -3.050001 27.730637
v 0.249719 -1.926778 27.903904
v 0.467960 -1.634066 27.949772
v 0.451257 -1.618651 27.932703
v -1.357794 -3.602065 27.728735
v -1.646842 -3.255770 27.722521
v -1.533308 -3.427431 27.722813
v -1.357794 -3.602065 27.728735
v -0.086895 -2.157143 27.879438
v -1.646842 -3.255770 27.722521
v -0.086895 -2.157143 27.879438
v -1.357794 -3.602065 27.728735
v -1.337018 -3.611812 27.740843
v -0.086895 -2.157143 27.879438
v -1.337018 -3.611812 27.740843
v -0.074076 -2.171521 27.892914
v 0.249719 -1.926778 27.903904
v -0.086895 -2.157143 27.879438
v -0.074076 -2.171521 27.892914
v 0.249719 -1.926778 27.903904
v -0.074076 -2.171521 27.892914
v 0.261158 -1.941209 27.920271
v 0.249719 -1.926778 27.903904
v 0.261158 -1.941209 27.920271
v 0.467960 -1.634066 27.949772
v 0.268347 -1.950611 27.948427
v 0.467960 -1.634066 27.949772
v 0.261158 -1.941209 27.920271
v 0.268347 -1.950611 27.948427
v 0.475697 -1.635276 27.982336
v 0.467960 -1.634066 27.949772
v 0.475697 -1.635276 27.982336
v 0.268347 -1.950611 27.948427
v 0.268347 -1.943699 28.152264
v 0.475697 -1.635276 27.982336
v 0.268347 -1.943699 28.152264
v 0.475697 -1.625796 28.261875
v 0.342569 -1.542376 28.699972
v 0.475697 -1.625796 28.261875
v 0.268347 -1.943699 28.152264
v 0.644235 -1.310213 28.220877
v 0.475697 -1.625796 28.261875
v 0.342569 -1.542376 28.699972
v 0.644235 -1.310213 28.220877
v 0.342569 -1.542376 28.699972
v 0.633255 -1.017442 28.642632
v 0.633255 -1.017442 28.642632
v 0.342569 -1.542376 28.699972
v -0.053240 -1.348457 29.703732
v 0.440124 -0.447055 29.348045
v 0.633255 -1.017442 28.642632
v -0.053240 -1.348457 29.703732
v 0.440124 -0.447055 29.348045
v -0.053240 -1.348457 29.703732
v 0.073993 -0.600166 30.389339
v 0.358004 0.027124 29.909523
v 0.440124 -0.447055 29.348045
v 0.073993 -0.600166 30.389339
v 0.789636 -0.975133 28.097376
v 0.644235 -1.310213 28.220877
v 0.633255 -1.017442 28.642632
v 0.073993 -0.600166 30.389339
v -0.053240 -1.348457 29.703732
v -0.586507 -1.328200 31.101154
v 0.789636 -0.975133 28.097376
v 0.749812 -0.516462 28.030157
v 0.939822 -0.728267 27.776636
v 0.789636 -0.975133 28.097376
v 0.633255 -1.017442 28.642632
v 0.749812 -0.516462 28.030157
v 0.623742 -0.214578 28.433300
v 0.749812 -0.516462 28.030157
v 0.633255 -1.017442 28.642632
v 0.623742 -0.214578 28.433300
v 0.633255 -1.017442 28.642632
v 0.440124 -0.447055 29.348045
v 0.510612 0.117440 28.866308
v 0.623742 -0.214578 28.433300
v 0.440124 -0.447055 29.348045
v 0.510612 0.117440 28.866308
v 0.440124 -0.447055 29.348045
v 0.358004 0.027124 29.909523
v 0.275616 0.422338 29.120100
v 0.510612 0.117440 28.866308
v 0.358004 0.027124 29.909523
v 0.275616 0.422338 29.120100
v 0.358004 0.027124 29.909523
v 0.189428 0.419166 30.288258
v 0.358004 0.027124 29.909523
v 0.073993 -0.600166 30.389339
v 0.098584 -0.031999 30.957821
v 0.189428 0.419166 30.288258
v 0.358004 0.027124 29.909523
v 0.098584 -0.031999 30.957821
v 0.189428 0.419166 30.288258
v 0.098584 -0.031999 30.957821
v 0.004731 0.429824 31.375072
v 0.080125 0.734049 30.381607
v 0.189428 0.419166 30.288258
v 0.004731 0.429824 31.375072
v 0.136262 0.708347 29.248970
v 0.189428 0.419166 30.288258
v 0.080125 0.734049 30.381607
v 0.136262 0.708347 29.248970
v 0.275616 0.422338 29.120100
v 0.189428 0.419166 30.288258
v 0.201875 0.681842 28.031141
v 0.275616 0.422338 29.120100
v 0.136262 0.708347 29.248970
v 0.201875 0.681842 28.031141
v 0.334021 0.441795 27.907967
v 0.275616 0.422338 29.120100
v 0.334021 0.441795 27.907967
v 0.510612 0.117440 28.866308
v 0.275616 0.422338 29.120100
v 0.334021 0.441795 27.907967
v 0.547501 0.205573 27.723825
v 0.510612 0.117440 28.866308
v 0.547501 0.205573 27.723825
v 0.623742 -0.214578 28.433300
v 0.510612 0.117440 28.866308
v 0.547501 0.205573 27.723825
v 0.722001 -0.015466 27.467558
v 0.623742 -0.214578 28.433300
v 0.722001 -0.015466 27.467558
v 0.749812 -0.516462 28.030157
v 0.623742 -0.214578 28.433300
v 0.722001 -0.015466 27.467558
v 0.970399 -0.203312 27.178316
v 0.749812 -0.516462 28.030157
v 0.939822 -0.728267 27.776636
v 0.749812 -0.516462 28.030157
v 0.970399 -0.203312 27.178316
v 0.939822 -0.728267 27.776636
v 0.970399 -0.203312 27.178316
v 1.179884 -0.343672 27.290447
v 0.970399 -0.203312 27.178316
v 1.292858 -0.241108 26.740482
v 1.179884 -0.343672 27.290447
v 0.149551 0.957737 29.253691
v 0.080125 0.734049 30.381607
v 0.080656 1.013561 30.405991
v 0.149551 0.957737 29.253691
v 0.136262 0.708347 29.248970
v 0.080125 0.734049 30.381607
v 0.200809 0.904306 28.045561
v 0.136262 0.708347 29.248970
v 0.149551 0.957737 29.253691
v 0.200809 0.904306 28.045561
v 0.201875 0.681842 28.031141
v 0.136262 0.708347 29.248970
v 0.176583 0.868293 26.810005
v 0.201875 0.681842 28.031141
v 0.200809 0.904306 28.045561
v 0.176583 0.868293 26.810005
v 0.185603 0.673560 26.791756
v 0.201875 0.681842 28.031141
v 0.185603 0.673560 26.791756
v 0.334021 0.441795 27.907967
v 0.201875 0.681842 28.031141
v 0.185603 0.673560 26.791756
v 0.329736 0.468755 26.699627
v 0.334021 0.441795 27.907967
v 0.329736 0.468755 26.699627
v 0.547501 0.205573 27.723825
v 0.334021 0.441795 27.907967
v 0.329736 0.468755 26.699627
v 0.432339 0.285195 26.519827
v 0.547501 0.205573 27.723825
v 0.432339 0.285195 26.519827
v 0.722001 -0.015466 27.467558
v 0.547501 0.205573 27.723825
v 0.432339 0.285195 26.519827
v 0.554347 0.136671 26.311283
v 0.722001 -0.015466 27.467558
v 0.554347 0.136671 26.311283
v 0.970399 -0.203312 27.178316
v 0.722001 -0.015466 27.467558
v 0.554347 0.136671 26.311283
v 0.727333 0.038597 26.080971
v 0.970399 -0.203312 27.178316
v 0.727333 0.038597 26.080971
v 1.292858 -0.241108 26.740482
v 0.970399 -0.203312 27.178316
v 0.727333 0.038597 26.080971
v 0.903715 0.030426 25.806358
v 1.292858 -0.241108 26.740482
v 0.903715 0.030426 25.806358
v 1.377156 -0.120288 26.337391
v 1.292858 -0.241108 26.740482
v 0.903715 0.030426 25.806358
v 1.004710 0.116429 25.556459
v 1.377156 -0.120288 26.337391
v 0.019369 0.696902 20.629345
v 0.202436 0.213036 22.953590
v 0.047136 0.209463 22.995256
v 0.019369 0.696902 20.629345
v 0.047136 0.209463 22.995256
v -0.109979 0.258220 23.039116
v -0.109979 0.258220 23.039116
v 0.047136 0.209463 22.995256
v 0.236274 0.218275 23.987423
v -0.109979 0.258220 23.039116
v 0.236274 0.218275 23.987423
v 0.094388 0.260248 24.084948
v 0.094388 0.260248 24.084948
v 0.236274 0.218275 23.987423
v 0.474282 0.167323 25.023720
v 0.094388 0.260248 24.084948
v 0.474282 0.167323 25.023720
v 0.332130 0.227146 25.185442
v 0.332130 0.227146 25.185442
v 0.474282 0.167323 25.023720
v 0.727333 0.038597 26.080971
v 0.332130 0.227146 25.185442
v 0.727333 0.038597 26.080971
v 0.554347 0.136671 26.311283
v 0.206504 0.339409 25.328424
v 0.332130 0.227146 25.185442
v 0.554347 0.136671 26.311283
v 0.206504 0.339409 25.328424
v 0.554347 0.136671 26.311283
v 0.432339 0.285195 26.519827
v 0.105128 0.488146 25.440891
v 0.206504 0.339409 25.328424
v 0.432339 0.285195 26.519827
v 0.105128 0.488146 25.440891
v 0.432339 0.285195 26.519827
v 0.329736 0.468755 26.699627
v 0.041054 0.666824 25.528208
v 0.105128 0.488146 25.440891
v 0.329736 0.468755 26.699627
v 0.041054 0.666824 25.528208
v 0.329736 0.468755 26.699627
v 0.185603 0.673560 26.791756
v 0.044929 0.857904 25.560040
v 0.041054 0.666824 25.528208
v 0.185603 0.673560 26.791756
v 0.044929 0.857904 25.560040
v 0.185603 0.673560 26.791756
v 0.176583 0.868293 26.810005
v 0.047136 0.209463 22.995256
v 0.202436 0.213036 22.953590
v 0.376728 0.227850 23.897688
v 0.047136 0.209463 22.995256
v 0.376728 0.227850 23.897688
v 0.236274 0.218275 23.987423
v 0.236274 0.218275 23.987423
v 0.376728 0.227850 23.897688
v 0.611733 0.170919 24.853960
v 0.236274 0.218275 23.987423
v 0.611733 0.170919 24.853960
v 0.474282 0.167323 25.023720
v 0.474282 0.167323 25.023720
v 0.611733 0.170919 24.853960
v 0.903715 0.030426 25.806358
v 0.474282 0.167323 25.023720
v 0.903715 0.030426 25.806358
v 0.727333 0.038597 26.080971
v -0.260835 0.353895 23.075619
v -0.109979 0.258220 23.039116
v 0.094388 0.260248 24.084948
v -0.260835 0.353895 23.075619
v 0.094388 0.260248 24.084948
v -0.041716 0.355082 24.176973
v -0.041716 0.355082 24.176973
v 0.094388 0.260248 24.084948
v 0.332130 0.227146 25.185442
v -0.041716 0.355082 24.176973
v 0.332130 0.227146 25.185442
v 0.206504 0.339409 25.328424
v -0.174207 0.487889 24.239441
v -0.041716 0.355082 24.176973
v 0.206504 0.339409 25.328424
v -0.174207 0.487889 24.239441
v 0.206504 0.339409 25.328424
v 0.105128 0.488146 25.440891
v -0.250449 0.668687 24.287146
v -0.174207 0.487889 24.239441
v 0.105128 0.488146 25.440891
v -0.250449 0.668687 24.287146
v 0.105128 0.488146 25.440891
v 0.041054 0.666824 25.528208
v -0.233818 0.883086 24.304714
v -0.250449 0.668687 24.287146
v 0.041054 0.666824 25.528208
v -0.233818 0.883086 24.304714
v 0.041054 0.666824 25.528208
v 0.044929 0.857904 25.560040
v -0.390508 0.496134 23.097170
v -0.260835 0.353895 23.075619
v -0.041716 0.355082 24.176973
v -0.390508 0.496134 23.097170
v -0.041716 0.355082 24.176973
v -0.174207 0.487889 24.239441
v -0.452388 0.681018 23.113972
v -0.390508 0.496134 23.097170
v -0.174207 0.487889 24.239441
v -0.452388 0.681018 23.113972
v -0.174207 0.487889 24.239441
v -0.250449 0.668687 24.287146
v -0.432048 0.891157 23.121933
v -0.452388 0.681018 23.113972
v -0.250449 0.668687 24.287146
v -0.432048 0.891157 23.121933
v -0.250449 0.668687 24.287146
v -0.233818 0.883086 24.304714
v 0.611733 0.170919 24.853960
v 1.004710 0.116429 25.556459
v 0.903715 0.030426 25.806358
v 0.611733 0.170919 24.853960
v 0.734492 0.224690 24.707584
v 1.004710 0.116429 25.556459
v 0.376728 0.227850 23.897688
v 0.734492 0.224690 24.707584
v 0.611733 0.170919 24.853960
v 0.376728 0.227850 23.897688
v 0.502325 0.279449 23.822096
v 0.734492 0.224690 24.707584
v 0.202436 0.213036 22.953590
v 0.502325 0.279449 23.822096
v 0.376728 0.227850 23.897688
v 0.202436 0.213036 22.953590
v 0.342469 0.266733 22.919342
v 0.502325 0.279449 23.822096
v 0.019369 0.696902 20.629345
v 0.342469 0.266733 22.919342
v 0.202436 0.213036 22.953590
v 0.019369 0.696902 20.629345
v 0.459567 0.358023 22.897867
v 0.342469 0.266733 22.919342
v 0.019369 0.696902 20.629345
v 0.539312 0.487218 22.893269
v 0.459567 0.358023 22.897867
v 0.459567 0.358023 22.897867
v 0.539312 0.487218 22.893269
v 0.666647 0.491879 23.734797
v 0.666647 0.491879 23.734797
v 0.539312 0.487218 22.893269
v 0.606756 0.631004 22.896193
v 0.666647 0.491879 23.734797
v 0.606756 0.631004 22.896193
v 0.713819 0.633092 23.725119
v 0.019369 0.696902 20.629345
v 0.606756 0.631004 22.896193
v 0.539312 0.487218 22.893269
v 0.459567 0.358023 22.897867
v 0.666647 0.491879 23.734797
v 0.599125 0.369486 23.765869
v 0.342469 0.266733 22.919342
v 0.459567 0.358023 22.897867
v 0.599125 0.369486 23.765869
v 0.342469 0.266733 22.919342
v 0.599125 0.369486 23.765869
v 0.502325 0.279449 23.822096
v 0.666647 0.491879 23.734797
v 0.713819 0.633092 23.725119
v 0.930242 0.606990 24.506615
v 0.666647 0.491879 23.734797
v 0.930242 0.606990 24.506615
v 0.888521 0.457352 24.531610
v 0.599125 0.369486 23.765869
v 0.666647 0.491879 23.734797
v 0.888521 0.457352 24.531610
v 0.599125 0.369486 23.765869
v 0.888521 0.457352 24.531610
v 0.828849 0.323186 24.597277
v 0.502325 0.279449 23.822096
v 0.599125 0.369486 23.765869
v 0.828849 0.323186 24.597277
v 0.502325 0.279449 23.822096
v 0.828849 0.323186 24.597277
v 0.734492 0.224690 24.707584
v 0.734492 0.224690 24.707584
v 0.828849 0.323186 24.597277
v 1.105002 0.239329 25.381805
v 0.734492 0.224690 24.707584
v 1.105002 0.239329 25.381805
v 1.004710 0.116429 25.556459
v 1.004710 0.116429 25.556459
v 1.105002 0.239329 25.381805
v 1.480241 0.093866 26.082619
v 1.004710 0.116429 25.556459
v 1.480241 0.093866 26.082619
v 1.377156 -0.120288 26.337391
v 0.888521 0.457352 24.531610
v 0.930242 0.606990 24.506615
v 1.181026 0.570897 25.239777
v 0.888521 0.457352 24.531610
v 1.181026 0.570897 25.239777
v 1.143837 0.407837 25.283739
v 0.828849 0.323186 24.597277
v 0.888521 0.457352 24.531610
v 1.143837 0.407837 25.283739
v 0.828849 0.323186 24.597277
v 1.143837 0.407837 25.283739
v 1.105002 0.239329 25.381805
v 1.105002 0.239329 25.381805
v 1.143837 0.407837 25.283739
v 1.527575 0.321627 25.949242
v 1.105002 0.239329 25.381805
v 1.527575 0.321627 25.949242
v 1.480241 0.093866 26.082619
v 1.143837 0.407837 25.283739
v 1.181026 0.570897 25.239777
v 1.522689 0.507454 25.817852
v 1.143837 0.407837 25.283739
v 1.522689 0.507454 25.817852
v 1.527575 0.321627 25.949242
v 0.019369 0.696902 20.629345
v -0.109979 0.258220 23.039116
v -0.260835 0.353895 23.075619
v 0.019369 0.696902 20.629345
v -0.260835 0.353895 23.075619
v -0.390508 0.496134 23.097170
v 0.019369 0.696902 20.629345
v -0.390508 0.496134 23.097170
v -0.452388 0.681018 23.113972
v 0.019369 0.696902 20.629345
v -0.452388 0.681018 23.113972
v -0.432048 0.891157 23.121933
v -2.925279 1.523520 38.276134
v -3.657923 1.292931 38.690659
v -3.686255 1.794025 38.890312
v -2.937643 1.040953 38.009911
v -2.925279 1.523520 38.276134
v -2.273072 1.320376 37.623421
v -2.925279 1.523520 38.276134
v -2.937643 1.040953 38.009911
v -3.657923 1.292931 38.690659
v -2.937643 1.040953 38.009911
v -3.674016 0.690551 38.339108
v -3.657923 1.292931 38.690659
v -2.265753 0.841076 37.317513
v -2.273072 1.320376 37.623421
v -1.707659 1.184983 36.860691
v -2.937643 1.040953 38.009911
v -2.273072 1.320376 37.623421
v -2.265753 0.841076 37.317513
v -2.923796 0.494868 37.656448
v -2.937643 1.040953 38.009911
v -2.265753 0.841076 37.317513
v -2.937643 1.040953 38.009911
v -2.923796 0.494868 37.656448
v -3.674016 0.690551 38.339108
v -2.923796 0.494868 37.656448
v -3.672814 -0.003788 37.864395
v -3.674016 0.690551 38.339108
v -1.730068 0.718612 36.409912
v -1.707659 1.184983 36.860691
v -1.175014 1.087657 35.831940
v -2.265753 0.841076 37.317513
v -1.707659 1.184983 36.860691
v -1.730068 0.718612 36.409912
v -2.306435 0.349046 36.852524
v -2.265753 0.841076 37.317513
v -1.730068 0.718612 36.409912
v -2.923796 0.494868 37.656448
v -2.265753 0.841076 37.317513
v -2.306435 0.349046 36.852524
v -2.306435 0.349046 36.852524
v -2.878243 -0.066221 37.188007
v -2.923796 0.494868 37.656448
v -2.923796 0.494868 37.656448
v -2.878243 -0.066221 37.188007
v -3.672814 -0.003788 37.864395
v -2.878243 -0.066221 37.188007
v -3.685271 -0.677887 37.234768
v -3.672814 -0.003788 37.864395
v -2.845153 -0.550929 36.635036
v -3.537243 -1.351054 36.403183
v -3.685271 -0.677887 37.234768
v -2.878243 -0.066221 37.188007
v -2.845153 -0.550929 36.635036
v -3.685271 -0.677887 37.234768
v -2.845153 -0.550929 36.635036
v -2.878243 -0.066221 37.188007
v -2.314846 -0.159164 36.395008
v -2.306435 0.349046 36.852524
v -2.314846 -0.159164 36.395008
v -2.878243 -0.066221 37.188007
v -1.753559 0.232986 35.983665
v -2.314846 -0.159164 36.395008
v -2.306435 0.349046 36.852524
v -2.306435 0.349046 36.852524
v -1.730068 0.718612 36.409912
v -1.753559 0.232986 35.983665
v -1.753559 0.232986 35.983665
v -1.730068 0.718612 36.409912
v -1.216360 0.626157 35.427341
v -1.730068 0.718612 36.409912
v -1.175014 1.087657 35.831940
v -1.216360 0.626157 35.427341
v -1.216360 0.626157 35.427341
v -1.175014 1.087657 35.831940
v -0.678383 1.008351 34.800121
v -2.438299 -0.672391 35.916019
v -2.314846 -0.159164 36.395008
v -1.847112 -0.271563 35.514500
v -1.753559 0.232986 35.983665
v -1.847112 -0.271563 35.514500
v -2.314846 -0.159164 36.395008
v -1.252443 0.139258 35.025452
v -1.847112 -0.271563 35.514500
v -1.753559 0.232986 35.983665
v -1.753559 0.232986 35.983665
v -1.216360 0.626157 35.427341
v -1.252443 0.139258 35.025452
v -1.252443 0.139258 35.025452
v -1.216360 0.626157 35.427341
v -0.741524 0.554002 34.417980
v -1.216360 0.626157 35.427341
v -0.678383 1.008351 34.800121
v -0.741524 0.554002 34.417980
v -0.741524 0.554002 34.417980
v -0.678383 1.008351 34.800121
v -0.394509 0.886208 33.730530
v -0.741524 0.554002 34.417980
v -0.394509 0.886208 33.730530
v -0.445974 0.474003 33.418861
v -0.445974 0.474003 33.418861
v -0.394509 0.886208 33.730530
v -0.216032 0.827694 32.630077
v -0.445974 0.474003 33.418861
v -0.216032 0.827694 32.630077
v -0.184543 0.441345 32.450100
v -0.055321 0.778413 31.525047
v -0.184543 0.441345 32.450100
v -0.216032 0.827694 32.630077
v -2.438299 -0.672391 35.916019
v -2.587024 -1.174182 35.551449
v -2.770877 -0.912556 36.167408
v -2.587024 -1.174182 35.551449
v -2.438299 -0.672391 35.916019
v -2.018479 -0.811901 35.086090
v -2.438299 -0.672391 35.916019
v -1.847112 -0.271563 35.514500
v -2.018479 -0.811901 35.086090
v -2.018479 -0.811901 35.086090
v -1.847112 -0.271563 35.514500
v -1.406849 -0.385671 34.586086
v -1.252443 0.139258 35.025452
v -1.406849 -0.385671 34.586086
v -1.847112 -0.271563 35.514500
v -0.826894 0.058995 34.017452
v -1.406849 -0.385671 34.586086
v -1.252443 0.139258 35.025452
v -1.252443 0.139258 35.025452
v -0.741524 0.554002 34.417980
v -0.826894 0.058995 34.017452
v -0.826894 0.058995 34.017452
v -0.741524 0.554002 34.417980
v -0.445974 0.474003 33.418861
v -0.500610 -0.009177 33.019104
v -0.445974 0.474003 33.418861
v -0.184543 0.441345 32.450100
v -0.826894 0.058995 34.017452
v -0.445974 0.474003 33.418861
v -0.500610 -0.009177 33.019104
v -0.500610 -0.009177 33.019104
v -1.016823 -0.491077 33.614155
v -0.826894 0.058995 34.017452
v -0.826894 0.058995 34.017452
v -1.016823 -0.491077 33.614155
v -1.406849 -0.385671 34.586086
v -1.627084 -0.955176 34.193275
v -1.406849 -0.385671 34.586086
v -1.016823 -0.491077 33.614155
v -2.018479 -0.811901 35.086090
v -1.406849 -0.385671 34.586086
v -1.627084 -0.955176 34.193275
v -1.627084 -0.955176 34.193275
v -2.340829 -1.448065 34.741844
v -2.018479 -0.811901 35.086090
v -2.587024 -1.174182 35.551449
v -2.018479 -0.811901 35.086090
v -2.340829 -1.448065 34.741844
v 0.080125 0.734049 30.381607
v 0.004731 0.429824 31.375072
v -0.055321 0.778413 31.525047
v -0.055321 0.778413 31.525047
v 0.004731 0.429824 31.375072
v -0.184543 0.441345 32.450100
v 0.004731 0.429824 31.375072
v -0.204944 -0.043544 32.008923
v -0.184543 0.441345 32.450100
v -0.500610 -0.009177 33.019104
v -0.184543 0.441345 32.450100
v -0.204944 -0.043544 32.008923
v -0.204944 -0.043544 32.008923
v -0.672722 -0.582818 32.599823
v -0.500610 -0.009177 33.019104
v -0.500610 -0.009177 33.019104
v -0.672722 -0.582818 32.599823
v -1.016823 -0.491077 33.614155
v -1.279586 -1.097864 33.258228
v -1.016823 -0.491077 33.614155
v -0.672722 -0.582818 32.599823
v -1.627084 -0.955176 34.193275
v -1.016823 -0.491077 33.614155
v -1.279586 -1.097864 33.258228
v -1.279586 -1.097864 33.258228
v -2.105633 -1.706084 33.883343
v -1.627084 -0.955176 34.193275
v -1.627084 -0.955176 34.193275
v -2.105633 -1.706084 33.883343
v -2.340829 -1.448065 34.741844
v -2.105633 -1.706084 33.883343
v -3.123180 -2.385627 34.550533
v -2.340829 -1.448065 34.741844
v -2.340829 -1.448065 34.741844
v -3.123180 -2.385627 34.550533
v -3.333922 -1.939816 35.463963
v -2.340829 -1.448065 34.741844
v -3.333922 -1.939816 35.463963
v -2.587024 -1.174182 35.551449
v -2.587024 -1.174182 35.551449
v -3.333922 -1.939816 35.463963
v -3.537243 -1.351054 36.403183
v -2.587024 -1.174182 35.551449
v -3.537243 -1.351054 36.403183
v -2.770877 -0.912556 36.167408
v -2.845153 -0.550929 36.635036
v -2.770877 -0.912556 36.167408
v -3.537243 -1.351054 36.403183
v -2.438299 -0.672391 35.916019
v -2.770877 -0.912556 36.167408
v -2.845153 -0.550929 36.635036
v -2.845153 -0.550929 36.635036
v -2.314846 -0.159164 36.395008
v -2.438299 -0.672391 35.916019
v -1.279586 -1.097864 33.258228
v -1.831295 -1.907503 32.988094
v -2.105633 -1.706084 33.883343
v -1.831295 -1.907503 32.988094
v -1.279586 -1.097864 33.258228
v -0.974494 -1.245994 32.245033
v -1.279586 -1.097864 33.258228
v -0.672722 -0.582818 32.599823
v -0.974494 -1.245994 32.245033
v -0.974494 -1.245994 32.245033
v -0.672722 -0.582818 32.599823
v -0.325494 -0.630252 31.525940
v -0.204944 -0.043544 32.008923
v -0.325494 -0.630252 31.525940
v -0.672722 -0.582818 32.599823
v 0.004731 0.429824 31.375072
v 0.098584 -0.031999 30.957821
v -0.204944 -0.043544 32.008923
v 0.098584 -0.031999 30.957821
v -0.325494 -0.630252 31.525940
v -0.204944 -0.043544 32.008923
v 0.098584 -0.031999 30.957821
v 0.073993 -0.600166 30.389339
v -0.325494 -0.630252 31.525940
v 0.073993 -0.600166 30.389339
v -0.586507 -1.328200 31.101154
v -0.325494 -0.630252 31.525940
v -0.974494 -1.245994 32.245033
v -0.325494 -0.630252 31.525940
v -0.586507 -1.328200 31.101154
v -1.508642 -2.046222 32.020710
v -0.974494 -1.245994 32.245033
v -0.586507 -1.328200 31.101154
v -1.831295 -1.907503 32.988094
v -0.974494 -1.245994 32.245033
v -1.508642 -2.046222 32.020710
v 0.342569 -1.542376 28.699972
v 0.268347 -1.943699 28.152264
v -0.222733 -2.164401 28.483315
v -0.053240 -1.348457 29.703732
v 0.342569 -1.542376 28.699972
v -0.222733 -2.164401 28.483315
v -0.053240 -1.348457 29.703732
v -0.222733 -2.164401 28.483315
v -0.750785 -2.258315 29.679474
v -0.750785 -2.258315 29.679474
v -0.586507 -1.328200 31.101154
v -0.053240 -1.348457 29.703732
v -0.750785 -2.258315 29.679474
v -1.162474 -2.174629 30.914108
v -0.586507 -1.328200 31.101154
v -1.508642 -2.046222 32.020710
v -0.586507 -1.328200 31.101154
v -1.162474 -2.174629 30.914108
v -1.508642 -2.046222 32.020710
v -1.162474 -2.174629 30.914108
v -2.101510 -3.316021 30.812149
v -1.508642 -2.046222 32.020710
v -2.101510 -3.316021 30.812149
v -2.425290 -3.163254 31.903168
v -1.508642 -2.046222 32.020710
v -2.425290 -3.163254 31.903168
v -2.687023 -2.993405 32.777946
v -1.508642 -2.046222 32.020710
v -2.687023 -2.993405 32.777946
v -1.831295 -1.907503 32.988094
v -1.831295 -1.907503 32.988094
v -2.687023 -2.993405 32.777946
v -2.916051 -2.737292 33.650204
v -1.831295 -1.907503 32.988094
v -2.916051 -2.737292 33.650204
v -2.105633 -1.706084 33.883343
v -2.105633 -1.706084 33.883343
v -2.916051 -2.737292 33.650204
v -3.123180 -2.385627 34.550533
v -1.337018 -3.611812 27.740843
v -1.334054 -3.622722 27.767550
v -0.066887 -2.181056 27.917198
v -1.337018 -3.611812 27.740843
v -0.066887 -2.181056 27.917198
v -0.074076 -2.171521 27.892914
v -0.066887 -2.181056 27.917198
v 0.261158 -1.941209 27.920271
v -0.074076 -2.171521 27.892914
v -0.066887 -2.181056 27.917198
v 0.268347 -1.950611 27.948427
v 0.261158 -1.941209 27.920271
v -0.066887 -2.181056 27.917198
v 0.268347 -1.943699 28.152264
v 0.268347 -1.950611 27.948427
v 0.268347 -1.943699 28.152264
v -0.066887 -2.181056 27.917198
v -0.222733 -2.164401 28.483315
v -0.222733 -2.164401 28.483315
v -0.066887 -2.181056 27.917198
v -1.334054 -3.622722 27.767550
v -0.222733 -2.164401 28.483315
v -1.334054 -3.622722 27.767550
v -1.469072 -3.556887 28.381334
v -0.750785 -2.258315 29.679474
v -0.222733 -2.164401 28.483315
v -1.469072 -3.556887 28.381334
v -0.750785 -2.258315 29.679474
v -1.469072 -3.556887 28.381334
v -1.756323 -3.462810 29.595509
v -1.162474 -2.174629 30.914108
v -0.750785 -2.258315 29.679474
v -1.756323 -3.462810 29.595509
v -1.162474 -2.174629 30.914108
v -1.756323 -3.462810 29.595509
v -2.101510 -3.316021 30.812149
v -3.670609 2.215910 38.973358
v -3.651775 2.212222 38.999580
v -3.686255 1.794025 38.890312
v -3.670609 2.215910 38.973358
v -3.686255 1.794025 38.890312
v -3.703936 1.804528 38.864517
v -3.675679 1.306065 38.666176
v -3.703936 1.804528 38.864517
v -3.686255 1.794025 38.890312
v -3.675679 1.306065 38.666176
v -3.686255 1.794025 38.890312
v -3.657923 1.292931 38.690659
v -3.675679 1.306065 38.666176
v -3.657923 1.292931 38.690659
v -3.674016 0.690551 38.339108
v -3.675679 1.306065 38.666176
v -3.674016 0.690551 38.339108
v -3.691465 0.706105 38.315819
v -3.689725 0.014584 37.842930
v -3.691465 0.706105 38.315819
v -3.674016 0.690551 38.339108
v -3.689725 0.014584 37.842930
v -3.674016 0.690551 38.339108
v -3.672814 -0.003788 37.864395
v -3.689725 0.014584 37.842930
v -3.672814 -0.003788 37.864395
v -3.685271 -0.677887 37.234768
v -3.689725 0.014584 37.842930
v -3.685271 -0.677887 37.234768
v -3.702156 -0.657497 37.215050
v -3.555257 -1.330011 36.385296
v -3.702156 -0.657497 37.215050
v -3.685271 -0.677887 37.234768
v -3.555257 -1.330011 36.385296
v -3.685271 -0.677887 37.234768
v -3.537243 -1.351054 36.403183
v -3.353769 -1.918462 35.448532
v -3.555257 -1.330011 36.385296
v -3.537243 -1.351054 36.403183
v -3.353769 -1.918462 35.448532
v -3.537243 -1.351054 36.403183
v -3.333922 -1.939816 35.463963
v -3.144761 -2.364683 34.536945
v -3.353769 -1.918462 35.448532
v -3.333922 -1.939816 35.463963
v -3.144761 -2.364683 34.536945
v -3.333922 -1.939816 35.463963
v -3.123180 -2.385627 34.550533
v -2.938658 -2.716635 33.637878
v -3.144761 -2.364683 34.536945
v -3.123180 -2.385627 34.550533
v -2.938658 -2.716635 33.637878
v -3.123180 -2.385627 34.550533
v -2.916051 -2.737292 33.650204
v -0.133095 -0.006046 18.421967
v -0.208126 0.051617 18.439735
v -0.217026 0.015000 18.440979
v -0.217026 0.015000 18.440979
v -0.208126 0.051617 18.439735
v -0.275434 0.069831 18.494387
v -0.217026 0.015000 18.440979
v -0.275434 0.069831 18.494387
v -0.284334 0.033213 18.495628
v -0.321687 0.044987 18.575094
v -0.284334 0.033213 18.495628
v -0.275434 0.069831 18.494387
v -0.321687 0.044987 18.575094
v -0.275434 0.069831 18.494387
v -0.312787 0.081605 18.573853
v -0.321687 0.047990 18.663637
v -0.321687 0.044987 18.575094
v -0.312787 0.081605 18.573853
v -0.321687 0.047990 18.663637
v -0.312787 0.081605 18.573853
v -0.312787 0.084608 18.662395
v -0.321687 0.047990 18.663637
v -0.312787 0.084608 18.662395
v -0.275434 0.078244 18.742477
v -0.321687 0.047990 18.663637
v -0.275434 0.078244 18.742477
v -0.284334 0.041627 18.743721
v -0.213203 0.042886 18.798946
v -0.284334 0.041627 18.743721
v -0.275434 0.078244 18.742477
v -0.213203 0.042886 18.798946
v -0.275434 0.078244 18.742477
v -0.208126 0.063775 18.798237
v -0.213203 0.042886 18.798946
v -0.208126 0.063775 18.798237
v -0.124195 0.044066 18.818630
v -0.213203 0.042886 18.798946
v -0.124195 0.044066 18.818630
v -0.129272 0.023176 18.819340
v -0.045341 0.002131 18.800327
v -0.129272 0.023176 18.819340
v -0.124195 0.044066 18.818630
v -0.045341 0.002131 18.800327
v -0.124195 0.044066 18.818630
v -0.040263 0.023020 18.799618
v 0.021967 -0.016083 18.745678
v -0.045341 0.002131 18.800327
v -0.040263 0.023020 18.799618
v 0.021967 -0.016083 18.745678
v -0.040263 0.023020 18.799618
v 0.027045 0.004807 18.744968
v 0.021967 -0.016083 18.745678
v 0.027045 0.004807 18.744968
v 0.064398 -0.006968 18.665503
v 0.021967 -0.016083 18.745678
v 0.064398 -0.006968 18.665503
v 0.055497 -0.043585 18.666744
v 0.055497 -0.043585 18.666744
v 0.064398 -0.006968 18.665503
v 0.064398 -0.009970 18.576960
v 0.055497 -0.043585 18.666744
v 0.064398 -0.009970 18.576960
v 0.055497 -0.046588 18.578201
v 0.018144 -0.040224 18.498119
v 0.055497 -0.046588 18.578201
v 0.064398 -0.009970 18.576960
v 0.018144 -0.040224 18.498119
v 0.064398 -0.009970 18.576960
v 0.027045 -0.003607 18.496876
v -0.049164 -0.025755 18.442360
v 0.018144 -0.040224 18.498119
v 0.027045 -0.003607 18.496876
v -0.049164 -0.025755 18.442360
v 0.027045 -0.003607 18.496876
v -0.040263 0.010862 18.441118
v -0.133095 -0.006046 18.421967
v -0.049164 -0.025755 18.442360
v -0.040263 0.010862 18.441118
v -0.133095 -0.006046 18.421967
v -0.040263 0.010862 18.441118
v -0.124195 0.030572 18.420723
v -0.133095 -0.006046 18.421967
v -0.124195 0.030572 18.420723
v -0.208126 0.051617 18.439735
v 1.161687 -0.366912 27.277849
v 1.179884 -0.343672 27.290447
v 1.292858 -0.241108 26.740482
v 1.161687 -0.366912 27.277849
v 1.292858 -0.241108 26.740482
v 1.286120 -0.271119 26.731459
v 1.286120 -0.271119 26.731459
v 1.292858 -0.241108 26.740482
v 1.377156 -0.120288 26.337391
v 1.286120 -0.271119 26.731459
v 1.377156 -0.120288 26.337391
v 1.384787 -0.149204 26.325541
v 1.499663 0.073222 26.067556
v 1.384787 -0.149204 26.325541
v 1.377156 -0.120288 26.337391
v 1.499663 0.073222 26.067556
v 1.377156 -0.120288 26.337391
v 1.480241 0.093866 26.082619
v 1.553049 0.308743 25.932810
v 1.499663 0.073222 26.067556
v 1.480241 0.093866 26.082619
v 1.553049 0.308743 25.932810
v 1.480241 0.093866 26.082619
v 1.527575 0.321627 25.949242
v 1.553049 0.308743 25.932810
v 1.527575 0.321627 25.949242
v 1.522689 0.507454 25.817852
v 1.553049 0.308743 25.932810
v 1.522689 0.507454 25.817852
v 1.549934 0.500262 25.801048
v 0.451257 -1.607895 28.249897
v 0.475697 -1.625796 28.261875
v 0.644235 -1.310213 28.220877
v 0.451257 -1.607895 28.249897
v 0.644235 -1.310213 28.220877
v 0.615130 -1.298039 28.211493
v 0.759321 -0.972216 28.087261
v 0.615130 -1.298039 28.211493
v 0.644235 -1.310213 28.220877
v 0.759321 -0.972216 28.087261
v 0.644235 -1.310213 28.220877
v 0.789636 -0.975133 28.097376
v 0.913699 -0.739529 27.762060
v 0.759321 -0.972216 28.087261
v 0.789636 -0.975133 28.097376
v 0.913699 -0.739529 27.762060
v 0.789636 -0.975133 28.097376
v 0.939822 -0.728267 27.776636
v 1.161687 -0.366912 27.277849
v 0.913699 -0.739529 27.762060
v 0.939822 -0.728267 27.776636
v 1.161687 -0.366912 27.277849
v 0.939822 -0.728267 27.776636
v 1.179884 -0.343672 27.290447
v 0.249719 -1.918668 28.143034
v 0.249719 -1.925581 27.939198
v 0.451257 -1.617375 27.970356
v 0.249719 -1.918668 28.143034
v 0.451257 -1.617375 27.970356
v 0.451257 -1.607895 28.249897
v 0.249719 -1.918668 28.143034
v 0.451257 -1.607895 28.249897
v 0.317432 -1.524716 28.687874
v 0.615130 -1.298039 28.211493
v 0.317432 -1.524716 28.687874
v 0.451257 -1.607895 28.249897
v 0.615130 -1.298039 28.211493
v 0.602687 -1.010727 28.632114
v 0.317432 -1.524716 28.687874
v 0.759321 -0.972216 28.087261
v 0.602687 -1.010727 28.632114
v 0.615130 -1.298039 28.211493
v 0.719893 -0.525156 28.019236
v 0.602687 -1.010727 28.632114
v 0.759321 -0.972216 28.087261
v 0.719893 -0.525156 28.019236
v 0.759321 -0.972216 28.087261
v 0.913699 -0.739529 27.762060
v 0.950390 -0.228443 27.170694
v 0.719893 -0.525156 28.019236
v 0.913699 -0.739529 27.762060
v 0.950390 -0.228443 27.170694
v 0.913699 -0.739529 27.762060
v 1.161687 -0.366912 27.277849
v 0.950390 -0.228443 27.170694
v 1.161687 -0.366912 27.277849
v 1.286120 -0.271119 26.731459
v 0.714864 0.008113 26.078674
v 0.950390 -0.228443 27.170694
v 1.286120 -0.271119 26.731459
v 0.714864 0.008113 26.078674
v 1.286120 -0.271119 26.731459
v 0.901656 -0.001908 25.800014
v 0.466609 0.135226 25.022776
v 0.714864 0.008113 26.078674
v 0.901656 -0.001908 25.800014
v 0.466609 0.135226 25.022776
v 0.901656 -0.001908 25.800014
v 0.615017 0.138323 24.849869
v 0.231707 0.185577 23.987713
v 0.466609 0.135226 25.022776
v 0.615017 0.138323 24.849869
v 0.231707 0.185577 23.987713
v 0.615017 0.138323 24.849869
v 0.382298 0.195364 23.895765
v 0.042202 0.176864 22.996990
v 0.231707 0.185577 23.987713
v 0.382298 0.195364 23.895765
v 0.004632 -0.097340 18.588457
v -0.036452 -0.104831 18.651688
v 0.004632 -0.094915 18.659950
v 0.004632 -0.097340 18.588457
v 0.004632 -0.094915 18.659950
v 0.032835 -0.073564 18.664341
v 0.004632 -0.097340 18.588457
v 0.032835 -0.073564 18.664341
v 0.032835 -0.076335 18.582626
v -0.059366 -0.097608 18.700436
v -0.094121 -0.106954 18.639053
v -0.106326 -0.103107 18.665018
v -0.059366 -0.097608 18.700436
v -0.036452 -0.104831 18.651688
v -0.094121 -0.106954 18.639053
v 0.004632 -0.094915 18.659950
v -0.036452 -0.104831 18.651688
v -0.059366 -0.097608 18.700436
v 0.004632 -0.094915 18.659950
v -0.059366 -0.097608 18.700436
v -0.025528 -0.085408 18.724113
v 0.004632 -0.094915 18.659950
v -0.025528 -0.085408 18.724113
v -0.001637 -0.062698 18.737680
v 0.004632 -0.094915 18.659950
v -0.001637 -0.062698 18.737680
v 0.032835 -0.073564 18.664341
v -0.079875 -0.070702 18.768242
v -0.063754 -0.045889 18.788116
v -0.001637 -0.062698 18.737680
v -0.079875 -0.070702 18.768242
v -0.001637 -0.062698 18.737680
v -0.025528 -0.085408 18.724113
v -0.025528 -0.085408 18.724113
v -0.100656 -0.086435 18.733963
v -0.079875 -0.070702 18.768242
v -0.025528 -0.085408 18.724113
v -0.059366 -0.097608 18.700436
v -0.100656 -0.086435 18.733963
v -0.059366 -0.097608 18.700436
v -0.128320 -0.097156 18.682877
v -0.100656 -0.086435 18.733963
v -0.059366 -0.097608 18.700436
v -0.106326 -0.103107 18.665018
v -0.128320 -0.097156 18.682877
v -0.106326 -0.103107 18.665018
v -0.155745 -0.092484 18.624081
v -0.128320 -0.097156 18.682877
v -0.094121 -0.106954 18.639053
v -0.155745 -0.092484 18.624081
v -0.106326 -0.103107 18.665018
v -0.094121 -0.107936 18.610121
v -0.155745 -0.092484 18.624081
v -0.094121 -0.106954 18.639053
v -0.036452 -0.104831 18.651688
v -0.094121 -0.107936 18.610121
v -0.094121 -0.106954 18.639053
v -0.036452 -0.104831 18.651688
v -0.036452 -0.106673 18.597370
v -0.094121 -0.107936 18.610121
v 0.004632 -0.097340 18.588457
v -0.036452 -0.106673 18.597370
v -0.036452 -0.104831 18.651688
v -0.025528 -0.092202 18.523796
v -0.036452 -0.106673 18.597370
v 0.004632 -0.097340 18.588457
v -0.025528 -0.092202 18.523796
v 0.004632 -0.097340 18.588457
v 0.032835 -0.076335 18.582626
v -0.025528 -0.092202 18.523796
v 0.032835 -0.076335 18.582626
v -0.001637 -0.070463 18.508720
v -0.079875 -0.080519 18.478775
v -0.025528 -0.092202 18.523796
v -0.001637 -0.070463 18.508720
v -0.079875 -0.080519 18.478775
v -0.001637 -0.070463 18.508720
v -0.063754 -0.057109 18.457264
v -0.147644 -0.064605 18.462307
v -0.079875 -0.080519 18.478775
v -0.063754 -0.057109 18.457264
v -0.128320 -0.101128 18.565733
v -0.155745 -0.092484 18.624081
v -0.106326 -0.105856 18.583952
v -0.106326 -0.105856 18.583952
v -0.155745 -0.092484 18.624081
v -0.094121 -0.107936 18.610121
v -0.036452 -0.106673 18.597370
v -0.106326 -0.105856 18.583952
v -0.094121 -0.107936 18.610121
v -0.079875 -0.080519 18.478775
v -0.147644 -0.064605 18.462307
v -0.152143 -0.081803 18.501528
v -0.147644 -0.064605 18.462307
v -0.203630 -0.068893 18.513191
v -0.152143 -0.081803 18.501528
v -0.147644 -0.064605 18.462307
v -0.215414 -0.047612 18.477657
v -0.203630 -0.068893 18.513191
v -0.079875 -0.080519 18.478775
v -0.152143 -0.081803 18.501528
v -0.100656 -0.093893 18.514040
v -0.100656 -0.093893 18.514040
v -0.152143 -0.081803 18.501528
v -0.155745 -0.094688 18.559069
v -0.203630 -0.068893 18.513191
v -0.155745 -0.094688 18.559069
v -0.152143 -0.081803 18.501528
v -0.203630 -0.068893 18.513191
v -0.183170 -0.087811 18.565281
v -0.155745 -0.094688 18.559069
v -0.147644 -0.064605 18.462307
v -0.063754 -0.057109 18.457264
v -0.141212 -0.038920 18.438442
v -0.147644 -0.064605 18.462307
v -0.141212 -0.038920 18.438442
v -0.218670 -0.019498 18.455990
v -0.147644 -0.064605 18.462307
v -0.218670 -0.019498 18.455990
v -0.215414 -0.047612 18.477657
v -0.269761 -0.032905 18.521784
v -0.215414 -0.047612 18.477657
v -0.218670 -0.019498 18.455990
v -0.269761 -0.032905 18.521784
v -0.203630 -0.068893 18.513191
v -0.215414 -0.047612 18.477657
v -0.269761 -0.032905 18.521784
v -0.244919 -0.057720 18.546719
v -0.203630 -0.068893 18.513191
v -0.244919 -0.057720 18.546719
v -0.183170 -0.087811 18.565281
v -0.203630 -0.068893 18.513191
v -0.244919 -0.057720 18.546719
v -0.205164 -0.081860 18.583139
v -0.183170 -0.087811 18.565281
v -0.205164 -0.081860 18.583139
v -0.155745 -0.092484 18.624081
v -0.183170 -0.087811 18.565281
v -0.183170 -0.087811 18.565281
v -0.155745 -0.092484 18.624081
v -0.155745 -0.094688 18.559069
v -0.155745 -0.094688 18.559069
v -0.155745 -0.092484 18.624081
v -0.128320 -0.101128 18.565733
v -0.100656 -0.093893 18.514040
v -0.155745 -0.094688 18.559069
v -0.128320 -0.101128 18.565733
v -0.100656 -0.093893 18.514040
v -0.128320 -0.101128 18.565733
v -0.106326 -0.105856 18.583952
v -0.100656 -0.093893 18.514040
v -0.106326 -0.105856 18.583952
v -0.059366 -0.102769 18.548244
v -0.036452 -0.106673 18.597370
v -0.059366 -0.102769 18.548244
v -0.106326 -0.105856 18.583952
v -0.025528 -0.092202 18.523796
v -0.059366 -0.102769 18.548244
v -0.036452 -0.106673 18.597370
v -0.079875 -0.080519 18.478775
v -0.059366 -0.102769 18.548244
v -0.025528 -0.092202 18.523796
v -0.079875 -0.080519 18.478775
v -0.100656 -0.093893 18.514040
v -0.059366 -0.102769 18.548244
v 0.032835 -0.073564 18.664341
v 0.055497 -0.043585 18.666744
v 0.055497 -0.046588 18.578201
v 0.032835 -0.073564 18.664341
v 0.055497 -0.046588 18.578201
v 0.032835 -0.076335 18.582626
v 0.032835 -0.076335 18.582626
v 0.055497 -0.046588 18.578201
v 0.018144 -0.040224 18.498119
v 0.032835 -0.076335 18.582626
v 0.018144 -0.040224 18.498119
v -0.001637 -0.070463 18.508720
v -0.001637 -0.070463 18.508720
v 0.018144 -0.040224 18.498119
v -0.049164 -0.025755 18.442360
v -0.001637 -0.070463 18.508720
v -0.049164 -0.025755 18.442360
v -0.063754 -0.057109 18.457264
v -0.063754 -0.057109 18.457264
v -0.049164 -0.025755 18.442360
v -0.133095 -0.006046 18.421967
v -0.063754 -0.057109 18.457264
v -0.133095 -0.006046 18.421967
v -0.141212 -0.038920 18.438442
v -0.141212 -0.038920 18.438442
v -0.133095 -0.006046 18.421967
v -0.217026 0.015000 18.440979
v -0.141212 -0.038920 18.438442
v -0.217026 0.015000 18.440979
v -0.218670 -0.019498 18.455990
v -0.280787 -0.002689 18.506424
v -0.218670 -0.019498 18.455990
v -0.217026 0.015000 18.440979
v -0.269761 -0.032905 18.521784
v -0.218670 -0.019498 18.455990
v -0.280787 -0.002689 18.506424
v -0.299921 -0.023398 18.585949
v -0.269761 -0.032905 18.521784
v -0.280787 -0.002689 18.506424
v -0.299921 -0.023398 18.585949
v -0.244919 -0.057720 18.546719
v -0.269761 -0.032905 18.521784
v -0.299921 -0.023398 18.585949
v -0.267833 -0.050497 18.595467
v -0.244919 -0.057720 18.546719
v -0.267833 -0.050497 18.595467
v -0.205164 -0.081860 18.583139
v -0.244919 -0.057720 18.546719
v -0.267833 -0.050497 18.595467
v -0.217369 -0.078012 18.609108
v -0.205164 -0.081860 18.583139
v -0.217369 -0.078012 18.609108
v -0.155745 -0.092484 18.624081
v -0.205164 -0.081860 18.583139
v -0.267833 -0.048655 18.649784
v -0.217369 -0.077031 18.638039
v -0.217369 -0.078012 18.609108
v -0.267833 -0.048655 18.649784
v -0.217369 -0.078012 18.609108
v -0.267833 -0.050497 18.595467
v -0.299921 -0.020974 18.657440
v -0.267833 -0.048655 18.649784
v -0.267833 -0.050497 18.595467
v -0.299921 -0.020974 18.657440
v -0.267833 -0.050497 18.595467
v -0.299921 -0.023398 18.585949
v -0.299921 -0.020974 18.657440
v -0.299921 -0.023398 18.585949
v -0.315259 0.008177 18.579762
v -0.299921 -0.023398 18.585949
v -0.280787 -0.002689 18.506424
v -0.315259 0.008177 18.579762
v -0.217369 -0.077031 18.638039
v -0.155745 -0.092484 18.624081
v -0.217369 -0.078012 18.609108
v -0.205164 -0.079111 18.664207
v -0.155745 -0.092484 18.624081
v -0.217369 -0.077031 18.638039
v -0.244919 -0.052558 18.698908
v -0.205164 -0.079111 18.664207
v -0.217369 -0.077031 18.638039
v -0.244919 -0.052558 18.698908
v -0.217369 -0.077031 18.638039
v -0.267833 -0.048655 18.649784
v -0.269761 -0.026112 18.722103
v -0.244919 -0.052558 18.698908
v -0.267833 -0.048655 18.649784
v -0.269761 -0.026112 18.722103
v -0.267833 -0.048655 18.649784
v -0.299921 -0.020974 18.657440
v -0.269761 -0.026112 18.722103
v -0.299921 -0.020974 18.657440
v -0.315259 0.010948 18.661474
v -0.299921 -0.020974 18.657440
v -0.315259 0.008177 18.579762
v -0.315259 0.010948 18.661474
v -0.315259 0.010948 18.661474
v -0.315259 0.008177 18.579762
v -0.321687 0.044987 18.575094
v -0.280787 -0.002689 18.506424
v -0.321687 0.044987 18.575094
v -0.315259 0.008177 18.579762
v -0.280787 -0.002689 18.506424
v -0.284334 0.033213 18.495628
v -0.321687 0.044987 18.575094
v -0.280787 -0.002689 18.506424
v -0.217026 0.015000 18.440979
v -0.284334 0.033213 18.495628
v -0.315259 0.010948 18.661474
v -0.321687 0.044987 18.575094
v -0.321687 0.047990 18.663637
v -0.269761 -0.026112 18.722103
v -0.215414 -0.037795 18.767126
v -0.203630 -0.061434 18.733114
v -0.215414 -0.037795 18.767126
v -0.269761 -0.026112 18.722103
v -0.280787 0.005076 18.735382
v -0.215414 -0.037795 18.767126
v -0.280787 0.005076 18.735382
v -0.218670 -0.008278 18.786842
v -0.269761 -0.026112 18.722103
v -0.315259 0.010948 18.661474
v -0.280787 0.005076 18.735382
v -0.280787 0.005076 18.735382
v -0.315259 0.010948 18.661474
v -0.321687 0.047990 18.663637
v -0.280787 0.005076 18.735382
v -0.321687 0.047990 18.663637
v -0.284334 0.041627 18.743721
v -0.218670 -0.008278 18.786842
v -0.280787 0.005076 18.735382
v -0.284334 0.041627 18.743721
v -0.218670 -0.008278 18.786842
v -0.284334 0.041627 18.743721
v -0.213203 0.042886 18.798946
v -0.218670 -0.008278 18.786842
v -0.213203 0.042886 18.798946
v -0.129272 0.023176 18.819340
v -0.218670 -0.008278 18.786842
v -0.129272 0.023176 18.819340
v -0.141212 -0.026467 18.805660
v -0.215414 -0.037795 18.767126
v -0.218670 -0.008278 18.786842
v -0.141212 -0.026467 18.805660
v -0.215414 -0.037795 18.767126
v -0.141212 -0.026467 18.805660
v -0.147644 -0.053709 18.783592
v -0.147644 -0.053709 18.783592
v -0.203630 -0.061434 18.733114
v -0.215414 -0.037795 18.767126
v -0.147644 -0.053709 18.783592
v -0.152143 -0.073525 18.745623
v -0.203630 -0.061434 18.733114
v -0.203630 -0.061434 18.733114
v -0.152143 -0.073525 18.745623
v -0.155745 -0.090279 18.689091
v -0.203630 -0.061434 18.733114
v -0.155745 -0.090279 18.689091
v -0.183170 -0.083839 18.682425
v -0.269761 -0.026112 18.722103
v -0.203630 -0.061434 18.733114
v -0.244919 -0.052558 18.698908
v -0.203630 -0.061434 18.733114
v -0.205164 -0.079111 18.664207
v -0.244919 -0.052558 18.698908
v -0.203630 -0.061434 18.733114
v -0.183170 -0.083839 18.682425
v -0.205164 -0.079111 18.664207
v -0.183170 -0.083839 18.682425
v -0.155745 -0.092484 18.624081
v -0.205164 -0.079111 18.664207
v -0.155745 -0.090279 18.689091
v -0.155745 -0.092484 18.624081
v -0.183170 -0.083839 18.682425
v -0.128320 -0.097156 18.682877
v -0.155745 -0.092484 18.624081
v -0.155745 -0.090279 18.689091
v -0.152143 -0.073525 18.745623
v -0.128320 -0.097156 18.682877
v -0.155745 -0.090279 18.689091
v -0.152143 -0.073525 18.745623
v -0.100656 -0.086435 18.733963
v -0.128320 -0.097156 18.682877
v -0.147644 -0.053709 18.783592
v -0.100656 -0.086435 18.733963
v -0.152143 -0.073525 18.745623
v -0.147644 -0.053709 18.783592
v -0.079875 -0.070702 18.768242
v -0.100656 -0.086435 18.733963
v -0.079875 -0.070702 18.768242
v -0.147644 -0.053709 18.783592
v -0.141212 -0.026467 18.805660
v -0.079875 -0.070702 18.768242
v -0.141212 -0.026467 18.805660
v -0.063754 -0.045889 18.788116
v -0.063754 -0.045889 18.788116
v -0.141212 -0.026467 18.805660
v -0.129272 0.023176 18.819340
v -0.063754 -0.045889 18.788116
v -0.129272 0.023176 18.819340
v -0.045341 0.002131 18.800327
v -0.001637 -0.062698 18.737680
v -0.063754 -0.045889 18.788116
v -0.045341 0.002131 18.800327
v -0.001637 -0.062698 18.737680
v -0.045341 0.002131 18.800327
v 0.021967 -0.016083 18.745678
v -0.001637 -0.062698 18.737680
v 0.021967 -0.016083 18.745678
v 0.055497 -0.043585 18.666744
v -0.001637 -0.062698 18.737680
v 0.055497 -0.043585 18.666744
v 0.032835 -0.073564 18.664341
v 0.280965 -0.102158 15.841664
v 0.437618 0.038435 15.739646
v 0.265004 -0.066645 15.743209
v 0.071529 -0.151815 15.843349
v 0.280965 -0.102158 15.841664
v 0.265004 -0.066645 15.743209
v 0.071529 -0.151815 15.843349
v 0.265004 -0.066645 15.743209
v 0.068348 -0.113272 15.744790
v 0.464797 0.074917 17.759415
v 0.280965 -0.102158 15.841664
v 0.280964 -0.036992 17.763210
v 0.464797 0.074917 17.759415
v 0.464797 0.009751 15.837869
v 0.280965 -0.102158 15.841664
v 0.280965 -0.102158 15.841664
v 0.464797 0.009751 15.837869
v 0.437618 0.038435 15.739646
v 0.605030 0.172957 15.832334
v 0.437618 0.038435 15.739646
v 0.464797 0.009751 15.837869
v 0.605030 0.172957 15.832334
v 0.569294 0.191682 15.734448
v 0.437618 0.038435 15.739646
v 0.605030 0.172957 15.832334
v 0.647142 0.378096 15.728127
v 0.569294 0.191682 15.734448
v 0.605030 0.172957 15.832334
v 0.687937 0.371486 15.825601
v 0.647142 0.378096 15.728127
v 0.687936 0.436651 17.747149
v 0.687937 0.371486 15.825601
v 0.605030 0.172957 15.832334
v 0.687936 0.436651 17.747149
v 0.605030 0.172957 15.832334
v 0.605029 0.238123 17.753881
v 0.464797 0.074917 17.759415
v 0.605029 0.238123 17.753881
v 0.605030 0.172957 15.832334
v 0.464797 0.074917 17.759415
v 0.605030 0.172957 15.832334
v 0.464797 0.009751 15.837869
v -0.649147 0.696111 15.814591
v -0.624751 0.481580 15.724618
v -0.608352 0.682912 15.717788
v -0.649147 0.696111 15.814591
v -0.666612 0.481695 15.821864
v -0.624751 0.481580 15.724618
v -0.649147 0.761277 17.736139
v -0.666612 0.481695 15.821864
v -0.649147 0.696111 15.814591
v -0.649147 0.761277 17.736139
v -0.666613 0.546861 17.743412
v -0.666612 0.481695 15.821864
v -0.616927 0.337545 17.750507
v -0.666612 0.481695 15.821864
v -0.666613 0.546861 17.743412
v -0.616927 0.337545 17.750507
v -0.616926 0.272379 15.828963
v -0.666612 0.481695 15.821864
v -0.666612 0.481695 15.821864
v -0.616926 0.272379 15.828963
v -0.578097 0.285037 15.731284
v -0.504953 0.088652 15.835193
v -0.578097 0.285037 15.731284
v -0.616926 0.272379 15.828963
v -0.504953 0.088652 15.835193
v -0.472957 0.112521 15.737134
v -0.578097 0.285037 15.731284
v -0.341653 -0.051500 15.839946
v -0.472957 0.112521 15.737134
v -0.504953 0.088652 15.835193
v -0.341653 -0.051500 15.839946
v -0.319621 -0.019079 15.741595
v -0.472957 0.112521 15.737134
v -0.143011 -0.134359 15.842755
v -0.319621 -0.019079 15.741595
v -0.341653 -0.051500 15.839946
v -0.143011 -0.134359 15.842755
v -0.133100 -0.096882 15.744233
v -0.319621 -0.019079 15.741595
v -0.143011 -0.134359 15.842755
v 0.068348 -0.113272 15.744790
v -0.133100 -0.096882 15.744233
v -0.143011 -0.134359 15.842755
v 0.071529 -0.151815 15.843349
v 0.068348 -0.113272 15.744790
v 0.071528 -0.086649 17.764893
v 0.071529 -0.151815 15.843349
v -0.143011 -0.134359 15.842755
v 0.071528 -0.086649 17.764893
v 0.280965 -0.102158 15.841664
v 0.071529 -0.151815 15.843349
v 0.071528 -0.086649 17.764893
v 0.280964 -0.036992 17.763210
v 0.280965 -0.102158 15.841664
v -0.666612 0.481695 15.821864
v -0.578097 0.285037 15.731284
v -0.624751 0.481580 15.724618
v 0.071528 -0.086649 17.764893
v -0.143011 -0.134359 15.842755
v -0.143011 -0.069193 17.764303
v -0.341653 0.013666 17.761492
v -0.143011 -0.069193 17.764303
v -0.143011 -0.134359 15.842755
v -0.341653 0.013666 17.761492
v -0.143011 -0.134359 15.842755
v -0.341653 -0.051500 15.839946
v -0.504954 0.153818 17.756739
v -0.341653 0.013666 17.761492
v -0.341653 -0.051500 15.839946
v -0.504954 0.153818 17.756739
v -0.341653 -0.051500 15.839946
v -0.504953 0.088652 15.835193
v -0.504954 0.153818 17.756739
v -0.504953 0.088652 15.835193
v -0.616926 0.272379 15.828963
v -0.504954 0.153818 17.756739
v -0.616926 0.272379 15.828963
v -0.616927 0.337545 17.750507
v 0.226655 -1.003961 -14.647930
v 0.306058 -0.844132 -14.854247
v 0.187742 -0.916158 -14.851807
v 0.060703 -1.043307 -14.646600
v 0.226655 -1.003961 -14.647930
v 0.187742 -0.916158 -14.851807
v 0.060703 -1.043307 -14.646600
v 0.187742 -0.916158 -14.851807
v 0.052947 -0.948118 -14.850722
v 0.060703 -1.043307 -14.646600
v 0.052947 -0.948118 -14.850722
v -0.085132 -0.936883 -14.851103
v 0.513592 -0.796993 -14.431937
v 0.483435 -0.785966 -14.655326
v 0.372318 -0.915287 -14.650936
v 0.513592 -0.796993 -14.431937
v 0.372318 -0.915287 -14.650936
v 0.395254 -0.934717 -14.427268
v 0.395254 -0.934717 -14.427268
v 0.372318 -0.915287 -14.650936
v 0.226655 -1.003961 -14.647930
v 0.395254 -0.934717 -14.427268
v 0.226655 -1.003961 -14.647930
v 0.240124 -1.029154 -14.424064
v 0.063388 -1.071058 -14.422641
v 0.240124 -1.029154 -14.424064
v 0.226655 -1.003961 -14.647930
v 0.063388 -1.071058 -14.422641
v 0.226655 -1.003961 -14.647930
v 0.060703 -1.043307 -14.646600
v 0.063388 -1.071058 -14.422641
v 0.060703 -1.043307 -14.646600
v -0.109292 -1.029476 -14.647066
v 0.060703 -1.043307 -14.646600
v -0.085132 -0.936883 -14.851103
v -0.109292 -1.029476 -14.647066
v -0.266691 -0.963820 -14.649295
v -0.109292 -1.029476 -14.647066
v -0.085132 -0.936883 -14.851103
v -0.266691 -0.963820 -14.649295
v -0.085132 -0.936883 -14.851103
v -0.212980 -0.883554 -14.852911
v -0.266691 -0.963820 -14.649295
v -0.212980 -0.883554 -14.852911
v -0.318081 -0.793351 -14.855968
v -0.266691 -0.963820 -14.649295
v -0.318081 -0.793351 -14.855968
v -0.396085 -0.852768 -14.653060
v -0.423086 -0.868135 -14.429523
v -0.266691 -0.963820 -14.649295
v -0.396085 -0.852768 -14.653060
v -0.423086 -0.868135 -14.429523
v -0.285283 -0.986405 -14.425510
v -0.266691 -0.963820 -14.649295
v -0.285283 -0.986405 -14.425510
v -0.109292 -1.029476 -14.647066
v -0.266691 -0.963820 -14.649295
v -0.285283 -0.986405 -14.425510
v -0.117655 -1.056327 -14.423139
v -0.109292 -1.029476 -14.647066
v 0.063388 -1.071058 -14.422641
v -0.109292 -1.029476 -14.647066
v -0.117655 -1.056327 -14.423139
v 0.226655 -1.003961 -14.647930
v 0.372318 -0.915287 -14.650936
v 0.306058 -0.844132 -14.854247
v 0.483435 -0.785966 -14.655326
v 0.306058 -0.844132 -14.854247
v 0.372318 -0.915287 -14.650936
v 0.483435 -0.785966 -14.655326
v 0.396313 -0.739091 -14.857812
v 0.306058 -0.844132 -14.854247
v 0.483435 -0.785966 -14.655326
v 0.449673 -0.611317 -14.862144
v 0.396313 -0.739091 -14.857812
v 0.483435 -0.785966 -14.655326
v 0.549128 -0.628658 -14.660662
v 0.449673 -0.611317 -14.862144
v 0.583554 -0.629462 -14.437619
v 0.549128 -0.628658 -14.660662
v 0.483435 -0.785966 -14.655326
v 0.583554 -0.629462 -14.437619
v 0.483435 -0.785966 -14.655326
v 0.513592 -0.796993 -14.431937
v 0.513592 -0.222479 2.508858
v 0.583554 -0.629462 -14.437619
v 0.513592 -0.796993 -14.431937
v 0.513592 -0.222479 2.508858
v 0.513592 -0.796993 -14.431937
v 0.395254 -0.934717 -14.427268
v 0.513592 -0.222479 2.508858
v 0.395254 -0.934717 -14.427268
v 0.395254 -0.360203 2.513529
v 0.395254 -0.360203 2.513529
v 0.395254 -0.934717 -14.427268
v 0.240124 -1.029154 -14.424064
v 0.395254 -0.360203 2.513529
v 0.240124 -1.029154 -14.424064
v 0.240124 -0.454639 2.516731
v 0.240124 -0.454639 2.516731
v 0.240124 -1.029154 -14.424064
v 0.063388 -1.071058 -14.422641
v 0.240124 -0.454639 2.516731
v 0.063388 -1.071058 -14.422641
v 0.063388 -0.496543 2.518154
v 0.063388 -0.496543 2.518154
v 0.063388 -1.071058 -14.422641
v -0.117655 -1.056327 -14.423139
v 0.063388 -0.496543 2.518154
v -0.117655 -1.056327 -14.423139
v -0.117655 -0.481813 2.517654
v -0.117655 -0.481813 2.517654
v -0.117655 -1.056327 -14.423139
v -0.285283 -0.986405 -14.425510
v -0.117655 -0.481813 2.517654
v -0.285283 -0.986405 -14.425510
v -0.285282 -0.411891 2.515282
v 0.513592 -0.222479 2.508858
v 0.583554 -0.054947 2.503178
v 0.583554 -0.629462 -14.437619
v -0.423086 -0.293621 2.511270
v -0.285282 -0.411891 2.515282
v -0.285283 -0.986405 -14.425510
v -0.423086 -0.293621 2.511270
v -0.285283 -0.986405 -14.425510
v -0.423086 -0.868135 -14.429523
v -0.423086 -0.293621 2.511270
v -0.423086 -0.868135 -14.429523
v -0.517577 -0.713094 -14.434780
v -0.517577 -0.713094 -14.434780
v -0.423086 -0.868135 -14.429523
v -0.396085 -0.852768 -14.653060
v -0.517577 -0.713094 -14.434780
v -0.396085 -0.852768 -14.653060
v -0.484810 -0.707187 -14.657998
v -0.484810 -0.707187 -14.657998
v -0.396085 -0.852768 -14.653060
v -0.318081 -0.793351 -14.855968
v -0.484810 -0.707187 -14.657998
v -0.318081 -0.793351 -14.855968
v -0.390148 -0.675103 -14.859981
v -0.484810 -0.707187 -14.657998
v -0.390148 -0.675103 -14.859981
v -0.422126 -0.540385 -14.864550
v -0.484810 -0.707187 -14.657998
v -0.422126 -0.540385 -14.864550
v -0.524180 -0.541331 -14.663620
v -0.510341 -0.371433 -14.669385
v -0.524180 -0.541331 -14.663620
v -0.422126 -0.540385 -14.864550
v -0.544767 -0.355521 -14.446909
v -0.524180 -0.541331 -14.663620
v -0.510341 -0.371433 -14.669385
v -0.544767 -0.355521 -14.446909
v -0.559505 -0.536460 -14.440771
v -0.524180 -0.541331 -14.663620
v -0.559505 0.038055 2.500022
v -0.559505 -0.536460 -14.440771
v -0.544767 -0.355521 -14.446909
v -0.517576 -0.138580 2.506011
v -0.559505 -0.536460 -14.440771
v -0.559505 0.038055 2.500022
v -0.517576 -0.138580 2.506011
v -0.517577 -0.713094 -14.434780
v -0.559505 -0.536460 -14.440771
v -0.423086 -0.293621 2.511270
v -0.517577 -0.713094 -14.434780
v -0.517576 -0.138580 2.506011
v -0.517577 -0.713094 -14.434780
v -0.484810 -0.707187 -14.657998
v -0.524180 -0.541331 -14.663620
v -0.517577 -0.713094 -14.434780
v -0.524180 -0.541331 -14.663620
v -0.559505 -0.536460 -14.440771
v -0.559505 0.038055 2.500022
v -0.544767 -0.355521 -14.446909
v -0.544766 0.218993 2.493887
v -0.510341 -0.371433 -14.669385
v -0.422126 -0.540385 -14.864550
v -0.410885 -0.402385 -14.869230
v 0.678445 -0.608528 -11.612103
v 0.656378 -0.646595 -11.643625
v 0.666031 -0.605532 -11.612206
v 0.690481 -0.558312 -11.602095
v 0.678445 -0.608528 -11.612103
v 0.666031 -0.605532 -11.612206
v 0.690481 -0.558312 -11.602095
v 0.666031 -0.605532 -11.612206
v 0.678068 -0.555316 -11.602198
v 0.690481 -0.558312 -11.602095
v 0.678068 -0.555316 -11.602198
v 0.690104 -0.505894 -11.615580
v 0.690481 -0.558312 -11.602095
v 0.690104 -0.505894 -11.615580
v 0.702518 -0.508890 -11.615484
v 0.702518 -0.508890 -11.615484
v 0.690104 -0.505894 -11.615580
v 0.699757 -0.467054 -11.649714
v 0.702518 -0.508890 -11.615484
v 0.699757 -0.467054 -11.649714
v 0.712170 -0.470050 -11.649612
v 0.712170 -0.470050 -11.649612
v 0.699757 -0.467054 -11.649714
v 0.705114 -0.446489 -11.697825
v 0.712170 -0.470050 -11.649612
v 0.705114 -0.446489 -11.697825
v 0.726873 -0.451739 -11.697647
v 0.726873 -0.453522 -11.750216
v 0.726873 -0.451739 -11.697647
v 0.705114 -0.446489 -11.697825
v 0.726873 -0.453522 -11.750216
v 0.705114 -0.446489 -11.697825
v 0.705114 -0.448272 -11.750395
v 0.726873 -0.453522 -11.750216
v 0.705114 -0.448272 -11.750395
v 0.699757 -0.472049 -11.797005
v 0.726873 -0.453522 -11.750216
v 0.699757 -0.472049 -11.797005
v 0.721516 -0.477301 -11.796827
v 0.721516 -0.477301 -11.796827
v 0.699757 -0.472049 -11.797005
v 0.690104 -0.513113 -11.828423
v 0.721516 -0.477301 -11.796827
v 0.690104 -0.513113 -11.828423
v 0.711864 -0.518363 -11.828247
v 0.699828 -0.568579 -11.838259
v 0.711864 -0.518363 -11.828247
v 0.690104 -0.513113 -11.828423
v 0.699828 -0.568579 -11.838259
v 0.690104 -0.513113 -11.828423
v 0.678068 -0.563328 -11.838438
v 0.699828 -0.568579 -11.838259
v 0.678068 -0.563328 -11.838438
v 0.666031 -0.612750 -11.825048
v 0.699828 -0.568579 -11.838259
v 0.666031 -0.612750 -11.825048
v 0.687791 -0.618002 -11.824869
v 0.687791 -0.618002 -11.824869
v 0.666031 -0.612750 -11.825048
v 0.656379 -0.651590 -11.790917
v 0.687791 -0.618002 -11.824869
v 0.656379 -0.651590 -11.790917
v 0.678138 -0.656841 -11.790739
v 0.678138 -0.656841 -11.790739
v 0.656379 -0.651590 -11.790917
v 0.651022 -0.672155 -11.742805
v 0.678138 -0.656841 -11.790739
v 0.651022 -0.672155 -11.742805
v 0.672781 -0.677407 -11.742626
v 0.672781 -0.677407 -11.742626
v 0.651022 -0.672155 -11.742805
v 0.651022 -0.670372 -11.690235
v 0.672781 -0.677407 -11.742626
v 0.651022 -0.670372 -11.690235
v 0.672781 -0.675624 -11.690056
v 0.678138 -0.651846 -11.643448
v 0.672781 -0.675624 -11.690056
v 0.651022 -0.670372 -11.690235
v 0.678138 -0.651846 -11.643448
v 0.651022 -0.670372 -11.690235
v 0.656378 -0.646595 -11.643625
v 0.678445 -0.608528 -11.612103
v 0.678138 -0.651846 -11.643448
v 0.656378 -0.646595 -11.643625
v 0.757235 -0.483491 -11.744133
v 0.762987 -0.507689 -11.738214
v 0.762987 -0.506595 -11.705962
v 0.757235 -0.483491 -11.744133
v 0.762987 -0.506595 -11.705962
v 0.757235 -0.482052 -11.701688
v 0.757235 -0.482052 -11.701688
v 0.762987 -0.506595 -11.705962
v 0.759700 -0.519210 -11.676441
v 0.757235 -0.482052 -11.701688
v 0.759700 -0.519210 -11.676441
v 0.752911 -0.498657 -11.662838
v 0.762987 -0.506595 -11.705962
v 0.762987 -0.507689 -11.738214
v 0.764040 -0.541650 -11.729511
v 0.762987 -0.507689 -11.738214
v 0.762290 -0.549420 -11.744740
v 0.764040 -0.541650 -11.729511
v 0.762987 -0.507689 -11.738214
v 0.759700 -0.522274 -11.766799
v 0.762290 -0.549420 -11.744740
v 0.752911 -0.502690 -11.781768
v 0.759700 -0.522274 -11.766799
v 0.762987 -0.507689 -11.738214
v 0.752911 -0.502690 -11.781768
v 0.762987 -0.507689 -11.738214
v 0.757235 -0.483491 -11.744133
v 0.752911 -0.502690 -11.781768
v 0.757235 -0.483491 -11.744133
v 0.744632 -0.466877 -11.747734
v 0.757235 -0.483491 -11.744133
v 0.744632 -0.465232 -11.699221
v 0.744632 -0.466877 -11.747734
v 0.757235 -0.483491 -11.744133
v 0.757235 -0.482052 -11.701688
v 0.744632 -0.465232 -11.699221
v 0.757235 -0.482052 -11.701688
v 0.739688 -0.484211 -11.654818
v 0.744632 -0.465232 -11.699221
v 0.757235 -0.482052 -11.701688
v 0.752911 -0.498657 -11.662838
v 0.739688 -0.484211 -11.654818
v 0.745117 -0.530017 -11.635283
v 0.739688 -0.484211 -11.654818
v 0.752911 -0.498657 -11.662838
v 0.745117 -0.530017 -11.635283
v 0.752911 -0.498657 -11.662838
v 0.759700 -0.519210 -11.676441
v 0.745117 -0.530017 -11.635283
v 0.759700 -0.519210 -11.676441
v 0.753779 -0.543036 -11.655504
v 0.735398 -0.569923 -11.624472
v 0.745117 -0.530017 -11.635283
v 0.753779 -0.543036 -11.655504
v 0.735398 -0.569923 -11.624472
v 0.730781 -0.520055 -11.623318
v 0.745117 -0.530017 -11.635283
v 0.735398 -0.569923 -11.624472
v 0.719673 -0.565666 -11.610962
v 0.730781 -0.520055 -11.623318
v 0.745117 -0.530017 -11.635283
v 0.730781 -0.520055 -11.623318
v 0.739688 -0.484211 -11.654818
v 0.752911 -0.502690 -11.781768
v 0.744632 -0.466877 -11.747734
v 0.739688 -0.488821 -11.790752
v 0.745117 -0.535846 -11.807144
v 0.739688 -0.488821 -11.790752
v 0.730781 -0.526717 -11.819750
v 0.745117 -0.535846 -11.807144
v 0.752911 -0.502690 -11.781768
v 0.739688 -0.488821 -11.790752
v 0.752911 -0.502690 -11.781768
v 0.745117 -0.535846 -11.807144
v 0.753779 -0.547464 -11.786077
v 0.752911 -0.502690 -11.781768
v 0.753779 -0.547464 -11.786077
v 0.759700 -0.522274 -11.766799
v 0.759700 -0.522274 -11.766799
v 0.753779 -0.547464 -11.786077
v 0.759136 -0.562837 -11.755011
v 0.759700 -0.522274 -11.766799
v 0.759136 -0.562837 -11.755011
v 0.762290 -0.549420 -11.744740
v 0.759136 -0.562837 -11.755011
v 0.755203 -0.577937 -11.719685
v 0.762290 -0.549420 -11.744740
v 0.762290 -0.549420 -11.744740
v 0.755203 -0.577937 -11.719685
v 0.764040 -0.541650 -11.729511
v 0.764040 -0.541650 -11.729511
v 0.755203 -0.577937 -11.719685
v 0.764040 -0.541068 -11.712336
v 0.762987 -0.506595 -11.705962
v 0.764040 -0.541650 -11.729511
v 0.764040 -0.541068 -11.712336
v 0.762987 -0.506595 -11.705962
v 0.764040 -0.541068 -11.712336
v 0.762290 -0.547788 -11.696613
v 0.762987 -0.506595 -11.705962
v 0.762290 -0.547788 -11.696613
v 0.759700 -0.519210 -11.676441
v 0.759700 -0.519210 -11.676441
v 0.762290 -0.547788 -11.696613
v 0.759136 -0.560478 -11.685459
v 0.759700 -0.519210 -11.676441
v 0.759136 -0.560478 -11.685459
v 0.753779 -0.543036 -11.655504
v 0.746396 -0.573354 -11.647293
v 0.753779 -0.543036 -11.655504
v 0.759136 -0.560478 -11.685459
v 0.735398 -0.569923 -11.624472
v 0.753779 -0.543036 -11.655504
v 0.746396 -0.573354 -11.647293
v 0.735398 -0.569923 -11.624472
v 0.746396 -0.573354 -11.647293
v 0.739013 -0.604159 -11.653434
v 0.735398 -0.569923 -11.624472
v 0.739013 -0.604159 -11.653434
v 0.725679 -0.610469 -11.632553
v 0.748115 -0.606454 -11.694626
v 0.755203 -0.577937 -11.719685
v 0.746365 -0.614224 -11.709852
v 0.751269 -0.593036 -11.684357
v 0.755203 -0.577937 -11.719685
v 0.748115 -0.606454 -11.694626
v 0.755203 -0.576628 -11.681088
v 0.755203 -0.577937 -11.719685
v 0.751269 -0.593036 -11.684357
v 0.759136 -0.560478 -11.685459
v 0.755203 -0.577937 -11.719685
v 0.755203 -0.576628 -11.681088
v 0.762290 -0.547788 -11.696613
v 0.755203 -0.577937 -11.719685
v 0.759136 -0.560478 -11.685459
v 0.764040 -0.541068 -11.712336
v 0.755203 -0.577937 -11.719685
v 0.762290 -0.547788 -11.696613
v 0.746396 -0.573354 -11.647293
v 0.759136 -0.560478 -11.685459
v 0.755203 -0.576628 -11.681088
v 0.746396 -0.573354 -11.647293
v 0.755203 -0.576628 -11.681088
v 0.751269 -0.593036 -11.684357
v 0.746396 -0.573354 -11.647293
v 0.751269 -0.593036 -11.684357
v 0.739013 -0.604159 -11.653434
v 0.733091 -0.629348 -11.672709
v 0.739013 -0.604159 -11.653434
v 0.751269 -0.593036 -11.684357
v 0.733091 -0.629348 -11.672709
v 0.751269 -0.593036 -11.684357
v 0.748115 -0.606454 -11.694626
v 0.729805 -0.643935 -11.701300
v 0.733091 -0.629348 -11.672709
v 0.748115 -0.606454 -11.694626
v 0.729805 -0.643935 -11.701300
v 0.748115 -0.606454 -11.694626
v 0.746365 -0.614224 -11.709852
v 0.729805 -0.643935 -11.701300
v 0.746365 -0.614224 -11.709852
v 0.746365 -0.614806 -11.727030
v 0.746365 -0.614224 -11.709852
v 0.755203 -0.577937 -11.719685
v 0.746365 -0.614806 -11.727030
v 0.746365 -0.614806 -11.727030
v 0.755203 -0.577937 -11.719685
v 0.748115 -0.608086 -11.742754
v 0.748115 -0.608086 -11.742754
v 0.755203 -0.577937 -11.719685
v 0.751269 -0.595395 -11.753907
v 0.739013 -0.608586 -11.784004
v 0.748115 -0.608086 -11.742754
v 0.751269 -0.595395 -11.753907
v 0.739013 -0.608586 -11.784004
v 0.733091 -0.632413 -11.763067
v 0.748115 -0.608086 -11.742754
v 0.717885 -0.647657 -11.776852
v 0.733091 -0.632413 -11.763067
v 0.739013 -0.608586 -11.784004
v 0.717885 -0.647657 -11.776852
v 0.729805 -0.645028 -11.733553
v 0.733091 -0.632413 -11.763067
v 0.717885 -0.647657 -11.776852
v 0.713560 -0.664263 -11.738001
v 0.729805 -0.645028 -11.733553
v 0.713560 -0.664263 -11.738001
v 0.729805 -0.643935 -11.701300
v 0.729805 -0.645028 -11.733553
v 0.729805 -0.643935 -11.701300
v 0.746365 -0.614806 -11.727030
v 0.729805 -0.645028 -11.733553
v 0.729805 -0.645028 -11.733553
v 0.746365 -0.614806 -11.727030
v 0.748115 -0.608086 -11.742754
v 0.729805 -0.645028 -11.733553
v 0.748115 -0.608086 -11.742754
v 0.733091 -0.632413 -11.763067
v 0.717885 -0.647657 -11.776852
v 0.739013 -0.608586 -11.784004
v 0.725679 -0.616297 -11.804415
v 0.717885 -0.647657 -11.776852
v 0.725679 -0.616297 -11.804415
v 0.708564 -0.618669 -11.816629
v 0.717885 -0.647657 -11.776852
v 0.708564 -0.618669 -11.816629
v 0.699656 -0.654514 -11.785132
v 0.717885 -0.647657 -11.776852
v 0.699656 -0.654514 -11.785132
v 0.694713 -0.673493 -11.740728
v 0.717885 -0.647657 -11.776852
v 0.694713 -0.673493 -11.740728
v 0.713560 -0.664263 -11.738001
v 0.725679 -0.610469 -11.632553
v 0.739013 -0.604159 -11.653434
v 0.733091 -0.629348 -11.672709
v 0.725679 -0.610469 -11.632553
v 0.733091 -0.629348 -11.672709
v 0.717885 -0.643624 -11.657921
v 0.717885 -0.643624 -11.657921
v 0.733091 -0.629348 -11.672709
v 0.729805 -0.643935 -11.701300
v 0.717885 -0.643624 -11.657921
v 0.729805 -0.643935 -11.701300
v 0.713560 -0.662823 -11.695557
v 0.713560 -0.664263 -11.738001
v 0.713560 -0.662823 -11.695557
v 0.729805 -0.643935 -11.701300
v 0.713560 -0.664263 -11.738001
v 0.694713 -0.671848 -11.692212
v 0.713560 -0.662823 -11.695557
v 0.713560 -0.664263 -11.738001
v 0.694713 -0.673493 -11.740728
v 0.694713 -0.671848 -11.692212
v 0.694713 -0.673493 -11.740728
v 0.672781 -0.675624 -11.690056
v 0.694713 -0.671848 -11.692212
v 0.694713 -0.673493 -11.740728
v 0.672781 -0.677407 -11.742626
v 0.672781 -0.675624 -11.690056
v 0.694713 -0.673493 -11.740728
v 0.678138 -0.656841 -11.790739
v 0.672781 -0.677407 -11.742626
v 0.694713 -0.673493 -11.740728
v 0.699656 -0.654514 -11.785132
v 0.678138 -0.656841 -11.790739
v 0.699656 -0.654514 -11.785132
v 0.687791 -0.618002 -11.824869
v 0.678138 -0.656841 -11.790739
v 0.699656 -0.654514 -11.785132
v 0.708564 -0.618669 -11.816629
v 0.687791 -0.618002 -11.824869
v 0.719673 -0.573060 -11.828985
v 0.687791 -0.618002 -11.824869
v 0.708564 -0.618669 -11.816629
v 0.725679 -0.616297 -11.804415
v 0.719673 -0.573060 -11.828985
v 0.708564 -0.618669 -11.816629
v 0.725679 -0.616297 -11.804415
v 0.735398 -0.576392 -11.815222
v 0.719673 -0.573060 -11.828985
v 0.735398 -0.576392 -11.815222
v 0.725679 -0.616297 -11.804415
v 0.739013 -0.608586 -11.784004
v 0.735398 -0.576392 -11.815222
v 0.739013 -0.608586 -11.784004
v 0.746396 -0.578269 -11.792212
v 0.719673 -0.573060 -11.828985
v 0.699828 -0.568579 -11.838259
v 0.687791 -0.618002 -11.824869
v 0.746396 -0.578269 -11.792212
v 0.739013 -0.608586 -11.784004
v 0.751269 -0.595395 -11.753907
v 0.746396 -0.578269 -11.792212
v 0.751269 -0.595395 -11.753907
v 0.755203 -0.579246 -11.758282
v 0.751269 -0.595395 -11.753907
v 0.755203 -0.577937 -11.719685
v 0.755203 -0.579246 -11.758282
v 0.755203 -0.579246 -11.758282
v 0.755203 -0.577937 -11.719685
v 0.759136 -0.562837 -11.755011
v 0.746396 -0.578269 -11.792212
v 0.755203 -0.579246 -11.758282
v 0.759136 -0.562837 -11.755011
v 0.746396 -0.578269 -11.792212
v 0.759136 -0.562837 -11.755011
v 0.753779 -0.547464 -11.786077
v 0.735398 -0.576392 -11.815222
v 0.746396 -0.578269 -11.792212
v 0.753779 -0.547464 -11.786077
v 0.735398 -0.576392 -11.815222
v 0.753779 -0.547464 -11.786077
v 0.745117 -0.535846 -11.807144
v 0.745117 -0.535846 -11.807144
v 0.719673 -0.573060 -11.828985
v 0.735398 -0.576392 -11.815222
v 0.745117 -0.535846 -11.807144
v 0.730781 -0.526717 -11.819750
v 0.719673 -0.573060 -11.828985
v 0.730781 -0.526717 -11.819750
v 0.699828 -0.568579 -11.838259
v 0.719673 -0.573060 -11.828985
v 0.730781 -0.526717 -11.819750
v 0.711864 -0.518363 -11.828247
v 0.699828 -0.568579 -11.838259
v 0.739688 -0.488821 -11.790752
v 0.711864 -0.518363 -11.828247
v 0.730781 -0.526717 -11.819750
v 0.739688 -0.488821 -11.790752
v 0.721516 -0.477301 -11.796827
v 0.711864 -0.518363 -11.828247
v 0.744632 -0.466877 -11.747734
v 0.721516 -0.477301 -11.796827
v 0.739688 -0.488821 -11.790752
v 0.744632 -0.466877 -11.747734
v 0.726873 -0.453522 -11.750216
v 0.721516 -0.477301 -11.796827
v 0.744632 -0.465232 -11.699221
v 0.726873 -0.453522 -11.750216
v 0.744632 -0.466877 -11.747734
v 0.744632 -0.465232 -11.699221
v 0.726873 -0.451739 -11.697647
v 0.726873 -0.453522 -11.750216
v 0.739688 -0.484211 -11.654818
v 0.726873 -0.451739 -11.697647
v 0.744632 -0.465232 -11.699221
v 0.739688 -0.484211 -11.654818
v 0.712170 -0.470050 -11.649612
v 0.726873 -0.451739 -11.697647
v 0.739688 -0.484211 -11.654818
v 0.702518 -0.508890 -11.615484
v 0.712170 -0.470050 -11.649612
v 0.739688 -0.484211 -11.654818
v 0.730781 -0.520055 -11.623318
v 0.702518 -0.508890 -11.615484
v 0.730781 -0.520055 -11.623318
v 0.690481 -0.558312 -11.602095
v 0.702518 -0.508890 -11.615484
v 0.730781 -0.520055 -11.623318
v 0.719673 -0.565666 -11.610962
v 0.690481 -0.558312 -11.602095
v 0.708564 -0.612008 -11.620197
v 0.690481 -0.558312 -11.602095
v 0.719673 -0.565666 -11.610962
v 0.735398 -0.569923 -11.624472
v 0.708564 -0.612008 -11.620197
v 0.719673 -0.565666 -11.610962
v 0.735398 -0.569923 -11.624472
v 0.725679 -0.610469 -11.632553
v 0.708564 -0.612008 -11.620197
v 0.725679 -0.610469 -11.632553
v 0.699656 -0.649904 -11.649199
v 0.708564 -0.612008 -11.620197
v 0.725679 -0.610469 -11.632553
v 0.717885 -0.643624 -11.657921
v 0.699656 -0.649904 -11.649199
v 0.713560 -0.662823 -11.695557
v 0.699656 -0.649904 -11.649199
v 0.717885 -0.643624 -11.657921
v 0.713560 -0.662823 -11.695557
v 0.694713 -0.671848 -11.692212
v 0.699656 -0.649904 -11.649199
v 0.694713 -0.671848 -11.692212
v 0.678138 -0.651846 -11.643448
v 0.699656 -0.649904 -11.649199
v 0.694713 -0.671848 -11.692212
v 0.672781 -0.675624 -11.690056
v 0.678138 -0.651846 -11.643448
v 0.708564 -0.612008 -11.620197
v 0.699656 -0.649904 -11.649199
v 0.678138 -0.651846 -11.643448
v 0.708564 -0.612008 -11.620197
v 0.678138 -0.651846 -11.643448
v 0.678445 -0.608528 -11.612103
v 0.708564 -0.612008 -11.620197
v 0.678445 -0.608528 -11.612103
v 0.690481 -0.558312 -11.602095
v 0.396313 -0.739091 -14.857812
v 0.449673 -0.611317 -14.862144
v 0.306315 -0.580374 -14.977213
v 0.396313 -0.739091 -14.857812
v 0.306315 -0.580374 -14.977213
v 0.270734 -0.665577 -14.974324
v 0.306058 -0.844132 -14.854247
v 0.396313 -0.739091 -14.857812
v 0.270734 -0.665577 -14.974324
v 0.306058 -0.844132 -14.854247
v 0.270734 -0.665577 -14.974324
v 0.210549 -0.735622 -14.971952
v 0.306058 -0.844132 -14.854247
v 0.210549 -0.735622 -14.971952
v 0.131653 -0.783650 -14.970322
v 0.306058 -0.844132 -14.854247
v 0.131653 -0.783650 -14.970322
v 0.187742 -0.916158 -14.851807
v 0.052947 -0.948118 -14.850722
v 0.187742 -0.916158 -14.851807
v 0.131653 -0.783650 -14.970322
v 0.052947 -0.948118 -14.850722
v 0.131653 -0.783650 -14.970322
v 0.041768 -0.804962 -14.969601
v 0.052947 -0.948118 -14.850722
v 0.041768 -0.804962 -14.969601
v -0.050307 -0.797470 -14.969849
v 0.052947 -0.948118 -14.850722
v -0.050307 -0.797470 -14.969849
v -0.085132 -0.936883 -14.851103
v -0.212980 -0.883554 -14.852911
v -0.085132 -0.936883 -14.851103
v -0.050307 -0.797470 -14.969849
v -0.212980 -0.883554 -14.852911
v -0.050307 -0.797470 -14.969849
v -0.135559 -0.761909 -14.971060
v -0.212980 -0.883554 -14.852911
v -0.135559 -0.761909 -14.971060
v -0.205644 -0.701759 -14.973100
v -0.212980 -0.883554 -14.852911
v -0.205644 -0.701759 -14.973100
v -0.318081 -0.793351 -14.855968
v -0.318081 -0.793351 -14.855968
v -0.205644 -0.701759 -14.973100
v -0.253700 -0.622908 -14.975771
v -0.318081 -0.793351 -14.855968
v -0.253700 -0.622908 -14.975771
v -0.390148 -0.675103 -14.859981
v -0.422126 -0.540385 -14.864550
v -0.390148 -0.675103 -14.859981
v -0.253700 -0.622908 -14.975771
v -0.422126 -0.540385 -14.864550
v -0.253700 -0.622908 -14.975771
v -0.275023 -0.533075 -14.978820
v -0.422126 -0.540385 -14.864550
v -0.275023 -0.533075 -14.978820
v -0.267528 -0.441053 -14.981939
v -0.422126 -0.540385 -14.864550
v -0.267528 -0.441053 -14.981939
v -0.410885 -0.402385 -14.869230
v -0.215865 0.107170 21.017759
v -0.278095 0.142528 20.961292
v -0.210788 0.128059 21.017054
v -0.131934 0.087461 21.038153
v -0.215865 0.107170 21.017759
v -0.210788 0.128059 21.017054
v -0.131934 0.087461 21.038153
v -0.210788 0.128059 21.017054
v -0.126856 0.108350 21.037447
v -0.131934 0.087461 21.038153
v -0.126856 0.108350 21.037447
v -0.042925 0.087304 21.018435
v -0.131934 0.087461 21.038153
v -0.042925 0.087304 21.018435
v -0.048002 0.066415 21.019142
v -0.048002 0.066415 21.019142
v -0.042925 0.087304 21.018435
v 0.024383 0.069091 20.963785
v -0.048002 0.066415 21.019142
v 0.024383 0.069091 20.963785
v 0.019305 0.048201 20.964491
v 0.019305 0.048201 20.964491
v 0.024383 0.069091 20.963785
v 0.061736 0.057317 20.884317
v 0.019305 0.048201 20.964491
v 0.061736 0.057317 20.884317
v 0.052836 0.020699 20.885559
v 0.052836 0.017696 20.797018
v 0.052836 0.020699 20.885559
v 0.061736 0.057317 20.884317
v 0.052836 0.017696 20.797018
v 0.061736 0.057317 20.884317
v 0.061736 0.054314 20.795774
v 0.052836 0.017696 20.797018
v 0.061736 0.054314 20.795774
v 0.024383 0.060677 20.715693
v 0.052836 0.017696 20.797018
v 0.024383 0.060677 20.715693
v 0.015482 0.024060 20.716932
v 0.015482 0.024060 20.716932
v 0.024383 0.060677 20.715693
v -0.042925 0.075146 20.659931
v 0.015482 0.024060 20.716932
v -0.042925 0.075146 20.659931
v -0.051825 0.038529 20.661175
v -0.135757 0.058238 20.640781
v -0.051825 0.038529 20.661175
v -0.042925 0.075146 20.659931
v -0.135757 0.058238 20.640781
v -0.042925 0.075146 20.659931
v -0.126856 0.094856 20.639536
v -0.135757 0.058238 20.640781
v -0.126856 0.094856 20.639536
v -0.210788 0.115901 20.658550
v -0.135757 0.058238 20.640781
v -0.210788 0.115901 20.658550
v -0.219688 0.079284 20.659792
v -0.286996 0.097497 20.714443
v -0.219688 0.079284 20.659792
v -0.210788 0.115901 20.658550
v -0.286996 0.097497 20.714443
v -0.210788 0.115901 20.658550
v -0.278095 0.134115 20.713202
v -0.324349 0.109271 20.793911
v -0.286996 0.097497 20.714443
v -0.278095 0.134115 20.713202
v -0.324349 0.109271 20.793911
v -0.278095 0.134115 20.713202
v -0.315448 0.145889 20.792669
v -0.324349 0.112274 20.882454
v -0.324349 0.109271 20.793911
v -0.315448 0.145889 20.792669
v -0.324349 0.112274 20.882454
v -0.315448 0.145889 20.792669
v -0.315448 0.148892 20.881212
v -0.286996 0.105911 20.962534
v -0.324349 0.112274 20.882454
v -0.315448 0.148892 20.881212
v -0.286996 0.105911 20.962534
v -0.315448 0.148892 20.881212
v -0.278095 0.142528 20.961292
v -0.215865 0.107170 21.017759
v -0.286996 0.105911 20.962534
v -0.278095 0.142528 20.961292
v -0.218075 0.016673 20.696470
v -0.150306 -0.000320 20.681122
v -0.143874 0.025364 20.657259
v -0.218075 0.016673 20.696470
v -0.143874 0.025364 20.657259
v -0.221332 0.044786 20.674805
v -0.150306 -0.000320 20.681122
v -0.103317 -0.029609 20.732853
v -0.082537 -0.016234 20.697590
v -0.150306 -0.000320 20.681122
v -0.082537 -0.016234 20.697590
v -0.066416 0.007175 20.676081
v -0.150306 -0.000320 20.681122
v -0.066416 0.007175 20.676081
v -0.143874 0.025364 20.657259
v -0.143874 0.025364 20.657259
v -0.066416 0.007175 20.676081
v -0.051825 0.038529 20.661175
v -0.143874 0.025364 20.657259
v -0.051825 0.038529 20.661175
v -0.135757 0.058238 20.640781
v -0.143874 0.025364 20.657259
v -0.135757 0.058238 20.640781
v -0.219688 0.079284 20.659792
v -0.143874 0.025364 20.657259
v -0.219688 0.079284 20.659792
v -0.221332 0.044786 20.674805
v -0.221332 0.044786 20.674805
v -0.219688 0.079284 20.659792
v -0.286996 0.097497 20.714443
v -0.066416 0.007175 20.676081
v 0.015482 0.024060 20.716932
v -0.051825 0.038529 20.661175
v -0.150306 -0.000320 20.681122
v -0.206292 -0.004608 20.732008
v -0.154805 -0.017519 20.720345
v -0.150306 -0.000320 20.681122
v -0.218075 0.016673 20.696470
v -0.206292 -0.004608 20.732008
v -0.272422 0.031379 20.740601
v -0.206292 -0.004608 20.732008
v -0.218075 0.016673 20.696470
v -0.272422 0.031379 20.740601
v -0.218075 0.016673 20.696470
v -0.221332 0.044786 20.674805
v -0.272422 0.031379 20.740601
v -0.221332 0.044786 20.674805
v -0.283448 0.061595 20.725239
v -0.221332 0.044786 20.674805
v -0.286996 0.097497 20.714443
v -0.283448 0.061595 20.725239
v -0.283448 0.061595 20.725239
v -0.286996 0.097497 20.714443
v -0.324349 0.109271 20.793911
v -0.066416 0.018395 21.006931
v -0.143874 0.037817 21.024477
v -0.131934 0.087461 21.038153
v -0.066416 0.018395 21.006931
v -0.131934 0.087461 21.038153
v -0.048002 0.066415 21.019142
v -0.004299 0.001586 20.956493
v -0.066416 0.018395 21.006931
v -0.048002 0.066415 21.019142
v -0.004299 0.001586 20.956493
v -0.048002 0.066415 21.019142
v 0.019305 0.048201 20.964491
v -0.004299 0.001586 20.956493
v 0.019305 0.048201 20.964491
v 0.052836 0.020699 20.885559
v -0.004299 0.001586 20.956493
v 0.052836 0.020699 20.885559
v 0.030173 -0.009280 20.883158
v 0.030173 -0.009280 20.883158
v 0.052836 0.020699 20.885559
v 0.052836 0.017696 20.797018
v 0.030173 -0.009280 20.883158
v 0.052836 0.017696 20.797018
v 0.030173 -0.012051 20.801441
v 0.030173 -0.012051 20.801441
v 0.052836 0.017696 20.797018
v 0.015482 0.024060 20.716932
v 0.030173 -0.012051 20.801441
v 0.015482 0.024060 20.716932
v -0.004299 -0.006179 20.727537
v -0.066416 0.007175 20.676081
v -0.004299 -0.006179 20.727537
v 0.015482 0.024060 20.716932
v -0.028190 -0.027917 20.742611
v -0.004299 -0.006179 20.727537
v -0.066416 0.007175 20.676081
v -0.028190 -0.027917 20.742611
v -0.066416 0.007175 20.676081
v -0.082537 -0.016234 20.697590
v -0.082537 -0.016234 20.697590
v -0.062028 -0.038485 20.767061
v -0.028190 -0.027917 20.742611
v -0.082537 -0.016234 20.697590
v -0.103317 -0.029609 20.732853
v -0.062028 -0.038485 20.767061
v -0.062028 -0.038485 20.767061
v -0.103317 -0.029609 20.732853
v -0.130981 -0.036844 20.784548
v -0.154805 -0.017519 20.720345
v -0.130981 -0.036844 20.784548
v -0.103317 -0.029609 20.732853
v -0.150306 -0.000320 20.681122
v -0.154805 -0.017519 20.720345
v -0.103317 -0.029609 20.732853
v -0.062028 -0.038485 20.767061
v -0.130981 -0.036844 20.784548
v -0.108988 -0.041572 20.802769
v -0.039114 -0.042389 20.816187
v -0.062028 -0.038485 20.767061
v -0.108988 -0.041572 20.802769
v -0.028190 -0.021124 20.942930
v -0.066416 0.018395 21.006931
v -0.004299 0.001586 20.956493
v 0.001970 -0.030631 20.878763
v -0.028190 -0.021124 20.942930
v -0.004299 0.001586 20.956493
v 0.001970 -0.030631 20.878763
v -0.004299 0.001586 20.956493
v 0.030173 -0.009280 20.883158
v 0.001970 -0.030631 20.878763
v 0.030173 -0.009280 20.883158
v 0.030173 -0.012051 20.801441
v 0.001970 -0.030631 20.878763
v 0.030173 -0.012051 20.801441
v 0.001970 -0.033055 20.807272
v -0.150306 0.010575 21.002409
v -0.143874 0.037817 21.024477
v -0.066416 0.018395 21.006931
v -0.150306 0.010575 21.002409
v -0.066416 0.018395 21.006931
v -0.082537 -0.006418 20.987057
v -0.028190 -0.021124 20.942930
v -0.082537 -0.006418 20.987057
v -0.066416 0.018395 21.006931
v -0.082537 -0.006418 20.987057
v -0.028190 -0.021124 20.942930
v -0.062028 -0.033324 20.919252
v -0.028190 -0.021124 20.942930
v -0.039114 -0.040547 20.870504
v -0.062028 -0.033324 20.919252
v -0.028190 -0.021124 20.942930
v 0.001970 -0.030631 20.878763
v -0.039114 -0.040547 20.870504
v 0.001970 -0.030631 20.878763
v -0.039114 -0.042389 20.816187
v -0.039114 -0.040547 20.870504
v 0.001970 -0.030631 20.878763
v 0.001970 -0.033055 20.807272
v -0.039114 -0.042389 20.816187
v 0.001970 -0.033055 20.807272
v -0.062028 -0.038485 20.767061
v -0.039114 -0.042389 20.816187
v 0.001970 -0.033055 20.807272
v -0.028190 -0.027917 20.742611
v -0.062028 -0.038485 20.767061
v -0.028190 -0.027917 20.742611
v 0.001970 -0.033055 20.807272
v 0.030173 -0.012051 20.801441
v -0.028190 -0.027917 20.742611
v 0.030173 -0.012051 20.801441
v -0.004299 -0.006179 20.727537
v -0.154805 -0.017519 20.720345
v -0.185832 -0.023527 20.784094
v -0.158407 -0.030404 20.777884
v -0.154805 -0.017519 20.720345
v -0.158407 -0.030404 20.777884
v -0.130981 -0.036844 20.784548
v -0.158407 -0.030404 20.777884
v -0.158407 -0.028199 20.842896
v -0.130981 -0.036844 20.784548
v -0.130981 -0.036844 20.784548
v -0.158407 -0.028199 20.842896
v -0.108988 -0.041572 20.802769
v -0.108988 -0.041572 20.802769
v -0.158407 -0.028199 20.842896
v -0.096782 -0.043652 20.828938
v -0.039114 -0.042389 20.816187
v -0.108988 -0.041572 20.802769
v -0.096782 -0.043652 20.828938
v -0.039114 -0.042389 20.816187
v -0.096782 -0.043652 20.828938
v -0.096782 -0.042670 20.857866
v -0.039114 -0.042389 20.816187
v -0.096782 -0.042670 20.857866
v -0.039114 -0.040547 20.870504
v -0.039114 -0.040547 20.870504
v -0.096782 -0.042670 20.857866
v -0.108988 -0.038823 20.883835
v -0.039114 -0.040547 20.870504
v -0.108988 -0.038823 20.883835
v -0.062028 -0.033324 20.919252
v -0.103317 -0.022151 20.952776
v -0.062028 -0.033324 20.919252
v -0.108988 -0.038823 20.883835
v -0.082537 -0.006418 20.987057
v -0.062028 -0.033324 20.919252
v -0.103317 -0.022151 20.952776
v -0.082537 -0.006418 20.987057
v -0.103317 -0.022151 20.952776
v -0.154805 -0.009241 20.964439
v -0.082537 -0.006418 20.987057
v -0.154805 -0.009241 20.964439
v -0.150306 0.010575 21.002409
v -0.218075 0.026489 20.985941
v -0.150306 0.010575 21.002409
v -0.154805 -0.009241 20.964439
v -0.150306 0.010575 21.002409
v -0.218075 0.026489 20.985941
v -0.221332 0.056006 21.005655
v -0.150306 0.010575 21.002409
v -0.221332 0.056006 21.005655
v -0.143874 0.037817 21.024477
v -0.221332 0.056006 21.005655
v -0.131934 0.087461 21.038153
v -0.143874 0.037817 21.024477
v -0.207826 -0.017576 20.801954
v -0.158407 -0.028199 20.842896
v -0.185832 -0.023527 20.784094
v -0.185832 -0.023527 20.784094
v -0.158407 -0.028199 20.842896
v -0.158407 -0.030404 20.777884
v -0.247581 0.006565 20.765533
v -0.207826 -0.017576 20.801954
v -0.185832 -0.023527 20.784094
v -0.096782 -0.043652 20.828938
v -0.158407 -0.028199 20.842896
v -0.096782 -0.042670 20.857866
v -0.096782 -0.042670 20.857866
v -0.158407 -0.028199 20.842896
v -0.108988 -0.038823 20.883835
v -0.108988 -0.038823 20.883835
v -0.158407 -0.028199 20.842896
v -0.130981 -0.032872 20.901691
v -0.103317 -0.022151 20.952776
v -0.108988 -0.038823 20.883835
v -0.130981 -0.032872 20.901691
v -0.103317 -0.022151 20.952776
v -0.130981 -0.032872 20.901691
v -0.158407 -0.025995 20.907906
v -0.103317 -0.022151 20.952776
v -0.158407 -0.025995 20.907906
v -0.154805 -0.009241 20.964439
v -0.206292 0.002850 20.951927
v -0.154805 -0.009241 20.964439
v -0.158407 -0.025995 20.907906
v -0.218075 0.026489 20.985941
v -0.154805 -0.009241 20.964439
v -0.206292 0.002850 20.951927
v -0.130981 -0.032872 20.901691
v -0.158407 -0.028199 20.842896
v -0.158407 -0.025995 20.907906
v -0.158407 -0.025995 20.907906
v -0.158407 -0.028199 20.842896
v -0.185832 -0.019555 20.901241
v -0.206292 0.002850 20.951927
v -0.158407 -0.025995 20.907906
v -0.185832 -0.019555 20.901241
v -0.185832 -0.019555 20.901241
v -0.158407 -0.028199 20.842896
v -0.207826 -0.014827 20.883020
v -0.221332 0.056006 21.005655
v -0.286996 0.105911 20.962534
v -0.215865 0.107170 21.017759
v -0.221332 0.056006 21.005655
v -0.215865 0.107170 21.017759
v -0.131934 0.087461 21.038153
v -0.206292 0.002850 20.951927
v -0.185832 -0.019555 20.901241
v -0.207826 -0.014827 20.883020
v -0.206292 0.002850 20.951927
v -0.207826 -0.014827 20.883020
v -0.247581 0.011726 20.917725
v -0.218075 0.026489 20.985941
v -0.206292 0.002850 20.951927
v -0.247581 0.011726 20.917725
v -0.218075 0.026489 20.985941
v -0.247581 0.011726 20.917725
v -0.272422 0.038172 20.940920
v -0.272422 0.038172 20.940920
v -0.221332 0.056006 21.005655
v -0.218075 0.026489 20.985941
v -0.272422 0.038172 20.940920
v -0.283448 0.069360 20.954197
v -0.221332 0.056006 21.005655
v -0.221332 0.056006 21.005655
v -0.283448 0.069360 20.954197
v -0.286996 0.105911 20.962534
v -0.317920 0.075232 20.880291
v -0.286996 0.105911 20.962534
v -0.283448 0.069360 20.954197
v -0.317920 0.075232 20.880291
v -0.324349 0.112274 20.882454
v -0.286996 0.105911 20.962534
v -0.317920 0.075232 20.880291
v -0.324349 0.109271 20.793911
v -0.324349 0.112274 20.882454
v -0.317920 0.075232 20.880291
v -0.317921 0.072461 20.798578
v -0.324349 0.109271 20.793911
v -0.283448 0.061595 20.725239
v -0.324349 0.109271 20.793911
v -0.317921 0.072461 20.798578
v -0.302582 0.040886 20.804762
v -0.283448 0.061595 20.725239
v -0.317921 0.072461 20.798578
v -0.302582 0.040886 20.804762
v -0.272422 0.031379 20.740601
v -0.283448 0.061595 20.725239
v -0.302582 0.040886 20.804762
v -0.247581 0.006565 20.765533
v -0.272422 0.031379 20.740601
v -0.272422 0.031379 20.740601
v -0.247581 0.006565 20.765533
v -0.206292 -0.004608 20.732008
v -0.247581 0.006565 20.765533
v -0.185832 -0.023527 20.784094
v -0.206292 -0.004608 20.732008
v -0.154805 -0.017519 20.720345
v -0.206292 -0.004608 20.732008
v -0.185832 -0.023527 20.784094
v -0.302582 0.043310 20.876257
v -0.283448 0.069360 20.954197
v -0.272422 0.038172 20.940920
v -0.272422 0.038172 20.940920
v -0.270495 0.015629 20.868599
v -0.302582 0.043310 20.876257
v -0.272422 0.038172 20.940920
v -0.247581 0.011726 20.917725
v -0.270495 0.015629 20.868599
v -0.270495 0.015629 20.868599
v -0.247581 0.011726 20.917725
v -0.207826 -0.014827 20.883020
v -0.270495 0.015629 20.868599
v -0.207826 -0.014827 20.883020
v -0.220031 -0.012747 20.856853
v -0.207826 -0.014827 20.883020
v -0.158407 -0.028199 20.842896
v -0.220031 -0.012747 20.856853
v -0.220031 -0.012747 20.856853
v -0.158407 -0.028199 20.842896
v -0.220031 -0.013728 20.827923
v -0.220031 -0.013728 20.827923
v -0.158407 -0.028199 20.842896
v -0.207826 -0.017576 20.801954
v -0.270495 0.013787 20.814281
v -0.220031 -0.013728 20.827923
v -0.207826 -0.017576 20.801954
v -0.270495 0.013787 20.814281
v -0.207826 -0.017576 20.801954
v -0.247581 0.006565 20.765533
v -0.302582 0.040886 20.804762
v -0.270495 0.013787 20.814281
v -0.247581 0.006565 20.765533
v -0.302582 0.043310 20.876257
v -0.270495 0.013787 20.814281
v -0.302582 0.040886 20.804762
v -0.302582 0.043310 20.876257
v -0.302582 0.040886 20.804762
v -0.317921 0.072461 20.798578
v -0.302582 0.043310 20.876257
v -0.317921 0.072461 20.798578
v -0.317920 0.075232 20.880291
v -0.302582 0.043310 20.876257
v -0.317920 0.075232 20.880291
v -0.283448 0.069360 20.954197
v -0.302582 0.043310 20.876257
v -0.270495 0.015629 20.868599
v -0.270495 0.013787 20.814281
v -0.270495 0.015629 20.868599
v -0.220031 -0.013728 20.827923
v -0.270495 0.013787 20.814281
v -0.270495 0.015629 20.868599
v -0.220031 -0.012747 20.856853
v -0.220031 -0.013728 20.827923
v 0.513593 0.300135 17.919243
v 0.583555 0.467666 17.913563
v 0.583554 -0.054947 2.503178
v 0.513593 0.300135 17.919243
v 0.583554 -0.054947 2.503178
v 0.513592 -0.222479 2.508858
v 0.513593 0.300135 17.919243
v 0.513592 -0.222479 2.508858
v 0.395254 -0.360203 2.513529
v 0.513593 0.300135 17.919243
v 0.395254 -0.360203 2.513529
v 0.395255 0.162411 17.923914
v 0.395255 0.162411 17.923914
v 0.395254 -0.360203 2.513529
v 0.240124 -0.454639 2.516731
v 0.395255 0.162411 17.923914
v 0.240124 -0.454639 2.516731
v 0.240124 0.067974 17.927118
v 0.240124 0.067974 17.927118
v 0.240124 -0.454639 2.516731
v 0.063388 -0.496543 2.518154
v 0.240124 0.067974 17.927118
v 0.063388 -0.496543 2.518154
v 0.063388 0.026070 17.928537
v 0.063388 0.026070 17.928537
v 0.063388 -0.496543 2.518154
v -0.117655 -0.481813 2.517654
v 0.063388 0.026070 17.928537
v -0.117655 -0.481813 2.517654
v -0.117654 0.040801 17.928040
v -0.285282 0.110723 17.925665
v -0.117654 0.040801 17.928040
v -0.117655 -0.481813 2.517654
v -0.285282 0.110723 17.925665
v -0.117655 -0.481813 2.517654
v -0.285282 -0.411891 2.515282
v -0.285282 0.110723 17.925665
v -0.285282 -0.411891 2.515282
v -0.423086 -0.293621 2.511270
v -0.285282 0.110723 17.925665
v -0.423086 -0.293621 2.511270
v -0.423085 0.228993 17.921656
v -0.423085 0.228993 17.921656
v -0.423086 -0.293621 2.511270
v -0.517576 -0.138580 2.506011
v -0.423085 0.228993 17.921656
v -0.517576 -0.138580 2.506011
v -0.517576 0.384034 17.916399
v -0.517576 0.384034 17.916399
v -0.517576 -0.138580 2.506011
v -0.559505 0.038055 2.500022
v -0.517576 0.384034 17.916399
v -0.559505 0.038055 2.500022
v -0.559504 0.560669 17.910408
v -0.559504 0.560669 17.910408
v -0.559505 0.038055 2.500022
v -0.544766 0.218993 2.493887
v -0.559504 0.560669 17.910408
v -0.544766 0.218993 2.493887
v -0.544765 0.741607 17.904272
v -0.616928 -0.032071 6.851560
v -0.504954 -0.514601 -1.953035
v -0.616927 -0.330874 -1.959266
v -0.616928 -0.032071 6.851560
v -0.616927 -0.330874 -1.959266
v -0.666613 -0.121558 -1.966364
v -0.666613 -0.121558 -1.966364
v -0.616927 -0.330874 -1.959266
v -0.578098 -0.318216 -2.056942
v -0.666613 -0.121558 -1.966364
v -0.578098 -0.318216 -2.056942
v -0.624752 -0.121673 -2.063609
v -0.666613 -0.121558 -1.966364
v -0.624752 -0.121673 -2.063609
v -0.608352 0.079659 -2.070435
v -0.666613 -0.121558 -1.966364
v -0.608352 0.079659 -2.070435
v -0.649148 0.092858 -1.973635
v -0.666613 0.177244 6.844462
v -0.666613 -0.121558 -1.966364
v -0.649148 0.092858 -1.973635
v -0.666613 0.177244 6.844462
v -0.649148 0.092858 -1.973635
v -0.649147 0.391659 6.837189
v -0.616928 -0.032071 6.851560
v -0.666613 -0.121558 -1.966364
v -0.666613 0.177244 6.844462
v -0.504954 -0.514601 -1.953035
v -0.319622 -0.622332 -2.046629
v -0.472957 -0.490732 -2.051092
v -0.504954 -0.514601 -1.953035
v -0.472957 -0.490732 -2.051092
v -0.578098 -0.318216 -2.056942
v -0.504954 -0.514601 -1.953035
v -0.578098 -0.318216 -2.056942
v -0.616927 -0.330874 -1.959266
v 0.687936 -0.231768 -1.962627
v 0.647141 -0.225157 -2.060098
v 0.569293 -0.411571 -2.053777
v 0.687936 -0.231768 -1.962627
v 0.569293 -0.411571 -2.053777
v 0.605029 -0.430296 -1.955894
v 0.687936 0.067035 6.848199
v 0.687936 -0.231768 -1.962627
v 0.605029 -0.430296 -1.955894
v 0.687936 0.067035 6.848199
v 0.605029 -0.430296 -1.955894
v 0.605029 -0.131493 6.854930
v 0.605029 -0.131493 6.854930
v 0.605029 -0.430296 -1.955894
v 0.464796 -0.593502 -1.950358
v 0.605029 -0.131493 6.854930
v 0.464796 -0.593502 -1.950358
v 0.464796 -0.294699 6.860466
v 0.464796 -0.294699 6.860466
v 0.464796 -0.593502 -1.950358
v 0.280964 -0.705411 -1.946564
v 0.464796 -0.294699 6.860466
v 0.280964 -0.705411 -1.946564
v 0.280964 -0.406610 6.864262
v 0.071527 -0.456265 6.865945
v 0.280964 -0.406610 6.864262
v 0.280964 -0.705411 -1.946564
v 0.071527 -0.456265 6.865945
v 0.280964 -0.705411 -1.946564
v 0.071528 -0.755068 -1.944881
v 0.071527 -0.456265 6.865945
v 0.071528 -0.755068 -1.944881
v -0.143011 -0.737612 -1.945471
v 0.071528 -0.755068 -1.944881
v -0.133101 -0.700135 -2.043990
v -0.143011 -0.737612 -1.945471
v -0.143011 -0.737612 -1.945471
v -0.133101 -0.700135 -2.043990
v -0.319622 -0.622332 -2.046629
v -0.143011 -0.737612 -1.945471
v -0.319622 -0.622332 -2.046629
v -0.341654 -0.654753 -1.948280
v -0.504954 -0.514601 -1.953035
v -0.341654 -0.654753 -1.948280
v -0.319622 -0.622332 -2.046629
v -0.341654 -0.355951 6.862542
v -0.341654 -0.654753 -1.948280
v -0.504954 -0.514601 -1.953035
v -0.341654 -0.355951 6.862542
v -0.504954 -0.514601 -1.953035
v -0.504954 -0.215798 6.857791
v -0.616928 -0.032071 6.851560
v -0.504954 -0.215798 6.857791
v -0.504954 -0.514601 -1.953035
v 0.071527 -0.456265 6.865945
v -0.143011 -0.737612 -1.945471
v -0.143012 -0.438809 6.865354
v -0.341654 -0.355951 6.862542
v -0.143012 -0.438809 6.865354
v -0.143011 -0.737612 -1.945471
v -0.341654 -0.355951 6.862542
v -0.143011 -0.737612 -1.945471
v -0.341654 -0.654753 -1.948280
v 0.464796 -0.593502 -1.950358
v 0.605029 -0.430296 -1.955894
v 0.569293 -0.411571 -2.053777
v 0.464796 -0.593502 -1.950358
v 0.569293 -0.411571 -2.053777
v 0.437618 -0.564818 -2.048581
v 0.280964 -0.705411 -1.946564
v 0.464796 -0.593502 -1.950358
v 0.437618 -0.564818 -2.048581
v 0.280964 -0.705411 -1.946564
v 0.437618 -0.564818 -2.048581
v 0.265003 -0.669899 -2.045018
v 0.280964 -0.705411 -1.946564
v 0.265003 -0.669899 -2.045018
v 0.068347 -0.716525 -2.043434
v 0.280964 -0.705411 -1.946564
v 0.068347 -0.716525 -2.043434
v 0.071528 -0.755068 -1.944881
v 0.071528 -0.755068 -1.944881
v 0.068347 -0.716525 -2.043434
v -0.133101 -0.700135 -2.043990
v 0.656378 -0.646595 -11.643625
v 0.678068 -0.559322 -11.720318
v 0.666031 -0.605532 -11.612206
v 0.666031 -0.605532 -11.612206
v 0.678068 -0.559322 -11.720318
v 0.678068 -0.555316 -11.602198
v 0.678068 -0.555316 -11.602198
v 0.678068 -0.559322 -11.720318
v 0.690104 -0.505894 -11.615580
v 0.690104 -0.505894 -11.615580
v 0.678068 -0.559322 -11.720318
v 0.699757 -0.467054 -11.649714
v 0.699757 -0.467054 -11.649714
v 0.678068 -0.559322 -11.720318
v 0.705114 -0.446489 -11.697825
v 0.705114 -0.446489 -11.697825
v 0.678068 -0.559322 -11.720318
v 0.705114 -0.448272 -11.750395
v 0.705114 -0.448272 -11.750395
v 0.678068 -0.559322 -11.720318
v 0.699757 -0.472049 -11.797005
v 0.699757 -0.472049 -11.797005
v 0.678068 -0.559322 -11.720318
v 0.690104 -0.513113 -11.828423
v 0.690104 -0.513113 -11.828423
v 0.678068 -0.559322 -11.720318
v 0.678068 -0.563328 -11.838438
v 0.678068 -0.563328 -11.838438
v 0.678068 -0.559322 -11.720318
v 0.666031 -0.612750 -11.825048
v 0.666031 -0.612750 -11.825048
v 0.678068 -0.559322 -11.720318
v 0.656379 -0.651590 -11.790917
v 0.656379 -0.651590 -11.790917
v 0.678068 -0.559322 -11.720318
v 0.651022 -0.672155 -11.742805
v 0.651022 -0.672155 -11.742805
v 0.678068 -0.559322 -11.720318
v 0.651022 -0.670372 -11.690235
v 0.651022 -0.670372 -11.690235
v 0.678068 -0.559322 -11.720318
v 0.656378 -0.646595 -11.643625
v -0.278095 0.142528 20.961292
v -0.126856 0.101603 20.838491
v -0.210788 0.128059 21.017054
v -0.210788 0.128059 21.017054
v -0.126856 0.101603 20.838491
v -0.126856 0.108350 21.037447
v -0.126856 0.108350 21.037447
v -0.126856 0.101603 20.838491
v -0.042925 0.087304 21.018435
v -0.042925 0.087304 21.018435
v -0.126856 0.101603 20.838491
v 0.024383 0.069091 20.963785
v 0.024383 0.069091 20.963785
v -0.126856 0.101603 20.838491
v 0.061736 0.057317 20.884317
v 0.061736 0.057317 20.884317
v -0.126856 0.101603 20.838491
v 0.061736 0.054314 20.795774
v 0.061736 0.054314 20.795774
v -0.126856 0.101603 20.838491
v 0.024383 0.060677 20.715693
v 0.024383 0.060677 20.715693
v -0.126856 0.101603 20.838491
v -0.042925 0.075146 20.659931
v -0.042925 0.075146 20.659931
v -0.126856 0.101603 20.838491
v -0.126856 0.094856 20.639536
v -0.126856 0.094856 20.639536
v -0.126856 0.101603 20.838491
v -0.210788 0.115901 20.658550
v -0.210788 0.115901 20.658550
v -0.126856 0.101603 20.838491
v -0.278095 0.134115 20.713202
v -0.278095 0.134115 20.713202
v -0.126856 0.101603 20.838491
v -0.315448 0.145889 20.792669
v -0.315448 0.145889 20.792669
v -0.126856 0.101603 20.838491
v -0.315448 0.148892 20.881212
v -0.315448 0.148892 20.881212
v -0.126856 0.101603 20.838491
v -0.278095 0.142528 20.961292
v -0.116455 -1.272955 -20.956755
v 0.241950 -0.767683 -20.961720
v 0.019393 -0.714878 -20.999794
v 0.106103 -1.325760 -20.918674
v 0.442723 -0.812859 -20.854843
v 0.241950 -0.767683 -20.961720
v -0.116455 -1.272955 -20.956755
v 0.106103 -1.325760 -20.918674
v 0.241950 -0.767683 -20.961720
v -0.633439 -3.390918 -20.620110
v 0.106103 -1.325760 -20.918674
v -0.116455 -1.272955 -20.956755
v -0.091650 -3.986022 -20.061403
v -0.174782 -3.913774 -20.257065
v -0.249673 -3.940209 -20.203968
v -0.174782 -3.913774 -20.257065
v -0.368252 -3.853380 -20.340441
v -0.249673 -3.940209 -20.203968
v -0.174782 -3.913774 -20.257065
v -0.313580 -3.830225 -20.411329
v -0.368252 -3.853380 -20.340441
v -0.313580 -3.830225 -20.411329
v -0.523827 -3.760734 -20.433834
v -0.368252 -3.853380 -20.340441
v -0.313580 -3.830225 -20.411329
v -0.490502 -3.727489 -20.515846
v -0.523827 -3.760734 -20.433834
v -0.490502 -3.727489 -20.515846
v -0.703711 -3.675233 -20.469120
v -0.523827 -3.760734 -20.433834
v -0.490502 -3.727489 -20.515846
v -0.694948 -3.642032 -20.554281
v -0.703711 -3.675233 -20.469120
v -0.449579 -3.565010 -20.562950
v -0.694948 -3.642032 -20.554281
v -0.490502 -3.727489 -20.515846
v -0.449579 -3.565010 -20.562950
v -0.665224 -3.521083 -20.597975
v -0.694948 -3.642032 -20.554281
v -0.633439 -3.390918 -20.620110
v -0.665224 -3.521083 -20.597975
v -0.449579 -3.565010 -20.562950
v -0.633439 -3.390918 -20.620110
v -0.449579 -3.565010 -20.562950
v -0.417072 -3.435395 -20.584871
v -0.633439 -3.390918 -20.620110
v -0.417072 -3.435395 -20.584871
v 0.106103 -1.325760 -20.918674
v -0.417072 -3.435395 -20.584871
v 0.306875 -1.370937 -20.811808
v 0.106103 -1.325760 -20.918674
v 0.106103 -1.325760 -20.918674
v 0.306875 -1.370937 -20.811808
v 0.442723 -0.812859 -20.854843
v 0.306875 -1.370937 -20.811808
v 0.602057 -0.845986 -20.689659
v 0.442723 -0.812859 -20.854843
v 0.306875 -1.370937 -20.811808
v 0.466209 -1.404063 -20.646618
v 0.602057 -0.845986 -20.689659
v 0.466209 -1.404063 -20.646618
v 0.704356 -0.863820 -20.482336
v 0.602057 -0.845986 -20.689659
v 0.466209 -1.404063 -20.646618
v 0.568508 -1.421897 -20.439283
v 0.704356 -0.863820 -20.482336
v -0.075809 -3.376128 -19.457829
v 0.016080 -3.486630 -19.608135
v 0.005684 -3.578128 -19.420317
v 0.016080 -3.486630 -19.608135
v -0.005546 -3.765995 -19.537510
v 0.005684 -3.578128 -19.420317
v 0.016080 -3.486630 -19.608135
v 0.028729 -3.641927 -19.854406
v -0.005546 -3.765995 -19.537510
v -0.091948 -4.044352 -19.681053
v -0.005546 -3.765995 -19.537510
v 0.028729 -3.641927 -19.854406
v -0.091948 -4.044352 -19.681053
v 0.028729 -3.641927 -19.854406
v -0.091650 -3.986022 -20.061403
v 0.028729 -3.641927 -19.854406
v 0.006831 -3.614842 -20.109949
v -0.091650 -3.986022 -20.061403
v 0.006831 -3.614842 -20.109949
v -0.174782 -3.913774 -20.257065
v -0.091650 -3.986022 -20.061403
v 0.006831 -3.614842 -20.109949
v -0.092239 -3.598174 -20.310677
v -0.174782 -3.913774 -20.257065
v -0.092239 -3.598174 -20.310677
v -0.313580 -3.830225 -20.411329
v -0.174782 -3.913774 -20.257065
v -0.092239 -3.598174 -20.310677
v -0.251434 -3.588495 -20.464533
v -0.313580 -3.830225 -20.411329
v -0.251434 -3.588495 -20.464533
v -0.490502 -3.727489 -20.515846
v -0.313580 -3.830225 -20.411329
v -0.251434 -3.588495 -20.464533
v -0.449579 -3.565010 -20.562950
v -0.490502 -3.727489 -20.515846
v -0.417072 -3.435395 -20.584871
v -0.449579 -3.565010 -20.562950
v -0.251434 -3.588495 -20.464533
v -0.417072 -3.435395 -20.584871
v -0.251434 -3.588495 -20.464533
v -0.218484 -3.460214 -20.485943
v -0.417072 -3.435395 -20.584871
v -0.218484 -3.460214 -20.485943
v 0.306875 -1.370937 -20.811808
v -0.218484 -3.460214 -20.485943
v 0.466209 -1.404063 -20.646618
v 0.306875 -1.370937 -20.811808
v -0.218484 -3.460214 -20.485943
v -0.056969 -3.463060 -20.332680
v 0.466209 -1.404063 -20.646618
v -0.218484 -3.460214 -20.485943
v -0.092239 -3.598174 -20.310677
v -0.056969 -3.463060 -20.332680
v -0.218484 -3.460214 -20.485943
v -0.251434 -3.588495 -20.464533
v -0.092239 -3.598174 -20.310677
v 0.005684 -3.578128 -19.420317
v -0.005546 -3.765995 -19.537510
v -0.008897 -3.770494 -19.195803
v -0.093503 -4.046245 -18.509357
v -0.008897 -3.770494 -19.195803
v -0.092114 -4.095315 -19.326160
v -0.092114 -4.095315 -19.326160
v -0.008897 -3.770494 -19.195803
v -0.005546 -3.765995 -19.537510
v -0.092114 -4.095315 -19.326160
v -0.005546 -3.765995 -19.537510
v -0.091948 -4.044352 -19.681053
v 0.546653 -1.112264 -14.975342
v 0.435338 -1.711386 -14.942091
v 0.564495 -1.135334 -14.600142
v 0.447828 -1.637269 -14.262150
v 0.564495 -1.135334 -14.600142
v 0.435338 -1.711386 -14.942091
v 0.435338 -1.711386 -14.942091
v 0.221471 -2.608995 -15.406794
v 0.447828 -1.637269 -14.262150
v 0.355815 -1.679551 -14.228507
v 0.447828 -1.637269 -14.262150
v 0.221471 -2.608995 -15.406794
v 0.355815 -1.679551 -14.228507
v 0.221471 -2.608995 -15.406794
v 0.131267 -2.639427 -15.386075
v 0.131267 -2.639427 -15.386075
v 0.221471 -2.608995 -15.406794
v 0.067306 -3.280722 -16.490269
v 0.131267 -2.639427 -15.386075
v 0.067306 -3.280722 -16.490269
v -0.022897 -3.311649 -16.484158
v -0.022897 -3.311649 -16.484158
v 0.067306 -3.280722 -16.490269
v -0.037657 -3.762065 -17.669865
v -0.022897 -3.311649 -16.484158
v -0.037657 -3.762065 -17.669865
v -0.128043 -3.791231 -17.670408
v -0.128043 -3.791231 -17.670408
v -0.037657 -3.762065 -17.669865
v -0.093503 -4.046245 -18.509357
v -0.128043 -3.791231 -17.670408
v -0.093503 -4.046245 -18.509357
v -0.184472 -4.072556 -18.509451
v -0.184472 -4.072556 -18.509451
v -0.093503 -4.046245 -18.509357
v -0.092114 -4.095315 -19.326160
v -0.184472 -4.072556 -18.509451
v -0.092114 -4.095315 -19.326160
v -0.183518 -4.119404 -19.338007
v -0.092114 -4.095315 -19.326160
v -0.181417 -4.068030 -19.675467
v -0.183518 -4.119404 -19.338007
v -0.092114 -4.095315 -19.326160
v -0.091948 -4.044352 -19.681053
v -0.181417 -4.068030 -19.675467
v -0.091948 -4.044352 -19.681053
v -0.179053 -4.011036 -20.037199
v -0.181417 -4.068030 -19.675467
v -0.091948 -4.044352 -19.681053
v -0.091650 -3.986022 -20.061403
v -0.179053 -4.011036 -20.037199
v -0.091650 -3.986022 -20.061403
v -0.249673 -3.940209 -20.203968
v -0.179053 -4.011036 -20.037199
v 0.355815 -1.679551 -14.228507
v 0.280962 -1.078020 -12.933730
v 0.464795 -0.966111 -12.937515
v 0.355815 -1.679551 -14.228507
v 0.464795 -0.966111 -12.937515
v 0.447828 -1.637269 -14.262150
v 0.605027 -0.802904 -12.943051
v 0.447828 -1.637269 -14.262150
v 0.464795 -0.966111 -12.937515
v 0.605027 -0.802904 -12.943051
v 0.565625 -1.051744 -13.937835
v 0.447828 -1.637269 -14.262150
v 0.447828 -1.637269 -14.262150
v 0.565625 -1.051744 -13.937835
v 0.564495 -1.135334 -14.600142
v 0.565625 -1.051744 -13.937835
v 0.686987 -0.635671 -13.879367
v 0.687121 -0.657768 -14.530007
v 0.605027 -0.802904 -12.943051
v 0.686987 -0.635671 -13.879367
v 0.565625 -1.051744 -13.937835
v 0.605027 -0.802904 -12.943051
v 0.687935 -0.604376 -12.949786
v 0.686987 -0.635671 -13.879367
v 0.605027 -0.802904 -12.943051
v 0.687935 -0.542828 -11.134893
v 0.687935 -0.604376 -12.949786
v 0.605027 -0.802904 -12.943051
v 0.605029 -0.741356 -11.128157
v 0.687935 -0.542828 -11.134893
v 0.464795 -0.966111 -12.937515
v 0.605029 -0.741356 -11.128157
v 0.605027 -0.802904 -12.943051
v 0.464795 -0.966111 -12.937515
v 0.464796 -0.904562 -11.122622
v 0.605029 -0.741356 -11.128157
v 0.280963 -1.016472 -11.118829
v 0.464796 -0.904562 -11.122622
v 0.464795 -0.966111 -12.937515
v 0.280963 -1.016472 -11.118829
v 0.464795 -0.966111 -12.937515
v 0.280962 -1.078020 -12.933730
v 0.071526 -1.127677 -12.932039
v 0.280963 -1.016472 -11.118829
v 0.280962 -1.078020 -12.933730
v 0.071526 -1.127677 -12.932039
v 0.280962 -1.078020 -12.933730
v 0.280962 -1.124507 -14.304502
v 0.071526 -1.127677 -12.932039
v 0.280962 -1.124507 -14.304502
v 0.071526 -1.175723 -14.348770
v 0.071526 -1.175723 -14.348770
v 0.280962 -1.124507 -14.304502
v 0.280962 -1.149024 -15.027439
v 0.071526 -1.175723 -14.348770
v 0.280962 -1.149024 -15.027439
v 0.071526 -1.201727 -15.115572
v 0.071526 -1.175723 -14.348770
v 0.071526 -1.201727 -15.115572
v -0.143013 -1.184271 -15.116166
v 0.071526 -1.175723 -14.348770
v -0.143013 -1.184271 -15.116166
v -0.143013 -1.158266 -14.349359
v 0.071526 -1.127677 -12.932039
v 0.071526 -1.175723 -14.348770
v -0.143013 -1.158266 -14.349359
v 0.071526 -1.127677 -12.932039
v -0.143013 -1.158266 -14.349359
v -0.143013 -1.110221 -12.932631
v -0.143013 -1.110221 -12.932631
v 0.071527 -1.066129 -11.117146
v 0.071526 -1.127677 -12.932039
v -0.143013 -1.110221 -12.932631
v -0.143013 -1.048672 -11.117737
v 0.071527 -1.066129 -11.117146
v 0.071526 -1.127677 -12.932039
v 0.071527 -1.066129 -11.117146
v 0.280963 -1.016472 -11.118829
v 0.280962 -1.078020 -12.933730
v 0.464795 -1.012641 -14.309580
v 0.280962 -1.124507 -14.304502
v 0.280962 -1.124507 -14.304502
v 0.464795 -1.012641 -14.309580
v 0.400528 -1.082965 -14.790475
v 0.280962 -1.124507 -14.304502
v 0.400528 -1.082965 -14.790475
v 0.280962 -1.149024 -15.027439
v -0.009801 -2.887960 -16.538689
v 0.131669 -2.360412 -15.616049
v -0.011316 -2.979849 -16.512264
v -0.110792 -3.348948 -17.619820
v -0.009801 -2.887960 -16.538689
v -0.011316 -2.979849 -16.512264
v -0.110792 -3.348948 -17.619820
v -0.011316 -2.979849 -16.512264
v -0.113651 -3.444926 -17.621628
v -0.163185 -3.612027 -18.398865
v -0.110792 -3.348948 -17.619820
v -0.113651 -3.444926 -17.621628
v -0.207916 -3.520483 -18.395414
v -0.110792 -3.348948 -17.619820
v -0.163185 -3.612027 -18.398865
v -0.207916 -3.520483 -18.395414
v -0.153591 -3.253636 -17.617208
v -0.110792 -3.348948 -17.619820
v -0.304667 -3.422143 -18.394602
v -0.153591 -3.253636 -17.617208
v -0.207916 -3.520483 -18.395414
v -0.153591 -3.253636 -17.617208
v -0.009801 -2.887960 -16.538689
v -0.110792 -3.348948 -17.619820
v 0.130060 -2.281408 -15.669533
v 0.283027 -1.717407 -15.048281
v 0.131669 -2.360412 -15.616049
v -0.009801 -2.887960 -16.538689
v 0.130060 -2.281408 -15.669533
v 0.131669 -2.360412 -15.616049
v -0.053595 -2.796975 -16.560642
v 0.130060 -2.281408 -15.669533
v -0.009801 -2.887960 -16.538689
v -0.153591 -3.253636 -17.617208
v -0.053595 -2.796975 -16.560642
v -0.009801 -2.887960 -16.538689
v -0.248656 -3.152089 -17.619236
v -0.053595 -2.796975 -16.560642
v -0.153591 -3.253636 -17.617208
v -0.304667 -3.422143 -18.394602
v -0.248656 -3.152089 -17.619236
v -0.153591 -3.253636 -17.617208
v -0.448734 -3.335274 -18.395174
v -0.248656 -3.152089 -17.619236
v -0.304667 -3.422143 -18.394602
v -0.447533 -3.385509 -19.244913
v -0.448734 -3.335274 -18.395174
v -0.304667 -3.422143 -18.394602
v -0.447533 -3.385509 -19.244913
v -0.304667 -3.422143 -18.394602
v -0.301950 -3.472656 -19.239532
v -0.301950 -3.472656 -19.239532
v -0.304667 -3.422143 -18.394602
v -0.207916 -3.520483 -18.395414
v -0.301950 -3.472656 -19.239532
v -0.207916 -3.520483 -18.395414
v -0.203300 -3.568514 -19.229012
v -0.207916 -3.520483 -18.395414
v -0.158467 -3.656898 -19.213396
v -0.203300 -3.568514 -19.229012
v -0.207916 -3.520483 -18.395414
v -0.163185 -3.612027 -18.398865
v -0.158467 -3.656898 -19.213396
v -0.158467 -3.656898 -19.213396
v -0.163185 -3.612027 -18.398865
v -0.164761 -3.706126 -18.402031
v -0.163185 -3.612027 -18.398865
v -0.113651 -3.444926 -17.621628
v -0.164761 -3.706126 -18.402031
v -0.164761 -3.706126 -18.402031
v -0.113651 -3.444926 -17.621628
v -0.182203 -3.724059 -17.673361
v -0.113651 -3.444926 -17.621628
v -0.076984 -3.245691 -16.491459
v -0.182203 -3.724059 -17.673361
v -0.113651 -3.444926 -17.621628
v -0.011316 -2.979849 -16.512264
v -0.076984 -3.245691 -16.491459
v -0.164761 -3.706126 -18.402031
v -0.182203 -3.724059 -17.673361
v -0.239287 -4.007890 -18.510670
v -0.158467 -3.656898 -19.213396
v -0.164761 -3.706126 -18.402031
v -0.158406 -3.748240 -19.200369
v -0.158406 -3.748240 -19.200369
v -0.164761 -3.706126 -18.402031
v -0.239287 -4.007890 -18.510670
v -0.158406 -3.748240 -19.200369
v -0.239287 -4.007890 -18.510670
v -0.238367 -4.050280 -19.323212
v -0.158406 -3.748240 -19.200369
v -0.238367 -4.050280 -19.323212
v -0.234591 -4.003412 -19.661741
v -0.622936 -3.272260 -18.396957
v -0.390810 -3.062927 -17.622669
v -0.448734 -3.335274 -18.395174
v -0.448734 -3.335274 -18.395174
v -0.632604 -3.339278 -19.198883
v -0.622936 -3.272260 -18.396957
v -0.448734 -3.335274 -18.395174
v -0.447533 -3.385509 -19.244913
v -0.632604 -3.339278 -19.198883
v -0.614970 -3.269996 -19.297657
v -0.632604 -3.339278 -19.198883
v -0.447533 -3.385509 -19.244913
v -0.614970 -3.269996 -19.297657
v -0.447533 -3.385509 -19.244913
v -0.432966 -3.314786 -19.358185
v -0.301950 -3.472656 -19.239532
v -0.432966 -3.314786 -19.358185
v -0.447533 -3.385509 -19.244913
v -0.301950 -3.472656 -19.239532
v -0.296875 -3.376791 -19.448196
v -0.432966 -3.314786 -19.358185
v -0.203300 -3.568514 -19.229012
v -0.296875 -3.376791 -19.448196
v -0.301950 -3.472656 -19.239532
v -0.203300 -3.568514 -19.229012
v -0.181020 -3.423757 -19.572565
v -0.296875 -3.376791 -19.448196
v -0.158467 -3.656898 -19.213396
v -0.181020 -3.423757 -19.572565
v -0.203300 -3.568514 -19.229012
v -0.158467 -3.656898 -19.213396
v -0.108609 -3.458341 -19.729591
v -0.181020 -3.423757 -19.572565
v -0.158406 -3.748240 -19.200369
v -0.108609 -3.458341 -19.729591
v -0.158467 -3.656898 -19.213396
v -0.158406 -3.748240 -19.200369
v -0.086891 -3.504520 -19.913698
v -0.108609 -3.458341 -19.729591
v -0.158406 -3.748240 -19.200369
v -0.234591 -4.003412 -19.661741
v -0.086891 -3.504520 -19.913698
v -0.086891 -3.504520 -19.913698
v -0.234591 -4.003412 -19.661741
v -0.230080 -3.947047 -20.024763
v -0.086891 -3.504520 -19.913698
v -0.230080 -3.947047 -20.024763
v -0.122694 -3.528262 -20.073963
v -0.122694 -3.528262 -20.073963
v -0.230080 -3.947047 -20.024763
v -0.289697 -3.875023 -20.167868
v -0.122694 -3.528262 -20.073963
v -0.289697 -3.875023 -20.167868
v -0.208326 -3.549482 -20.222242
v -0.687811 -3.607659 -20.407665
v -0.659840 -3.493863 -20.449299
v -0.489091 -3.529955 -20.419069
v -0.687811 -3.607659 -20.407665
v -0.489091 -3.529955 -20.419069
v -0.526706 -3.688313 -20.375200
v -0.703711 -3.675233 -20.469120
v -0.687811 -3.607659 -20.407665
v -0.526706 -3.688313 -20.375200
v -0.703711 -3.675233 -20.469120
v -0.526706 -3.688313 -20.375200
v -0.523827 -3.760734 -20.433834
v -0.523827 -3.760734 -20.433834
v -0.526706 -3.688313 -20.375200
v -0.393142 -3.791250 -20.289614
v -0.523827 -3.760734 -20.433834
v -0.393142 -3.791250 -20.289614
v -0.368252 -3.853380 -20.340441
v -0.368252 -3.853380 -20.340441
v -0.393142 -3.791250 -20.289614
v -0.289697 -3.875023 -20.167868
v -0.368252 -3.853380 -20.340441
v -0.289697 -3.875023 -20.167868
v -0.249673 -3.940209 -20.203968
v -0.249673 -3.940209 -20.203968
v -0.289697 -3.875023 -20.167868
v -0.230080 -3.947047 -20.024763
v -0.249673 -3.940209 -20.203968
v -0.230080 -3.947047 -20.024763
v -0.179053 -4.011036 -20.037199
v -0.181417 -4.068030 -19.675467
v -0.179053 -4.011036 -20.037199
v -0.230080 -3.947047 -20.024763
v -0.181417 -4.068030 -19.675467
v -0.230080 -3.947047 -20.024763
v -0.234591 -4.003412 -19.661741
v -0.234591 -4.003412 -19.661741
v -0.183518 -4.119404 -19.338007
v -0.181417 -4.068030 -19.675467
v -0.234591 -4.003412 -19.661741
v -0.238367 -4.050280 -19.323212
v -0.183518 -4.119404 -19.338007
v -0.184472 -4.072556 -18.509451
v -0.183518 -4.119404 -19.338007
v -0.238367 -4.050280 -19.323212
v -0.184472 -4.072556 -18.509451
v -0.238367 -4.050280 -19.323212
v -0.239287 -4.007890 -18.510670
v -0.128043 -3.791231 -17.670408
v -0.184472 -4.072556 -18.509451
v -0.239287 -4.007890 -18.510670
v -0.128043 -3.791231 -17.670408
v -0.239287 -4.007890 -18.510670
v -0.182203 -3.724059 -17.673361
v -0.393142 -3.791250 -20.289614
v -0.208326 -3.549482 -20.222242
v -0.289697 -3.875023 -20.167868
v -0.393142 -3.791250 -20.289614
v -0.334311 -3.550179 -20.341051
v -0.208326 -3.549482 -20.222242
v -0.526706 -3.688313 -20.375200
v -0.334311 -3.550179 -20.341051
v -0.393142 -3.791250 -20.289614
v -0.526706 -3.688313 -20.375200
v -0.489091 -3.529955 -20.419069
v -0.334311 -3.550179 -20.341051
v -0.022897 -3.311649 -16.484158
v -0.128043 -3.791231 -17.670408
v -0.182203 -3.724059 -17.673361
v -0.022897 -3.311649 -16.484158
v -0.182203 -3.724059 -17.673361
v -0.076984 -3.245691 -16.491459
v 0.131267 -2.639427 -15.386075
v -0.022897 -3.311649 -16.484158
v -0.076984 -3.245691 -16.491459
v 0.131267 -2.639427 -15.386075
v -0.076984 -3.245691 -16.491459
v 0.077181 -2.573963 -15.407979
v 0.355815 -1.679551 -14.228507
v 0.131267 -2.639427 -15.386075
v 0.077181 -2.573963 -15.407979
v 0.355815 -1.679551 -14.228507
v 0.077181 -2.573963 -15.407979
v 0.305510 -1.602417 -14.258930
v 0.355815 -1.679551 -14.228507
v 0.305510 -1.602417 -14.258930
v 0.280962 -1.078020 -12.933730
v 0.464795 -1.012641 -14.309580
v 0.280962 -1.078020 -12.933730
v 0.305510 -1.602417 -14.258930
v 0.400528 -1.082965 -14.790475
v 0.464795 -1.012641 -14.309580
v 0.305510 -1.602417 -14.258930
v 0.400528 -1.082965 -14.790475
v 0.305510 -1.602417 -14.258930
v 0.283027 -1.717407 -15.048281
v 0.400528 -1.082965 -14.790475
v 0.283027 -1.717407 -15.048281
v 0.277055 -1.655191 -15.121161
v 0.130060 -2.281408 -15.669533
v 0.277055 -1.655191 -15.121161
v 0.283027 -1.717407 -15.048281
v 0.083487 -2.201824 -15.715190
v 0.277055 -1.655191 -15.121161
v 0.130060 -2.281408 -15.669533
v -0.053595 -2.796975 -16.560642
v 0.083487 -2.201824 -15.715190
v 0.130060 -2.281408 -15.669533
v -0.149056 -2.699547 -16.584126
v 0.083487 -2.201824 -15.715190
v -0.053595 -2.796975 -16.560642
v -0.248656 -3.152089 -17.619236
v -0.149056 -2.699547 -16.584126
v -0.053595 -2.796975 -16.560642
v -0.390810 -3.062927 -17.622669
v -0.149056 -2.699547 -16.584126
v -0.248656 -3.152089 -17.619236
v -0.448734 -3.335274 -18.395174
v -0.390810 -3.062927 -17.622669
v -0.248656 -3.152089 -17.619236
v -0.011316 -2.979849 -16.512264
v 0.077181 -2.573963 -15.407979
v -0.076984 -3.245691 -16.491459
v -0.011316 -2.979849 -16.512264
v 0.131669 -2.360412 -15.616049
v 0.077181 -2.573963 -15.407979
v 0.283027 -1.717407 -15.048281
v 0.077181 -2.573963 -15.407979
v 0.131669 -2.360412 -15.616049
v 0.283027 -1.717407 -15.048281
v 0.305510 -1.602417 -14.258930
v 0.077181 -2.573963 -15.407979
v 0.280962 -1.149024 -15.027439
v 0.400528 -1.082965 -14.790475
v 0.277055 -1.655191 -15.121161
v -0.291035 -2.613422 -16.602003
v -0.157861 -2.036433 -15.791694
v -0.014366 -2.115079 -15.759576
v -0.291035 -2.613422 -16.602003
v -0.014366 -2.115079 -15.759576
v -0.149056 -2.699547 -16.584126
v -0.390810 -3.062927 -17.622669
v -0.291035 -2.613422 -16.602003
v -0.149056 -2.699547 -16.584126
v -0.157861 -2.036433 -15.791694
v -0.019687 -1.449335 -15.285007
v 0.125991 -1.517803 -15.242305
v -0.157861 -2.036433 -15.791694
v 0.125991 -1.517803 -15.242305
v -0.014366 -2.115079 -15.759576
v -0.014366 -2.115079 -15.759576
v 0.125991 -1.517803 -15.242305
v 0.227007 -1.590250 -15.182829
v -0.149056 -2.699547 -16.584126
v -0.014366 -2.115079 -15.759576
v 0.083487 -2.201824 -15.715190
v -0.014366 -2.115079 -15.759576
v 0.227007 -1.590250 -15.182829
v 0.083487 -2.201824 -15.715190
v 0.083487 -2.201824 -15.715190
v 0.227007 -1.590250 -15.182829
v 0.277055 -1.655191 -15.121161
v 0.280962 -1.149024 -15.027439
v 0.277055 -1.655191 -15.121161
v 0.227007 -1.590250 -15.182829
v 0.280962 -1.149024 -15.027439
v 0.227007 -1.590250 -15.182829
v 0.125991 -1.517803 -15.242305
v 0.071526 -1.201727 -15.115572
v 0.280962 -1.149024 -15.027439
v 0.125991 -1.517803 -15.242305
v 0.071526 -1.201727 -15.115572
v 0.125991 -1.517803 -15.242305
v -0.019687 -1.449335 -15.285007
v -0.143013 -1.184271 -15.116166
v 0.071526 -1.201727 -15.115572
v -0.019687 -1.449335 -15.285007
v -0.143013 -1.184271 -15.116166
v -0.019687 -1.449335 -15.285007
v -0.192424 -1.394167 -15.304256
v -0.329988 -1.977770 -15.805530
v -0.192424 -1.394167 -15.304256
v -0.019687 -1.449335 -15.285007
v -0.329988 -1.977770 -15.805530
v -0.019687 -1.449335 -15.285007
v -0.157861 -2.036433 -15.791694
v -0.462774 -2.551993 -16.610449
v -0.329988 -1.977770 -15.805530
v -0.157861 -2.036433 -15.791694
v -0.462774 -2.551993 -16.610449
v -0.157861 -2.036433 -15.791694
v -0.291035 -2.613422 -16.602003
v -0.563400 -3.000875 -17.625359
v -0.462774 -2.551993 -16.610449
v -0.291035 -2.613422 -16.602003
v -0.563400 -3.000875 -17.625359
v -0.291035 -2.613422 -16.602003
v -0.390810 -3.062927 -17.622669
v -0.622936 -3.272260 -18.396957
v -0.563400 -3.000875 -17.625359
v -0.390810 -3.062927 -17.622669
v -0.123324 -1.256296 -19.631266
v -0.614970 -3.269996 -19.297657
v -0.432966 -3.314786 -19.358185
v 0.019393 -0.669987 -19.676109
v 0.051420 -1.298725 -19.660336
v 0.194543 -0.713480 -19.703215
v 0.019393 -0.669987 -19.676109
v -0.123324 -1.256296 -19.631266
v 0.051420 -1.298725 -19.660336
v -0.123324 -1.256296 -19.631266
v -0.432966 -3.314786 -19.358185
v 0.051420 -1.298725 -19.660336
v -0.432966 -3.314786 -19.358185
v 0.209860 -1.335676 -19.741735
v 0.051420 -1.298725 -19.660336
v -0.432966 -3.314786 -19.358185
v -0.296875 -3.376791 -19.448196
v 0.209860 -1.335676 -19.741735
v 0.209860 -1.335676 -19.741735
v -0.296875 -3.376791 -19.448196
v -0.181020 -3.423757 -19.572565
v 0.209860 -1.335676 -19.741735
v -0.181020 -3.423757 -19.572565
v 0.336300 -1.363998 -19.869642
v 0.336300 -1.363998 -19.869642
v -0.181020 -3.423757 -19.572565
v -0.108609 -3.458341 -19.729591
v 0.336300 -1.363998 -19.869642
v -0.108609 -3.458341 -19.729591
v 0.418460 -1.380910 -20.031277
v 0.418460 -1.380910 -20.031277
v -0.108609 -3.458341 -19.729591
v -0.086891 -3.504520 -19.913698
v 0.418460 -1.380910 -20.031277
v -0.086891 -3.504520 -19.913698
v 0.448355 -1.384778 -20.210949
v -0.122694 -3.528262 -20.073963
v 0.448355 -1.384778 -20.210949
v -0.086891 -3.504520 -19.913698
v -0.122694 -3.528262 -20.073963
v 0.423055 -1.375252 -20.391169
v 0.448355 -1.384778 -20.210949
v -0.208326 -3.549482 -20.222242
v 0.423055 -1.375252 -20.391169
v -0.122694 -3.528262 -20.073963
v -0.208326 -3.549482 -20.222242
v 0.344956 -1.353269 -20.554340
v 0.423055 -1.375252 -20.391169
v -0.334311 -3.550179 -20.341051
v 0.344956 -1.353269 -20.554340
v -0.208326 -3.549482 -20.222242
v -0.334311 -3.550179 -20.341051
v 0.221603 -1.320956 -20.684486
v 0.344956 -1.353269 -20.554340
v -0.489091 -3.529955 -20.419069
v 0.221603 -1.320956 -20.684486
v -0.334311 -3.550179 -20.341051
v 0.194543 -0.713480 -19.703215
v 0.051420 -1.298725 -19.660336
v 0.209860 -1.335676 -19.741735
v 0.194543 -0.713480 -19.703215
v 0.209860 -1.335676 -19.741735
v 0.352526 -0.754645 -19.784729
v 0.352526 -0.754645 -19.784729
v 0.209860 -1.335676 -19.741735
v 0.336300 -1.363998 -19.869642
v 0.352526 -0.754645 -19.784729
v 0.336300 -1.363998 -19.869642
v 0.477883 -0.789454 -19.912685
v 0.477883 -0.789454 -19.912685
v 0.336300 -1.363998 -19.869642
v 0.418460 -1.380910 -20.031277
v 0.477883 -0.789454 -19.912685
v 0.418460 -1.380910 -20.031277
v 0.558355 -0.814501 -20.074512
v 0.558355 -0.814501 -20.074512
v 0.418460 -1.380910 -20.031277
v 0.448355 -1.384778 -20.210949
v 0.558355 -0.814501 -20.074512
v 0.448355 -1.384778 -20.210949
v 0.586080 -0.827342 -20.254402
v 0.586080 -0.827342 -20.254402
v 0.448355 -1.384778 -20.210949
v 0.423055 -1.375252 -20.391169
v 0.586080 -0.827342 -20.254402
v 0.423055 -1.375252 -20.391169
v 0.558355 -0.826719 -20.434752
v 0.558355 -0.826719 -20.434752
v 0.423055 -1.375252 -20.391169
v 0.344956 -1.353269 -20.554340
v 0.558355 -0.826719 -20.434752
v 0.344956 -1.353269 -20.554340
v 0.477885 -0.812692 -20.597900
v 0.477885 -0.812692 -20.597900
v 0.344956 -1.353269 -20.554340
v 0.221603 -1.320956 -20.684486
v 0.477885 -0.812692 -20.597900
v 0.221603 -1.320956 -20.684486
v 0.352524 -0.786630 -20.727913
v 0.352524 -0.786630 -20.727913
v 0.221603 -1.320956 -20.684486
v 0.065029 -1.281440 -20.768768
v 0.352524 -0.786630 -20.727913
v 0.065029 -1.281440 -20.768768
v 0.194541 -0.751083 -20.812038
v -0.489091 -3.529955 -20.419069
v 0.065029 -1.281440 -20.768768
v 0.221603 -1.320956 -20.684486
v -0.659840 -3.493863 -20.449299
v 0.065029 -1.281440 -20.768768
v -0.489091 -3.529955 -20.419069
v -0.659840 -3.493863 -20.449299
v -0.109479 -1.238931 -20.800776
v 0.065029 -1.281440 -20.768768
v -0.109479 -1.238931 -20.800776
v 0.194541 -0.751083 -20.812038
v 0.065029 -1.281440 -20.768768
v -0.109479 -1.238931 -20.800776
v 0.019393 -0.709527 -20.842020
v 0.194541 -0.751083 -20.812038
v -1.228902 -3.447767 -18.410793
v -1.199306 -3.404197 -19.221964
v -1.241444 -3.485292 -19.209286
v -1.283576 -3.748734 -19.670378
v -1.360239 -3.781829 -19.685173
v -1.387175 -3.827173 -19.347919
v -1.283576 -3.748734 -19.670378
v -1.387175 -3.827173 -19.347919
v -1.306975 -3.790836 -19.332014
v -1.241444 -3.485292 -19.209286
v -1.283576 -3.748734 -19.670378
v -1.306975 -3.790836 -19.332014
v -1.299356 -3.750521 -18.519400
v -1.241444 -3.485292 -19.209286
v -1.306975 -3.790836 -19.332014
v -1.299356 -3.750521 -18.519400
v -1.228902 -3.447767 -18.410793
v -1.241444 -3.485292 -19.209286
v -1.232957 -3.468951 -17.682013
v -1.228902 -3.447767 -18.410793
v -1.299356 -3.750521 -18.519400
v -1.299356 -3.750521 -18.519400
v -1.311925 -3.503799 -17.680157
v -1.232957 -3.468951 -17.682013
v -1.232957 -3.468951 -17.682013
v -1.311925 -3.503799 -17.680157
v -1.203904 -3.024917 -16.493883
v -1.306975 -3.790836 -19.332014
v -1.387175 -3.827173 -19.347919
v -1.377730 -3.782849 -18.519279
v -1.306975 -3.790836 -19.332014
v -1.377730 -3.782849 -18.519279
v -1.299356 -3.750521 -18.519400
v -1.299356 -3.750521 -18.519400
v -1.377730 -3.782849 -18.519279
v -1.311925 -3.503799 -17.680157
v -1.105539 -3.302552 -18.402807
v -1.199306 -3.404197 -19.221964
v -1.187205 -3.363408 -18.407295
v -1.228902 -3.447767 -18.410793
v -1.187205 -3.363408 -18.407295
v -1.199306 -3.404197 -19.221964
v -1.166686 -3.189263 -17.630297
v -1.187205 -3.363408 -18.407295
v -1.228902 -3.447767 -18.410793
v -1.232957 -3.468951 -17.682013
v -1.166686 -3.189263 -17.630297
v -1.228902 -3.447767 -18.410793
v -1.125488 -2.991128 -16.500088
v -1.166686 -3.189263 -17.630297
v -1.232957 -3.468951 -17.682013
v -1.232957 -3.468951 -17.682013
v -1.203904 -3.024917 -16.493883
v -1.125488 -2.991128 -16.500088
v -1.125488 -2.991128 -16.500088
v -1.203904 -3.024917 -16.493883
v -1.049738 -2.352695 -15.395802
v -1.125488 -2.991128 -16.500088
v -1.049738 -2.352695 -15.395802
v -0.971323 -2.319401 -15.416613
v -0.971323 -2.319401 -15.416613
v -1.049738 -2.352695 -15.395802
v -0.827142 -1.392345 -14.238245
v -0.971323 -2.319401 -15.416613
v -0.827142 -1.392345 -14.238245
v -0.746604 -1.346978 -14.267594
v -0.827142 -1.392345 -14.238245
v -0.504954 -0.887210 -12.940202
v -0.746604 -1.346978 -14.267594
v -0.616928 -0.750014 -14.318486
v -0.746604 -1.346978 -14.267594
v -0.504954 -0.887210 -12.940202
v -0.746604 -1.346978 -14.267594
v -0.616928 -0.750014 -14.318486
v -0.584591 -0.843791 -14.798582
v -0.746604 -1.346978 -14.267594
v -0.584591 -0.843791 -14.798582
v -0.767076 -1.462456 -15.056928
v -0.584591 -0.843791 -14.798582
v -0.732111 -1.410180 -15.129470
v -0.767076 -1.462456 -15.056928
v -0.767076 -1.462456 -15.056928
v -0.732111 -1.410180 -15.129470
v -0.880101 -2.036154 -15.677847
v -0.732111 -1.410180 -15.129470
v -0.801518 -1.986958 -15.722475
v -0.880101 -2.036154 -15.677847
v -0.880101 -2.036154 -15.677847
v -0.801518 -1.986958 -15.722475
v -0.939452 -2.581900 -16.567934
v -0.504954 -0.958214 -15.033911
v -0.732111 -1.410180 -15.129470
v -0.584591 -0.843791 -14.798582
v -0.918586 -2.105425 -15.624697
v -1.020424 -2.642594 -16.547012
v -1.061622 -2.724849 -16.520910
v -0.971323 -2.319401 -15.416613
v -0.918586 -2.105425 -15.624697
v -1.061622 -2.724849 -16.520910
v -0.971323 -2.319401 -15.416613
v -1.061622 -2.724849 -16.520910
v -1.125488 -2.991128 -16.500088
v -1.125488 -2.991128 -16.500088
v -1.061622 -2.724849 -16.520910
v -1.166686 -3.189263 -17.630297
v -1.061622 -2.724849 -16.520910
v -1.125248 -3.102651 -17.628174
v -1.166686 -3.189263 -17.630297
v -1.166686 -3.189263 -17.630297
v -1.125248 -3.102651 -17.628174
v -1.187205 -3.363408 -18.407295
v -1.125248 -3.102651 -17.628174
v -1.105539 -3.302552 -18.402807
v -1.187205 -3.363408 -18.407295
v -1.125248 -3.102651 -17.628174
v -1.043558 -3.037565 -17.624535
v -1.105539 -3.302552 -18.402807
v -1.043558 -3.037565 -17.624535
v -0.974493 -3.259518 -18.400116
v -1.105539 -3.302552 -18.402807
v -1.020424 -2.642594 -16.547012
v -1.043558 -3.037565 -17.624535
v -1.125248 -3.102651 -17.628174
v -1.061622 -2.724849 -16.520910
v -1.020424 -2.642594 -16.547012
v -1.125248 -3.102651 -17.628174
v -0.767076 -1.462456 -15.056928
v -0.971323 -2.319401 -15.416613
v -0.746604 -1.346978 -14.267594
v -0.767076 -1.462456 -15.056928
v -0.918586 -2.105425 -15.624697
v -0.971323 -2.319401 -15.416613
v -0.767076 -1.462456 -15.056928
v -0.880101 -2.036154 -15.677847
v -0.918586 -2.105425 -15.624697
v -0.918586 -2.105425 -15.624697
v -0.880101 -2.036154 -15.677847
v -1.020424 -2.642594 -16.547012
v -0.880101 -2.036154 -15.677847
v -0.939452 -2.581900 -16.567934
v -1.020424 -2.642594 -16.547012
v -1.020424 -2.642594 -16.547012
v -0.939452 -2.581900 -16.567934
v -1.043558 -3.037565 -17.624535
v -0.939452 -2.581900 -16.567934
v -0.912495 -2.990918 -17.624704
v -1.043558 -3.037565 -17.624535
v -1.043558 -3.037565 -17.624535
v -0.912495 -2.990918 -17.624704
v -0.974493 -3.259518 -18.400116
v -0.912495 -2.990918 -17.624704
v -0.806643 -3.248377 -18.398121
v -0.974493 -3.259518 -18.400116
v -0.974493 -3.259518 -18.400116
v -0.806643 -3.248377 -18.398121
v -0.817530 -3.295679 -19.247955
v -0.974493 -3.259518 -18.400116
v -0.817530 -3.295679 -19.247955
v -0.986930 -3.306352 -19.245173
v -1.105539 -3.302552 -18.402807
v -0.974493 -3.259518 -18.400116
v -0.986930 -3.306352 -19.245173
v -1.105539 -3.302552 -18.402807
v -0.986930 -3.306352 -19.245173
v -1.118702 -3.346267 -19.236547
v -1.105539 -3.302552 -18.402807
v -1.118702 -3.346267 -19.236547
v -1.199306 -3.404197 -19.221964
v -0.801518 -1.986958 -15.722475
v -0.809593 -2.539178 -16.589565
v -0.939452 -2.581900 -16.567934
v -0.939452 -2.581900 -16.567934
v -0.809593 -2.539178 -16.589565
v -0.912495 -2.990918 -17.624704
v -0.809593 -2.539178 -16.589565
v -0.745248 -2.976874 -17.625587
v -0.912495 -2.990918 -17.624704
v -0.912495 -2.990918 -17.624704
v -0.745248 -2.976874 -17.625587
v -0.806643 -3.248377 -18.398121
v -0.745248 -2.976874 -17.625587
v -0.622936 -3.272260 -18.396957
v -0.806643 -3.248377 -18.398121
v -0.806643 -3.248377 -18.398121
v -0.622936 -3.272260 -18.396957
v -0.632604 -3.339278 -19.198883
v -0.806643 -3.248377 -18.398121
v -0.632604 -3.339278 -19.198883
v -0.817530 -3.295679 -19.247955
v -0.614970 -3.269996 -19.297657
v -0.817530 -3.295679 -19.247955
v -0.632604 -3.339278 -19.198883
v -0.614970 -3.269996 -19.297657
v -0.796285 -3.226578 -19.361174
v -0.817530 -3.295679 -19.247955
v -0.796285 -3.226578 -19.361174
v -0.986930 -3.306352 -19.245173
v -0.817530 -3.295679 -19.247955
v -0.796285 -3.226578 -19.361174
v -0.944238 -3.219620 -19.453526
v -0.986930 -3.306352 -19.245173
v -0.944238 -3.219620 -19.453526
v -1.118702 -3.346267 -19.236547
v -0.986930 -3.306352 -19.245173
v -0.944238 -3.219620 -19.453526
v -1.066784 -3.208705 -19.579859
v -1.118702 -3.346267 -19.236547
v -1.066784 -3.208705 -19.579859
v -1.199306 -3.404197 -19.221964
v -1.118702 -3.346267 -19.236547
v -1.066784 -3.208705 -19.579859
v -1.144539 -3.206831 -19.738117
v -1.199306 -3.404197 -19.221964
v -1.144539 -3.206831 -19.738117
v -1.241444 -3.485292 -19.209286
v -1.199306 -3.404197 -19.221964
v -1.144539 -3.206831 -19.738117
v -1.182149 -3.238606 -19.922718
v -1.241444 -3.485292 -19.209286
v -1.241444 -3.485292 -19.209286
v -1.182149 -3.238606 -19.922718
v -1.283576 -3.748734 -19.670378
v -0.510044 -1.950927 -15.794595
v -0.329988 -1.977770 -15.805530
v -0.462774 -2.551993 -16.610449
v -0.371505 -1.363918 -15.287902
v -0.329988 -1.977770 -15.805530
v -0.510044 -1.950927 -15.794595
v -0.371505 -1.363918 -15.287902
v -0.192424 -1.394167 -15.304256
v -0.329988 -1.977770 -15.805530
v -0.143013 -1.184271 -15.116166
v -0.192424 -1.394167 -15.304256
v -0.371505 -1.363918 -15.287902
v -0.143013 -1.184271 -15.116166
v -0.371505 -1.363918 -15.287902
v -0.341654 -1.101413 -15.118977
v -0.341654 -1.101413 -15.118977
v -0.371505 -1.363918 -15.287902
v -0.533005 -1.357808 -15.247728
v -0.341654 -1.101413 -15.118977
v -0.533005 -1.357808 -15.247728
v -0.504954 -0.958214 -15.033911
v -0.504954 -0.958214 -15.033911
v -0.533005 -1.357808 -15.247728
v -0.656905 -1.375648 -15.190107
v -0.504954 -0.958214 -15.033911
v -0.656905 -1.375648 -15.190107
v -0.732111 -1.410180 -15.129470
v -0.732111 -1.410180 -15.129470
v -0.656905 -1.375648 -15.190107
v -0.801518 -1.986958 -15.722475
v -0.656905 -1.375648 -15.190107
v -0.674107 -1.954904 -15.765011
v -0.801518 -1.986958 -15.722475
v -0.801518 -1.986958 -15.722475
v -0.674107 -1.954904 -15.765011
v -0.809593 -2.539178 -16.589565
v -0.674107 -1.954904 -15.765011
v -0.643670 -2.527807 -16.604906
v -0.809593 -2.539178 -16.589565
v -0.809593 -2.539178 -16.589565
v -0.643670 -2.527807 -16.604906
v -0.745248 -2.976874 -17.625587
v -0.643670 -2.527807 -16.604906
v -0.563400 -3.000875 -17.625359
v -0.745248 -2.976874 -17.625587
v -0.745248 -2.976874 -17.625587
v -0.563400 -3.000875 -17.625359
v -0.622936 -3.272260 -18.396957
v -0.656905 -1.375648 -15.190107
v -0.533005 -1.357808 -15.247728
v -0.674107 -1.954904 -15.765011
v -0.533005 -1.357808 -15.247728
v -0.510044 -1.950927 -15.794595
v -0.674107 -1.954904 -15.765011
v -0.674107 -1.954904 -15.765011
v -0.510044 -1.950927 -15.794595
v -0.643670 -2.527807 -16.604906
v -0.510044 -1.950927 -15.794595
v -0.462774 -2.551993 -16.610449
v -0.643670 -2.527807 -16.604906
v -0.643670 -2.527807 -16.604906
v -0.462774 -2.551993 -16.610449
v -0.563400 -3.000875 -17.625359
v -0.533005 -1.357808 -15.247728
v -0.371505 -1.363918 -15.287902
v -0.510044 -1.950927 -15.794595
v -0.976592 -3.394241 -20.346338
v -0.828577 -3.447532 -20.421862
v -0.868446 -3.605342 -20.378016
v -0.976592 -3.394241 -20.346338
v -0.868446 -3.605342 -20.378016
v -1.035653 -3.635257 -20.294907
v -1.090065 -3.335408 -20.229504
v -0.976592 -3.394241 -20.346338
v -1.035653 -3.635257 -20.294907
v -1.090065 -3.335408 -20.229504
v -1.035653 -3.635257 -20.294907
v -1.167873 -3.661814 -20.175097
v -1.158730 -3.276727 -20.082495
v -1.090065 -3.335408 -20.229504
v -1.167873 -3.661814 -20.175097
v -1.158730 -3.276727 -20.082495
v -1.167873 -3.661814 -20.175097
v -1.256094 -3.697944 -20.033211
v -1.182149 -3.238606 -19.922718
v -1.158730 -3.276727 -20.082495
v -1.256094 -3.697944 -20.033211
v -1.182149 -3.238606 -19.922718
v -1.256094 -3.697944 -20.033211
v -1.283576 -3.748734 -19.670378
v -1.256094 -3.697944 -20.033211
v -1.360239 -3.781829 -19.685173
v -1.283576 -3.748734 -19.670378
v -1.256094 -3.697944 -20.033211
v -1.330582 -3.731462 -20.046679
v -1.360239 -3.781829 -19.685173
v -1.232763 -3.701529 -20.212063
v -1.330582 -3.731462 -20.046679
v -1.256094 -3.697944 -20.033211
v -1.232763 -3.701529 -20.212063
v -1.256094 -3.697944 -20.033211
v -1.167873 -3.661814 -20.175097
v -1.085467 -3.679250 -20.346346
v -1.232763 -3.701529 -20.212063
v -1.167873 -3.661814 -20.175097
v -1.085467 -3.679250 -20.346346
v -1.167873 -3.661814 -20.175097
v -1.035653 -3.635257 -20.294907
v -0.903299 -3.668603 -20.436958
v -1.085467 -3.679250 -20.346346
v -1.035653 -3.635257 -20.294907
v -0.903299 -3.668603 -20.436958
v -1.035653 -3.635257 -20.294907
v -0.868446 -3.605342 -20.378016
v -0.703711 -3.675233 -20.469120
v -0.903299 -3.668603 -20.436958
v -0.868446 -3.605342 -20.378016
v -0.703711 -3.675233 -20.469120
v -0.868446 -3.605342 -20.378016
v -0.687811 -3.607659 -20.407665
v -0.828577 -3.447532 -20.421862
v -0.687811 -3.607659 -20.407665
v -0.868446 -3.605342 -20.378016
v -0.828577 -3.447532 -20.421862
v -0.659840 -3.493863 -20.449299
v -0.687811 -3.607659 -20.407665
v -0.828577 -3.447532 -20.421862
v -0.443079 -1.159580 -20.689959
v -0.284527 -1.196573 -20.771645
v -0.659840 -3.493863 -20.449299
v -0.828577 -3.447532 -20.421862
v -0.284527 -1.196573 -20.771645
v -0.659840 -3.493863 -20.449299
v -0.284527 -1.196573 -20.771645
v -0.109479 -1.238931 -20.800776
v -0.109479 -1.238931 -20.800776
v -0.284527 -1.196573 -20.771645
v -0.155755 -0.666036 -20.814922
v -0.109479 -1.238931 -20.800776
v -0.155755 -0.666036 -20.814922
v 0.019393 -0.709527 -20.842020
v -0.454054 -1.174487 -19.747198
v -0.297596 -1.213988 -19.663210
v -0.155757 -0.628431 -19.706099
v -0.454054 -1.174487 -19.747198
v -0.155757 -0.628431 -19.706099
v -0.313740 -0.592883 -19.790215
v -0.577399 -1.142164 -19.877163
v -0.454054 -1.174487 -19.747198
v -0.313740 -0.592883 -19.790215
v -0.577399 -1.142164 -19.877163
v -0.313740 -0.592883 -19.790215
v -0.439097 -0.566823 -19.920233
v -0.655643 -1.120131 -20.040119
v -0.577399 -1.142164 -19.877163
v -0.439097 -0.566823 -19.920233
v -0.655643 -1.120131 -20.040119
v -0.439097 -0.566823 -19.920233
v -0.519569 -0.552796 -20.083387
v -0.681187 -1.110542 -20.220251
v -0.655643 -1.120131 -20.040119
v -0.519569 -0.552796 -20.083387
v -0.681187 -1.110542 -20.220251
v -0.519569 -0.552796 -20.083387
v -0.547295 -0.552173 -20.263733
v -0.651536 -1.114356 -20.400017
v -0.681187 -1.110542 -20.220251
v -0.547295 -0.552173 -20.263733
v -0.651536 -1.114356 -20.400017
v -0.547295 -0.552173 -20.263733
v -0.519569 -0.565013 -20.443626
v -0.569525 -1.131245 -20.561869
v -0.651536 -1.114356 -20.400017
v -0.519569 -0.565013 -20.443626
v -0.569525 -1.131245 -20.561869
v -0.519569 -0.565013 -20.443626
v -0.439099 -0.590061 -20.605450
v -0.443079 -1.159580 -20.689959
v -0.569525 -1.131245 -20.561869
v -0.439099 -0.590061 -20.605450
v -0.443079 -1.159580 -20.689959
v -0.439099 -0.590061 -20.605450
v -0.313738 -0.624871 -20.733398
v -0.284527 -1.196573 -20.771645
v -0.443079 -1.159580 -20.689959
v -0.313738 -0.624871 -20.733398
v -0.284527 -1.196573 -20.771645
v -0.313738 -0.624871 -20.733398
v -0.155755 -0.666036 -20.814922
v -0.297596 -1.213988 -19.663210
v 0.019393 -0.669987 -19.676109
v -0.155757 -0.628431 -19.706099
v -0.297596 -1.213988 -19.663210
v -0.123324 -1.256296 -19.631266
v 0.019393 -0.669987 -19.676109
v -0.796285 -3.226578 -19.361174
v -0.123324 -1.256296 -19.631266
v -0.297596 -1.213988 -19.663210
v -0.796285 -3.226578 -19.361174
v -0.297596 -1.213988 -19.663210
v -0.454054 -1.174487 -19.747198
v -0.796285 -3.226578 -19.361174
v -0.454054 -1.174487 -19.747198
v -0.944238 -3.219620 -19.453526
v -1.066784 -3.208705 -19.579859
v -0.944238 -3.219620 -19.453526
v -0.454054 -1.174487 -19.747198
v -1.066784 -3.208705 -19.579859
v -0.454054 -1.174487 -19.747198
v -0.577399 -1.142164 -19.877163
v -1.144539 -3.206831 -19.738117
v -1.066784 -3.208705 -19.579859
v -0.577399 -1.142164 -19.877163
v -1.144539 -3.206831 -19.738117
v -0.577399 -1.142164 -19.877163
v -0.655643 -1.120131 -20.040119
v -1.182149 -3.238606 -19.922718
v -1.144539 -3.206831 -19.738117
v -0.655643 -1.120131 -20.040119
v -1.182149 -3.238606 -19.922718
v -0.655643 -1.120131 -20.040119
v -0.681187 -1.110542 -20.220251
v -1.158730 -3.276727 -20.082495
v -1.182149 -3.238606 -19.922718
v -0.681187 -1.110542 -20.220251
v -1.158730 -3.276727 -20.082495
v -0.681187 -1.110542 -20.220251
v -0.651536 -1.114356 -20.400017
v -1.090065 -3.335408 -20.229504
v -1.158730 -3.276727 -20.082495
v -0.651536 -1.114356 -20.400017
v -1.090065 -3.335408 -20.229504
v -0.651536 -1.114356 -20.400017
v -0.569525 -1.131245 -20.561869
v -0.976592 -3.394241 -20.346338
v -1.090065 -3.335408 -20.229504
v -0.569525 -1.131245 -20.561869
v -0.976592 -3.394241 -20.346338
v -0.569525 -1.131245 -20.561869
v -0.443079 -1.159580 -20.689959
v -0.828577 -3.447532 -20.421862
v -0.976592 -3.394241 -20.346338
v -0.443079 -1.159580 -20.689959
v -0.796285 -3.226578 -19.361174
v -0.614970 -3.269996 -19.297657
v -0.123324 -1.256296 -19.631266
v 1.068692 3.023979 27.808729
v 0.922825 3.115313 27.793766
v 0.830517 3.260126 27.771660
v 1.068692 3.023979 27.808729
v 0.830517 3.260126 27.771660
v 0.804630 3.332218 27.760889
v 1.068692 3.023979 27.808729
v 1.578402 3.019832 27.813095
v 1.239806 3.003901 27.813639
v 1.068692 3.023979 27.808729
v 1.540158 3.383436 27.759153
v 1.578402 3.019832 27.813095
v 1.068692 3.023979 27.808729
v 0.804630 3.332218 27.760889
v 1.540158 3.383436 27.759153
v 1.346305 3.740273 27.710901
v 1.540158 3.383436 27.759153
v 0.804630 3.332218 27.760889
v 1.346305 3.740273 27.710901
v 0.804630 3.332218 27.760889
v 0.702229 3.688643 27.712650
v 1.346305 3.740273 27.710901
v 0.641103 5.519413 27.450859
v 0.877220 5.594111 27.448326
v 0.356501 5.242991 27.480858
v 0.641103 5.519413 27.450859
v 1.346305 3.740273 27.710901
v 0.356501 5.242991 27.480858
v 1.346305 3.740273 27.710901
v 0.702229 3.688643 27.712650
v 0.356501 5.242991 27.480858
v 0.702229 3.688643 27.712650
v 0.354421 5.038081 27.508396
v 0.356501 5.242991 27.480858
v 0.461509 5.419295 27.459784
v 0.641103 5.519413 27.450859
v 1.068690 3.022709 27.771313
v 1.239806 3.002624 27.775982
v 1.578402 3.018555 27.775440
v 1.068690 3.022709 27.771313
v 0.830517 3.258912 27.735893
v 0.922824 3.114064 27.757025
v 1.068690 3.022709 27.771313
v 0.804630 3.331022 27.725594
v 0.830517 3.258912 27.735893
v 1.068690 3.022709 27.771313
v 1.540158 3.382238 27.723860
v 0.804630 3.331022 27.725594
v 1.068690 3.022709 27.771313
v 1.578402 3.018555 27.775440
v 1.540158 3.382238 27.723860
v 1.540158 3.382238 27.723860
v 1.578402 3.018555 27.775440
v 1.600576 3.025652 27.791744
v 0.354421 5.037014 27.476967
v 0.461509 5.418231 27.428358
v 0.356501 5.241926 27.449430
v 0.354421 5.037014 27.476967
v 1.346305 3.739207 27.679474
v 0.461509 5.418231 27.428358
v 1.346305 3.739207 27.679474
v 0.354421 5.037014 27.476967
v 0.702229 3.687577 27.681225
v 1.346305 3.739207 27.679474
v 0.702229 3.687577 27.681225
v 0.804630 3.331022 27.725594
v 1.346305 3.739207 27.679474
v 0.804630 3.331022 27.725594
v 1.540158 3.382238 27.723860
v 0.771669 1.728991 29.851807
v 0.814394 2.445927 30.286037
v 1.053324 2.075722 29.262489
v 1.053324 2.075722 29.262489
v 0.814394 2.445927 30.286037
v 1.033782 3.123678 29.552071
v 1.053324 2.075722 29.262489
v 1.033782 3.123678 29.552071
v 1.475492 2.447622 28.525118
v 1.475492 2.447622 28.525118
v 1.033782 3.123678 29.552071
v 1.458784 3.049866 28.544237
v 1.612930 2.675113 28.085720
v 1.475492 2.447622 28.525118
v 1.458784 3.049866 28.544237
v 1.612930 2.675113 28.085720
v 1.458784 3.049866 28.544237
v 1.608513 3.034741 28.103821
v 1.568330 3.404585 27.970886
v 1.608513 3.034741 28.103821
v 1.458784 3.049866 28.544237
v 1.608513 3.025261 27.824284
v 1.608513 3.034741 28.103821
v 1.568330 3.404585 27.970886
v 1.608513 3.025261 27.824284
v 1.568330 3.404585 27.970886
v 1.568330 3.397672 27.767052
v 1.600576 3.025652 27.791744
v 1.608513 3.025261 27.824284
v 1.568330 3.397672 27.767052
v 1.600576 3.025652 27.791744
v 1.568330 3.397672 27.767052
v 1.557193 3.390833 27.739447
v 1.540158 3.382238 27.723860
v 1.600576 3.025652 27.791744
v 1.557193 3.390833 27.739447
v 1.364497 3.746936 27.692204
v 1.540158 3.382238 27.723860
v 1.557193 3.390833 27.739447
v 1.364497 3.746936 27.692204
v 1.346305 3.739207 27.679474
v 1.540158 3.382238 27.723860
v 0.900338 5.592933 27.428680
v 1.346305 3.739207 27.679474
v 1.364497 3.746936 27.692204
v 0.900338 5.592933 27.428680
v 0.877220 5.593045 27.416901
v 1.346305 3.739207 27.679474
v 0.877220 5.593045 27.416901
v 0.461509 5.418231 27.428358
v 1.346305 3.739207 27.679474
v 0.877220 5.593045 27.416901
v 0.641103 5.518348 27.419436
v 0.461509 5.418231 27.428358
v 1.586568 2.303536 27.986187
v 1.475492 2.447622 28.525118
v 1.612930 2.675113 28.085720
v 1.568330 3.404585 27.970886
v 1.458784 3.049866 28.544237
v 1.238323 3.846556 28.279467
v 1.238323 3.846556 28.279467
v 1.458784 3.049866 28.544237
v 1.033782 3.123678 29.552071
v 0.814394 2.445927 30.286037
v 0.572388 3.439629 30.939465
v 1.033782 3.123678 29.552071
v 0.572388 3.439629 30.939465
v 0.830784 4.248440 29.458809
v 1.033782 3.123678 29.552071
v 1.238323 3.846556 28.279467
v 1.033782 3.123678 29.552071
v 0.830784 4.248440 29.458809
v 0.767777 5.645771 28.069244
v 1.238323 3.846556 28.279467
v 0.830784 4.248440 29.458809
v 1.238323 3.846556 28.279467
v 0.767777 5.645771 28.069244
v 0.908390 5.602952 27.454679
v 1.238323 3.846556 28.279467
v 0.908390 5.602952 27.454679
v 1.375634 3.753646 27.715935
v 1.568330 3.404585 27.970886
v 1.238323 3.846556 28.279467
v 1.375634 3.753646 27.715935
v 1.375634 3.753646 27.715935
v 1.568330 3.397672 27.767052
v 1.568330 3.404585 27.970886
v 1.557193 3.390833 27.739447
v 1.568330 3.397672 27.767052
v 1.375634 3.753646 27.715935
v 1.557193 3.390833 27.739447
v 1.375634 3.753646 27.715935
v 1.364497 3.746936 27.692204
v 1.375634 3.753646 27.715935
v 0.900338 5.592933 27.428680
v 1.364497 3.746936 27.692204
v 1.375634 3.753646 27.715935
v 0.908390 5.602952 27.454679
v 0.900338 5.592933 27.428680
v 0.096546 4.557709 31.796753
v 0.445804 4.442012 30.689716
v 0.572388 3.439629 30.939465
v 0.572388 3.439629 30.939465
v 0.445804 4.442012 30.689716
v 0.830784 4.248440 29.458809
v 0.488283 5.771766 29.282333
v 0.830784 4.248440 29.458809
v 0.445804 4.442012 30.689716
v 0.767777 5.645771 28.069244
v 0.830784 4.248440 29.458809
v 0.488283 5.771766 29.282333
v 0.488283 5.771766 29.282333
v 0.445804 4.442012 30.689716
v 0.133181 5.877760 30.500362
v 0.133181 5.877760 30.500362
v 0.445804 4.442012 30.689716
v 0.096546 4.557709 31.796753
v 0.133181 5.877760 30.500362
v 0.096546 4.557709 31.796753
v -0.207595 5.960603 31.593754
v 0.096546 4.557709 31.796753
v -0.504433 5.986023 32.473419
v -0.207595 5.960603 31.593754
v 0.303535 1.100084 28.016960
v 0.252018 1.184582 29.232822
v 0.504977 1.365956 29.088099
v 0.252018 1.184582 29.232822
v 0.448014 1.483016 30.252182
v 0.504977 1.365956 29.088099
v 0.504977 1.365956 29.088099
v 0.448014 1.483016 30.252182
v 0.771669 1.728991 29.851807
v 0.448014 1.483016 30.252182
v 0.584570 1.967408 30.890015
v 0.771669 1.728991 29.851807
v 0.771669 1.728991 29.851807
v 0.584570 1.967408 30.890015
v 0.814394 2.445927 30.286037
v 0.584570 1.967408 30.890015
v 0.490898 2.728478 31.412033
v 0.814394 2.445927 30.286037
v 0.814394 2.445927 30.286037
v 0.490898 2.728478 31.412033
v 0.572388 3.439629 30.939465
v 0.207736 3.617839 32.080078
v 0.572388 3.439629 30.939465
v 0.490898 2.728478 31.412033
v 0.096546 4.557709 31.796753
v 0.572388 3.439629 30.939465
v 0.207736 3.617839 32.080078
v -0.238710 4.644579 32.765892
v 0.096546 4.557709 31.796753
v 0.207736 3.617839 32.080078
v 0.096546 4.557709 31.796753
v -0.238710 4.644579 32.765892
v -0.504433 5.986023 32.473419
v -0.238710 4.644579 32.765892
v -0.811805 5.919825 33.356617
v -0.504433 5.986023 32.473419
v -0.238710 4.644579 32.765892
v -0.560906 4.649107 33.667816
v -0.811805 5.919825 33.356617
v -0.560906 4.649107 33.667816
v -1.143092 5.760684 34.274261
v -0.811805 5.919825 33.356617
v -0.560906 4.649107 33.667816
v -0.874845 4.583165 34.537312
v -1.143092 5.760684 34.274261
v -0.874845 4.583165 34.537312
v -1.520555 5.520589 35.210953
v -1.143092 5.760684 34.274261
v -0.874845 4.583165 34.537312
v -1.206592 4.505078 35.358852
v -1.520555 5.520589 35.210953
v -1.206592 4.505078 35.358852
v -1.956568 5.152031 36.182648
v -1.520555 5.520589 35.210953
v 0.448014 1.483016 30.252182
v 0.295914 1.627781 31.334446
v 0.584570 1.967408 30.890015
v 0.295914 1.627781 31.334446
v 0.336509 2.184055 31.933380
v 0.584570 1.967408 30.890015
v 0.584570 1.967408 30.890015
v 0.336509 2.184055 31.933380
v 0.490898 2.728478 31.412033
v 0.336509 2.184055 31.933380
v 0.177316 2.914342 32.481216
v 0.490898 2.728478 31.412033
v 0.207736 3.617839 32.080078
v 0.490898 2.728478 31.412033
v 0.177316 2.914342 32.481216
v -0.115519 3.691245 33.095821
v 0.207736 3.617839 32.080078
v 0.177316 2.914342 32.481216
v -0.238710 4.644579 32.765892
v 0.207736 3.617839 32.080078
v -0.115519 3.691245 33.095821
v -0.115519 3.691245 33.095821
v -0.560906 4.649107 33.667816
v -0.238710 4.644579 32.765892
v -0.115519 3.691245 33.095821
v -0.475173 3.783922 34.032562
v -0.560906 4.649107 33.667816
v -0.874845 4.583165 34.537312
v -0.560906 4.649107 33.667816
v -0.475173 3.783922 34.032562
v -0.874845 4.583165 34.537312
v -0.475173 3.783922 34.032562
v -0.874758 3.893502 34.926517
v -0.874758 3.893502 34.926517
v -1.206592 4.505078 35.358852
v -0.874845 4.583165 34.537312
v -0.874758 3.893502 34.926517
v -1.298851 4.015428 35.757038
v -1.206592 4.505078 35.358852
v -1.480336 4.396880 35.987347
v -1.206592 4.505078 35.358852
v -1.298851 4.015428 35.757038
v 0.295914 1.627781 31.334446
v 0.139167 1.773128 32.404926
v 0.336509 2.184055 31.933380
v 0.073745 2.353784 32.938972
v 0.336509 2.184055 31.933380
v 0.139167 1.773128 32.404926
v 0.336509 2.184055 31.933380
v 0.073745 2.353784 32.938972
v 0.177316 2.914342 32.481216
v 0.073745 2.353784 32.938972
v -0.154726 3.055692 33.493877
v 0.177316 2.914342 32.481216
v -0.115519 3.691245 33.095821
v 0.177316 2.914342 32.481216
v -0.154726 3.055692 33.493877
v -0.475173 3.783922 34.032562
v -0.115519 3.691245 33.095821
v -0.154726 3.055692 33.493877
v -0.475173 3.783922 34.032562
v -0.154726 3.055692 33.493877
v -0.534501 3.203271 34.464375
v -0.874758 3.893502 34.926517
v -0.475173 3.783922 34.032562
v -0.534501 3.203271 34.464375
v -0.874758 3.893502 34.926517
v -0.534501 3.203271 34.464375
v -0.963581 3.363388 35.391228
v -1.298851 4.015428 35.757038
v -0.874758 3.893502 34.926517
v -0.963581 3.363388 35.391228
v 0.073745 2.353784 32.938972
v 0.139167 1.773128 32.404926
v -0.093037 1.926026 33.369610
v -0.231909 2.506832 33.934441
v 0.073745 2.353784 32.938972
v -0.093037 1.926026 33.369610
v 0.073745 2.353784 32.938972
v -0.231909 2.506832 33.934441
v -0.154726 3.055692 33.493877
v -0.231909 2.506832 33.934441
v -0.534501 3.203271 34.464375
v -0.154726 3.055692 33.493877
v -0.231909 2.506832 33.934441
v -0.631159 2.695294 34.938766
v -0.534501 3.203271 34.464375
v -0.631159 2.695294 34.938766
v -0.963581 3.363388 35.391228
v -0.534501 3.203271 34.464375
v -0.231909 2.506832 33.934441
v -0.093037 1.926026 33.369610
v -0.376793 2.054547 34.367096
v -0.631159 2.695294 34.938766
v -0.231909 2.506832 33.934441
v -0.376793 2.054547 34.367096
v -1.206592 4.505078 35.358852
v -1.480336 4.396880 35.987347
v -1.956568 5.152031 36.182648
v -1.956568 5.152031 36.182648
v -1.480336 4.396880 35.987347
v -1.704874 4.140314 36.475945
v -1.480336 4.396880 35.987347
v -1.298851 4.015428 35.757038
v -1.704874 4.140314 36.475945
v -1.704874 4.140314 36.475945
v -1.298851 4.015428 35.757038
v -1.417032 3.534551 36.269745
v -1.298851 4.015428 35.757038
v -0.963581 3.363388 35.391228
v -1.417032 3.534551 36.269745
v -1.104502 2.903284 35.893105
v -1.417032 3.534551 36.269745
v -0.963581 3.363388 35.391228
v -0.631159 2.695294 34.938766
v -1.104502 2.903284 35.893105
v -0.963581 3.363388 35.391228
v -1.104502 2.903284 35.893105
v -0.631159 2.695294 34.938766
v -0.816098 2.272881 35.371490
v -0.631159 2.695294 34.938766
v -0.376793 2.054547 34.367096
v -0.816098 2.272881 35.371490
v -0.816098 2.272881 35.371490
v -0.376793 2.054547 34.367096
v -0.523073 1.647316 34.778454
v -0.376793 2.054547 34.367096
v -0.231463 1.556996 33.707779
v -0.523073 1.647316 34.778454
v -0.376793 2.054547 34.367096
v -0.093037 1.926026 33.369610
v -0.231463 1.556996 33.707779
v -0.093037 1.926026 33.369610
v -0.063160 1.456627 32.608757
v -0.231463 1.556996 33.707779
v -0.093037 1.926026 33.369610
v 0.139167 1.773128 32.404926
v -0.063160 1.456627 32.608757
v 0.085054 1.355928 31.505459
v -0.063160 1.456627 32.608757
v 0.139167 1.773128 32.404926
v 0.085054 1.355928 31.505459
v 0.139167 1.773128 32.404926
v 0.295914 1.627781 31.334446
v 0.207966 1.259998 30.363770
v 0.085054 1.355928 31.505459
v 0.295914 1.627781 31.334446
v 0.207966 1.259998 30.363770
v 0.295914 1.627781 31.334446
v 0.448014 1.483016 30.252182
v 0.252018 1.184582 29.232822
v 0.207966 1.259998 30.363770
v 0.448014 1.483016 30.252182
v -0.816098 2.272881 35.371490
v -0.523073 1.647316 34.778454
v -0.984672 1.870741 35.805378
v -1.299667 2.489331 36.349861
v -0.816098 2.272881 35.371490
v -0.984672 1.870741 35.805378
v -1.104502 2.903284 35.893105
v -0.816098 2.272881 35.371490
v -1.299667 2.489331 36.349861
v -1.635465 3.109496 36.758911
v -1.104502 2.903284 35.893105
v -1.299667 2.489331 36.349861
v -1.104502 2.903284 35.893105
v -1.635465 3.109496 36.758911
v -1.417032 3.534551 36.269745
v -1.635465 3.109496 36.758911
v -1.947923 3.761224 37.058208
v -1.417032 3.534551 36.269745
v -1.704874 4.140314 36.475945
v -1.417032 3.534551 36.269745
v -1.947923 3.761224 37.058208
v -2.383824 4.676418 37.053188
v -1.704874 4.140314 36.475945
v -1.947923 3.761224 37.058208
v -1.956568 5.152031 36.182648
v -1.704874 4.140314 36.475945
v -2.383824 4.676418 37.053188
v -2.383824 4.676418 37.053188
v -1.947923 3.761224 37.058208
v -2.672048 4.113478 37.724766
v -2.672048 4.113478 37.724766
v -1.947923 3.761224 37.058208
v -2.238382 3.314739 37.560822
v -1.635465 3.109496 36.758911
v -2.238382 3.314739 37.560822
v -1.947923 3.761224 37.058208
v -2.238382 3.314739 37.560822
v -1.635465 3.109496 36.758911
v -1.817689 2.684462 37.254997
v -1.635465 3.109496 36.758911
v -1.299667 2.489331 36.349861
v -1.817689 2.684462 37.254997
v -1.817689 2.684462 37.254997
v -1.299667 2.489331 36.349861
v -1.486584 2.094511 36.829849
v -1.299667 2.489331 36.349861
v -0.984672 1.870741 35.805378
v -1.486584 2.094511 36.829849
v -1.817689 2.684462 37.254997
v -1.486584 2.094511 36.829849
v -2.039202 2.282547 37.590794
v -2.672048 4.113478 37.724766
v -2.238382 3.314739 37.560822
v -2.984100 3.528948 38.242851
v -2.984100 3.528948 38.242851
v -2.238382 3.314739 37.560822
v -2.495578 2.859661 37.948227
v -2.238382 3.314739 37.560822
v -1.817689 2.684462 37.254997
v -2.495578 2.859661 37.948227
v -2.495578 2.859661 37.948227
v -1.817689 2.684462 37.254997
v -2.039202 2.282547 37.590794
v -2.495578 2.859661 37.948227
v -2.039202 2.282547 37.590794
v -2.701716 2.443284 38.244938
v -2.984100 3.528948 38.242851
v -2.495578 2.859661 37.948227
v -3.240534 3.010120 38.632423
v -3.240534 3.010120 38.632423
v -2.495578 2.859661 37.948227
v -2.701716 2.443284 38.244938
v -3.240534 3.010120 38.632423
v -2.701716 2.443284 38.244938
v -3.492362 2.591723 38.863258
v -3.492362 2.591723 38.863258
v -2.821901 1.989768 38.388016
v -3.651775 2.212222 38.999580
v -3.492362 2.591723 38.863258
v -2.701716 2.443284 38.244938
v -2.821901 1.989768 38.388016
v -2.701716 2.443284 38.244938
v -2.222029 1.825549 37.845127
v -2.821901 1.989768 38.388016
v -2.701716 2.443284 38.244938
v -2.039202 2.282547 37.590794
v -2.222029 1.825549 37.845127
v -2.039202 2.282547 37.590794
v -1.718364 1.679779 37.156719
v -2.222029 1.825549 37.845127
v -2.039202 2.282547 37.590794
v -1.486584 2.094511 36.829849
v -1.718364 1.679779 37.156719
v -1.486584 2.094511 36.829849
v -1.142329 1.499671 35.974461
v -1.718364 1.679779 37.156719
v -1.486584 2.094511 36.829849
v -0.984672 1.870741 35.805378
v -1.142329 1.499671 35.974461
v -0.984672 1.870741 35.805378
v -0.648248 1.343472 34.909832
v -1.142329 1.499671 35.974461
v -0.984672 1.870741 35.805378
v -0.523073 1.647316 34.778454
v -0.648248 1.343472 34.909832
v -0.523073 1.647316 34.778454
v -0.284489 1.220855 33.901394
v -0.648248 1.343472 34.909832
v -0.523073 1.647316 34.778454
v -0.231463 1.556996 33.707779
v -0.284489 1.220855 33.901394
v -0.231463 1.556996 33.707779
v -0.161938 1.149742 32.682854
v -0.284489 1.220855 33.901394
v -0.231463 1.556996 33.707779
v -0.063160 1.456627 32.608757
v -0.161938 1.149742 32.682854
v -0.029883 1.079204 31.549370
v -0.161938 1.149742 32.682854
v -0.063160 1.456627 32.608757
v -0.029883 1.079204 31.549370
v -0.063160 1.456627 32.608757
v 0.085054 1.355928 31.505459
v 0.080656 1.013561 30.405991
v -0.029883 1.079204 31.549370
v 0.085054 1.355928 31.505459
v 0.080656 1.013561 30.405991
v 0.085054 1.355928 31.505459
v 0.207966 1.259998 30.363770
v -2.821901 1.989768 38.388016
v -3.686255 1.794025 38.890312
v -3.651775 2.212222 38.999580
v -2.821901 1.989768 38.388016
v -2.925279 1.523520 38.276134
v -3.686255 1.794025 38.890312
v -2.925279 1.523520 38.276134
v -2.821901 1.989768 38.388016
v -2.222029 1.825549 37.845127
v -2.925279 1.523520 38.276134
v -2.222029 1.825549 37.845127
v -2.273072 1.320376 37.623421
v -2.273072 1.320376 37.623421
v -2.222029 1.825549 37.845127
v -1.718364 1.679779 37.156719
v -2.273072 1.320376 37.623421
v -1.718364 1.679779 37.156719
v -1.707659 1.184983 36.860691
v -1.707659 1.184983 36.860691
v -1.718364 1.679779 37.156719
v -1.142329 1.499671 35.974461
v -1.707659 1.184983 36.860691
v -1.142329 1.499671 35.974461
v -1.175014 1.087657 35.831940
v -1.175014 1.087657 35.831940
v -1.142329 1.499671 35.974461
v -0.648248 1.343472 34.909832
v -1.175014 1.087657 35.831940
v -0.648248 1.343472 34.909832
v -0.678383 1.008351 34.800121
v -0.678383 1.008351 34.800121
v -0.648248 1.343472 34.909832
v -0.284489 1.220855 33.901394
v -0.678383 1.008351 34.800121
v -0.284489 1.220855 33.901394
v -0.394509 0.886208 33.730530
v -0.394509 0.886208 33.730530
v -0.284489 1.220855 33.901394
v -0.161938 1.149742 32.682854
v -0.394509 0.886208 33.730530
v -0.161938 1.149742 32.682854
v -0.216032 0.827694 32.630077
v -0.029883 1.079204 31.549370
v -0.216032 0.827694 32.630077
v -0.161938 1.149742 32.682854
v -0.029883 1.079204 31.549370
v -0.055321 0.778413 31.525047
v -0.216032 0.827694 32.630077
v 0.080656 1.013561 30.405991
v -0.055321 0.778413 31.525047
v -0.029883 1.079204 31.549370
v 0.080656 1.013561 30.405991
v 0.080125 0.734049 30.381607
v -0.055321 0.778413 31.525047
v 0.647712 0.605052 16.512371
v 0.019395 0.557330 16.513988
v 0.631715 0.408667 16.519032
v 0.555781 0.226835 16.525196
v 0.631715 0.408667 16.519032
v 0.019395 0.557330 16.513988
v 0.427341 0.077353 16.530266
v 0.555781 0.226835 16.525196
v 0.019395 0.557330 16.513988
v 0.258968 -0.025145 16.533743
v 0.427341 0.077353 16.530266
v 0.019395 0.557330 16.513988
v 0.067145 -0.070626 16.535282
v 0.258968 -0.025145 16.533743
v 0.019395 0.557330 16.513988
v -0.129353 -0.054638 16.534742
v 0.067145 -0.070626 16.535282
v 0.019395 0.557330 16.513988
v -0.311290 0.021253 16.532167
v -0.129353 -0.054638 16.534742
v 0.019395 0.557330 16.513988
v -0.460857 0.149619 16.527815
v -0.311290 0.021253 16.532167
v 0.019395 0.557330 16.513988
v -0.563414 0.317895 16.522108
v -0.460857 0.149619 16.527815
v 0.019395 0.557330 16.513988
v -0.608922 0.509609 16.515606
v -0.563414 0.317895 16.522108
v 0.019395 0.557330 16.513988
v -0.592925 0.705993 16.508947
v -0.608922 0.509609 16.515606
v 0.019395 0.557330 16.513988
v -0.592925 0.705993 16.508947
v 0.019395 0.557330 16.513988
v -0.516990 0.887826 16.502779
v -0.516990 0.887826 16.502779
v 0.019395 0.557330 16.513988
v -0.388550 1.037307 16.497711
v -0.388550 1.037307 16.497711
v 0.019395 0.557330 16.513988
v -0.220177 1.139805 16.494234
v -0.220177 1.139805 16.494234
v 0.019395 0.557330 16.513988
v -0.028354 1.185286 16.492693
v -0.028354 1.185286 16.492693
v 0.019395 0.557330 16.513988
v 0.168144 1.169298 16.493235
v 0.168144 1.169298 16.493235
v 0.019395 0.557330 16.513988
v 0.350081 1.093407 16.495808
v 0.350081 1.093407 16.495808
v 0.019395 0.557330 16.513988
v 0.499648 0.965042 16.500160
v 0.499648 0.965042 16.500160
v 0.019395 0.557330 16.513988
v 0.602205 0.796765 16.505867
v 0.602205 0.796765 16.505867
v 0.019395 0.557330 16.513988
v 0.647712 0.605052 16.512371
v -3.670609 2.215910 38.973358
v -3.492362 2.591723 38.863258
v -3.651775 2.212222 38.999580
v -3.670609 2.215910 38.973358
v -3.513289 2.588870 38.837917
v -3.492362 2.591723 38.863258
v -3.492362 2.591723 38.863258
v -3.513289 2.588870 38.837917
v -3.262713 3.005054 38.608551
v -3.492362 2.591723 38.863258
v -3.262713 3.005054 38.608551
v -3.240534 3.010120 38.632423
v -3.262713 3.005054 38.608551
v -2.984100 3.528948 38.242851
v -3.240534 3.010120 38.632423
v -3.262713 3.005054 38.608551
v -3.007098 3.521672 38.220333
v -2.984100 3.528948 38.242851
v -2.984100 3.528948 38.242851
v -3.007098 3.521672 38.220333
v -2.695832 4.103573 37.704258
v -2.984100 3.528948 38.242851
v -2.695832 4.103573 37.704258
v -2.672048 4.113478 37.724766
v -2.695832 4.103573 37.704258
v -2.383824 4.676418 37.053188
v -2.672048 4.113478 37.724766
v -2.695832 4.103573 37.704258
v -2.408482 4.664826 37.034550
v -2.383824 4.676418 37.053188
v -2.383824 4.676418 37.053188
v -2.408482 4.664826 37.034550
v -1.982500 5.140493 36.165867
v -2.383824 4.676418 37.053188
v -1.982500 5.140493 36.165867
v -1.956568 5.152031 36.182648
v -1.956568 5.152031 36.182648
v -1.982500 5.140493 36.165867
v -1.548221 5.509773 35.196629
v -1.956568 5.152031 36.182648
v -1.548221 5.509773 35.196629
v -1.520555 5.520589 35.210953
v -1.520555 5.520589 35.210953
v -1.548221 5.509773 35.196629
v -1.172083 5.751145 34.261715
v -1.520555 5.520589 35.210953
v -1.172083 5.751145 34.261715
v -1.143092 5.760684 34.274261
v -1.143092 5.760684 34.274261
v -1.172083 5.751145 34.261715
v -0.841555 5.911091 33.345287
v -1.143092 5.760684 34.274261
v -0.841555 5.911091 33.345287
v -0.811805 5.919825 33.356617
v -0.811805 5.919825 33.356617
v -0.841555 5.911091 33.345287
v -0.534652 5.977740 32.463024
v -0.811805 5.919825 33.356617
v -0.534652 5.977740 32.463024
v -0.504433 5.986023 32.473419
v -0.504433 5.986023 32.473419
v -0.534652 5.977740 32.463024
v -0.238200 5.952588 31.584324
v -0.504433 5.986023 32.473419
v -0.238200 5.952588 31.584324
v -0.207595 5.960603 31.593754
v -0.238200 5.952588 31.584324
v 0.133181 5.877760 30.500362
v -0.207595 5.960603 31.593754
v 1.586568 2.303536 27.986187
v 1.558136 2.314203 27.975809
v 1.583562 2.016365 27.668600
v 1.612930 2.675113 28.085720
v 1.558136 2.314203 27.975809
v 1.586568 2.303536 27.986187
v 1.612930 2.675113 28.085720
v 1.581341 2.677067 28.076683
v 1.558136 2.314203 27.975809
v 1.578402 3.029312 28.092634
v 1.581341 2.677067 28.076683
v 1.612930 2.675113 28.085720
v 1.581341 2.677067 28.076683
v 1.578402 3.029312 28.092634
v 1.428163 3.044964 28.532907
v 1.428163 3.044964 28.532907
v 1.578402 3.029312 28.092634
v 1.540158 3.390349 27.962990
v 1.428163 3.044964 28.532907
v 1.540158 3.390349 27.962990
v 1.207916 3.836424 28.271544
v 1.540158 3.390349 27.962990
v 1.346305 3.740273 27.710901
v 1.207916 3.836424 28.271544
v 1.207916 3.836424 28.271544
v 1.346305 3.740273 27.710901
v 0.877220 5.594111 27.448326
v 1.207916 3.836424 28.271544
v 0.877220 5.594111 27.448326
v 0.736631 5.637129 28.062529
v 0.736631 5.637129 28.062529
v 0.877220 5.594111 27.448326
v 0.908390 5.602952 27.454679
v 0.736631 5.637129 28.062529
v 0.908390 5.602952 27.454679
v 0.767777 5.645771 28.069244
v 0.457249 5.763601 29.274599
v 0.736631 5.637129 28.062529
v 0.767777 5.645771 28.069244
v 0.457249 5.763601 29.274599
v 0.767777 5.645771 28.069244
v 0.488283 5.771766 29.282333
v 0.133181 5.877760 30.500362
v 0.457249 5.763601 29.274599
v 0.488283 5.771766 29.282333
v 0.133181 5.877760 30.500362
v 0.102319 5.869852 30.491699
v 0.457249 5.763601 29.274599
v -0.238200 5.952588 31.584324
v 0.102319 5.869852 30.491699
v 0.133181 5.877760 30.500362
v 0.065745 4.550401 31.787373
v 0.102319 5.869852 30.491699
v -0.238200 5.952588 31.584324
v 0.414788 4.434906 30.680912
v 0.457249 5.763601 29.274599
v 0.102319 5.869852 30.491699
v 0.065745 4.550401 31.787373
v 0.414788 4.434906 30.680912
v 0.102319 5.869852 30.491699
v 1.578402 3.029312 28.092634
v 1.612930 2.675113 28.085720
v 1.608513 3.034741 28.103821
v 1.346305 3.740273 27.710901
v 1.540158 3.390349 27.962990
v 1.540158 3.383436 27.759153
v 1.578402 3.019832 27.813095
v 1.540158 3.383436 27.759153
v 1.540158 3.390349 27.962990
v 1.578402 3.019832 27.813095
v 1.540158 3.390349 27.962990
v 1.578402 3.029312 28.092634
v 0.356501 5.242991 27.480858
v 0.354421 5.038081 27.508396
v 0.354421 5.037014 27.476967
v 0.356501 5.242991 27.480858
v 0.354421 5.037014 27.476967
v 0.356501 5.241926 27.449430
v 0.461509 5.419295 27.459784
v 0.356501 5.242991 27.480858
v 0.356501 5.241926 27.449430
v 0.461509 5.419295 27.459784
v 0.356501 5.241926 27.449430
v 0.461509 5.418231 27.428358
v 0.641103 5.519413 27.450859
v 0.461509 5.419295 27.459784
v 0.461509 5.418231 27.428358
v 0.641103 5.519413 27.450859
v 0.461509 5.418231 27.428358
v 0.641103 5.518348 27.419436
v 0.877220 5.594111 27.448326
v 0.641103 5.519413 27.450859
v 0.641103 5.518348 27.419436
v 0.877220 5.594111 27.448326
v 0.641103 5.518348 27.419436
v 0.877220 5.593045 27.416901
v 0.877220 5.594111 27.448326
v 0.877220 5.593045 27.416901
v 0.900338 5.592933 27.428680
v 0.877220 5.594111 27.448326
v 0.900338 5.592933 27.428680
v 0.908390 5.602952 27.454679
v 1.583562 2.016365 27.668600
v 1.317061 1.931663 27.935919
v 1.372628 1.508693 27.111784
v 1.558136 2.314203 27.975809
v 1.317061 1.931663 27.935919
v 1.583562 2.016365 27.668600
v 1.558136 2.314203 27.975809
v 1.445089 2.455013 28.514582
v 1.317061 1.931663 27.935919
v 1.558136 2.314203 27.975809
v 1.581341 2.677067 28.076683
v 1.445089 2.455013 28.514582
v 1.581341 2.677067 28.076683
v 1.428163 3.044964 28.532907
v 1.445089 2.455013 28.514582
v 1.445089 2.455013 28.514582
v 1.428163 3.044964 28.532907
v 1.002595 3.120593 29.541679
v 1.002595 3.120593 29.541679
v 1.428163 3.044964 28.532907
v 1.207916 3.836424 28.271544
v 1.002595 3.120593 29.541679
v 1.207916 3.836424 28.271544
v 0.799810 4.240694 29.450405
v 0.799810 4.240694 29.450405
v 1.207916 3.836424 28.271544
v 0.736631 5.637129 28.062529
v 0.799810 4.240694 29.450405
v 0.736631 5.637129 28.062529
v 0.457249 5.763601 29.274599
v 0.414788 4.434906 30.680912
v 0.799810 4.240694 29.450405
v 0.457249 5.763601 29.274599
v 0.799810 4.240694 29.450405
v 0.414788 4.434906 30.680912
v 0.540961 3.435401 30.930271
v 0.065745 4.550401 31.787373
v 0.540961 3.435401 30.930271
v 0.414788 4.434906 30.680912
v 0.065745 4.550401 31.787373
v 0.176500 3.612707 32.070702
v 0.540961 3.435401 30.930271
v -0.269102 4.636807 32.755596
v 0.176500 3.612707 32.070702
v 0.065745 4.550401 31.787373
v -0.269102 4.636807 32.755596
v -0.146334 3.685340 33.085537
v 0.176500 3.612707 32.070702
v -0.146334 3.685340 33.085537
v -0.269102 4.636807 32.755596
v -0.590828 4.640935 33.656502
v -0.146334 3.685340 33.085537
v -0.590828 4.640935 33.656502
v -0.505397 3.777409 34.020977
v -0.505397 3.777409 34.020977
v -0.590828 4.640935 33.656502
v -0.904221 4.574772 34.524788
v -0.505397 3.777409 34.020977
v -0.904221 4.574772 34.524788
v -0.904398 3.886760 34.913631
v -1.235183 4.496459 35.344769
v -0.904398 3.886760 34.913631
v -0.904221 4.574772 34.524788
v 0.799810 4.240694 29.450405
v 0.540961 3.435401 30.930271
v 1.002595 3.120593 29.541679
v 0.833458 1.344023 26.270197
v 1.037906 1.337146 26.033602
v 1.372628 1.508693 27.111784
v 0.833458 1.344023 26.270197
v 1.372628 1.508693 27.111784
v 1.060153 1.471767 27.413000
v 1.060153 1.471767 27.413000
v 1.372628 1.508693 27.111784
v 1.317061 1.931663 27.935919
v 1.060153 1.471767 27.413000
v 1.317061 1.931663 27.935919
v 1.070449 1.747117 28.360554
v 1.070449 1.747117 28.360554
v 1.317061 1.931663 27.935919
v 1.445089 2.455013 28.514582
v 1.070449 1.747117 28.360554
v 1.445089 2.455013 28.514582
v 1.023094 2.085496 29.253508
v 1.023094 2.085496 29.253508
v 1.445089 2.455013 28.514582
v 1.002595 3.120593 29.541679
v 1.023094 2.085496 29.253508
v 1.002595 3.120593 29.541679
v 0.782881 2.448577 30.276558
v 0.782881 2.448577 30.276558
v 1.002595 3.120593 29.541679
v 0.540961 3.435401 30.930271
v 0.782881 2.448577 30.276558
v 0.540961 3.435401 30.930271
v 0.459165 2.727863 31.402939
v 0.176500 3.612707 32.070702
v 0.459165 2.727863 31.402939
v 0.540961 3.435401 30.930271
v 0.176500 3.612707 32.070702
v 0.145725 2.911891 32.471943
v 0.459165 2.727863 31.402939
v -0.146334 3.685340 33.085537
v 0.145725 2.911891 32.471943
v 0.176500 3.612707 32.070702
v -0.146334 3.685340 33.085537
v -0.185792 3.051623 33.483456
v 0.145725 2.911891 32.471943
v -0.505397 3.777409 34.020977
v -0.185792 3.051623 33.483456
v -0.146334 3.685340 33.085537
v -0.505397 3.777409 34.020977
v -0.564761 3.197784 34.452366
v -0.185792 3.051623 33.483456
v -0.904398 3.886760 34.913631
v -0.564761 3.197784 34.452366
v -0.505397 3.777409 34.020977
v -0.904398 3.886760 34.913631
v -0.993020 3.357052 35.377689
v -0.564761 3.197784 34.452366
v -1.327915 4.008896 35.742798
v -0.993020 3.357052 35.377689
v -0.904398 3.886760 34.913631
v -1.235183 4.496459 35.344769
v -1.327915 4.008896 35.742798
v -0.904398 3.886760 34.913631
v -1.327915 4.008896 35.742798
v -1.235183 4.496459 35.344769
v -1.507981 4.388252 35.971489
v 0.170245 1.287095 24.148600
v 0.581843 1.294319 25.150122
v 0.413308 1.260194 25.300274
v 0.413308 1.260194 25.300274
v 0.581843 1.294319 25.150122
v 0.833458 1.344023 26.270197
v 0.413308 1.260194 25.300274
v 0.833458 1.344023 26.270197
v 0.654167 1.279859 26.487522
v 0.654167 1.279859 26.487522
v 0.833458 1.344023 26.270197
v 1.060153 1.471767 27.413000
v 0.654167 1.279859 26.487522
v 1.060153 1.471767 27.413000
v 0.807871 1.372618 27.682194
v 0.807871 1.372618 27.682194
v 1.060153 1.471767 27.413000
v 1.070449 1.747117 28.360554
v 0.807871 1.372618 27.682194
v 1.070449 1.747117 28.360554
v 0.827637 1.536298 28.813839
v 0.827637 1.536298 28.813839
v 1.070449 1.747117 28.360554
v 1.023094 2.085496 29.253508
v 0.827637 1.536298 28.813839
v 1.023094 2.085496 29.253508
v 0.744252 1.745936 29.844654
v 0.744252 1.745936 29.844654
v 1.023094 2.085496 29.253508
v 0.782881 2.448577 30.276558
v 0.744252 1.745936 29.844654
v 0.782881 2.448577 30.276558
v 0.554125 1.977086 30.881680
v 0.554125 1.977086 30.881680
v 0.782881 2.448577 30.276558
v 0.459165 2.727863 31.402939
v 0.554125 1.977086 30.881680
v 0.459165 2.727863 31.402939
v 0.304921 2.188641 31.924938
v 0.304921 2.188641 31.924938
v 0.459165 2.727863 31.402939
v 0.145725 2.911891 32.471943
v 0.304921 2.188641 31.924938
v 0.145725 2.911891 32.471943
v 0.042039 2.354640 32.929806
v 0.042039 2.354640 32.929806
v 0.145725 2.911891 32.471943
v -0.185792 3.051623 33.483456
v 0.042039 2.354640 32.929806
v -0.185792 3.051623 33.483456
v -0.263125 2.505313 33.923798
v -0.263125 2.505313 33.923798
v -0.185792 3.051623 33.483456
v -0.564761 3.197784 34.452366
v 0.042039 2.354640 32.929806
v 0.108631 1.783278 32.397545
v 0.304921 2.188641 31.924938
v 0.042039 2.354640 32.929806
v -0.124512 1.931102 33.361031
v 0.108631 1.783278 32.397545
v -0.263125 2.505313 33.923798
v -0.124512 1.931102 33.361031
v 0.042039 2.354640 32.929806
v -0.263125 2.505313 33.923798
v -0.407920 2.055227 34.356110
v -0.124512 1.931102 33.361031
v -0.661394 2.691956 34.925934
v -0.407920 2.055227 34.356110
v -0.263125 2.505313 33.923798
v -0.263125 2.505313 33.923798
v -0.564761 3.197784 34.452366
v -0.661394 2.691956 34.925934
v -0.661394 2.691956 34.925934
v -0.564761 3.197784 34.452366
v -0.993020 3.357052 35.377689
v -0.380756 1.105059 23.103989
v -0.516991 1.071229 21.910776
v -0.388551 1.220710 21.905710
v -0.380756 1.105059 23.103989
v -0.388551 1.220710 21.905710
v -0.232021 1.248452 23.075336
v -0.380756 1.105059 23.103989
v -0.232021 1.248452 23.075336
v -0.016204 1.230739 24.219124
v -0.232021 1.248452 23.075336
v 0.170245 1.287095 24.148600
v -0.016204 1.230739 24.219124
v -0.016204 1.230739 24.219124
v 0.170245 1.287095 24.148600
v 0.413308 1.260194 25.300274
v -0.016204 1.230739 24.219124
v 0.413308 1.260194 25.300274
v 0.250332 1.179208 25.422014
v 0.250332 1.179208 25.422014
v 0.413308 1.260194 25.300274
v 0.654167 1.279859 26.487522
v 0.250332 1.179208 25.422014
v 0.654167 1.279859 26.487522
v 0.478630 1.174295 26.676893
v 0.478630 1.174295 26.676893
v 0.654167 1.279859 26.487522
v 0.807871 1.372618 27.682194
v 0.478630 1.174295 26.676893
v 0.807871 1.372618 27.682194
v 0.507447 1.301029 27.924816
v 0.507447 1.301029 27.924816
v 0.807871 1.372618 27.682194
v 0.827637 1.536298 28.813839
v 0.507447 1.301029 27.924816
v 0.827637 1.536298 28.813839
v 0.480537 1.397497 29.105118
v 0.480537 1.397497 29.105118
v 0.827637 1.536298 28.813839
v 0.744252 1.745936 29.844654
v 0.480537 1.397497 29.105118
v 0.744252 1.745936 29.844654
v 0.424488 1.505535 30.246750
v 0.424488 1.505535 30.246750
v 0.744252 1.745936 29.844654
v 0.554125 1.977086 30.881680
v 0.424488 1.505535 30.246750
v 0.554125 1.977086 30.881680
v 0.268069 1.644315 31.328014
v 0.268069 1.644315 31.328014
v 0.554125 1.977086 30.881680
v 0.304921 2.188641 31.924938
v 0.268069 1.644315 31.328014
v 0.304921 2.188641 31.924938
v 0.108631 1.783278 32.397545
v -0.380756 1.105059 23.103989
v -0.016204 1.230739 24.219124
v -0.176032 1.099888 24.278767
v -0.176032 1.099888 24.278767
v -0.016204 1.230739 24.219124
v 0.250332 1.179208 25.422014
v -0.176032 1.099888 24.278767
v 0.250332 1.179208 25.422014
v 0.104849 1.049511 25.520414
v 0.104849 1.049511 25.520414
v 0.250332 1.179208 25.422014
v 0.478630 1.174295 26.676893
v 0.104849 1.049511 25.520414
v 0.478630 1.174295 26.676893
v 0.255906 1.055318 26.812311
v 0.255906 1.055318 26.812311
v 0.478630 1.174295 26.676893
v 0.507447 1.301029 27.924816
v 0.255906 1.055318 26.812311
v 0.507447 1.301029 27.924816
v 0.270099 1.128207 28.073824
v 0.270099 1.128207 28.073824
v 0.507447 1.301029 27.924816
v 0.480537 1.397497 29.105118
v 0.270099 1.128207 28.073824
v 0.480537 1.397497 29.105118
v 0.203340 1.220875 29.271917
v 0.203340 1.220875 29.271917
v 0.480537 1.397497 29.105118
v 0.424488 1.505535 30.246750
v 0.203340 1.220875 29.271917
v 0.424488 1.505535 30.246750
v 0.126509 1.296076 30.414845
v 0.126509 1.296076 30.414845
v 0.424488 1.505535 30.246750
v 0.268069 1.644315 31.328014
v 0.126509 1.296076 30.414845
v 0.268069 1.644315 31.328014
v 0.041802 1.373855 31.542950
v 0.041802 1.373855 31.542950
v 0.268069 1.644315 31.328014
v 0.108631 1.783278 32.397545
v 0.041802 1.373855 31.542950
v 0.108631 1.783278 32.397545
v -0.093043 1.469556 32.603294
v -0.124512 1.931102 33.361031
v -0.093043 1.469556 32.603294
v 0.108631 1.783278 32.397545
v -0.124512 1.931102 33.361031
v -0.263086 1.563014 33.700447
v -0.093043 1.469556 32.603294
v -0.407920 2.055227 34.356110
v -0.263086 1.563014 33.700447
v -0.124512 1.931102 33.361031
v -0.846144 2.271072 35.357925
v -0.553781 1.649330 34.766491
v -0.407920 2.055227 34.356110
v -0.407920 2.055227 34.356110
v -0.553781 1.649330 34.766491
v -0.263086 1.563014 33.700447
v -0.553781 1.649330 34.766491
v -0.315668 1.228161 33.893360
v -0.263086 1.563014 33.700447
v -0.263086 1.563014 33.700447
v -0.315668 1.228161 33.893360
v -0.263029 1.175962 32.731441
v -0.263086 1.563014 33.700447
v -0.263029 1.175962 32.731441
v -0.093043 1.469556 32.603294
v -0.144050 1.108480 31.594372
v -0.093043 1.469556 32.603294
v -0.263029 1.175962 32.731441
v -0.144050 1.108480 31.594372
v 0.041802 1.373855 31.542950
v -0.093043 1.469556 32.603294
v -0.093369 1.059199 30.504456
v 0.041802 1.373855 31.542950
v -0.144050 1.108480 31.594372
v -0.093369 1.059199 30.504456
v 0.126509 1.296076 30.414845
v 0.041802 1.373855 31.542950
v -0.012455 1.000685 29.358967
v 0.126509 1.296076 30.414845
v -0.093369 1.059199 30.504456
v -0.012455 1.000685 29.358967
v 0.203340 1.220875 29.271917
v 0.126509 1.296076 30.414845
v 0.080635 0.937699 28.168886
v 0.203340 1.220875 29.271917
v -0.012455 1.000685 29.358967
v 0.080635 0.937699 28.168886
v 0.270099 1.128207 28.073824
v 0.203340 1.220875 29.271917
v 0.121398 0.884956 26.905817
v 0.270099 1.128207 28.073824
v 0.080635 0.937699 28.168886
v 0.121398 0.884956 26.905817
v 0.255906 1.055318 26.812311
v 0.270099 1.128207 28.073824
v 0.013272 0.865771 25.565136
v 0.255906 1.055318 26.812311
v 0.121398 0.884956 26.905817
v 0.013272 0.865771 25.565136
v 0.104849 1.049511 25.520414
v 0.255906 1.055318 26.812311
v -0.265240 0.890941 24.311115
v 0.104849 1.049511 25.520414
v 0.013272 0.865771 25.565136
v -1.731451 4.130704 36.458870
v -1.982500 5.140493 36.165867
v -2.408482 4.664826 37.034550
v -1.973745 3.753050 37.039326
v -1.731451 4.130704 36.458870
v -2.408482 4.664826 37.034550
v -1.731451 4.130704 36.458870
v -1.973745 3.753050 37.039326
v -1.445454 3.528131 36.254215
v -1.663172 3.104192 36.741760
v -1.445454 3.528131 36.254215
v -1.973745 3.753050 37.039326
v -1.133801 2.899218 35.878445
v -1.445454 3.528131 36.254215
v -1.663172 3.104192 36.741760
v -1.663172 3.104192 36.741760
v -1.328790 2.485788 36.334717
v -1.133801 2.899218 35.878445
v -1.133801 2.899218 35.878445
v -1.328790 2.485788 36.334717
v -0.846144 2.271072 35.357925
v -1.328790 2.485788 36.334717
v -1.014396 1.872208 35.791084
v -0.846144 2.271072 35.357925
v -0.846144 2.271072 35.357925
v -1.014396 1.872208 35.791084
v -0.553781 1.649330 34.766491
v -1.014396 1.872208 35.791084
v -0.677871 1.350235 34.896919
v -0.553781 1.649330 34.766491
v -0.553781 1.649330 34.766491
v -0.677871 1.350235 34.896919
v -0.315668 1.228161 33.893360
v -1.973745 3.753050 37.039326
v -2.408482 4.664826 37.034550
v -2.695832 4.103573 37.704258
v -2.262895 3.307628 37.539879
v -1.973745 3.753050 37.039326
v -2.695832 4.103573 37.704258
v -1.663172 3.104192 36.741760
v -1.973745 3.753050 37.039326
v -2.262895 3.307628 37.539879
v -2.262895 3.307628 37.539879
v -1.844283 2.679229 37.236141
v -1.663172 3.104192 36.741760
v -1.663172 3.104192 36.741760
v -1.844283 2.679229 37.236141
v -1.328790 2.485788 36.334717
v -1.844283 2.679229 37.236141
v -1.515171 2.094562 36.813335
v -1.328790 2.485788 36.334717
v -1.328790 2.485788 36.334717
v -1.515171 2.094562 36.813335
v -1.014396 1.872208 35.791084
v -1.515171 2.094562 36.813335
v -1.171094 1.506159 35.959606
v -1.014396 1.872208 35.791084
v -1.014396 1.872208 35.791084
v -1.171094 1.506159 35.959606
v -0.677871 1.350235 34.896919
v -2.262895 3.307628 37.539879
v -2.695832 4.103573 37.704258
v -3.007098 3.521672 38.220333
v -2.518920 2.854040 37.925568
v -2.262895 3.307628 37.539879
v -3.007098 3.521672 38.220333
v -2.262895 3.307628 37.539879
v -2.518920 2.854040 37.925568
v -1.844283 2.679229 37.236141
v -2.518920 2.854040 37.925568
v -2.064549 2.279747 37.569824
v -1.844283 2.679229 37.236141
v -1.844283 2.679229 37.236141
v -2.064549 2.279747 37.569824
v -1.515171 2.094562 36.813335
v -2.064549 2.279747 37.569824
v -1.745069 1.685643 37.138222
v -1.515171 2.094562 36.813335
v -1.515171 2.094562 36.813335
v -1.745069 1.685643 37.138222
v -1.171094 1.506159 35.959606
v -2.518920 2.854040 37.925568
v -3.007098 3.521672 38.220333
v -3.262713 3.005054 38.608551
v -2.723830 2.440031 38.220642
v -2.518920 2.854040 37.925568
v -3.262713 3.005054 38.608551
v -2.518920 2.854040 37.925568
v -2.723830 2.440031 38.220642
v -2.064549 2.279747 37.569824
v -2.723830 2.440031 38.220642
v -2.245381 1.830451 37.822304
v -2.064549 2.279747 37.569824
v -2.064549 2.279747 37.569824
v -2.245381 1.830451 37.822304
v -1.745069 1.685643 37.138222
v -2.723830 2.440031 38.220642
v -3.262713 3.005054 38.608551
v -3.513289 2.588870 38.837917
v -2.842251 1.993844 38.362339
v -2.723830 2.440031 38.220642
v -3.513289 2.588870 38.837917
v -2.723830 2.440031 38.220642
v -2.842251 1.993844 38.362339
v -2.245381 1.830451 37.822304
v -2.842251 1.993844 38.362339
v -3.513289 2.588870 38.837917
v -3.670609 2.215910 38.973358
v 0.716509 1.067953 23.790363
v 1.002276 0.918403 24.567493
v 0.960187 1.067742 24.671278
v 0.622603 1.184010 23.862240
v 0.716509 1.067953 23.790363
v 0.960187 1.067742 24.671278
v 0.622603 1.184010 23.862240
v 0.960187 1.067742 24.671278
v 0.870376 1.188902 24.814240
v 0.459786 1.216950 22.918873
v 0.716509 1.067953 23.790363
v 0.622603 1.184010 23.862240
v 1.002276 0.918403 24.567493
v 1.253319 0.733257 25.258757
v 1.296522 0.917072 25.345303
v 0.960187 1.067742 24.671278
v 1.002276 0.918403 24.567493
v 1.296522 0.917072 25.345303
v 0.960187 1.067742 24.671278
v 1.296522 0.917072 25.345303
v 1.260539 1.095493 25.512129
v 0.870376 1.188902 24.814240
v 0.960187 1.067742 24.671278
v 1.260539 1.095493 25.512129
v 0.870376 1.188902 24.814240
v 1.260539 1.095493 25.512129
v 1.204142 1.242556 25.757811
v 1.204142 1.242556 25.757811
v 1.709137 1.185212 26.280287
v 1.683679 1.364484 26.675993
v 0.647712 0.605052 16.512371
v 0.602205 0.980168 21.913864
v 0.602205 0.796765 16.505867
v 0.602205 0.980168 21.913864
v 0.499648 0.965042 16.500160
v 0.602205 0.796765 16.505867
v 0.602205 0.980168 21.913864
v 0.499648 1.148444 21.908159
v 0.499648 0.965042 16.500160
v 0.499648 0.965042 16.500160
v 0.499648 1.148444 21.908159
v 0.350080 1.276810 21.903805
v 0.459786 1.216950 22.918873
v 0.350080 1.276810 21.903805
v 0.499648 1.148444 21.908159
v 0.314918 1.298850 22.958939
v 0.350080 1.276810 21.903805
v 0.459786 1.216950 22.918873
v 0.314918 1.298850 22.958939
v 0.459786 1.216950 22.918873
v 0.622603 1.184010 23.862240
v 0.314918 1.298850 22.958939
v 0.622603 1.184010 23.862240
v 0.494713 1.267615 23.951015
v 0.494713 1.267615 23.951015
v 0.622603 1.184010 23.862240
v 0.870376 1.188902 24.814240
v 0.494713 1.267615 23.951015
v 0.870376 1.188902 24.814240
v 0.742617 1.270756 24.984268
v 0.742617 1.270756 24.984268
v 0.870376 1.188902 24.814240
v 1.204142 1.242556 25.757811
v 0.742617 1.270756 24.984268
v 1.204142 1.242556 25.757811
v 1.037906 1.337146 26.033602
v 1.037906 1.337146 26.033602
v 1.204142 1.242556 25.757811
v 1.683679 1.364484 26.675993
v 1.037906 1.337146 26.033602
v 1.683679 1.364484 26.675993
v 1.372628 1.508693 27.111784
v 1.372628 1.508693 27.111784
v 1.683679 1.364484 26.675993
v 1.625532 1.541402 27.213133
v 1.583562 2.016365 27.668600
v 1.372628 1.508693 27.111784
v 1.625532 1.541402 27.213133
v 1.601836 1.995337 27.684275
v 1.583562 2.016365 27.668600
v 1.625532 1.541402 27.213133
v 1.586568 2.303536 27.986187
v 1.583562 2.016365 27.668600
v 1.601836 1.995337 27.684275
v 1.601836 1.995337 27.684275
v 1.625532 1.541402 27.213133
v 1.631242 1.513264 27.227472
v 0.341391 1.303595 24.050974
v 0.494713 1.267615 23.951015
v 0.742617 1.270756 24.984268
v 0.144010 1.332201 23.004601
v 0.494713 1.267615 23.951015
v 0.341391 1.303595 24.050974
v 0.144010 1.332201 23.004601
v 0.314918 1.298850 22.958939
v 0.494713 1.267615 23.951015
v 0.144010 1.332201 23.004601
v 0.168143 1.352701 21.901230
v 0.314918 1.298850 22.958939
v 0.314918 1.298850 22.958939
v 0.168143 1.352701 21.901230
v 0.350080 1.276810 21.903805
v 0.350081 1.093407 16.495808
v 0.350080 1.276810 21.903805
v 0.168143 1.352701 21.901230
v 0.499648 0.965042 16.500160
v 0.350080 1.276810 21.903805
v 0.350081 1.093407 16.495808
v 0.144010 1.332201 23.004601
v -0.028354 1.368689 21.900690
v 0.168143 1.352701 21.901230
v -0.042206 1.317914 23.045799
v 0.144010 1.332201 23.004601
v 0.341391 1.303595 24.050974
v -0.042206 1.317914 23.045799
v -0.028354 1.368689 21.900690
v 0.144010 1.332201 23.004601
v -0.042206 1.317914 23.045799
v -0.220178 1.323208 21.902233
v -0.028354 1.368689 21.900690
v -0.028354 1.185286 16.492693
v -0.028354 1.368689 21.900690
v -0.220178 1.323208 21.902233
v 0.168143 1.352701 21.901230
v -0.028354 1.368689 21.900690
v -0.028354 1.185286 16.492693
v 0.168143 1.352701 21.901230
v -0.028354 1.185286 16.492693
v 0.168144 1.169298 16.493235
v 0.350081 1.093407 16.495808
v 0.168143 1.352701 21.901230
v 0.168144 1.169298 16.493235
v -0.028354 1.185286 16.492693
v -0.220178 1.323208 21.902233
v -0.220177 1.139805 16.494234
v -0.220178 1.323208 21.902233
v -0.388550 1.037307 16.497711
v -0.220177 1.139805 16.494234
v -0.265240 0.890941 24.311115
v -0.176032 1.099888 24.278767
v 0.104849 1.049511 25.520414
v -0.463807 0.899026 23.126343
v -0.176032 1.099888 24.278767
v -0.265240 0.890941 24.311115
v -0.463807 0.899026 23.126343
v -0.380756 1.105059 23.103989
v -0.176032 1.099888 24.278767
v -0.592925 0.889396 21.916945
v -0.380756 1.105059 23.103989
v -0.463807 0.899026 23.126343
v -0.592925 0.889396 21.916945
v -0.516991 1.071229 21.910776
v -0.380756 1.105059 23.103989
v -0.516991 1.071229 21.910776
v -0.592925 0.889396 21.916945
v -0.592925 0.705993 16.508947
v -0.516991 1.071229 21.910776
v -0.592925 0.705993 16.508947
v -0.516990 0.887826 16.502779
v -0.388550 1.037307 16.497711
v -0.516991 1.071229 21.910776
v -0.516990 0.887826 16.502779
v -0.388550 1.037307 16.497711
v -0.388551 1.220710 21.905710
v -0.516991 1.071229 21.910776
v -0.220178 1.323208 21.902233
v -0.388551 1.220710 21.905710
v -0.388550 1.037307 16.497711
v -0.232021 1.248452 23.075336
v -0.388551 1.220710 21.905710
v -0.220178 1.323208 21.902233
v -0.232021 1.248452 23.075336
v -0.220178 1.323208 21.902233
v -0.042206 1.317914 23.045799
v -0.232021 1.248452 23.075336
v -0.042206 1.317914 23.045799
v 0.170245 1.287095 24.148600
v -0.042206 1.317914 23.045799
v 0.341391 1.303595 24.050974
v 0.170245 1.287095 24.148600
v 0.170245 1.287095 24.148600
v 0.341391 1.303595 24.050974
v 0.581843 1.294319 25.150122
v 0.341391 1.303595 24.050974
v 0.742617 1.270756 24.984268
v 0.581843 1.294319 25.150122
v 0.581843 1.294319 25.150122
v 0.742617 1.270756 24.984268
v 1.037906 1.337146 26.033602
v 0.581843 1.294319 25.150122
v 1.037906 1.337146 26.033602
v 0.833458 1.344023 26.270197
v 1.002276 0.918403 24.567493
v 0.993565 0.758182 24.511349
v 1.253319 0.733257 25.258757
v 0.764799 0.929713 23.740479
v 0.993565 0.758182 24.511349
v 1.002276 0.918403 24.567493
v 0.716509 1.067953 23.790363
v 0.764799 0.929713 23.740479
v 1.002276 0.918403 24.567493
v 0.566245 1.095492 22.889547
v 0.764799 0.929713 23.740479
v 0.716509 1.067953 23.790363
v 0.459786 1.216950 22.918873
v 0.566245 1.095492 22.889547
v 0.716509 1.067953 23.790363
v 0.459786 1.216950 22.918873
v 0.499648 1.148444 21.908159
v 0.566245 1.095492 22.889547
v 0.566245 1.095492 22.889547
v 0.499648 1.148444 21.908159
v 0.602205 0.980168 21.913864
v 0.566245 1.095492 22.889547
v 0.602205 0.980168 21.913864
v 0.632734 0.949867 22.875507
v 0.632734 0.949867 22.875507
v 0.602205 0.980168 21.913864
v 0.647712 0.788455 21.920368
v 0.632734 0.949867 22.875507
v 0.647712 0.788455 21.920368
v 0.645632 0.789723 22.880581
v 0.632734 0.949867 22.875507
v 0.645632 0.789723 22.880581
v 0.769089 0.779339 23.718201
v 0.632734 0.949867 22.875507
v 0.769089 0.779339 23.718201
v 0.764799 0.929713 23.740479
v 0.764799 0.929713 23.740479
v 0.769089 0.779339 23.718201
v 0.993565 0.758182 24.511349
v 0.566245 1.095492 22.889547
v 0.632734 0.949867 22.875507
v 0.764799 0.929713 23.740479
v 1.204142 1.242556 25.757811
v 1.260539 1.095493 25.512129
v 1.709137 1.185212 26.280287
v 1.260539 1.095493 25.512129
v 1.705214 0.918882 26.038879
v 1.709137 1.185212 26.280287
v 1.260539 1.095493 25.512129
v 1.296522 0.917072 25.345303
v 1.705214 0.918882 26.038879
v 1.296522 0.917072 25.345303
v 1.642565 0.677022 25.920322
v 1.705214 0.918882 26.038879
v 1.296522 0.917072 25.345303
v 1.253319 0.733257 25.258757
v 1.642565 0.677022 25.920322
v 1.253319 0.733257 25.258757
v 1.549934 0.500262 25.801048
v 1.642565 0.677022 25.920322
v 1.253319 0.733257 25.258757
v 1.210180 0.563352 25.226244
v 1.549934 0.500262 25.801048
v 0.993565 0.758182 24.511349
v 1.210180 0.563352 25.226244
v 1.253319 0.733257 25.258757
v 0.993565 0.758182 24.511349
v 0.960813 0.599228 24.496857
v 1.210180 0.563352 25.226244
v 0.769089 0.779339 23.718201
v 0.960813 0.599228 24.496857
v 0.993565 0.758182 24.511349
v 0.769089 0.779339 23.718201
v 0.745194 0.625241 23.718489
v 0.960813 0.599228 24.496857
v 0.769089 0.779339 23.718201
v 0.638746 0.623153 22.893957
v 0.745194 0.625241 23.718489
v 0.769089 0.779339 23.718201
v 0.645632 0.789723 22.880581
v 0.638746 0.623153 22.893957
v 0.645632 0.789723 22.880581
v 0.631715 0.592070 21.927029
v 0.638746 0.623153 22.893957
v 0.645632 0.789723 22.880581
v 0.647712 0.788455 21.920368
v 0.631715 0.592070 21.927029
v 0.631715 0.408667 16.519032
v 0.631715 0.592070 21.927029
v 0.647712 0.788455 21.920368
v 0.631715 0.408667 16.519032
v 0.647712 0.788455 21.920368
v 0.647712 0.605052 16.512371
v 0.647712 0.605052 16.512371
v 0.647712 0.788455 21.920368
v 0.602205 0.980168 21.913864
v 1.642565 0.677022 25.920322
v 1.549934 0.500262 25.801048
v 1.522689 0.507454 25.817852
v 1.642565 0.677022 25.920322
v 1.522689 0.507454 25.817852
v 1.614278 0.678334 25.937145
v 1.678725 0.910452 26.054924
v 1.642565 0.677022 25.920322
v 1.614278 0.678334 25.937145
v 1.678725 0.910452 26.054924
v 1.705214 0.918882 26.038879
v 1.642565 0.677022 25.920322
v 1.689283 1.163838 26.293840
v 1.705214 0.918882 26.038879
v 1.678725 0.910452 26.054924
v 1.689283 1.163838 26.293840
v 1.709137 1.185212 26.280287
v 1.705214 0.918882 26.038879
v 1.683679 1.364484 26.675993
v 1.709137 1.185212 26.280287
v 1.689283 1.163838 26.293840
v 1.683679 1.364484 26.675993
v 1.689283 1.163838 26.293840
v 1.676045 1.335371 26.687021
v 1.625532 1.541402 27.213133
v 1.683679 1.364484 26.675993
v 1.676045 1.335371 26.687021
v 1.625532 1.541402 27.213133
v 1.676045 1.335371 26.687021
v 1.631242 1.513264 27.227472
v 0.319576 1.258812 18.692862
v 0.360477 1.211135 18.624189
v 0.319301 1.207181 18.704191
v 0.005955 1.329687 18.534946
v -0.016708 1.302710 18.621086
v -0.016708 1.299708 18.532543
v 0.040427 1.318821 18.461609
v 0.005955 1.329687 18.534946
v -0.016708 1.299708 18.532543
v 0.040427 1.318821 18.461609
v -0.016708 1.299708 18.532543
v 0.020645 1.287933 18.453075
v 0.102543 1.302012 18.411171
v 0.040427 1.318821 18.461609
v 0.020645 1.287933 18.453075
v 0.102543 1.302012 18.411171
v 0.020645 1.287933 18.453075
v 0.087953 1.269720 18.398426
v 0.180001 1.282589 18.393627
v 0.102543 1.302012 18.411171
v 0.087953 1.269720 18.398426
v 0.180001 1.282589 18.393627
v 0.087953 1.269720 18.398426
v 0.171884 1.248674 18.379414
v 0.255816 1.228965 18.399807
v 0.180001 1.282589 18.393627
v 0.171884 1.248674 18.379414
v 0.255816 1.228965 18.399807
v 0.257459 1.264400 18.412449
v 0.180001 1.282589 18.393627
v 0.323123 1.214496 18.455566
v 0.257459 1.264400 18.412449
v 0.255816 1.228965 18.399807
v 0.323123 1.214496 18.455566
v 0.319576 1.251047 18.463905
v 0.257459 1.264400 18.412449
v 0.360477 1.208132 18.535646
v 0.319576 1.251047 18.463905
v 0.323123 1.214496 18.455566
v 0.360477 1.208132 18.535646
v 0.354048 1.245174 18.537809
v 0.319576 1.251047 18.463905
v 0.360477 1.211135 18.624189
v 0.354048 1.245174 18.537809
v 0.360477 1.208132 18.535646
v 0.360477 1.211135 18.624189
v 0.354048 1.247946 18.619526
v 0.354048 1.245174 18.537809
v 0.319576 1.258812 18.692862
v 0.354048 1.247946 18.619526
v 0.360477 1.211135 18.624189
v 0.319576 1.258812 18.692862
v 0.338710 1.279521 18.613338
v 0.354048 1.247946 18.619526
v 0.319576 1.258812 18.692862
v 0.308550 1.289028 18.677502
v 0.338710 1.279521 18.613338
v 0.254203 1.303734 18.721630
v 0.308550 1.289028 18.677502
v 0.319576 1.258812 18.692862
v 0.308550 1.289028 18.677502
v 0.254203 1.303734 18.721630
v 0.242419 1.325015 18.686094
v 0.308550 1.289028 18.677502
v 0.242419 1.325015 18.686094
v 0.283709 1.313842 18.652569
v 0.283709 1.313842 18.652569
v 0.242419 1.325015 18.686094
v 0.221960 1.343934 18.634007
v 0.306623 1.306619 18.603821
v 0.243953 1.337982 18.616146
v 0.256159 1.334135 18.590179
v 0.306623 1.304777 18.549505
v 0.306623 1.306619 18.603821
v 0.256159 1.334135 18.590179
v 0.338710 1.277097 18.541847
v 0.306623 1.306619 18.603821
v 0.306623 1.304777 18.549505
v 0.338710 1.277097 18.541847
v 0.338710 1.279521 18.613338
v 0.306623 1.306619 18.603821
v 0.354048 1.247946 18.619526
v 0.338710 1.279521 18.613338
v 0.338710 1.277097 18.541847
v 0.354048 1.247946 18.619526
v 0.338710 1.277097 18.541847
v 0.354048 1.245174 18.537809
v 0.354048 1.245174 18.537809
v 0.338710 1.277097 18.541847
v 0.308550 1.282235 18.477184
v 0.354048 1.245174 18.537809
v 0.308550 1.282235 18.477184
v 0.319576 1.251047 18.463905
v 0.308550 1.282235 18.477184
v 0.257459 1.264400 18.412449
v 0.319576 1.251047 18.463905
v 0.308550 1.282235 18.477184
v 0.254203 1.293918 18.432163
v 0.257459 1.264400 18.412449
v 0.254203 1.293918 18.432163
v 0.308550 1.282235 18.477184
v 0.283709 1.308681 18.500378
v 0.254203 1.293918 18.432163
v 0.283709 1.308681 18.500378
v 0.242419 1.317557 18.466175
v 0.190932 1.329647 18.453661
v 0.254203 1.293918 18.432163
v 0.242419 1.317557 18.466175
v 0.190932 1.329647 18.453661
v 0.186434 1.309832 18.415695
v 0.254203 1.293918 18.432163
v 0.257459 1.264400 18.412449
v 0.254203 1.293918 18.432163
v 0.186434 1.309832 18.415695
v 0.257459 1.264400 18.412449
v 0.186434 1.309832 18.415695
v 0.180001 1.282589 18.393627
v 0.308550 1.282235 18.477184
v 0.306623 1.304777 18.549505
v 0.283709 1.308681 18.500378
v 0.308550 1.282235 18.477184
v 0.338710 1.277097 18.541847
v 0.306623 1.304777 18.549505
v 0.306623 1.306619 18.603821
v 0.338710 1.279521 18.613338
v 0.308550 1.289028 18.677502
v 0.306623 1.306619 18.603821
v 0.308550 1.289028 18.677502
v 0.283709 1.313842 18.652569
v 0.306623 1.306619 18.603821
v 0.283709 1.313842 18.652569
v 0.243953 1.337982 18.616146
v 0.283709 1.313842 18.652569
v 0.221960 1.343934 18.634007
v 0.243953 1.337982 18.616146
v 0.243953 1.337982 18.616146
v 0.221960 1.343934 18.634007
v 0.194534 1.348606 18.575209
v 0.256159 1.334135 18.590179
v 0.243953 1.337982 18.616146
v 0.194534 1.348606 18.575209
v 0.256159 1.333154 18.561249
v 0.256159 1.334135 18.590179
v 0.194534 1.348606 18.575209
v 0.306623 1.304777 18.549505
v 0.256159 1.334135 18.590179
v 0.256159 1.333154 18.561249
v 0.243953 1.335233 18.535084
v 0.306623 1.304777 18.549505
v 0.256159 1.333154 18.561249
v 0.243953 1.335233 18.535084
v 0.283709 1.308681 18.500378
v 0.306623 1.304777 18.549505
v 0.221960 1.339961 18.516861
v 0.283709 1.308681 18.500378
v 0.243953 1.335233 18.535084
v 0.221960 1.339961 18.516861
v 0.242419 1.317557 18.466175
v 0.283709 1.308681 18.500378
v 0.194534 1.346401 18.510197
v 0.242419 1.317557 18.466175
v 0.221960 1.339961 18.516861
v 0.194534 1.346401 18.510197
v 0.190932 1.329647 18.453661
v 0.242419 1.317557 18.466175
v 0.139445 1.342558 18.465324
v 0.190932 1.329647 18.453661
v 0.194534 1.346401 18.510197
v 0.139445 1.342558 18.465324
v 0.186434 1.309832 18.415695
v 0.190932 1.329647 18.453661
v 0.139445 1.342558 18.465324
v 0.118664 1.326824 18.431044
v 0.186434 1.309832 18.415695
v 0.180001 1.282589 18.393627
v 0.186434 1.309832 18.415695
v 0.118664 1.326824 18.431044
v 0.064318 1.341531 18.475174
v 0.118664 1.326824 18.431044
v 0.139445 1.342558 18.465324
v 0.243953 1.335233 18.535084
v 0.256159 1.333154 18.561249
v 0.194534 1.348606 18.575209
v 0.221960 1.339961 18.516861
v 0.243953 1.335233 18.535084
v 0.194534 1.348606 18.575209
v 0.194534 1.346401 18.510197
v 0.221960 1.339961 18.516861
v 0.194534 1.348606 18.575209
v 0.167109 1.353278 18.516409
v 0.194534 1.346401 18.510197
v 0.194534 1.348606 18.575209
v 0.139445 1.342558 18.465324
v 0.194534 1.346401 18.510197
v 0.167109 1.353278 18.516409
v 0.098155 1.353731 18.498850
v 0.139445 1.342558 18.465324
v 0.167109 1.353278 18.516409
v 0.064318 1.341531 18.475174
v 0.139445 1.342558 18.465324
v 0.098155 1.353731 18.498850
v 0.075241 1.360953 18.547600
v 0.064318 1.341531 18.475174
v 0.098155 1.353731 18.498850
v 0.075241 1.360953 18.547600
v 0.034157 1.351038 18.539337
v 0.064318 1.341531 18.475174
v 0.098155 1.353731 18.498850
v 0.167109 1.353278 18.516409
v 0.145115 1.359230 18.534267
v 0.075241 1.360953 18.547600
v 0.098155 1.353731 18.498850
v 0.145115 1.359230 18.534267
v 0.075241 1.360953 18.547600
v 0.145115 1.359230 18.534267
v 0.132910 1.363077 18.560236
v 0.132910 1.363077 18.560236
v 0.145115 1.359230 18.534267
v 0.194534 1.348606 18.575209
v 0.145115 1.359230 18.534267
v 0.167109 1.353278 18.516409
v 0.194534 1.348606 18.575209
v 0.180001 1.282589 18.393627
v 0.118664 1.326824 18.431044
v 0.102543 1.302012 18.411171
v 0.102543 1.302012 18.411171
v 0.118664 1.326824 18.431044
v 0.064318 1.341531 18.475174
v 0.102543 1.302012 18.411171
v 0.064318 1.341531 18.475174
v 0.040427 1.318821 18.461609
v 0.040427 1.318821 18.461609
v 0.064318 1.341531 18.475174
v 0.034157 1.351038 18.539337
v 0.040427 1.318821 18.461609
v 0.034157 1.351038 18.539337
v 0.005955 1.329687 18.534946
v 0.005955 1.329687 18.534946
v 0.034157 1.351038 18.539337
v 0.034157 1.353463 18.610828
v 0.034157 1.353463 18.610828
v 0.034157 1.351038 18.539337
v 0.075241 1.360953 18.547600
v 0.034157 1.353463 18.610828
v 0.075241 1.360953 18.547600
v 0.075241 1.362796 18.601915
v 0.075241 1.362796 18.601915
v 0.075241 1.360953 18.547600
v 0.132910 1.363077 18.560236
v 0.075241 1.362796 18.601915
v 0.132910 1.363077 18.560236
v 0.132910 1.364058 18.589165
v 0.132910 1.364058 18.589165
v 0.132910 1.363077 18.560236
v 0.194534 1.348606 18.575209
v 0.145115 1.361979 18.615332
v 0.132910 1.364058 18.589165
v 0.194534 1.348606 18.575209
v 0.145115 1.361979 18.615332
v 0.075241 1.362796 18.601915
v 0.132910 1.364058 18.589165
v 0.251993 1.225395 18.758841
v 0.319576 1.258812 18.692862
v 0.319301 1.207181 18.704191
v 0.251993 1.225395 18.758841
v 0.257460 1.275621 18.743299
v 0.319576 1.258812 18.692862
v 0.254203 1.303734 18.721630
v 0.319576 1.258812 18.692862
v 0.257460 1.275621 18.743299
v 0.186434 1.320727 18.736979
v 0.254203 1.303734 18.721630
v 0.257460 1.275621 18.743299
v 0.242419 1.325015 18.686094
v 0.254203 1.303734 18.721630
v 0.186434 1.320727 18.736979
v 0.242419 1.325015 18.686094
v 0.186434 1.320727 18.736979
v 0.190932 1.337925 18.697758
v 0.221960 1.343934 18.634007
v 0.242419 1.325015 18.686094
v 0.190932 1.337925 18.697758
v 0.221960 1.343934 18.634007
v 0.190932 1.337925 18.697758
v 0.194534 1.350811 18.640217
v 0.221960 1.343934 18.634007
v 0.194534 1.350811 18.640217
v 0.194534 1.348606 18.575209
v 0.194534 1.350811 18.640217
v 0.167109 1.357251 18.633553
v 0.194534 1.348606 18.575209
v 0.167109 1.357251 18.633553
v 0.145115 1.361979 18.615332
v 0.194534 1.348606 18.575209
v 0.167109 1.357251 18.633553
v 0.098155 1.358892 18.651041
v 0.145115 1.361979 18.615332
v 0.145115 1.361979 18.615332
v 0.098155 1.358892 18.651041
v 0.075241 1.362796 18.601915
v 0.064318 1.348324 18.675489
v 0.075241 1.362796 18.601915
v 0.098155 1.358892 18.651041
v 0.064318 1.348324 18.675489
v 0.034157 1.353463 18.610828
v 0.075241 1.362796 18.601915
v 0.005955 1.332458 18.616659
v 0.034157 1.353463 18.610828
v 0.064318 1.348324 18.675489
v 0.005955 1.329687 18.534946
v 0.034157 1.353463 18.610828
v 0.005955 1.332458 18.616659
v 0.005955 1.329687 18.534946
v 0.005955 1.332458 18.616659
v -0.016708 1.302710 18.621086
v 0.168061 1.246440 18.777855
v 0.257460 1.275621 18.743299
v 0.251993 1.225395 18.758841
v 0.005955 1.332458 18.616659
v 0.064318 1.348324 18.675489
v 0.040427 1.326585 18.690565
v 0.005955 1.332458 18.616659
v 0.040427 1.326585 18.690565
v 0.020645 1.296347 18.701168
v 0.005955 1.332458 18.616659
v 0.020645 1.296347 18.701168
v -0.016708 1.302710 18.621086
v 0.194534 1.350811 18.640217
v 0.139445 1.350016 18.685246
v 0.167109 1.357251 18.633553
v 0.167109 1.357251 18.633553
v 0.139445 1.350016 18.685246
v 0.098155 1.358892 18.651041
v 0.139445 1.350016 18.685246
v 0.064318 1.348324 18.675489
v 0.098155 1.358892 18.651041
v 0.139445 1.350016 18.685246
v 0.118664 1.336641 18.720514
v 0.064318 1.348324 18.675489
v 0.040427 1.326585 18.690565
v 0.064318 1.348324 18.675489
v 0.118664 1.336641 18.720514
v 0.040427 1.326585 18.690565
v 0.118664 1.336641 18.720514
v 0.102543 1.313232 18.742023
v 0.020645 1.296347 18.701168
v 0.040427 1.326585 18.690565
v 0.102543 1.313232 18.742023
v 0.020645 1.296347 18.701168
v 0.102543 1.313232 18.742023
v 0.084130 1.266150 18.757462
v 0.102543 1.313232 18.742023
v 0.168061 1.246440 18.777855
v 0.084130 1.266150 18.757462
v 0.102543 1.313232 18.742023
v 0.180001 1.295043 18.760845
v 0.168061 1.246440 18.777855
v 0.168061 1.246440 18.777855
v 0.180001 1.295043 18.760845
v 0.257460 1.275621 18.743299
v 0.186434 1.320727 18.736979
v 0.257460 1.275621 18.743299
v 0.180001 1.295043 18.760845
v 0.118664 1.336641 18.720514
v 0.186434 1.320727 18.736979
v 0.180001 1.295043 18.760845
v 0.186434 1.320727 18.736979
v 0.118664 1.336641 18.720514
v 0.139445 1.350016 18.685246
v 0.186434 1.320727 18.736979
v 0.139445 1.350016 18.685246
v 0.190932 1.337925 18.697758
v 0.194534 1.350811 18.640217
v 0.190932 1.337925 18.697758
v 0.139445 1.350016 18.685246
v 0.118664 1.336641 18.720514
v 0.180001 1.295043 18.760845
v 0.102543 1.313232 18.742023
v 0.705402 0.651067 17.739878
v 0.687936 0.436651 17.747149
v 0.019395 0.598964 17.741646
v 0.605029 0.238123 17.753881
v 0.019395 0.598964 17.741646
v 0.687936 0.436651 17.747149
v 0.464797 0.074917 17.759415
v 0.019395 0.598964 17.741646
v 0.605029 0.238123 17.753881
v 0.280964 -0.036992 17.763210
v 0.019395 0.598964 17.741646
v 0.464797 0.074917 17.759415
v 0.071528 -0.086649 17.764893
v 0.019395 0.598964 17.741646
v 0.280964 -0.036992 17.763210
v -0.143011 -0.069193 17.764303
v 0.019395 0.598964 17.741646
v 0.071528 -0.086649 17.764893
v -0.341653 0.013666 17.761492
v 0.019395 0.598964 17.741646
v -0.143011 -0.069193 17.764303
v -0.504954 0.153818 17.756739
v 0.019395 0.598964 17.741646
v -0.341653 0.013666 17.761492
v -0.616927 0.337545 17.750507
v 0.019395 0.598964 17.741646
v -0.504954 0.153818 17.756739
v -0.666613 0.546861 17.743412
v 0.019395 0.598964 17.741646
v -0.616927 0.337545 17.750507
v -0.649147 0.761277 17.736139
v 0.019395 0.598964 17.741646
v -0.666613 0.546861 17.743412
v -0.649147 0.761277 17.736139
v -0.566240 0.959805 17.729406
v 0.019395 0.598964 17.741646
v -0.566240 0.959805 17.729406
v -0.426007 1.123011 17.723871
v 0.019395 0.598964 17.741646
v -0.426007 1.123011 17.723871
v -0.242175 1.234920 17.720074
v 0.019395 0.598964 17.741646
v -0.242175 1.234920 17.720074
v -0.032739 1.284577 17.718390
v 0.019395 0.598964 17.741646
v -0.032739 1.284577 17.718390
v 0.181801 1.267121 17.718985
v 0.019395 0.598964 17.741646
v 0.181801 1.267121 17.718985
v 0.380443 1.184262 17.721794
v 0.019395 0.598964 17.741646
v 0.380443 1.184262 17.721794
v 0.543743 1.044110 17.726545
v 0.019395 0.598964 17.741646
v 0.543743 1.044110 17.726545
v 0.655716 0.860383 17.732777
v 0.019395 0.598964 17.741646
v 0.655716 0.860383 17.732777
v 0.705402 0.651067 17.739878
v 0.019395 0.598964 17.741646
v 0.616888 0.775971 15.714635
v 0.543744 0.978944 15.804999
v 0.511747 0.948487 15.708783
v 0.616888 0.775971 15.714635
v 0.655717 0.795218 15.811231
v 0.543744 0.978944 15.804999
v 0.705403 0.585902 15.818330
v 0.655717 0.795218 15.811231
v 0.616888 0.775971 15.714635
v 0.705403 0.585902 15.818330
v 0.616888 0.775971 15.714635
v 0.663542 0.579428 15.721299
v 0.687937 0.371486 15.825601
v 0.705403 0.585902 15.818330
v 0.663542 0.579428 15.721299
v 0.687937 0.371486 15.825601
v 0.663542 0.579428 15.721299
v 0.647142 0.378096 15.728127
v -0.566240 0.959805 17.729406
v -0.649147 0.761277 17.736139
v -0.649147 0.696111 15.814591
v -0.566240 0.959805 17.729406
v -0.649147 0.696111 15.814591
v -0.566239 0.894639 15.807858
v -0.426007 1.123011 17.723871
v -0.566240 0.959805 17.729406
v -0.566239 0.894639 15.807858
v -0.426007 1.123011 17.723871
v -0.566239 0.894639 15.807858
v -0.426007 1.057845 15.802323
v -0.242175 1.234920 17.720074
v -0.426007 1.123011 17.723871
v -0.426007 1.057845 15.802323
v -0.242175 1.234920 17.720074
v -0.426007 1.057845 15.802323
v -0.242174 1.169754 15.798528
v -0.032738 1.219411 15.796845
v -0.242175 1.234920 17.720074
v -0.242174 1.169754 15.798528
v -0.029557 1.174280 15.701127
v -0.032738 1.219411 15.796845
v -0.242174 1.169754 15.798528
v 0.181801 1.201955 15.797437
v -0.032738 1.219411 15.796845
v -0.029557 1.174280 15.701127
v 0.181801 1.201955 15.797437
v -0.029557 1.174280 15.701127
v 0.171891 1.157890 15.701682
v 0.380444 1.119096 15.800246
v 0.181801 1.201955 15.797437
v 0.171891 1.157890 15.701682
v 0.380444 1.119096 15.800246
v 0.171891 1.157890 15.701682
v 0.358412 1.080086 15.704320
v 0.511747 0.948487 15.708783
v 0.380444 1.119096 15.800246
v 0.358412 1.080086 15.704320
v 0.511747 0.948487 15.708783
v 0.543744 0.978944 15.804999
v 0.380444 1.119096 15.800246
v 0.543743 1.044110 17.726545
v 0.380444 1.119096 15.800246
v 0.543744 0.978944 15.804999
v 0.655717 0.795218 15.811231
v 0.543743 1.044110 17.726545
v 0.543744 0.978944 15.804999
v 0.655717 0.795218 15.811231
v 0.655716 0.860383 17.732777
v 0.543743 1.044110 17.726545
v 0.705403 0.585902 15.818330
v 0.655716 0.860383 17.732777
v 0.655717 0.795218 15.811231
v 0.705403 0.585902 15.818330
v 0.705402 0.651067 17.739878
v 0.655716 0.860383 17.732777
v 0.687936 0.436651 17.747149
v 0.705402 0.651067 17.739878
v 0.705403 0.585902 15.818330
v 0.687936 0.436651 17.747149
v 0.705403 0.585902 15.818330
v 0.687937 0.371486 15.825601
v 0.543743 1.044110 17.726545
v 0.380443 1.184262 17.721794
v 0.380444 1.119096 15.800246
v 0.380443 1.184262 17.721794
v 0.181801 1.201955 15.797437
v 0.380444 1.119096 15.800246
v 0.380443 1.184262 17.721794
v 0.181801 1.267121 17.718985
v 0.181801 1.201955 15.797437
v 0.181801 1.201955 15.797437
v 0.181801 1.267121 17.718985
v -0.032739 1.284577 17.718390
v 0.181801 1.201955 15.797437
v -0.032739 1.284577 17.718390
v -0.032738 1.219411 15.796845
v -0.032738 1.219411 15.796845
v -0.032739 1.284577 17.718390
v -0.242175 1.234920 17.720074
v -0.029557 1.174280 15.701127
v -0.242174 1.169754 15.798528
v -0.226213 1.127653 15.702706
v -0.242174 1.169754 15.798528
v -0.398828 1.022573 15.706269
v -0.226213 1.127653 15.702706
v -0.242174 1.169754 15.798528
v -0.426007 1.057845 15.802323
v -0.398828 1.022573 15.706269
v -0.426007 1.057845 15.802323
v -0.530503 0.869326 15.711469
v -0.398828 1.022573 15.706269
v -0.426007 1.057845 15.802323
v -0.566239 0.894639 15.807858
v -0.530503 0.869326 15.711469
v -0.530503 0.869326 15.711469
v -0.566239 0.894639 15.807858
v -0.649147 0.696111 15.814591
v -0.530503 0.869326 15.711469
v -0.649147 0.696111 15.814591
v -0.608352 0.682912 15.717788
v 0.306315 -0.580374 -14.977213
v 0.449673 -0.611317 -14.862144
v 0.460914 -0.473317 -14.866824
v 0.306315 -0.580374 -14.977213
v 0.460914 -0.473317 -14.866824
v 0.313811 -0.488352 -14.980335
v 0.313811 -0.488352 -14.980335
v 0.460914 -0.473317 -14.866824
v 0.428936 -0.338599 -14.871390
v 0.313811 -0.488352 -14.980335
v 0.428936 -0.338599 -14.871390
v 0.292487 -0.398519 -14.983386
v 0.428936 -0.338599 -14.871390
v 0.244431 -0.319667 -14.986053
v 0.292487 -0.398519 -14.983386
v 0.428936 -0.338599 -14.871390
v 0.356869 -0.220351 -14.875401
v 0.244431 -0.319667 -14.986053
v 0.244431 -0.319667 -14.986053
v 0.356869 -0.220351 -14.875401
v 0.251768 -0.130148 -14.878463
v 0.244431 -0.319667 -14.986053
v 0.251768 -0.130148 -14.878463
v 0.174347 -0.259518 -14.988096
v 0.251768 -0.130148 -14.878463
v 0.089095 -0.223957 -14.989298
v 0.174347 -0.259518 -14.988096
v 0.251768 -0.130148 -14.878463
v 0.123920 -0.076819 -14.880268
v 0.089095 -0.223957 -14.989298
v 0.089095 -0.223957 -14.989298
v 0.123920 -0.076819 -14.880268
v -0.014160 -0.065584 -14.880651
v 0.089095 -0.223957 -14.989298
v -0.014160 -0.065584 -14.880651
v -0.002981 -0.216465 -14.989555
v -0.014160 -0.065584 -14.880651
v -0.092865 -0.237777 -14.988832
v -0.002981 -0.216465 -14.989555
v -0.014160 -0.065584 -14.880651
v -0.148955 -0.097544 -14.879567
v -0.092865 -0.237777 -14.988832
v -0.148955 -0.097544 -14.879567
v -0.171762 -0.285805 -14.987204
v -0.092865 -0.237777 -14.988832
v -0.148955 -0.097544 -14.879567
v -0.267271 -0.169570 -14.877124
v -0.171762 -0.285805 -14.987204
v -0.171762 -0.285805 -14.987204
v -0.267271 -0.169570 -14.877124
v -0.357525 -0.274611 -14.873562
v -0.171762 -0.285805 -14.987204
v -0.357525 -0.274611 -14.873562
v -0.231946 -0.355850 -14.984830
v -0.231946 -0.355850 -14.984830
v -0.357525 -0.274611 -14.873562
v -0.410885 -0.402385 -14.869230
v -0.231946 -0.355850 -14.984830
v -0.410885 -0.402385 -14.869230
v -0.267528 -0.441053 -14.981939
v 0.562968 -0.458760 -14.666420
v 0.556365 -0.271888 -14.449744
v 0.523598 -0.292904 -14.672046
v 0.562968 -0.458760 -14.666420
v 0.598293 -0.448523 -14.443753
v 0.556365 -0.271888 -14.449744
v 0.583554 -0.629462 -14.437619
v 0.598293 -0.448523 -14.443753
v 0.562968 -0.458760 -14.666420
v 0.583554 -0.054947 2.503178
v 0.598293 -0.448523 -14.443753
v 0.583554 -0.629462 -14.437619
v 0.583554 -0.054947 2.503178
v 0.598293 0.125991 2.497041
v 0.598293 -0.448523 -14.443753
v 0.556365 0.302626 2.491050
v 0.598293 -0.448523 -14.443753
v 0.598293 0.125991 2.497041
v 0.556365 0.302626 2.491050
v 0.556365 -0.271888 -14.449744
v 0.598293 -0.448523 -14.443753
v 0.556365 0.302626 2.491050
v 0.461874 -0.116847 -14.454999
v 0.556365 -0.271888 -14.449744
v 0.556365 -0.271888 -14.449744
v 0.461874 -0.116847 -14.454999
v 0.434873 -0.147324 -14.676977
v 0.434873 -0.147324 -14.676977
v 0.461874 -0.116847 -14.454999
v 0.324071 0.001422 -14.459014
v 0.324071 0.575937 2.481781
v 0.324071 0.001422 -14.459014
v 0.461874 -0.116847 -14.454999
v 0.324071 0.575937 2.481781
v 0.156443 0.071344 -14.461383
v 0.324071 0.001422 -14.459014
v 0.324071 0.575937 2.481781
v 0.156443 0.645859 2.479411
v 0.156443 0.071344 -14.461383
v -0.024599 0.660589 2.478910
v 0.156443 0.071344 -14.461383
v 0.156443 0.645859 2.479411
v 0.556365 -0.271888 -14.449744
v 0.434873 -0.147324 -14.676977
v 0.523598 -0.292904 -14.672046
v 0.324071 0.575937 2.481781
v 0.461874 -0.116847 -14.454999
v 0.461875 0.457667 2.485792
v 0.556365 0.302626 2.491050
v 0.461875 0.457667 2.485792
v 0.461874 -0.116847 -14.454999
v 0.523598 -0.292904 -14.672046
v 0.356869 -0.220351 -14.875401
v 0.428936 -0.338599 -14.871390
v 0.562968 -0.458760 -14.666420
v 0.523598 -0.292904 -14.672046
v 0.428936 -0.338599 -14.871390
v 0.562968 -0.458760 -14.666420
v 0.428936 -0.338599 -14.871390
v 0.460914 -0.473317 -14.866824
v 0.549128 -0.628658 -14.660662
v 0.562968 -0.458760 -14.666420
v 0.460914 -0.473317 -14.866824
v 0.583554 -0.629462 -14.437619
v 0.562968 -0.458760 -14.666420
v 0.549128 -0.628658 -14.660662
v 0.549128 -0.628658 -14.660662
v 0.460914 -0.473317 -14.866824
v 0.449673 -0.611317 -14.862144
v -0.357525 -0.274611 -14.873562
v -0.510341 -0.371433 -14.669385
v -0.410885 -0.402385 -14.869230
v -0.357525 -0.274611 -14.873562
v -0.444647 -0.214125 -14.674718
v -0.510341 -0.371433 -14.669385
v -0.267271 -0.169570 -14.877124
v -0.444647 -0.214125 -14.674718
v -0.357525 -0.274611 -14.873562
v -0.267271 -0.169570 -14.877124
v -0.333531 -0.084805 -14.679104
v -0.444647 -0.214125 -14.674718
v -0.333531 -0.084805 -14.679104
v -0.474804 -0.187990 -14.452591
v -0.444647 -0.214125 -14.674718
v -0.333531 -0.084805 -14.679104
v -0.356466 -0.050265 -14.457260
v -0.474804 -0.187990 -14.452591
v -0.356466 0.524249 2.483532
v -0.474804 -0.187990 -14.452591
v -0.356466 -0.050265 -14.457260
v -0.201336 0.044171 -14.460458
v -0.356466 0.524249 2.483532
v -0.356466 -0.050265 -14.457260
v -0.201336 0.044171 -14.460458
v -0.201336 0.618685 2.480331
v -0.356466 0.524249 2.483532
v -0.024599 0.660589 2.478910
v -0.201336 0.618685 2.480331
v -0.201336 0.044171 -14.460458
v -0.024599 0.660589 2.478910
v -0.201336 0.044171 -14.460458
v -0.024600 0.086075 -14.461883
v -0.024599 0.660589 2.478910
v -0.024600 0.086075 -14.461883
v 0.156443 0.071344 -14.461383
v 0.148080 0.029384 -14.682975
v 0.156443 0.071344 -14.461383
v -0.024600 0.086075 -14.461883
v 0.324071 0.001422 -14.459014
v 0.156443 0.071344 -14.461383
v 0.148080 0.029384 -14.682975
v 0.324071 0.001422 -14.459014
v 0.148080 0.029384 -14.682975
v 0.305479 -0.036271 -14.680749
v 0.434873 -0.147324 -14.676977
v 0.324071 0.001422 -14.459014
v 0.305479 -0.036271 -14.680749
v 0.356869 -0.220351 -14.875401
v 0.434873 -0.147324 -14.676977
v 0.305479 -0.036271 -14.680749
v 0.523598 -0.292904 -14.672046
v 0.434873 -0.147324 -14.676977
v 0.356869 -0.220351 -14.875401
v 0.356869 -0.220351 -14.875401
v 0.305479 -0.036271 -14.680749
v 0.251768 -0.130148 -14.878463
v 0.305479 -0.036271 -14.680749
v 0.123920 -0.076819 -14.880268
v 0.251768 -0.130148 -14.878463
v 0.305479 -0.036271 -14.680749
v 0.148080 0.029384 -14.682975
v 0.123920 -0.076819 -14.880268
v 0.123920 -0.076819 -14.880268
v 0.148080 0.029384 -14.682975
v -0.021915 0.043216 -14.683444
v 0.148080 0.029384 -14.682975
v -0.024600 0.086075 -14.461883
v -0.021915 0.043216 -14.683444
v -0.024600 0.086075 -14.461883
v -0.187867 0.003869 -14.682108
v -0.021915 0.043216 -14.683444
v -0.024600 0.086075 -14.461883
v -0.201336 0.044171 -14.460458
v -0.187867 0.003869 -14.682108
v -0.187867 0.003869 -14.682108
v -0.201336 0.044171 -14.460458
v -0.356466 -0.050265 -14.457260
v -0.187867 0.003869 -14.682108
v -0.356466 -0.050265 -14.457260
v -0.333531 -0.084805 -14.679104
v -0.148955 -0.097544 -14.879567
v -0.187867 0.003869 -14.682108
v -0.333531 -0.084805 -14.679104
v -0.148955 -0.097544 -14.879567
v -0.333531 -0.084805 -14.679104
v -0.267271 -0.169570 -14.877124
v 0.123920 -0.076819 -14.880268
v -0.021915 0.043216 -14.683444
v -0.014160 -0.065584 -14.880651
v -0.021915 0.043216 -14.683444
v -0.148955 -0.097544 -14.879567
v -0.014160 -0.065584 -14.880651
v -0.021915 0.043216 -14.683444
v -0.187867 0.003869 -14.682108
v -0.148955 -0.097544 -14.879567
v 0.583554 -0.054947 2.503178
v 0.583555 0.467666 17.913563
v 0.598294 0.648605 17.907425
v 0.583554 -0.054947 2.503178
v 0.598294 0.648605 17.907425
v 0.598293 0.125991 2.497041
v 0.598293 0.125991 2.497041
v 0.598294 0.648605 17.907425
v 0.556366 0.825240 17.901434
v 0.598293 0.125991 2.497041
v 0.556366 0.825240 17.901434
v 0.556365 0.302626 2.491050
v 0.556366 0.825240 17.901434
v 0.461875 0.457667 2.485792
v 0.556365 0.302626 2.491050
v 0.556366 0.825240 17.901434
v 0.461875 0.980281 17.896179
v 0.461875 0.457667 2.485792
v 0.461875 0.980281 17.896179
v 0.324071 0.575937 2.481781
v 0.461875 0.457667 2.485792
v 0.461875 0.980281 17.896179
v 0.324071 1.098551 17.892168
v 0.324071 0.575937 2.481781
v 0.324071 0.575937 2.481781
v 0.324071 1.098551 17.892168
v 0.156444 1.168472 17.889795
v 0.324071 0.575937 2.481781
v 0.156444 1.168472 17.889795
v 0.156443 0.645859 2.479411
v 0.156443 0.645859 2.479411
v 0.156444 1.168472 17.889795
v -0.024599 1.183203 17.889296
v 0.156443 0.645859 2.479411
v -0.024599 1.183203 17.889296
v -0.024599 0.660589 2.478910
v -0.024599 0.660589 2.478910
v -0.024599 1.183203 17.889296
v -0.201335 1.141299 17.890715
v -0.024599 0.660589 2.478910
v -0.201335 1.141299 17.890715
v -0.201336 0.618685 2.480331
v -0.201335 1.141299 17.890715
v -0.356466 0.524249 2.483532
v -0.201336 0.618685 2.480331
v -0.201335 1.141299 17.890715
v -0.356465 1.046863 17.893921
v -0.356466 0.524249 2.483532
v -0.356465 1.046863 17.893921
v -0.474804 0.386524 2.488205
v -0.356466 0.524249 2.483532
v -0.356465 1.046863 17.893921
v -0.474803 0.909138 17.898590
v -0.474804 0.386524 2.488205
v -0.474803 0.909138 17.898590
v -0.544766 0.218993 2.493887
v -0.474804 0.386524 2.488205
v -0.474803 0.909138 17.898590
v -0.544765 0.741607 17.904272
v -0.544766 0.218993 2.493887
v 0.647142 0.378096 15.728127
v 0.663542 0.579428 15.721299
v 0.019395 0.530504 15.722960
v 0.663542 0.579428 15.721299
v 0.616888 0.775971 15.714635
v 0.019395 0.530504 15.722960
v 0.616888 0.775971 15.714635
v 0.511747 0.948487 15.708783
v 0.019395 0.530504 15.722960
v 0.511747 0.948487 15.708783
v 0.358412 1.080086 15.704320
v 0.019395 0.530504 15.722960
v 0.358412 1.080086 15.704320
v 0.171891 1.157890 15.701682
v 0.019395 0.530504 15.722960
v 0.171891 1.157890 15.701682
v -0.029557 1.174280 15.701127
v 0.019395 0.530504 15.722960
v -0.029557 1.174280 15.701127
v -0.226213 1.127653 15.702706
v 0.019395 0.530504 15.722960
v -0.226213 1.127653 15.702706
v -0.398828 1.022573 15.706269
v 0.019395 0.530504 15.722960
v -0.398828 1.022573 15.706269
v -0.530503 0.869326 15.711469
v 0.019395 0.530504 15.722960
v -0.530503 0.869326 15.711469
v -0.608352 0.682912 15.717788
v 0.019395 0.530504 15.722960
v -0.624751 0.481580 15.724618
v 0.019395 0.530504 15.722960
v -0.608352 0.682912 15.717788
v -0.578097 0.285037 15.731284
v 0.019395 0.530504 15.722960
v -0.624751 0.481580 15.724618
v -0.472957 0.112521 15.737134
v 0.019395 0.530504 15.722960
v -0.578097 0.285037 15.731284
v -0.319621 -0.019079 15.741595
v 0.019395 0.530504 15.722960
v -0.472957 0.112521 15.737134
v -0.133100 -0.096882 15.744233
v 0.019395 0.530504 15.722960
v -0.319621 -0.019079 15.741595
v 0.068348 -0.113272 15.744790
v 0.019395 0.530504 15.722960
v -0.133100 -0.096882 15.744233
v 0.265004 -0.066645 15.743209
v 0.019395 0.530504 15.722960
v 0.068348 -0.113272 15.744790
v 0.437618 0.038435 15.739646
v 0.019395 0.530504 15.722960
v 0.265004 -0.066645 15.743209
v 0.569294 0.191682 15.734448
v 0.019395 0.530504 15.722960
v 0.437618 0.038435 15.739646
v 0.647142 0.378096 15.728127
v 0.019395 0.530504 15.722960
v 0.569294 0.191682 15.734448
v -0.661041 -0.240161 -11.849392
v -0.673078 -0.289584 -11.836002
v -0.651318 -0.294835 -11.835829
v -0.673078 -0.289584 -11.836002
v -0.660970 -0.333675 -11.801698
v -0.651318 -0.294835 -11.835829
v -0.673078 -0.289584 -11.836002
v -0.682730 -0.328423 -11.801876
v -0.660970 -0.333675 -11.801698
v -0.682730 -0.328423 -11.801876
v -0.666327 -0.354240 -11.753586
v -0.660970 -0.333675 -11.801698
v -0.682730 -0.328423 -11.801876
v -0.688087 -0.348990 -11.753763
v -0.666327 -0.354240 -11.753586
v -0.666327 -0.354240 -11.753586
v -0.688087 -0.348990 -11.753763
v -0.688087 -0.347207 -11.701195
v -0.666327 -0.354240 -11.753586
v -0.688087 -0.347207 -11.701195
v -0.666327 -0.352457 -11.701015
v -0.666327 -0.352457 -11.701015
v -0.688087 -0.347207 -11.701195
v -0.682730 -0.323428 -11.654584
v -0.666327 -0.352457 -11.701015
v -0.682730 -0.323428 -11.654584
v -0.660970 -0.328680 -11.654406
v -0.660970 -0.328680 -11.654406
v -0.682730 -0.323428 -11.654584
v -0.663731 -0.284621 -11.623089
v -0.660970 -0.328680 -11.654406
v -0.663731 -0.284621 -11.623089
v -0.651318 -0.287617 -11.622986
v -0.663731 -0.284621 -11.623089
v -0.639281 -0.237402 -11.612978
v -0.651318 -0.287617 -11.622986
v -0.663731 -0.284621 -11.623089
v -0.651694 -0.234405 -11.613076
v -0.639281 -0.237402 -11.612978
v -0.651694 -0.234405 -11.613076
v -0.627244 -0.187980 -11.626363
v -0.639281 -0.237402 -11.612978
v -0.651694 -0.234405 -11.613076
v -0.639658 -0.184983 -11.626463
v -0.627244 -0.187980 -11.626363
v -0.627244 -0.187980 -11.626363
v -0.639658 -0.184983 -11.626463
v -0.630005 -0.146143 -11.660597
v -0.627244 -0.187980 -11.626363
v -0.630005 -0.146143 -11.660597
v -0.617592 -0.149139 -11.660496
v -0.630005 -0.146143 -11.660597
v -0.612235 -0.128574 -11.708611
v -0.617592 -0.149139 -11.660496
v -0.630005 -0.146143 -11.660597
v -0.633995 -0.123323 -11.708788
v -0.612235 -0.128574 -11.708611
v -0.612235 -0.128574 -11.708611
v -0.633995 -0.123323 -11.708788
v -0.633995 -0.125106 -11.761357
v -0.612235 -0.128574 -11.708611
v -0.633995 -0.125106 -11.761357
v -0.612235 -0.130357 -11.761179
v -0.633995 -0.125106 -11.761357
v -0.617592 -0.154135 -11.807789
v -0.612235 -0.130357 -11.761179
v -0.633995 -0.125106 -11.761357
v -0.639351 -0.148883 -11.807968
v -0.617592 -0.154135 -11.807789
v -0.639351 -0.148883 -11.807968
v -0.627244 -0.195198 -11.839206
v -0.617592 -0.154135 -11.807789
v -0.639351 -0.148883 -11.807968
v -0.649004 -0.189946 -11.839384
v -0.627244 -0.195198 -11.839206
v -0.627244 -0.195198 -11.839206
v -0.649004 -0.189946 -11.839384
v -0.661041 -0.240161 -11.849392
v -0.627244 -0.195198 -11.839206
v -0.661041 -0.240161 -11.849392
v -0.639281 -0.245413 -11.849218
v -0.661041 -0.240161 -11.849392
v -0.651318 -0.294835 -11.835829
v -0.639281 -0.245413 -11.849218
v 0.077903 1.448982 20.819986
v 0.077903 1.447140 20.765673
v 0.135572 1.449262 20.778307
v 0.077903 1.448982 20.819986
v 0.135572 1.449262 20.778307
v 0.135572 1.450244 20.807240
v 0.135572 1.449262 20.778307
v 0.147777 1.445415 20.752337
v 0.197196 1.434792 20.793278
v 0.077903 1.447140 20.765673
v 0.147777 1.445415 20.752337
v 0.135572 1.449262 20.778307
v 0.077903 1.447140 20.765673
v 0.100817 1.439916 20.716921
v 0.147777 1.445415 20.752337
v 0.147777 1.445415 20.752337
v 0.100817 1.439916 20.716921
v 0.142107 1.428744 20.683395
v 0.147777 1.445415 20.752337
v 0.142107 1.428744 20.683395
v 0.169771 1.439463 20.734482
v 0.142107 1.428744 20.683395
v 0.197196 1.432588 20.728268
v 0.169771 1.439463 20.734482
v 0.169771 1.439463 20.734482
v 0.197196 1.432588 20.728268
v 0.197196 1.434792 20.793278
v 0.147777 1.445415 20.752337
v 0.169771 1.439463 20.734482
v 0.197196 1.434792 20.793278
v 0.142107 1.428744 20.683395
v 0.193594 1.415834 20.671734
v 0.197196 1.432588 20.728268
v 0.142107 1.428744 20.683395
v 0.189096 1.396017 20.633768
v 0.193594 1.415834 20.671734
v 0.142107 1.428744 20.683395
v 0.121326 1.413011 20.649117
v 0.189096 1.396017 20.633768
v 0.100817 1.439916 20.716921
v 0.121326 1.413011 20.649117
v 0.142107 1.428744 20.683395
v 0.100817 1.439916 20.716921
v 0.066980 1.427716 20.693247
v 0.121326 1.413011 20.649117
v 0.077903 1.447140 20.765673
v 0.066980 1.427716 20.693247
v 0.100817 1.439916 20.716921
v 0.077903 1.447140 20.765673
v 0.036819 1.437224 20.757410
v 0.066980 1.427716 20.693247
v 0.077903 1.448982 20.819986
v 0.036819 1.437224 20.757410
v 0.077903 1.447140 20.765673
v 0.077903 1.448982 20.819986
v 0.036819 1.439648 20.828903
v 0.036819 1.437224 20.757410
v 0.066980 1.434510 20.893562
v 0.036819 1.439648 20.828903
v 0.077903 1.448982 20.819986
v 0.008617 1.418644 20.834732
v 0.036819 1.439648 20.828903
v 0.066980 1.434510 20.893562
v 0.008617 1.418644 20.834732
v 0.066980 1.434510 20.893562
v 0.043089 1.412772 20.908638
v -0.014046 1.388897 20.839161
v 0.008617 1.418644 20.834732
v 0.043089 1.412772 20.908638
v -0.014046 1.388897 20.839161
v 0.043089 1.412772 20.908638
v 0.023307 1.382533 20.919241
v 0.023307 1.382533 20.919241
v 0.043089 1.412772 20.908638
v 0.105205 1.399418 20.960096
v 0.023307 1.382533 20.919241
v 0.105205 1.399418 20.960096
v 0.086792 1.352336 20.975534
v 0.086792 1.352336 20.975534
v 0.105205 1.399418 20.960096
v 0.182663 1.381229 20.978918
v 0.086792 1.352336 20.975534
v 0.182663 1.381229 20.978918
v 0.170723 1.332627 20.995928
v 0.170723 1.332627 20.995928
v 0.182663 1.381229 20.978918
v 0.260121 1.361806 20.961372
v -0.014046 1.385894 20.750618
v 0.008617 1.418644 20.834732
v -0.014046 1.388897 20.839161
v 0.043089 1.405007 20.679680
v 0.008617 1.415873 20.753019
v -0.014046 1.385894 20.750618
v -0.014046 1.385894 20.750618
v 0.008617 1.415873 20.753019
v 0.008617 1.418644 20.834732
v 0.008617 1.415873 20.753019
v 0.036819 1.439648 20.828903
v 0.008617 1.418644 20.834732
v 0.008617 1.415873 20.753019
v 0.036819 1.437224 20.757410
v 0.036819 1.439648 20.828903
v 0.043089 1.405007 20.679680
v 0.036819 1.437224 20.757410
v 0.008617 1.415873 20.753019
v 0.043089 1.405007 20.679680
v 0.066980 1.427716 20.693247
v 0.036819 1.437224 20.757410
v 0.105205 1.388198 20.629246
v 0.066980 1.427716 20.693247
v 0.043089 1.405007 20.679680
v 0.105205 1.388198 20.629246
v 0.121326 1.413011 20.649117
v 0.066980 1.427716 20.693247
v 0.182663 1.368776 20.611698
v 0.121326 1.413011 20.649117
v 0.105205 1.388198 20.629246
v 0.182663 1.368776 20.611698
v 0.189096 1.396017 20.633768
v 0.121326 1.413011 20.649117
v 0.256865 1.380103 20.650232
v 0.189096 1.396017 20.633768
v 0.182663 1.368776 20.611698
v 0.189096 1.396017 20.633768
v 0.256865 1.380103 20.650232
v 0.245081 1.403743 20.684246
v 0.256865 1.380103 20.650232
v 0.286371 1.394867 20.718449
v 0.245081 1.403743 20.684246
v 0.245081 1.403743 20.684246
v 0.286371 1.394867 20.718449
v 0.246615 1.421419 20.753153
v 0.246615 1.421419 20.753153
v 0.286371 1.394867 20.718449
v 0.309285 1.390963 20.767578
v 0.311212 1.368421 20.695257
v 0.309285 1.390963 20.767578
v 0.286371 1.394867 20.718449
v 0.311212 1.368421 20.695257
v 0.341372 1.363283 20.759916
v 0.309285 1.390963 20.767578
v 0.356710 1.331360 20.755882
v 0.341372 1.363283 20.759916
v 0.311212 1.368421 20.695257
v 0.256865 1.380103 20.650232
v 0.311212 1.368421 20.695257
v 0.286371 1.394867 20.718449
v 0.245081 1.403743 20.684246
v 0.246615 1.421419 20.753153
v 0.224622 1.426147 20.734934
v 0.356710 1.331360 20.755882
v 0.311212 1.368421 20.695257
v 0.322238 1.337233 20.681978
v 0.322238 1.337233 20.681978
v 0.311212 1.368421 20.695257
v 0.256865 1.380103 20.650232
v 0.322238 1.337233 20.681978
v 0.256865 1.380103 20.650232
v 0.260121 1.350586 20.630518
v 0.256865 1.380103 20.650232
v 0.182663 1.368776 20.611698
v 0.260121 1.350586 20.630518
v 0.170723 1.332627 20.995928
v 0.260121 1.361806 20.961372
v 0.254655 1.311581 20.976917
v 0.260121 1.361806 20.961372
v 0.321962 1.293367 20.922262
v 0.254655 1.311581 20.976917
v 0.260121 1.361806 20.961372
v 0.322238 1.344998 20.910933
v 0.321962 1.293367 20.922262
v 0.322238 1.344998 20.910933
v 0.363138 1.297322 20.842266
v 0.321962 1.293367 20.922262
v 0.322238 1.344998 20.910933
v 0.356710 1.334132 20.837599
v 0.363138 1.297322 20.842266
v 0.356710 1.334132 20.837599
v 0.363138 1.294319 20.753723
v 0.363138 1.297322 20.842266
v 0.356710 1.334132 20.837599
v 0.356710 1.331360 20.755882
v 0.363138 1.294319 20.753723
v 0.356710 1.331360 20.755882
v 0.325785 1.300682 20.673637
v 0.363138 1.294319 20.753723
v 0.356710 1.331360 20.755882
v 0.322238 1.337233 20.681978
v 0.325785 1.300682 20.673637
v 0.322238 1.337233 20.681978
v 0.258478 1.315150 20.617882
v 0.325785 1.300682 20.673637
v 0.322238 1.337233 20.681978
v 0.260121 1.350586 20.630518
v 0.258478 1.315150 20.617882
v 0.260121 1.350586 20.630518
v 0.174546 1.334859 20.597486
v 0.258478 1.315150 20.617882
v 0.260121 1.350586 20.630518
v 0.182663 1.368776 20.611698
v 0.174546 1.334859 20.597486
v 0.182663 1.368776 20.611698
v 0.090615 1.355906 20.616499
v 0.174546 1.334859 20.597486
v 0.182663 1.368776 20.611698
v 0.105205 1.388198 20.629246
v 0.090615 1.355906 20.616499
v 0.105205 1.388198 20.629246
v 0.023307 1.374120 20.671148
v 0.090615 1.355906 20.616499
v 0.105205 1.388198 20.629246
v 0.043089 1.405007 20.679680
v 0.023307 1.374120 20.671148
v 0.043089 1.405007 20.679680
v -0.014046 1.385894 20.750618
v 0.023307 1.374120 20.671148
v 0.341372 1.365707 20.831411
v 0.341372 1.363283 20.759916
v 0.356710 1.331360 20.755882
v 0.341372 1.365707 20.831411
v 0.356710 1.331360 20.755882
v 0.356710 1.334132 20.837599
v 0.322238 1.344998 20.910933
v 0.341372 1.365707 20.831411
v 0.356710 1.334132 20.837599
v 0.322238 1.344998 20.910933
v 0.311212 1.375214 20.895575
v 0.341372 1.365707 20.831411
v 0.260121 1.361806 20.961372
v 0.311212 1.375214 20.895575
v 0.322238 1.344998 20.910933
v 0.260121 1.361806 20.961372
v 0.256865 1.389920 20.939703
v 0.311212 1.375214 20.895575
v 0.182663 1.381229 20.978918
v 0.256865 1.389920 20.939703
v 0.260121 1.361806 20.961372
v 0.182663 1.381229 20.978918
v 0.189096 1.406913 20.955051
v 0.256865 1.389920 20.939703
v 0.105205 1.399418 20.960096
v 0.189096 1.406913 20.955051
v 0.182663 1.381229 20.978918
v 0.105205 1.399418 20.960096
v 0.121326 1.422827 20.938587
v 0.189096 1.406913 20.955051
v 0.043089 1.412772 20.908638
v 0.121326 1.422827 20.938587
v 0.105205 1.399418 20.960096
v 0.043089 1.412772 20.908638
v 0.066980 1.434510 20.893562
v 0.121326 1.422827 20.938587
v 0.121326 1.422827 20.938587
v 0.066980 1.434510 20.893562
v 0.100817 1.445078 20.869116
v 0.066980 1.434510 20.893562
v 0.077903 1.448982 20.819986
v 0.100817 1.445078 20.869116
v 0.147777 1.448165 20.833405
v 0.100817 1.445078 20.869116
v 0.077903 1.448982 20.819986
v 0.147777 1.448165 20.833405
v 0.077903 1.448982 20.819986
v 0.135572 1.450244 20.807240
v 0.147777 1.448165 20.833405
v 0.135572 1.450244 20.807240
v 0.197196 1.434792 20.793278
v 0.135572 1.450244 20.807240
v 0.135572 1.449262 20.778307
v 0.197196 1.434792 20.793278
v 0.341372 1.363283 20.759916
v 0.309285 1.392805 20.821892
v 0.309285 1.390963 20.767578
v 0.341372 1.363283 20.759916
v 0.341372 1.365707 20.831411
v 0.309285 1.392805 20.821892
v 0.341372 1.365707 20.831411
v 0.286371 1.400028 20.870644
v 0.309285 1.392805 20.821892
v 0.341372 1.365707 20.831411
v 0.311212 1.375214 20.895575
v 0.286371 1.400028 20.870644
v 0.286371 1.400028 20.870644
v 0.311212 1.375214 20.895575
v 0.256865 1.389920 20.939703
v 0.286371 1.400028 20.870644
v 0.256865 1.389920 20.939703
v 0.245081 1.411201 20.904169
v 0.245081 1.411201 20.904169
v 0.256865 1.389920 20.939703
v 0.189096 1.406913 20.955051
v 0.121326 1.422827 20.938587
v 0.100817 1.445078 20.869116
v 0.142107 1.436202 20.903320
v 0.189096 1.406913 20.955051
v 0.121326 1.422827 20.938587
v 0.142107 1.436202 20.903320
v 0.189096 1.406913 20.955051
v 0.142107 1.436202 20.903320
v 0.193594 1.424112 20.915831
v 0.245081 1.411201 20.904169
v 0.189096 1.406913 20.955051
v 0.193594 1.424112 20.915831
v 0.224622 1.430120 20.852079
v 0.245081 1.411201 20.904169
v 0.193594 1.424112 20.915831
v 0.286371 1.400028 20.870644
v 0.245081 1.411201 20.904169
v 0.224622 1.430120 20.852079
v 0.286371 1.400028 20.870644
v 0.224622 1.430120 20.852079
v 0.246615 1.424169 20.834217
v 0.309285 1.392805 20.821892
v 0.286371 1.400028 20.870644
v 0.246615 1.424169 20.834217
v 0.309285 1.392805 20.821892
v 0.246615 1.424169 20.834217
v 0.258821 1.420321 20.808254
v 0.309285 1.390963 20.767578
v 0.309285 1.392805 20.821892
v 0.258821 1.420321 20.808254
v 0.309285 1.390963 20.767578
v 0.258821 1.420321 20.808254
v 0.258821 1.419340 20.779320
v 0.246615 1.421419 20.753153
v 0.309285 1.390963 20.767578
v 0.258821 1.419340 20.779320
v 0.246615 1.421419 20.753153
v 0.258821 1.419340 20.779320
v 0.197196 1.434792 20.793278
v 0.224622 1.426147 20.734934
v 0.246615 1.421419 20.753153
v 0.197196 1.434792 20.793278
v 0.197196 1.432588 20.728268
v 0.224622 1.426147 20.734934
v 0.197196 1.434792 20.793278
v 0.197196 1.432588 20.728268
v 0.245081 1.403743 20.684246
v 0.224622 1.426147 20.734934
v 0.197196 1.432588 20.728268
v 0.193594 1.415834 20.671734
v 0.245081 1.403743 20.684246
v 0.189096 1.396017 20.633768
v 0.245081 1.403743 20.684246
v 0.193594 1.415834 20.671734
v 0.258821 1.419340 20.779320
v 0.258821 1.420321 20.808254
v 0.197196 1.434792 20.793278
v 0.258821 1.420321 20.808254
v 0.246615 1.424169 20.834217
v 0.197196 1.434792 20.793278
v 0.246615 1.424169 20.834217
v 0.224622 1.430120 20.852079
v 0.197196 1.434792 20.793278
v 0.224622 1.430120 20.852079
v 0.197196 1.436997 20.858292
v 0.197196 1.434792 20.793278
v 0.224622 1.430120 20.852079
v 0.193594 1.424112 20.915831
v 0.197196 1.436997 20.858292
v 0.197196 1.436997 20.858292
v 0.193594 1.424112 20.915831
v 0.142107 1.436202 20.903320
v 0.197196 1.436997 20.858292
v 0.142107 1.436202 20.903320
v 0.169771 1.443437 20.851625
v 0.169771 1.443437 20.851625
v 0.142107 1.436202 20.903320
v 0.100817 1.445078 20.869116
v 0.169771 1.443437 20.851625
v 0.100817 1.445078 20.869116
v 0.147777 1.448165 20.833405
v 0.169771 1.443437 20.851625
v 0.147777 1.448165 20.833405
v 0.197196 1.434792 20.793278
v 0.197196 1.436997 20.858292
v 0.169771 1.443437 20.851625
v 0.197196 1.434792 20.793278
v -0.356466 0.524249 2.483532
v -0.474804 0.386524 2.488205
v -0.474804 -0.187990 -14.452591
v -0.544766 0.218993 2.493887
v -0.474804 -0.187990 -14.452591
v -0.474804 0.386524 2.488205
v -0.544766 0.218993 2.493887
v -0.544767 -0.355521 -14.446909
v -0.474804 -0.187990 -14.452591
v -0.444647 -0.214125 -14.674718
v -0.474804 -0.187990 -14.452591
v -0.544767 -0.355521 -14.446909
v -0.444647 -0.214125 -14.674718
v -0.544767 -0.355521 -14.446909
v -0.510341 -0.371433 -14.669385
v 0.306315 -0.580374 -14.977213
v 0.313811 -0.488352 -14.980335
v 0.019394 -0.510713 -14.979577
v 0.313811 -0.488352 -14.980335
v 0.292487 -0.398519 -14.983386
v 0.019394 -0.510713 -14.979577
v 0.292487 -0.398519 -14.983386
v 0.244431 -0.319667 -14.986053
v 0.019394 -0.510713 -14.979577
v 0.244431 -0.319667 -14.986053
v 0.174347 -0.259518 -14.988096
v 0.019394 -0.510713 -14.979577
v 0.174347 -0.259518 -14.988096
v 0.089095 -0.223957 -14.989298
v 0.019394 -0.510713 -14.979577
v 0.089095 -0.223957 -14.989298
v -0.002981 -0.216465 -14.989555
v 0.019394 -0.510713 -14.979577
v -0.002981 -0.216465 -14.989555
v -0.092865 -0.237777 -14.988832
v 0.019394 -0.510713 -14.979577
v -0.092865 -0.237777 -14.988832
v -0.171762 -0.285805 -14.987204
v 0.019394 -0.510713 -14.979577
v -0.171762 -0.285805 -14.987204
v -0.231946 -0.355850 -14.984830
v 0.019394 -0.510713 -14.979577
v -0.231946 -0.355850 -14.984830
v -0.267528 -0.441053 -14.981939
v 0.019394 -0.510713 -14.979577
v -0.275023 -0.533075 -14.978820
v 0.019394 -0.510713 -14.979577
v -0.267528 -0.441053 -14.981939
v -0.253700 -0.622908 -14.975771
v 0.019394 -0.510713 -14.979577
v -0.275023 -0.533075 -14.978820
v -0.205644 -0.701759 -14.973100
v 0.019394 -0.510713 -14.979577
v -0.253700 -0.622908 -14.975771
v -0.135559 -0.761909 -14.971060
v 0.019394 -0.510713 -14.979577
v -0.205644 -0.701759 -14.973100
v -0.050307 -0.797470 -14.969849
v 0.019394 -0.510713 -14.979577
v -0.135559 -0.761909 -14.971060
v 0.041768 -0.804962 -14.969601
v 0.019394 -0.510713 -14.979577
v -0.050307 -0.797470 -14.969849
v 0.131653 -0.783650 -14.970322
v 0.019394 -0.510713 -14.979577
v 0.041768 -0.804962 -14.969601
v 0.210549 -0.735622 -14.971952
v 0.019394 -0.510713 -14.979577
v 0.131653 -0.783650 -14.970322
v 0.270734 -0.665577 -14.974324
v 0.019394 -0.510713 -14.979577
v 0.210549 -0.735622 -14.971952
v 0.306315 -0.580374 -14.977213
v 0.019394 -0.510713 -14.979577
v 0.270734 -0.665577 -14.974324
v 0.181801 0.598702 -1.990790
v 0.181800 0.897505 6.820035
v -0.032739 0.914961 6.819443
v 0.380442 0.814646 6.822845
v 0.181800 0.897505 6.820035
v 0.181801 0.598702 -1.990790
v 0.380442 0.814646 6.822845
v 0.181801 0.598702 -1.990790
v 0.380443 0.515843 -1.987981
v 0.543743 0.375691 -1.983228
v 0.380442 0.814646 6.822845
v 0.380443 0.515843 -1.987981
v 0.543743 0.375691 -1.983228
v 0.543742 0.674494 6.827599
v 0.380442 0.814646 6.822845
v 0.655716 0.490766 6.833829
v 0.543742 0.674494 6.827599
v 0.543743 0.375691 -1.983228
v 0.655716 0.490766 6.833829
v 0.543743 0.375691 -1.983228
v 0.655716 0.191964 -1.976997
v 0.705401 0.281451 6.840928
v 0.655716 0.490766 6.833829
v 0.655716 0.191964 -1.976997
v 0.705401 0.281451 6.840928
v 0.655716 0.191964 -1.976997
v 0.705402 -0.017352 -1.969899
v 0.687936 0.067035 6.848199
v 0.705401 0.281451 6.840928
v 0.705402 -0.017352 -1.969899
v 0.687936 0.067035 6.848199
v 0.705402 -0.017352 -1.969899
v 0.687936 -0.231768 -1.962627
v 0.647141 -0.225157 -2.060098
v 0.687936 -0.231768 -1.962627
v 0.705402 -0.017352 -1.969899
v 0.647141 -0.225157 -2.060098
v 0.705402 -0.017352 -1.969899
v 0.663541 -0.023825 -2.066926
v 0.663541 -0.023825 -2.066926
v 0.705402 -0.017352 -1.969899
v 0.655716 0.191964 -1.976997
v 0.663541 -0.023825 -2.066926
v 0.655716 0.191964 -1.976997
v 0.616887 0.172718 -2.073592
v 0.616887 0.172718 -2.073592
v 0.655716 0.191964 -1.976997
v 0.543743 0.375691 -1.983228
v 0.616887 0.172718 -2.073592
v 0.543743 0.375691 -1.983228
v 0.511746 0.345234 -2.079444
v 0.543743 0.375691 -1.983228
v 0.358411 0.476833 -2.083905
v 0.511746 0.345234 -2.079444
v 0.543743 0.375691 -1.983228
v 0.380443 0.515843 -1.987981
v 0.358411 0.476833 -2.083905
v 0.380443 0.515843 -1.987981
v 0.171890 0.554636 -2.086545
v 0.358411 0.476833 -2.083905
v 0.380443 0.515843 -1.987981
v 0.181801 0.598702 -1.990790
v 0.171890 0.554636 -2.086545
v 0.171890 0.554636 -2.086545
v 0.181801 0.598702 -1.990790
v -0.032739 0.616158 -1.991382
v 0.181801 0.598702 -1.990790
v -0.032739 0.914961 6.819443
v -0.032739 0.616158 -1.991382
v -0.032739 0.914961 6.819443
v -0.242175 0.566501 -1.989698
v -0.032739 0.616158 -1.991382
v -0.032739 0.914961 6.819443
v -0.242175 0.865304 6.821128
v -0.242175 0.566501 -1.989698
v -0.242175 0.566501 -1.989698
v -0.242175 0.865304 6.821128
v -0.426008 0.753395 6.824922
v -0.242175 0.566501 -1.989698
v -0.426008 0.753395 6.824922
v -0.426007 0.454592 -1.985904
v 0.171890 0.554636 -2.086545
v -0.032739 0.616158 -1.991382
v -0.029558 0.571027 -2.087101
v -0.032739 0.616158 -1.991382
v -0.226214 0.524400 -2.085519
v -0.029558 0.571027 -2.087101
v -0.032739 0.616158 -1.991382
v -0.242175 0.566501 -1.989698
v -0.226214 0.524400 -2.085519
v -0.242175 0.566501 -1.989698
v -0.398828 0.419320 -2.081953
v -0.226214 0.524400 -2.085519
v -0.242175 0.566501 -1.989698
v -0.426007 0.454592 -1.985904
v -0.398828 0.419320 -2.081953
v -0.426008 0.753395 6.824922
v -0.566241 0.590188 6.830458
v -0.566240 0.291386 -1.980368
v -0.426008 0.753395 6.824922
v -0.566240 0.291386 -1.980368
v -0.426007 0.454592 -1.985904
v -0.398828 0.419320 -2.081953
v -0.426007 0.454592 -1.985904
v -0.566240 0.291386 -1.980368
v -0.398828 0.419320 -2.081953
v -0.566240 0.291386 -1.980368
v -0.530504 0.266072 -2.076758
v -0.566240 0.291386 -1.980368
v -0.608352 0.079659 -2.070435
v -0.530504 0.266072 -2.076758
v -0.566240 0.291386 -1.980368
v -0.649148 0.092858 -1.973635
v -0.608352 0.079659 -2.070435
v -0.566241 0.590188 6.830458
v -0.649148 0.092858 -1.973635
v -0.566240 0.291386 -1.980368
v -0.566241 0.590188 6.830458
v -0.649147 0.391659 6.837189
v -0.649148 0.092858 -1.973635
v 0.543741 0.003083 -12.970394
v 0.543741 -0.043404 -14.341166
v 0.655714 -0.227175 -14.336219
v 0.623377 -0.166139 -14.821568
v 0.655714 -0.227175 -14.336219
v 0.543741 -0.043404 -14.341166
v 0.623377 -0.166139 -14.821568
v 0.543741 -0.043404 -14.341166
v 0.543741 -0.067921 -15.064103
v 0.655715 -0.119096 -11.149261
v 0.705400 -0.389960 -12.957056
v 0.705401 -0.328412 -11.142162
v 0.655715 -0.119096 -11.149261
v 0.655715 -0.180644 -12.964154
v 0.705400 -0.389960 -12.957056
v 0.543742 0.064631 -11.155493
v 0.655715 -0.180644 -12.964154
v 0.655715 -0.119096 -11.149261
v 0.543742 0.064631 -11.155493
v 0.543741 0.003083 -12.970394
v 0.655715 -0.180644 -12.964154
v 0.543742 0.064631 -11.155493
v 0.380441 0.143235 -12.975141
v 0.543741 0.003083 -12.970394
v 0.543741 -0.043404 -14.341166
v 0.543741 0.003083 -12.970394
v 0.380441 0.143235 -12.975141
v 0.543741 -0.043404 -14.341166
v 0.380441 0.143235 -12.975141
v 0.380441 0.095190 -14.391871
v 0.543741 -0.067921 -15.064103
v 0.543741 -0.043404 -14.341166
v 0.380441 0.095190 -14.391871
v 0.543741 -0.067921 -15.064103
v 0.380441 0.095190 -14.391871
v 0.380441 0.069185 -15.158674
v 0.380441 0.095190 -14.391871
v 0.181799 0.152044 -15.161485
v 0.380441 0.069185 -15.158674
v 0.380441 0.095190 -14.391871
v 0.181799 0.178048 -14.394677
v 0.181799 0.152044 -15.161485
v 0.380441 0.143235 -12.975141
v 0.181799 0.178048 -14.394677
v 0.380441 0.095190 -14.391871
v 0.380441 0.143235 -12.975141
v 0.181799 0.226094 -12.977950
v 0.181799 0.178048 -14.394677
v 0.380441 0.204784 -11.160248
v 0.181799 0.226094 -12.977950
v 0.380441 0.143235 -12.975141
v 0.380441 0.204784 -11.160248
v 0.181799 0.287642 -11.163055
v 0.181799 0.226094 -12.977950
v 0.543742 0.064631 -11.155493
v 0.380441 0.204784 -11.160248
v 0.380441 0.143235 -12.975141
v 0.705400 -0.389960 -12.957056
v 0.655715 -0.180644 -12.964154
v 0.927776 0.337297 -14.329115
v 0.919257 0.805680 -15.888242
v 0.894414 0.311128 -15.240198
v 1.038355 0.884417 -15.817735
v 0.894414 0.311128 -15.240198
v 1.097838 0.989321 -15.740173
v 1.038355 0.884417 -15.817735
v 0.894414 0.311128 -15.240198
v 0.940090 0.365222 -15.012519
v 1.097838 0.989321 -15.740173
v 0.940090 0.365222 -15.012519
v 1.154399 1.229179 -15.536959
v 1.097838 0.989321 -15.740173
v 0.940090 0.365222 -15.012519
v 0.927776 0.337297 -14.329115
v 1.154399 1.229179 -15.536959
v 1.154399 1.229179 -15.536959
v 0.927776 0.337297 -14.329115
v 0.865929 0.419116 -14.299680
v 0.865929 0.419116 -14.299680
v 0.927776 0.337297 -14.329115
v 0.655715 -0.180644 -12.964154
v 0.865929 0.419116 -14.299680
v 0.655715 -0.180644 -12.964154
v 0.543741 0.003083 -12.970394
v 1.154399 1.229179 -15.536959
v 0.865929 0.419116 -14.299680
v 1.088524 1.298838 -15.519633
v 0.423151 0.234676 -15.466092
v 0.324852 -0.164379 -15.294293
v 0.513364 -0.198653 -15.229681
v 0.423151 0.234676 -15.466092
v 0.513364 -0.198653 -15.229681
v 0.618819 0.229399 -15.415360
v 0.553525 0.754176 -15.981859
v 0.423151 0.234676 -15.466092
v 0.618819 0.229399 -15.415360
v 0.553525 0.754176 -15.981859
v 0.618819 0.229399 -15.415360
v 0.752195 0.760802 -15.944794
v 0.752195 0.760802 -15.944794
v 0.618819 0.229399 -15.415360
v 0.781205 0.255742 -15.337523
v 0.752195 0.760802 -15.944794
v 0.781205 0.255742 -15.337523
v 0.919257 0.805680 -15.888242
v 0.919257 0.805680 -15.888242
v 0.781205 0.255742 -15.337523
v 0.894414 0.311128 -15.240198
v 0.781205 0.255742 -15.337523
v 0.763776 -0.218995 -15.005635
v 0.894414 0.311128 -15.240198
v 0.763776 -0.218995 -15.005635
v 0.940090 0.365222 -15.012519
v 0.894414 0.311128 -15.240198
v 0.763776 -0.218995 -15.005635
v 0.796041 -0.182724 -14.632446
v 0.940090 0.365222 -15.012519
v 0.796041 -0.182724 -14.632446
v 0.927776 0.337297 -14.329115
v 0.940090 0.365222 -15.012519
v 0.796041 -0.182724 -14.632446
v 0.769017 -0.214966 -13.966210
v 0.927776 0.337297 -14.329115
v 0.705400 -0.389960 -12.957056
v 0.927776 0.337297 -14.329115
v 0.769017 -0.214966 -13.966210
v 0.618819 0.229399 -15.415360
v 0.513364 -0.198653 -15.229681
v 0.664608 -0.217473 -15.130213
v 0.618819 0.229399 -15.415360
v 0.664608 -0.217473 -15.130213
v 0.781205 0.255742 -15.337523
v 0.781205 0.255742 -15.337523
v 0.664608 -0.217473 -15.130213
v 0.763776 -0.218995 -15.005635
v 0.213357 0.271062 -15.484745
v 0.324852 -0.164379 -15.294293
v 0.423151 0.234676 -15.466092
v 0.213357 0.271062 -15.484745
v 0.117522 -0.118002 -15.317725
v 0.324852 -0.164379 -15.294293
v 0.324852 -0.164379 -15.294293
v 0.117522 -0.118002 -15.317725
v 0.019393 -0.520549 -15.269613
v 0.324852 -0.164379 -15.294293
v 0.019393 -0.520549 -15.269613
v 0.225984 -0.569958 -15.245855
v 0.513364 -0.198653 -15.229681
v 0.324852 -0.164379 -15.294293
v 0.225984 -0.569958 -15.245855
v 0.513364 -0.198653 -15.229681
v 0.225984 -0.569958 -15.245855
v 0.412352 -0.613035 -15.180294
v 0.664608 -0.217473 -15.130213
v 0.513364 -0.198653 -15.229681
v 0.412352 -0.613035 -15.180294
v 0.664608 -0.217473 -15.130213
v 0.412352 -0.613035 -15.180294
v 0.560255 -0.645562 -15.079351
v 0.763776 -0.218995 -15.005635
v 0.664608 -0.217473 -15.130213
v 0.560255 -0.645562 -15.079351
v 0.763776 -0.218995 -15.005635
v 0.560255 -0.645562 -15.079351
v 0.655214 -0.664355 -14.952921
v 0.796041 -0.182724 -14.632446
v 0.763776 -0.218995 -15.005635
v 0.655214 -0.664355 -14.952921
v 0.796041 -0.182724 -14.632446
v 0.655214 -0.664355 -14.952921
v 0.687121 -0.657768 -14.530007
v 0.687121 -0.657768 -14.530007
v 0.769017 -0.214966 -13.966210
v 0.796041 -0.182724 -14.632446
v 0.687121 -0.657768 -14.530007
v 0.686987 -0.635671 -13.879367
v 0.769017 -0.214966 -13.966210
v 0.686987 -0.635671 -13.879367
v 0.705400 -0.389960 -12.957056
v 0.769017 -0.214966 -13.966210
v 0.686987 -0.635671 -13.879367
v 0.687935 -0.604376 -12.949786
v 0.705400 -0.389960 -12.957056
v 0.687935 -0.542828 -11.134893
v 0.705400 -0.389960 -12.957056
v 0.687935 -0.604376 -12.949786
v 0.687935 -0.542828 -11.134893
v 0.705401 -0.328412 -11.142162
v 0.705400 -0.389960 -12.957056
v 0.546653 -1.112264 -14.975342
v 0.455902 -1.076113 -15.101096
v 0.339305 -1.562285 -15.275864
v 0.455902 -1.076113 -15.101096
v 0.205885 -1.469459 -15.357750
v 0.339305 -1.562285 -15.275864
v 0.455902 -1.076113 -15.101096
v 0.311339 -1.029810 -15.201494
v 0.205885 -1.469459 -15.357750
v 0.311339 -1.029810 -15.201494
v 0.028816 -1.387666 -15.411075
v 0.205885 -1.469459 -15.357750
v 0.311339 -1.029810 -15.201494
v 0.127116 -0.977888 -15.266707
v 0.028816 -1.387666 -15.411075
v 0.127116 -0.977888 -15.266707
v -0.174571 -1.324917 -15.430620
v 0.028816 -1.387666 -15.411075
v 0.127116 -0.977888 -15.266707
v -0.078736 -0.925431 -15.290345
v -0.174571 -1.324917 -15.430620
v 0.019393 -0.520549 -15.269613
v -0.078736 -0.925431 -15.290345
v 0.127116 -0.977888 -15.266707
v 0.019393 -0.520549 -15.269613
v 0.127116 -0.977888 -15.266707
v 0.225984 -0.569958 -15.245855
v 0.311339 -1.029810 -15.201494
v 0.225984 -0.569958 -15.245855
v 0.127116 -0.977888 -15.266707
v 0.311339 -1.029810 -15.201494
v 0.412352 -0.613035 -15.180294
v 0.225984 -0.569958 -15.245855
v 0.455902 -1.076113 -15.101096
v 0.412352 -0.613035 -15.180294
v 0.311339 -1.029810 -15.201494
v 0.455902 -1.076113 -15.101096
v 0.560255 -0.645562 -15.079351
v 0.412352 -0.613035 -15.180294
v 0.546653 -1.112264 -14.975342
v 0.560255 -0.645562 -15.079351
v 0.455902 -1.076113 -15.101096
v 0.546653 -1.112264 -14.975342
v 0.655214 -0.664355 -14.952921
v 0.560255 -0.645562 -15.079351
v 0.564495 -1.135334 -14.600142
v 0.655214 -0.664355 -14.952921
v 0.546653 -1.112264 -14.975342
v 0.564495 -1.135334 -14.600142
v 0.687121 -0.657768 -14.530007
v 0.655214 -0.664355 -14.952921
v 0.565625 -1.051744 -13.937835
v 0.687121 -0.657768 -14.530007
v 0.564495 -1.135334 -14.600142
v 0.278032 -2.383456 -15.625793
v 0.272073 -2.268159 -15.710823
v 0.133993 -2.865973 -16.568487
v 0.416015 -1.657060 -15.173454
v 0.272073 -2.268159 -15.710823
v 0.278032 -2.383456 -15.625793
v 0.416015 -1.657060 -15.173454
v 0.201253 -2.148270 -15.788065
v 0.272073 -2.268159 -15.710823
v 0.416015 -1.657060 -15.173454
v 0.339305 -1.562285 -15.275864
v 0.201253 -2.148270 -15.788065
v 0.339305 -1.562285 -15.275864
v 0.072508 -2.035508 -15.849966
v 0.201253 -2.148270 -15.788065
v 0.339305 -1.562285 -15.275864
v 0.205885 -1.469459 -15.357750
v 0.072508 -2.035508 -15.849966
v 0.205885 -1.469459 -15.357750
v -0.101558 -1.940913 -15.890463
v 0.072508 -2.035508 -15.849966
v 0.205885 -1.469459 -15.357750
v 0.028816 -1.387666 -15.411075
v -0.101558 -1.940913 -15.890463
v 0.028816 -1.387666 -15.411075
v -0.303911 -1.873758 -15.905584
v -0.101558 -1.940913 -15.890463
v 0.028816 -1.387666 -15.411075
v -0.174571 -1.324917 -15.430620
v -0.303911 -1.873758 -15.905584
v 0.133993 -2.865973 -16.568487
v -0.031641 -3.182609 -17.648705
v 0.034039 -3.326289 -17.636007
v -0.031641 -3.182609 -17.648705
v -0.209295 -3.319075 -18.411669
v -0.082148 -3.449528 -18.408554
v 0.034039 -3.326289 -17.636007
v -0.031641 -3.182609 -17.648705
v -0.082148 -3.449528 -18.408554
v 0.034039 -3.326289 -17.636007
v -0.082148 -3.449528 -18.408554
v -0.015549 -3.591592 -18.405285
v 0.272073 -2.268159 -15.710823
v 0.201253 -2.148270 -15.788065
v 0.067131 -2.728699 -16.613670
v 0.272073 -2.268159 -15.710823
v 0.067131 -2.728699 -16.613670
v 0.133993 -2.865973 -16.568487
v 0.133993 -2.865973 -16.568487
v 0.067131 -2.728699 -16.613670
v -0.031641 -3.182609 -17.648705
v 0.067131 -2.728699 -16.613670
v -0.156765 -3.050709 -17.659393
v -0.031641 -3.182609 -17.648705
v -0.031641 -3.182609 -17.648705
v -0.156765 -3.050709 -17.659393
v -0.209295 -3.319075 -18.411669
v -0.156765 -3.050709 -17.659393
v -0.384559 -3.212034 -18.414501
v -0.209295 -3.319075 -18.411669
v -0.156765 -3.050709 -17.659393
v -0.329114 -2.943725 -17.667007
v -0.384559 -3.212034 -18.414501
v -0.058475 -2.602146 -16.650131
v -0.329114 -2.943725 -17.667007
v -0.156765 -3.050709 -17.659393
v -0.058475 -2.602146 -16.650131
v -0.230526 -2.498695 -16.674290
v -0.329114 -2.943725 -17.667007
v 0.072508 -2.035508 -15.849966
v -0.230526 -2.498695 -16.674290
v -0.058475 -2.602146 -16.650131
v 0.072508 -2.035508 -15.849966
v -0.101558 -1.940913 -15.890463
v -0.230526 -2.498695 -16.674290
v -0.101558 -1.940913 -15.890463
v -0.432184 -2.428486 -16.683783
v -0.230526 -2.498695 -16.674290
v -0.101558 -1.940913 -15.890463
v -0.303911 -1.873758 -15.905584
v -0.432184 -2.428486 -16.683783
v 0.201253 -2.148270 -15.788065
v 0.072508 -2.035508 -15.849966
v -0.058475 -2.602146 -16.650131
v 0.201253 -2.148270 -15.788065
v -0.058475 -2.602146 -16.650131
v 0.067131 -2.728699 -16.613670
v 0.067131 -2.728699 -16.613670
v -0.058475 -2.602146 -16.650131
v -0.156765 -3.050709 -17.659393
v -0.230526 -2.498695 -16.674290
v -0.432184 -2.428486 -16.683783
v -0.531820 -2.872334 -17.670469
v -0.230526 -2.498695 -16.674290
v -0.531820 -2.872334 -17.670469
v -0.329114 -2.943725 -17.667007
v -0.329114 -2.943725 -17.667007
v -0.531820 -2.872334 -17.670469
v -0.590741 -3.140321 -18.416571
v -0.329114 -2.943725 -17.667007
v -0.590741 -3.140321 -18.416571
v -0.384559 -3.212034 -18.414501
v -0.384559 -3.212034 -18.414501
v -0.590741 -3.140321 -18.416571
v -0.596117 -3.189842 -19.223854
v -0.384559 -3.212034 -18.414501
v -0.596117 -3.189842 -19.223854
v -0.385484 -3.262013 -19.220255
v -0.209295 -3.319075 -18.411669
v -0.384559 -3.212034 -18.414501
v -0.385484 -3.262013 -19.220255
v -0.209295 -3.319075 -18.411669
v -0.385484 -3.262013 -19.220255
v -0.206244 -3.366411 -19.214813
v -0.082148 -3.449528 -18.408554
v -0.209295 -3.319075 -18.411669
v -0.206244 -3.366411 -19.214813
v -0.082148 -3.449528 -18.408554
v -0.206244 -3.366411 -19.214813
v -0.076566 -3.494198 -19.208342
v -0.015549 -3.591592 -18.405285
v -0.082148 -3.449528 -18.408554
v -0.076566 -3.494198 -19.208342
v -0.015549 -3.591592 -18.405285
v -0.076566 -3.494198 -19.208342
v -0.008812 -3.633638 -19.201847
v -0.015662 -3.731217 -18.402237
v -0.015549 -3.591592 -18.405285
v -0.008812 -3.633638 -19.201847
v 0.033935 -3.467778 -17.622679
v -0.015549 -3.591592 -18.405285
v -0.015662 -3.731217 -18.402237
v 0.033935 -3.467778 -17.622679
v 0.034039 -3.326289 -17.636007
v -0.015549 -3.591592 -18.405285
v 0.135568 -3.000534 -16.519003
v 0.034039 -3.326289 -17.636007
v 0.033935 -3.467778 -17.622679
v 0.135568 -3.000534 -16.519003
v 0.133993 -2.865973 -16.568487
v 0.034039 -3.326289 -17.636007
v 0.278032 -2.383456 -15.625793
v 0.133993 -2.865973 -16.568487
v 0.135568 -3.000534 -16.519003
v -0.379954 -3.253392 -19.248573
v -0.206244 -3.366411 -19.214813
v -0.385484 -3.262013 -19.220255
v -0.590331 -3.166112 -19.226830
v -0.379954 -3.253392 -19.248573
v -0.385484 -3.262013 -19.220255
v -0.590331 -3.166112 -19.226830
v -0.385484 -3.262013 -19.220255
v -0.596117 -3.189842 -19.223854
v -0.583348 -3.137470 -19.230425
v -0.379954 -3.253392 -19.248573
v -0.590331 -3.166112 -19.226830
v -0.379954 -3.253392 -19.248573
v -0.200685 -3.343161 -19.291229
v -0.206244 -3.366411 -19.214813
v -0.076174 -3.442108 -19.340197
v -0.206244 -3.366411 -19.214813
v -0.200685 -3.343161 -19.291229
v -0.076174 -3.442108 -19.340197
v -0.076566 -3.494198 -19.208342
v -0.206244 -3.366411 -19.214813
v 0.005684 -3.578128 -19.420317
v -0.076566 -3.494198 -19.208342
v -0.076174 -3.442108 -19.340197
v 0.005684 -3.578128 -19.420317
v -0.008812 -3.633638 -19.201847
v -0.076566 -3.494198 -19.208342
v 0.005684 -3.578128 -19.420317
v -0.008897 -3.770494 -19.195803
v -0.008812 -3.633638 -19.201847
v -0.015662 -3.731217 -18.402237
v -0.008812 -3.633638 -19.201847
v -0.008897 -3.770494 -19.195803
v -0.093503 -4.046245 -18.509357
v -0.015662 -3.731217 -18.402237
v -0.008897 -3.770494 -19.195803
v -0.037657 -3.762065 -17.669865
v -0.015662 -3.731217 -18.402237
v -0.093503 -4.046245 -18.509357
v -0.037657 -3.762065 -17.669865
v 0.033935 -3.467778 -17.622679
v -0.015662 -3.731217 -18.402237
v 0.067306 -3.280722 -16.490269
v 0.033935 -3.467778 -17.622679
v -0.037657 -3.762065 -17.669865
v 0.067306 -3.280722 -16.490269
v 0.135568 -3.000534 -16.519003
v 0.033935 -3.467778 -17.622679
v 0.221471 -2.608995 -15.406794
v 0.135568 -3.000534 -16.519003
v 0.067306 -3.280722 -16.490269
v 0.221471 -2.608995 -15.406794
v 0.278032 -2.383456 -15.625793
v 0.135568 -3.000534 -16.519003
v 0.435338 -1.711386 -14.942091
v 0.278032 -2.383456 -15.625793
v 0.221471 -2.608995 -15.406794
v 0.416015 -1.657060 -15.173454
v 0.278032 -2.383456 -15.625793
v 0.435338 -1.711386 -14.942091
v 0.546653 -1.112264 -14.975342
v 0.416015 -1.657060 -15.173454
v 0.435338 -1.711386 -14.942091
v 0.546653 -1.112264 -14.975342
v 0.339305 -1.562285 -15.275864
v 0.416015 -1.657060 -15.173454
v -0.056969 -3.463060 -20.332680
v 0.568508 -1.421897 -20.439283
v 0.466209 -1.404063 -20.646618
v -0.056969 -3.463060 -20.332680
v 0.051686 -3.443418 -20.139977
v 0.568508 -1.421897 -20.439283
v 0.051686 -3.443418 -20.139977
v 0.603758 -1.422693 -20.210096
v 0.568508 -1.421897 -20.439283
v 0.051686 -3.443418 -20.139977
v 0.096703 -3.403081 -19.926495
v 0.603758 -1.422693 -20.210096
v 0.096703 -3.403081 -19.926495
v 0.568508 -1.406372 -19.981482
v 0.603758 -1.422693 -20.210096
v 0.096703 -3.403081 -19.926495
v 0.073455 -3.345937 -19.713154
v 0.568508 -1.406372 -19.981482
v 0.073455 -3.345937 -19.713154
v 0.466209 -1.374533 -19.775837
v 0.568508 -1.406372 -19.981482
v 0.073455 -3.345937 -19.713154
v -0.016000 -3.277716 -19.520679
v 0.466209 -1.374533 -19.775837
v -0.016000 -3.277716 -19.520679
v 0.306875 -1.330290 -19.613266
v 0.466209 -1.374533 -19.775837
v -0.016000 -3.277716 -19.520679
v -0.163053 -3.205052 -19.368305
v 0.306875 -1.330290 -19.613266
v -0.163053 -3.205052 -19.368305
v 0.106103 -1.277977 -19.509710
v 0.306875 -1.330290 -19.613266
v -0.163053 -3.205052 -19.368305
v -0.353321 -3.135087 -19.271095
v 0.106103 -1.277977 -19.509710
v -0.362975 -3.219625 -19.266233
v -0.353321 -3.135087 -19.271095
v -0.163053 -3.205052 -19.368305
v -0.362975 -3.219625 -19.266233
v -0.163053 -3.205052 -19.368305
v -0.201005 -3.286927 -19.347885
v -0.362975 -3.219625 -19.266233
v -0.201005 -3.286927 -19.347885
v -0.200685 -3.343161 -19.291229
v -0.201005 -3.286927 -19.347885
v -0.076174 -3.442108 -19.340197
v -0.200685 -3.343161 -19.291229
v -0.201005 -3.286927 -19.347885
v -0.075809 -3.376128 -19.457829
v -0.076174 -3.442108 -19.340197
v -0.075809 -3.376128 -19.457829
v 0.005684 -3.578128 -19.420317
v -0.076174 -3.442108 -19.340197
v -0.092239 -3.598174 -20.310677
v 0.051686 -3.443418 -20.139977
v -0.056969 -3.463060 -20.332680
v -0.092239 -3.598174 -20.310677
v 0.006831 -3.614842 -20.109949
v 0.051686 -3.443418 -20.139977
v 0.006831 -3.614842 -20.109949
v 0.096703 -3.403081 -19.926495
v 0.051686 -3.443418 -20.139977
v 0.006831 -3.614842 -20.109949
v 0.028729 -3.641927 -19.854406
v 0.096703 -3.403081 -19.926495
v 0.028729 -3.641927 -19.854406
v 0.073455 -3.345937 -19.713154
v 0.096703 -3.403081 -19.926495
v 0.028729 -3.641927 -19.854406
v 0.016080 -3.486630 -19.608135
v 0.073455 -3.345937 -19.713154
v 0.016080 -3.486630 -19.608135
v -0.016000 -3.277716 -19.520679
v 0.073455 -3.345937 -19.713154
v 0.016080 -3.486630 -19.608135
v -0.075809 -3.376128 -19.457829
v -0.016000 -3.277716 -19.520679
v -0.075809 -3.376128 -19.457829
v -0.163053 -3.205052 -19.368305
v -0.016000 -3.277716 -19.520679
v -0.075809 -3.376128 -19.457829
v -0.201005 -3.286927 -19.347885
v -0.163053 -3.205052 -19.368305
v 0.568508 -1.421897 -20.439283
v 0.739606 -0.864615 -20.253136
v 0.704356 -0.863820 -20.482336
v 0.568508 -1.421897 -20.439283
v 0.603758 -1.422693 -20.210096
v 0.739606 -0.864615 -20.253136
v 0.603758 -1.422693 -20.210096
v 0.704356 -0.848293 -20.024525
v 0.739606 -0.864615 -20.253136
v 0.603758 -1.422693 -20.210096
v 0.568508 -1.406372 -19.981482
v 0.704356 -0.848293 -20.024525
v 0.568508 -1.406372 -19.981482
v 0.602057 -0.816454 -19.818880
v 0.704356 -0.848293 -20.024525
v 0.568508 -1.406372 -19.981482
v 0.466209 -1.374533 -19.775837
v 0.602057 -0.816454 -19.818880
v 0.466209 -1.374533 -19.775837
v 0.442723 -0.772213 -19.656317
v 0.602057 -0.816454 -19.818880
v 0.466209 -1.374533 -19.775837
v 0.306875 -1.330290 -19.613266
v 0.442723 -0.772213 -19.656317
v 0.306875 -1.330290 -19.613266
v 0.241951 -0.719900 -19.552753
v 0.442723 -0.772213 -19.656317
v 0.306875 -1.330290 -19.613266
v 0.106103 -1.277977 -19.509710
v 0.241951 -0.719900 -19.552753
v 0.106103 -1.277977 -19.509710
v 0.019393 -0.664636 -19.518330
v 0.241951 -0.719900 -19.552753
v 0.106103 -1.277977 -19.509710
v -0.116455 -1.222714 -19.475294
v 0.019393 -0.664636 -19.518330
v -0.353321 -3.135087 -19.271095
v -0.116455 -1.222714 -19.475294
v 0.106103 -1.277977 -19.509710
v -0.353321 -3.135087 -19.271095
v -0.568082 -3.074862 -19.238331
v -0.116455 -1.222714 -19.475294
v -0.353321 -3.135087 -19.271095
v -0.583348 -3.137470 -19.230425
v -0.568082 -3.074862 -19.238331
v -0.353321 -3.135087 -19.271095
v -0.362975 -3.219625 -19.266233
v -0.583348 -3.137470 -19.230425
v -0.583348 -3.137470 -19.230425
v -0.362975 -3.219625 -19.266233
v -0.379954 -3.253392 -19.248573
v -0.362975 -3.219625 -19.266233
v -0.200685 -3.343161 -19.291229
v -0.379954 -3.253392 -19.248573
v 0.155241 -0.155167 -20.994661
v 0.019393 -0.714878 -20.999794
v 0.241950 -0.767683 -20.961720
v 0.155241 -0.155167 -20.994661
v 0.241950 -0.767683 -20.961720
v 0.377798 -0.207972 -20.956583
v 0.442723 -0.812859 -20.854843
v 0.377798 -0.207972 -20.956583
v 0.241950 -0.767683 -20.961720
v 0.442723 -0.812859 -20.854843
v 0.578571 -0.253148 -20.849710
v 0.377798 -0.207972 -20.956583
v 0.602057 -0.845986 -20.689659
v 0.578571 -0.253148 -20.849710
v 0.442723 -0.812859 -20.854843
v 0.602057 -0.845986 -20.689659
v 0.737905 -0.286275 -20.684521
v 0.578571 -0.253148 -20.849710
v 0.704356 -0.863820 -20.482336
v 0.737905 -0.286275 -20.684521
v 0.602057 -0.845986 -20.689659
v 0.704356 -0.863820 -20.482336
v 0.840204 -0.304109 -20.477188
v 0.737905 -0.286275 -20.684521
v 0.739606 -0.864615 -20.253136
v 0.840204 -0.304109 -20.477188
v 0.704356 -0.863820 -20.482336
v 0.739606 -0.864615 -20.253136
v 0.875453 -0.304904 -20.248001
v 0.840204 -0.304109 -20.477188
v 0.704356 -0.848293 -20.024525
v 0.875453 -0.304904 -20.248001
v 0.739606 -0.864615 -20.253136
v 0.704356 -0.848293 -20.024525
v 0.840204 -0.288583 -20.019390
v 0.875453 -0.304904 -20.248001
v 0.602057 -0.816454 -19.818880
v 0.840204 -0.288583 -20.019390
v 0.704356 -0.848293 -20.024525
v 0.602057 -0.816454 -19.818880
v 0.737905 -0.256743 -19.813742
v 0.840204 -0.288583 -20.019390
v 0.442723 -0.772213 -19.656317
v 0.737905 -0.256743 -19.813742
v 0.602057 -0.816454 -19.818880
v 0.442723 -0.772213 -19.656317
v 0.578571 -0.212501 -19.651171
v 0.737905 -0.256743 -19.813742
v 0.241951 -0.719900 -19.552753
v 0.578571 -0.212501 -19.651171
v 0.442723 -0.772213 -19.656317
v 0.241951 -0.719900 -19.552753
v 0.377798 -0.160189 -19.547615
v 0.578571 -0.212501 -19.651171
v 0.578571 -0.253148 -20.849710
v 1.074794 1.860482 -20.666384
v 0.885420 1.923208 -20.766592
v 0.737905 -0.286275 -20.684521
v 1.074794 1.860482 -20.666384
v 0.578571 -0.253148 -20.849710
v 0.737905 -0.286275 -20.684521
v 1.221996 1.798752 -20.511122
v 1.074794 1.860482 -20.666384
v 0.840204 -0.304109 -20.477188
v 1.221996 1.798752 -20.511122
v 0.737905 -0.286275 -20.684521
v 0.840204 -0.304109 -20.477188
v 1.312531 1.743848 -20.315893
v 1.221996 1.798752 -20.511122
v 0.875453 -0.304904 -20.248001
v 1.312531 1.743848 -20.315893
v 0.840204 -0.304109 -20.477188
v 0.875453 -0.304904 -20.248001
v 1.337357 1.701111 -20.099592
v 1.312531 1.743848 -20.315893
v 0.840204 -0.288583 -20.019390
v 1.337357 1.701111 -20.099592
v 0.875453 -0.304904 -20.248001
v 0.840204 -0.288583 -20.019390
v 1.293815 1.674766 -19.883419
v 1.337357 1.701111 -20.099592
v 0.737905 -0.256743 -19.813742
v 1.293815 1.674766 -19.883419
v 0.840204 -0.288583 -20.019390
v 0.737905 -0.256743 -19.813742
v 1.186043 1.667628 -19.688387
v 1.293815 1.674766 -19.883419
v 0.578571 -0.212501 -19.651171
v 1.186043 1.667628 -19.688387
v 0.737905 -0.256743 -19.813742
v 0.578571 -0.212501 -19.651171
v 1.024431 1.680394 -19.533985
v 1.186043 1.667628 -19.688387
v 1.024431 1.680394 -19.533985
v 1.179000 1.786303 -19.632904
v 1.186043 1.667628 -19.688387
v 1.024431 1.680394 -19.533985
v 1.028566 1.771674 -19.519438
v 1.179000 1.786303 -19.632904
v 1.210757 1.852478 -19.519753
v 1.179000 1.786303 -19.632904
v 1.028566 1.771674 -19.519438
v 1.210757 1.852478 -19.519753
v 1.028566 1.771674 -19.519438
v 1.055516 1.824997 -19.466497
v 1.210757 1.852478 -19.519753
v 1.055516 1.824997 -19.466497
v 1.062425 1.853042 -19.391821
v 1.055516 1.824997 -19.466497
v 0.855058 1.791506 -19.436172
v 0.855729 1.830353 -19.420980
v 1.055516 1.824997 -19.466497
v 1.028566 1.771674 -19.519438
v 0.855058 1.791506 -19.436172
v 0.855058 1.791506 -19.436172
v 1.028566 1.771674 -19.519438
v 1.024431 1.680394 -19.533985
v 1.062425 1.853042 -19.391821
v 1.055516 1.824997 -19.466497
v 0.855729 1.830353 -19.420980
v 1.062425 1.853042 -19.391821
v 0.855729 1.830353 -19.420980
v 0.855209 1.842341 -19.393360
v 0.855209 1.842341 -19.393360
v 1.050498 1.863863 -18.587437
v 1.062425 1.853042 -19.391821
v 0.855209 1.842341 -19.393360
v 0.845644 1.849164 -18.586142
v 1.050498 1.863863 -18.587437
v 0.845644 1.849164 -18.586142
v 0.985822 1.650027 -17.818808
v 1.050498 1.863863 -18.587437
v 0.845644 1.849164 -18.586142
v 0.783509 1.633737 -17.822241
v 0.985822 1.650027 -17.818808
v 0.783509 1.633737 -17.822241
v 0.883179 1.271928 -16.781511
v 0.985822 1.650027 -17.818808
v 0.783509 1.633737 -17.822241
v 0.682493 1.257573 -16.801674
v 0.883179 1.271928 -16.781511
v 1.210757 1.852478 -19.519753
v 1.062425 1.853042 -19.391821
v 1.236343 1.907265 -19.391521
v 1.062425 1.853042 -19.391821
v 1.223339 1.921395 -18.590696
v 1.236343 1.907265 -19.391521
v 1.062425 1.853042 -19.391821
v 1.050498 1.863863 -18.587437
v 1.223339 1.921395 -18.590696
v 1.050498 1.863863 -18.587437
v 1.157645 1.710254 -17.814636
v 1.223339 1.921395 -18.590696
v 1.050498 1.863863 -18.587437
v 0.985822 1.650027 -17.818808
v 1.157645 1.710254 -17.814636
v 0.985822 1.650027 -17.818808
v 0.883179 1.271928 -16.781511
v 1.053379 1.328842 -16.751274
v 0.985822 1.650027 -17.818808
v 1.053379 1.328842 -16.751274
v 1.157645 1.710254 -17.814636
v 1.157645 1.710254 -17.814636
v 1.053379 1.328842 -16.751274
v 1.176435 1.422752 -16.713928
v 1.157645 1.710254 -17.814636
v 1.176435 1.422752 -16.713928
v 1.282082 1.808306 -17.810139
v 1.223339 1.921395 -18.590696
v 1.157645 1.710254 -17.814636
v 1.282082 1.808306 -17.810139
v 1.223339 1.921395 -18.590696
v 1.282082 1.808306 -17.810139
v 1.347703 2.016989 -18.595488
v 1.236343 1.907265 -19.391521
v 1.223339 1.921395 -18.590696
v 1.347703 2.016989 -18.595488
v 1.236343 1.907265 -19.391521
v 1.347703 2.016989 -18.595488
v 1.360582 2.000211 -19.392912
v 1.344614 1.930386 -19.607128
v 1.236343 1.907265 -19.391521
v 1.360582 2.000211 -19.392912
v 1.344614 1.930386 -19.607128
v 1.210757 1.852478 -19.519753
v 1.236343 1.907265 -19.391521
v 1.344614 1.930386 -19.607128
v 1.179000 1.786303 -19.632904
v 1.210757 1.852478 -19.519753
v 1.344614 1.930386 -19.607128
v 1.308978 1.832500 -19.788523
v 1.179000 1.786303 -19.632904
v 1.186043 1.667628 -19.688387
v 1.179000 1.786303 -19.632904
v 1.308978 1.832500 -19.788523
v 1.186043 1.667628 -19.688387
v 1.308978 1.832500 -19.788523
v 1.293815 1.674766 -19.883419
v 1.282082 1.808306 -17.810139
v 1.176435 1.422752 -16.713928
v 1.240302 1.544468 -16.673140
v 1.282082 1.808306 -17.810139
v 1.240302 1.544468 -16.673140
v 1.347072 1.934620 -17.805893
v 1.347703 2.016989 -18.595488
v 1.282082 1.808306 -17.810139
v 1.347072 1.934620 -17.805893
v 1.347703 2.016989 -18.595488
v 1.347072 1.934620 -17.805893
v 1.411672 2.140998 -18.601381
v 1.360582 2.000211 -19.392912
v 1.347703 2.016989 -18.595488
v 1.411672 2.140998 -18.601381
v 1.360582 2.000211 -19.392912
v 1.411672 2.140998 -18.601381
v 1.423351 2.121943 -19.395634
v 1.423351 2.121943 -19.395634
v 1.344614 1.930386 -19.607128
v 1.360582 2.000211 -19.392912
v 1.423351 2.121943 -19.395634
v 1.418952 2.094558 -19.736259
v 1.344614 1.930386 -19.607128
v 1.418952 2.094558 -19.736259
v 1.308978 1.832500 -19.788523
v 1.344614 1.930386 -19.607128
v 1.418952 2.094558 -19.736259
v 1.387593 1.948599 -20.043999
v 1.308978 1.832500 -19.788523
v 1.293815 1.674766 -19.883419
v 1.308978 1.832500 -19.788523
v 1.387593 1.948599 -20.043999
v 1.293815 1.674766 -19.883419
v 1.387593 1.948599 -20.043999
v 1.337357 1.701111 -20.099592
v 1.351743 1.918283 -20.297592
v 1.337357 1.701111 -20.099592
v 1.387593 1.948599 -20.043999
v 1.351743 1.918283 -20.297592
v 1.312531 1.743848 -20.315893
v 1.337357 1.701111 -20.099592
v 1.252950 1.936092 -20.498362
v 1.312531 1.743848 -20.315893
v 1.351743 1.918283 -20.297592
v 1.252950 1.936092 -20.498362
v 1.221996 1.798752 -20.511122
v 1.312531 1.743848 -20.315893
v 1.252950 1.936092 -20.498362
v 1.074794 1.860482 -20.666384
v 1.221996 1.798752 -20.511122
v 1.252950 1.936092 -20.498362
v 1.104667 1.990663 -20.653742
v 1.074794 1.860482 -20.666384
v 1.104667 1.990663 -20.653742
v 0.885420 1.923208 -20.766592
v 1.074794 1.860482 -20.666384
v 1.104667 1.990663 -20.653742
v 0.916307 2.054403 -20.753525
v 0.885420 1.923208 -20.766592
v 0.955176 2.220199 -20.717554
v 0.916307 2.054403 -20.753525
v 1.104667 1.990663 -20.653742
v 0.955176 2.220199 -20.717554
v 1.104667 1.990663 -20.653742
v 1.161111 2.236826 -20.617081
v 1.161111 2.236826 -20.617081
v 1.104667 1.990663 -20.653742
v 1.252950 1.936092 -20.498362
v 1.161111 2.236826 -20.617081
v 1.252950 1.936092 -20.498362
v 1.325148 2.257112 -20.466337
v 1.351743 1.918283 -20.297592
v 1.325148 2.257112 -20.466337
v 1.252950 1.936092 -20.498362
v 1.351743 1.918283 -20.297592
v 1.435183 2.295551 -20.274429
v 1.325148 2.257112 -20.466337
v 1.387593 1.948599 -20.043999
v 1.435183 2.295551 -20.274429
v 1.351743 1.918283 -20.297592
v 1.387593 1.948599 -20.043999
v 1.467579 2.371722 -19.898638
v 1.435183 2.295551 -20.274429
v 1.387593 1.948599 -20.043999
v 1.418952 2.094558 -19.736259
v 1.467579 2.371722 -19.898638
v 1.418952 2.094558 -19.736259
v 1.496316 2.439676 -19.547779
v 1.467579 2.371722 -19.898638
v 1.418952 2.094558 -19.736259
v 1.423351 2.121943 -19.395634
v 1.496316 2.439676 -19.547779
v 1.423351 2.121943 -19.395634
v 1.485284 2.449069 -18.729633
v 1.496316 2.439676 -19.547779
v 1.423351 2.121943 -19.395634
v 1.411672 2.140998 -18.601381
v 1.485284 2.449069 -18.729633
v 1.411672 2.140998 -18.601381
v 1.417659 2.225278 -17.872915
v 1.485284 2.449069 -18.729633
v 1.411672 2.140998 -18.601381
v 1.347072 1.934620 -17.805893
v 1.417659 2.225278 -17.872915
v 1.347072 1.934620 -17.805893
v 1.308564 1.825959 -16.663452
v 1.417659 2.225278 -17.872915
v 1.347072 1.934620 -17.805893
v 1.240302 1.544468 -16.673140
v 1.308564 1.825959 -16.663452
v 1.496316 2.439676 -19.547779
v 1.425961 2.502180 -19.562565
v 1.399025 2.434092 -19.895973
v 1.496316 2.439676 -19.547779
v 1.399025 2.434092 -19.895973
v 1.467579 2.371722 -19.898638
v 1.467579 2.371722 -19.898638
v 1.399025 2.434092 -19.895973
v 1.369368 2.359349 -20.253237
v 1.467579 2.371722 -19.898638
v 1.369368 2.359349 -20.253237
v 1.435183 2.295551 -20.274429
v 1.435183 2.295551 -20.274429
v 1.369368 2.359349 -20.253237
v 1.271549 2.318279 -20.416212
v 1.435183 2.295551 -20.274429
v 1.271549 2.318279 -20.416212
v 1.325148 2.257112 -20.466337
v 1.325148 2.257112 -20.466337
v 1.271549 2.318279 -20.416212
v 1.124252 2.286954 -20.548676
v 1.325148 2.257112 -20.466337
v 1.124252 2.286954 -20.548676
v 1.161111 2.236826 -20.617081
v 1.161111 2.236826 -20.617081
v 1.124252 2.286954 -20.548676
v 0.942084 2.270193 -20.638361
v 1.161111 2.236826 -20.617081
v 0.942084 2.270193 -20.638361
v 0.955176 2.220199 -20.717554
v 0.955176 2.220199 -20.717554
v 0.942084 2.270193 -20.638361
v 0.742496 2.274629 -20.670898
v 0.955176 2.220199 -20.717554
v 0.742496 2.274629 -20.670898
v 0.733734 2.235734 -20.753614
v 0.733734 2.235734 -20.753614
v 0.916307 2.054403 -20.753525
v 0.955176 2.220199 -20.717554
v 0.733734 2.235734 -20.753614
v 0.704010 2.112102 -20.789011
v 0.916307 2.054403 -20.753525
v 0.916307 2.054403 -20.753525
v 0.704010 2.112102 -20.789011
v 0.672225 1.980737 -20.802280
v 0.916307 2.054403 -20.753525
v 0.672225 1.980737 -20.802280
v 0.885420 1.923208 -20.766592
v 0.672225 1.980737 -20.802280
v 0.377798 -0.207972 -20.956583
v 0.885420 1.923208 -20.766592
v 0.578571 -0.253148 -20.849710
v 0.885420 1.923208 -20.766592
v 0.377798 -0.207972 -20.956583
v 0.672225 1.980737 -20.802280
v 0.155241 -0.155167 -20.994661
v 0.377798 -0.207972 -20.956583
v 0.682493 1.257573 -16.801674
v 0.553525 0.754176 -15.981859
v 0.752195 0.760802 -15.944794
v 0.682493 1.257573 -16.801674
v 0.752195 0.760802 -15.944794
v 0.883179 1.271928 -16.781511
v 0.883179 1.271928 -16.781511
v 0.752195 0.760802 -15.944794
v 0.919257 0.805680 -15.888242
v 0.883179 1.271928 -16.781511
v 0.919257 0.805680 -15.888242
v 1.053379 1.328842 -16.751274
v 1.053379 1.328842 -16.751274
v 0.919257 0.805680 -15.888242
v 1.038355 0.884417 -15.817735
v 1.053379 1.328842 -16.751274
v 1.038355 0.884417 -15.817735
v 1.176435 1.422752 -16.713928
v 1.176435 1.422752 -16.713928
v 1.038355 0.884417 -15.817735
v 1.097838 0.989321 -15.740173
v 1.176435 1.422752 -16.713928
v 1.097838 0.989321 -15.740173
v 1.240302 1.544468 -16.673140
v 1.240302 1.544468 -16.673140
v 1.097838 0.989321 -15.740173
v 1.154399 1.229179 -15.536959
v 1.240302 1.544468 -16.673140
v 1.154399 1.229179 -15.536959
v 1.308564 1.825959 -16.663452
v 1.308564 1.825959 -16.663452
v 1.154399 1.229179 -15.536959
v 1.088524 1.298838 -15.519633
v 1.308564 1.825959 -16.663452
v 1.088524 1.298838 -15.519633
v 1.242690 1.895123 -16.660738
v 1.417659 2.225278 -17.872915
v 1.308564 1.825959 -16.663452
v 1.242690 1.895123 -16.660738
v 1.417659 2.225278 -17.872915
v 1.242690 1.895123 -16.660738
v 1.350711 2.292537 -17.876730
v 1.485284 2.449069 -18.729633
v 1.417659 2.225278 -17.872915
v 1.350711 2.292537 -17.876730
v 1.485284 2.449069 -18.729633
v 1.350711 2.292537 -17.876730
v 1.416516 2.514096 -18.732826
v 1.496316 2.439676 -19.547779
v 1.485284 2.449069 -18.729633
v 1.416516 2.514096 -18.732826
v 1.496316 2.439676 -19.547779
v 1.416516 2.514096 -18.732826
v 1.425961 2.502180 -19.562565
v 0.048587 1.755444 -16.696161
v -0.092882 1.291617 -15.739899
v 0.050102 1.848913 -16.676023
v 0.149578 2.142128 -17.806040
v 0.048587 1.755444 -16.696161
v 0.050102 1.848913 -16.676023
v 0.149578 2.142128 -17.806040
v 0.050102 1.848913 -16.676023
v 0.152438 2.237764 -17.814341
v 0.201971 2.351825 -18.601118
v 0.149578 2.142128 -17.806040
v 0.152438 2.237764 -17.814341
v 0.246702 2.260724 -18.591471
v 0.149578 2.142128 -17.806040
v 0.201971 2.351825 -18.601118
v 0.246702 2.260724 -18.591471
v 0.192377 2.047215 -17.796976
v 0.149578 2.142128 -17.806040
v 0.343453 2.162666 -18.583996
v 0.192377 2.047215 -17.796976
v 0.246702 2.260724 -18.591471
v 0.192377 2.047215 -17.796976
v 0.048587 1.755444 -16.696161
v 0.149578 2.142128 -17.806040
v -0.091274 1.209170 -15.787906
v -0.244240 0.688553 -15.129871
v -0.092882 1.291617 -15.739899
v 0.048587 1.755444 -16.696161
v -0.091274 1.209170 -15.787906
v -0.092882 1.291617 -15.739899
v 0.092381 1.663181 -16.711901
v -0.091274 1.209170 -15.787906
v 0.048587 1.755444 -16.696161
v 0.192377 2.047215 -17.796976
v 0.092381 1.663181 -16.711901
v 0.048587 1.755444 -16.696161
v 0.287442 1.945762 -17.792122
v 0.092381 1.663181 -16.711901
v 0.192377 2.047215 -17.796976
v 0.343453 2.162666 -18.583996
v 0.287442 1.945762 -17.792122
v 0.192377 2.047215 -17.796976
v 0.487520 2.075957 -18.578682
v 0.287442 1.945762 -17.792122
v 0.343453 2.162666 -18.583996
v 0.486319 2.068510 -19.429873
v 0.487520 2.075957 -18.578682
v 0.343453 2.162666 -18.583996
v 0.486319 2.068510 -19.429873
v 0.343453 2.162666 -18.583996
v 0.340736 2.155821 -19.430412
v 0.340736 2.155821 -19.430412
v 0.343453 2.162666 -18.583996
v 0.246702 2.260724 -18.591471
v 0.340736 2.155821 -19.430412
v 0.246702 2.260724 -18.591471
v 0.242086 2.252172 -19.426411
v 0.246702 2.260724 -18.591471
v 0.197253 2.341410 -19.416817
v 0.242086 2.252172 -19.426411
v 0.246702 2.260724 -18.591471
v 0.201971 2.351825 -18.601118
v 0.197253 2.341410 -19.416817
v 0.197253 2.341410 -19.416817
v 0.201971 2.351825 -18.601118
v 0.203546 2.445493 -18.610651
v 0.201971 2.351825 -18.601118
v 0.152438 2.237764 -17.814341
v 0.203546 2.445493 -18.610651
v 0.203546 2.445493 -18.610651
v 0.152438 2.237764 -17.814341
v 0.220989 2.512751 -17.884874
v 0.152438 2.237764 -17.814341
v 0.115770 2.115553 -16.673271
v 0.220989 2.512751 -17.884874
v 0.152438 2.237764 -17.814341
v 0.050102 1.848913 -16.676023
v 0.115770 2.115553 -16.673271
v 0.203546 2.445493 -18.610651
v 0.220989 2.512751 -17.884874
v 0.278073 2.739205 -18.739487
v 0.197253 2.341410 -19.416817
v 0.203546 2.445493 -18.610651
v 0.197192 2.433423 -19.410009
v 0.197192 2.433423 -19.410009
v 0.203546 2.445493 -18.610651
v 0.278073 2.739205 -18.739487
v 0.197192 2.433423 -19.410009
v 0.278073 2.739205 -18.739487
v 0.277152 2.726448 -19.553032
v 0.197192 2.433423 -19.410009
v 0.277152 2.726448 -19.553032
v 0.273377 2.656754 -19.887608
v 0.661722 2.012968 -18.576193
v 0.429596 1.856572 -17.789509
v 0.487520 2.075957 -18.578682
v 0.487520 2.075957 -18.578682
v 0.671390 2.025504 -19.380819
v 0.661722 2.012968 -18.576193
v 0.487520 2.075957 -18.578682
v 0.486319 2.068510 -19.429873
v 0.671390 2.025504 -19.380819
v 0.653756 1.949689 -19.474669
v 0.671390 2.025504 -19.380819
v 0.486319 2.068510 -19.429873
v 0.653756 1.949689 -19.474669
v 0.486319 2.068510 -19.429873
v 0.471752 1.990275 -19.538094
v 0.340736 2.155821 -19.430412
v 0.471752 1.990275 -19.538094
v 0.486319 2.068510 -19.429873
v 0.340736 2.155821 -19.430412
v 0.335661 2.046039 -19.632097
v 0.471752 1.990275 -19.538094
v 0.242086 2.252172 -19.426411
v 0.335661 2.046039 -19.632097
v 0.340736 2.155821 -19.430412
v 0.242086 2.252172 -19.426411
v 0.219806 2.084471 -19.759365
v 0.335661 2.046039 -19.632097
v 0.197253 2.341410 -19.416817
v 0.219806 2.084471 -19.759365
v 0.242086 2.252172 -19.426411
v 0.197253 2.341410 -19.416817
v 0.147395 2.108339 -19.918375
v 0.219806 2.084471 -19.759365
v 0.197192 2.433423 -19.410009
v 0.147395 2.108339 -19.918375
v 0.197253 2.341410 -19.416817
v 0.197192 2.433423 -19.410009
v 0.125676 2.141937 -20.105188
v 0.147395 2.108339 -19.918375
v 0.197192 2.433423 -19.410009
v 0.273377 2.656754 -19.887608
v 0.125676 2.141937 -20.105188
v 0.125676 2.141937 -20.105188
v 0.273377 2.656754 -19.887608
v 0.268866 2.575922 -20.245977
v 0.125676 2.141937 -20.105188
v 0.268866 2.575922 -20.245977
v 0.161479 2.154768 -20.266693
v 0.161479 2.154768 -20.266693
v 0.268866 2.575922 -20.245977
v 0.328483 2.494370 -20.383871
v 0.161479 2.154768 -20.266693
v 0.328483 2.494370 -20.383871
v 0.247112 2.165894 -20.416067
v 0.726596 2.211374 -20.605007
v 0.698625 2.095019 -20.638838
v 0.527877 2.133076 -20.611118
v 0.726596 2.211374 -20.605007
v 0.527877 2.133076 -20.611118
v 0.565491 2.294041 -20.578079
v 0.742496 2.274629 -20.670898
v 0.726596 2.211374 -20.605007
v 0.565491 2.294041 -20.578079
v 0.742496 2.274629 -20.670898
v 0.565491 2.294041 -20.578079
v 0.562612 2.362324 -20.641485
v 0.562612 2.362324 -20.641485
v 0.565491 2.294041 -20.578079
v 0.431928 2.402541 -20.499666
v 0.562612 2.362324 -20.641485
v 0.431928 2.402541 -20.499666
v 0.407037 2.461085 -20.554581
v 0.407037 2.461085 -20.554581
v 0.431928 2.402541 -20.499666
v 0.328483 2.494370 -20.383871
v 0.407037 2.461085 -20.554581
v 0.328483 2.494370 -20.383871
v 0.288459 2.556960 -20.424307
v 0.288459 2.556960 -20.424307
v 0.328483 2.494370 -20.383871
v 0.268866 2.575922 -20.245977
v 0.288459 2.556960 -20.424307
v 0.268866 2.575922 -20.245977
v 0.217839 2.638924 -20.262720
v 0.220203 2.720294 -19.905676
v 0.217839 2.638924 -20.262720
v 0.268866 2.575922 -20.245977
v 0.220203 2.720294 -19.905676
v 0.268866 2.575922 -20.245977
v 0.273377 2.656754 -19.887608
v 0.273377 2.656754 -19.887608
v 0.222304 2.794412 -19.572477
v 0.220203 2.720294 -19.905676
v 0.273377 2.656754 -19.887608
v 0.277152 2.726448 -19.553032
v 0.222304 2.794412 -19.572477
v 0.223258 2.803804 -18.742651
v 0.222304 2.794412 -19.572477
v 0.277152 2.726448 -19.553032
v 0.223258 2.803804 -18.742651
v 0.277152 2.726448 -19.553032
v 0.278073 2.739205 -18.739487
v 0.166829 2.579967 -17.886477
v 0.223258 2.803804 -18.742651
v 0.278073 2.739205 -18.739487
v 0.166829 2.579967 -17.886477
v 0.278073 2.739205 -18.739487
v 0.220989 2.512751 -17.884874
v 0.431928 2.402541 -20.499666
v 0.247112 2.165894 -20.416067
v 0.328483 2.494370 -20.383871
v 0.431928 2.402541 -20.499666
v 0.373097 2.158538 -20.534649
v 0.247112 2.165894 -20.416067
v 0.565491 2.294041 -20.578079
v 0.373097 2.158538 -20.534649
v 0.431928 2.402541 -20.499666
v 0.565491 2.294041 -20.578079
v 0.527877 2.133076 -20.611118
v 0.373097 2.158538 -20.534649
v 0.061684 2.181855 -16.670462
v 0.166829 2.579967 -17.886477
v 0.220989 2.512751 -17.884874
v 0.061684 2.181855 -16.670462
v 0.220989 2.512751 -17.884874
v 0.115770 2.115553 -16.673271
v -0.092481 1.585570 -15.529356
v 0.061684 2.181855 -16.670462
v 0.115770 2.115553 -16.673271
v -0.092481 1.585570 -15.529356
v 0.115770 2.115553 -16.673271
v -0.038395 1.518773 -15.546778
v -0.317029 0.706322 -14.309422
v -0.092481 1.585570 -15.529356
v -0.038395 1.518773 -15.546778
v -0.317029 0.706322 -14.309422
v -0.038395 1.518773 -15.546778
v -0.266724 0.627305 -14.334544
v -0.317029 0.706322 -14.309422
v -0.266724 0.627305 -14.334544
v -0.242176 0.193892 -12.976866
v -0.426008 0.035453 -14.345121
v -0.242176 0.193892 -12.976866
v -0.266724 0.627305 -14.334544
v -0.361742 0.073035 -14.829679
v -0.426008 0.035453 -14.345121
v -0.266724 0.627305 -14.334544
v -0.361742 0.073035 -14.829679
v -0.266724 0.627305 -14.334544
v -0.244240 0.688553 -15.129871
v -0.361742 0.073035 -14.829679
v -0.244240 0.688553 -15.129871
v -0.238269 0.621543 -15.198370
v -0.091274 1.209170 -15.787906
v -0.238269 0.621543 -15.198370
v -0.244240 0.688553 -15.129871
v -0.044701 1.126676 -15.828068
v -0.238269 0.621543 -15.198370
v -0.091274 1.209170 -15.787906
v 0.092381 1.663181 -16.711901
v -0.044701 1.126676 -15.828068
v -0.091274 1.209170 -15.787906
v 0.187842 1.564387 -16.728731
v -0.044701 1.126676 -15.828068
v 0.092381 1.663181 -16.711901
v 0.287442 1.945762 -17.792122
v 0.187842 1.564387 -16.728731
v 0.092381 1.663181 -16.711901
v 0.429596 1.856572 -17.789509
v 0.187842 1.564387 -16.728731
v 0.287442 1.945762 -17.792122
v 0.487520 2.075957 -18.578682
v 0.429596 1.856572 -17.789509
v 0.287442 1.945762 -17.792122
v 0.050102 1.848913 -16.676023
v -0.038395 1.518773 -15.546778
v 0.115770 2.115553 -16.673271
v 0.050102 1.848913 -16.676023
v -0.092882 1.291617 -15.739899
v -0.038395 1.518773 -15.546778
v -0.244240 0.688553 -15.129871
v -0.038395 1.518773 -15.546778
v -0.092882 1.291617 -15.739899
v -0.244240 0.688553 -15.129871
v -0.266724 0.627305 -14.334544
v -0.038395 1.518773 -15.546778
v -0.242176 0.122888 -15.070575
v -0.361742 0.073035 -14.829679
v -0.238269 0.621543 -15.198370
v 0.329821 1.477248 -16.740730
v 0.196647 0.956481 -15.893196
v 0.053152 1.037123 -15.866480
v 0.329821 1.477248 -16.740730
v 0.053152 1.037123 -15.866480
v 0.187842 1.564387 -16.728731
v 0.429596 1.856572 -17.789509
v 0.329821 1.477248 -16.740730
v 0.187842 1.564387 -16.728731
v 0.196647 0.956481 -15.893196
v 0.058473 0.405059 -15.347893
v -0.087205 0.476264 -15.309926
v 0.196647 0.956481 -15.893196
v -0.087205 0.476264 -15.309926
v 0.053152 1.037123 -15.866480
v 0.053152 1.037123 -15.866480
v -0.087205 0.476264 -15.309926
v -0.188221 0.552572 -15.255503
v 0.187842 1.564387 -16.728731
v 0.053152 1.037123 -15.866480
v -0.044701 1.126676 -15.828068
v 0.053152 1.037123 -15.866480
v -0.188221 0.552572 -15.255503
v -0.044701 1.126676 -15.828068
v -0.044701 1.126676 -15.828068
v -0.188221 0.552572 -15.255503
v -0.238269 0.621543 -15.198370
v -0.242176 0.122888 -15.070575
v -0.238269 0.621543 -15.198370
v -0.188221 0.552572 -15.255503
v -0.242176 0.122888 -15.070575
v -0.188221 0.552572 -15.255503
v -0.087205 0.476264 -15.309926
v -0.032739 0.169499 -15.162075
v -0.242176 0.122888 -15.070575
v -0.087205 0.476264 -15.309926
v -0.032739 0.169499 -15.162075
v -0.087205 0.476264 -15.309926
v 0.058473 0.405059 -15.347893
v 0.181799 0.152044 -15.161485
v -0.032739 0.169499 -15.162075
v 0.058473 0.405059 -15.347893
v 0.181799 0.152044 -15.161485
v 0.058473 0.405059 -15.347893
v 0.231210 0.348714 -15.363363
v 0.368774 0.897017 -15.903027
v 0.231210 0.348714 -15.363363
v 0.058473 0.405059 -15.347893
v 0.368774 0.897017 -15.903027
v 0.058473 0.405059 -15.347893
v 0.196647 0.956481 -15.893196
v 0.501560 1.415389 -16.744991
v 0.368774 0.897017 -15.903027
v 0.196647 0.956481 -15.893196
v 0.501560 1.415389 -16.744991
v 0.196647 0.956481 -15.893196
v 0.329821 1.477248 -16.740730
v 0.602186 1.794480 -17.787985
v 0.501560 1.415389 -16.744991
v 0.329821 1.477248 -16.740730
v 0.602186 1.794480 -17.787985
v 0.329821 1.477248 -16.740730
v 0.429596 1.856572 -17.789509
v 0.661722 2.012968 -18.576193
v 0.602186 1.794480 -17.787985
v 0.429596 1.856572 -17.789509
v -0.660970 -0.328680 -11.654406
v -0.651318 -0.287617 -11.622986
v -0.639281 -0.241408 -11.731098
v -0.651318 -0.287617 -11.622986
v -0.639281 -0.237402 -11.612978
v -0.639281 -0.241408 -11.731098
v -0.639281 -0.237402 -11.612978
v -0.627244 -0.187980 -11.626363
v -0.639281 -0.241408 -11.731098
v -0.627244 -0.187980 -11.626363
v -0.617592 -0.149139 -11.660496
v -0.639281 -0.241408 -11.731098
v -0.617592 -0.149139 -11.660496
v -0.612235 -0.128574 -11.708611
v -0.639281 -0.241408 -11.731098
v -0.612235 -0.128574 -11.708611
v -0.612235 -0.130357 -11.761179
v -0.639281 -0.241408 -11.731098
v -0.612235 -0.130357 -11.761179
v -0.617592 -0.154135 -11.807789
v -0.639281 -0.241408 -11.731098
v -0.617592 -0.154135 -11.807789
v -0.627244 -0.195198 -11.839206
v -0.639281 -0.241408 -11.731098
v -0.627244 -0.195198 -11.839206
v -0.639281 -0.245413 -11.849218
v -0.639281 -0.241408 -11.731098
v -0.639281 -0.245413 -11.849218
v -0.651318 -0.294835 -11.835829
v -0.639281 -0.241408 -11.731098
v -0.651318 -0.294835 -11.835829
v -0.660970 -0.333675 -11.801698
v -0.639281 -0.241408 -11.731098
v -0.660970 -0.333675 -11.801698
v -0.666327 -0.354240 -11.753586
v -0.639281 -0.241408 -11.731098
v -0.666327 -0.354240 -11.753586
v -0.666327 -0.352457 -11.701015
v -0.639281 -0.241408 -11.731098
v -0.666327 -0.352457 -11.701015
v -0.660970 -0.328680 -11.654406
v -0.639281 -0.241408 -11.731098
v 1.608513 3.025261 27.824284
v 1.578402 3.029312 28.092634
v 1.608513 3.034741 28.103821
v 1.608513 3.025261 27.824284
v 1.578402 3.019832 27.813095
v 1.578402 3.029312 28.092634
v 1.578402 3.019832 27.813095
v 1.608513 3.025261 27.824284
v 1.600576 3.025652 27.791744
v 1.578402 3.019832 27.813095
v 1.600576 3.025652 27.791744
v 1.578402 3.018555 27.775440
v 1.578402 3.019832 27.813095
v 1.578402 3.018555 27.775440
v 1.239806 3.002624 27.775982
v 1.578402 3.019832 27.813095
v 1.239806 3.002624 27.775982
v 1.239806 3.003901 27.813639
v 1.239806 3.002624 27.775982
v 1.068692 3.023979 27.808729
v 1.239806 3.003901 27.813639
v 1.239806 3.002624 27.775982
v 1.068690 3.022709 27.771313
v 1.068692 3.023979 27.808729
v 1.068690 3.022709 27.771313
v 0.922825 3.115313 27.793766
v 1.068692 3.023979 27.808729
v 1.068690 3.022709 27.771313
v 0.922824 3.114064 27.757025
v 0.922825 3.115313 27.793766
v 0.922824 3.114064 27.757025
v 0.830517 3.260126 27.771660
v 0.922825 3.115313 27.793766
v 0.922824 3.114064 27.757025
v 0.830517 3.258912 27.735893
v 0.830517 3.260126 27.771660
v 0.804630 3.332218 27.760889
v 0.830517 3.260126 27.771660
v 0.830517 3.258912 27.735893
v 0.804630 3.332218 27.760889
v 0.830517 3.258912 27.735893
v 0.804630 3.331022 27.725594
v 0.804630 3.331022 27.725594
v 0.702229 3.688643 27.712650
v 0.804630 3.332218 27.760889
v 0.804630 3.331022 27.725594
v 0.702229 3.687577 27.681225
v 0.702229 3.688643 27.712650
v 0.354421 5.038081 27.508396
v 0.702229 3.688643 27.712650
v 0.702229 3.687577 27.681225
v 0.354421 5.038081 27.508396
v 0.702229 3.687577 27.681225
v 0.354421 5.037014 27.476967
v -0.723503 -0.252942 -11.754797
v -0.720914 -0.281520 -11.774967
v -0.714993 -0.257693 -11.795902
v -0.723503 -0.251309 -11.706671
v -0.724200 -0.293041 -11.713203
v -0.725254 -0.259079 -11.721897
v -0.724200 -0.293041 -11.713203
v -0.725254 -0.259662 -11.739073
v -0.725254 -0.259079 -11.721897
v -0.725254 -0.259079 -11.721897
v -0.725254 -0.259662 -11.739073
v -0.716416 -0.222793 -11.731729
v -0.725254 -0.259662 -11.739073
v -0.723503 -0.252942 -11.754797
v -0.716416 -0.222793 -11.731729
v -0.723503 -0.252942 -11.754797
v -0.720349 -0.240251 -11.765951
v -0.716416 -0.222793 -11.731729
v -0.723503 -0.252942 -11.754797
v -0.714993 -0.257693 -11.795902
v -0.720349 -0.240251 -11.765951
v -0.720349 -0.240251 -11.765951
v -0.714993 -0.257693 -11.795902
v -0.707609 -0.227375 -11.804115
v -0.706330 -0.270712 -11.816134
v -0.707609 -0.227375 -11.804115
v -0.714993 -0.257693 -11.795902
v -0.714124 -0.302073 -11.788572
v -0.706330 -0.270712 -11.816134
v -0.714993 -0.257693 -11.795902
v -0.714124 -0.302073 -11.788572
v -0.714993 -0.257693 -11.795902
v -0.720914 -0.281520 -11.774967
v -0.724200 -0.294134 -11.745455
v -0.714124 -0.302073 -11.788572
v -0.720914 -0.281520 -11.774967
v -0.724200 -0.294134 -11.745455
v -0.720914 -0.281520 -11.774967
v -0.723503 -0.252942 -11.754797
v -0.724200 -0.294134 -11.745455
v -0.723503 -0.252942 -11.754797
v -0.725254 -0.259662 -11.739073
v -0.724200 -0.293041 -11.713203
v -0.724200 -0.294134 -11.745455
v -0.725254 -0.259662 -11.739073
v -0.724200 -0.293041 -11.713203
v -0.718449 -0.318678 -11.749719
v -0.724200 -0.294134 -11.745455
v -0.724200 -0.293041 -11.713203
v -0.718449 -0.317238 -11.707273
v -0.718449 -0.318678 -11.749719
v -0.720914 -0.278455 -11.684608
v -0.718449 -0.317238 -11.707273
v -0.724200 -0.293041 -11.713203
v -0.720914 -0.278455 -11.684608
v -0.714124 -0.298039 -11.669643
v -0.718449 -0.317238 -11.707273
v -0.724200 -0.294134 -11.745455
v -0.718449 -0.318678 -11.749719
v -0.714124 -0.302073 -11.788572
v -0.723503 -0.251309 -11.706671
v -0.725254 -0.259079 -11.721897
v -0.716416 -0.222793 -11.731729
v -0.720349 -0.237892 -11.696401
v -0.723503 -0.251309 -11.706671
v -0.716416 -0.222793 -11.731729
v -0.720349 -0.237892 -11.696401
v -0.720914 -0.278455 -11.684608
v -0.723503 -0.251309 -11.706671
v -0.723503 -0.251309 -11.706671
v -0.720914 -0.278455 -11.684608
v -0.724200 -0.293041 -11.713203
v -0.716416 -0.221484 -11.693132
v -0.720349 -0.237892 -11.696401
v -0.716416 -0.222793 -11.731729
v -0.707579 -0.186506 -11.741554
v -0.707578 -0.185923 -11.724379
v -0.716416 -0.222793 -11.731729
v -0.709329 -0.194275 -11.756784
v -0.707579 -0.186506 -11.741554
v -0.716416 -0.222793 -11.731729
v -0.712483 -0.207694 -11.767054
v -0.709329 -0.194275 -11.756784
v -0.716416 -0.222793 -11.731729
v -0.720349 -0.240251 -11.765951
v -0.716416 -0.224101 -11.770325
v -0.716416 -0.222793 -11.731729
v -0.716416 -0.224101 -11.770325
v -0.712483 -0.207694 -11.767054
v -0.716416 -0.222793 -11.731729
v -0.707609 -0.227375 -11.804115
v -0.712483 -0.207694 -11.767054
v -0.716416 -0.224101 -11.770325
v -0.720349 -0.240251 -11.765951
v -0.707609 -0.227375 -11.804115
v -0.716416 -0.224101 -11.770325
v -0.714124 -0.302073 -11.788572
v -0.718449 -0.318678 -11.749719
v -0.705845 -0.335498 -11.752191
v -0.718449 -0.318678 -11.749719
v -0.705845 -0.333853 -11.703676
v -0.705845 -0.335498 -11.752191
v -0.718449 -0.318678 -11.749719
v -0.718449 -0.317238 -11.707273
v -0.705845 -0.333853 -11.703676
v -0.718449 -0.317238 -11.707273
v -0.700901 -0.311908 -11.660661
v -0.705845 -0.333853 -11.703676
v -0.718449 -0.317238 -11.707273
v -0.714124 -0.298039 -11.669643
v -0.700901 -0.311908 -11.660661
v -0.700901 -0.311908 -11.660661
v -0.714124 -0.298039 -11.669643
v -0.706331 -0.264884 -11.644274
v -0.706331 -0.264884 -11.644274
v -0.714124 -0.298039 -11.669643
v -0.720914 -0.278455 -11.684608
v -0.706331 -0.264884 -11.644274
v -0.720914 -0.278455 -11.684608
v -0.714993 -0.253265 -11.665335
v -0.720349 -0.237892 -11.696401
v -0.714993 -0.253265 -11.665335
v -0.720914 -0.278455 -11.684608
v -0.707609 -0.222461 -11.659195
v -0.714993 -0.253265 -11.665335
v -0.720349 -0.237892 -11.696401
v -0.707609 -0.222461 -11.659195
v -0.720349 -0.237892 -11.696401
v -0.716416 -0.221484 -11.693132
v -0.712483 -0.205335 -11.697504
v -0.707609 -0.222461 -11.659195
v -0.716416 -0.221484 -11.693132
v -0.712483 -0.205335 -11.697504
v -0.716416 -0.221484 -11.693132
v -0.716416 -0.222793 -11.731729
v -0.709329 -0.192643 -11.708657
v -0.712483 -0.205335 -11.697504
v -0.716416 -0.222793 -11.731729
v -0.707578 -0.185923 -11.724379
v -0.709329 -0.192643 -11.708657
v -0.716416 -0.222793 -11.731729
v -0.691018 -0.155701 -11.717858
v -0.709329 -0.192643 -11.708657
v -0.707578 -0.185923 -11.724379
v -0.707579 -0.186506 -11.741554
v -0.691018 -0.155701 -11.717858
v -0.707578 -0.185923 -11.724379
v -0.707579 -0.186506 -11.741554
v -0.691018 -0.156795 -11.750111
v -0.691018 -0.155701 -11.717858
v -0.691018 -0.155701 -11.717858
v -0.679098 -0.153072 -11.674559
v -0.694304 -0.168317 -11.688343
v -0.691018 -0.155701 -11.717858
v -0.694304 -0.168317 -11.688343
v -0.709329 -0.192643 -11.708657
v -0.694304 -0.168317 -11.688343
v -0.712483 -0.205335 -11.697504
v -0.709329 -0.192643 -11.708657
v -0.694304 -0.168317 -11.688343
v -0.700226 -0.192143 -11.667404
v -0.712483 -0.205335 -11.697504
v -0.712483 -0.205335 -11.697504
v -0.700226 -0.192143 -11.667404
v -0.707609 -0.222461 -11.659195
v -0.700226 -0.192143 -11.667404
v -0.686893 -0.184432 -11.647001
v -0.696611 -0.224338 -11.636192
v -0.700226 -0.192143 -11.667404
v -0.696611 -0.224338 -11.636192
v -0.707609 -0.222461 -11.659195
v -0.696611 -0.224338 -11.636192
v -0.714993 -0.253265 -11.665335
v -0.707609 -0.222461 -11.659195
v -0.696611 -0.224338 -11.636192
v -0.706331 -0.264884 -11.644274
v -0.714993 -0.253265 -11.665335
v -0.691994 -0.274013 -11.631660
v -0.706331 -0.264884 -11.644274
v -0.696611 -0.224338 -11.636192
v -0.700901 -0.311908 -11.660661
v -0.706331 -0.264884 -11.644274
v -0.691994 -0.274013 -11.631660
v -0.682730 -0.323428 -11.654584
v -0.700901 -0.311908 -11.660661
v -0.691994 -0.274013 -11.631660
v -0.705845 -0.333853 -11.703676
v -0.700901 -0.311908 -11.660661
v -0.682730 -0.323428 -11.654584
v -0.705845 -0.333853 -11.703676
v -0.682730 -0.323428 -11.654584
v -0.688087 -0.347207 -11.701195
v -0.705845 -0.335498 -11.752191
v -0.705845 -0.333853 -11.703676
v -0.688087 -0.347207 -11.701195
v -0.705845 -0.335498 -11.752191
v -0.688087 -0.347207 -11.701195
v -0.688087 -0.348990 -11.753763
v -0.682730 -0.328423 -11.801876
v -0.705845 -0.335498 -11.752191
v -0.688087 -0.348990 -11.753763
v -0.682730 -0.328423 -11.801876
v -0.700901 -0.316518 -11.796597
v -0.705845 -0.335498 -11.752191
v -0.673078 -0.289584 -11.836002
v -0.700901 -0.316518 -11.796597
v -0.682730 -0.328423 -11.801876
v -0.673078 -0.289584 -11.836002
v -0.691994 -0.280675 -11.828093
v -0.700901 -0.316518 -11.796597
v -0.661041 -0.240161 -11.849392
v -0.691994 -0.280675 -11.828093
v -0.673078 -0.289584 -11.836002
v -0.694304 -0.168317 -11.688343
v -0.686893 -0.184432 -11.647001
v -0.700226 -0.192143 -11.667404
v -0.694304 -0.168317 -11.688343
v -0.679098 -0.153072 -11.674559
v -0.686893 -0.184432 -11.647001
v -0.686893 -0.184432 -11.647001
v -0.679098 -0.153072 -11.674559
v -0.660869 -0.146216 -11.666279
v -0.679098 -0.153072 -11.674559
v -0.655926 -0.127236 -11.710680
v -0.660869 -0.146216 -11.666279
v -0.660869 -0.146216 -11.666279
v -0.655926 -0.127236 -11.710680
v -0.633995 -0.123323 -11.708788
v -0.633995 -0.123323 -11.708788
v -0.655926 -0.127236 -11.710680
v -0.655926 -0.128882 -11.759194
v -0.633995 -0.123323 -11.708788
v -0.655926 -0.128882 -11.759194
v -0.633995 -0.125106 -11.761357
v -0.633995 -0.125106 -11.761357
v -0.655926 -0.128882 -11.759194
v -0.660869 -0.150826 -11.802213
v -0.633995 -0.125106 -11.761357
v -0.660869 -0.150826 -11.802213
v -0.639351 -0.148883 -11.807968
v -0.660869 -0.150826 -11.802213
v -0.649004 -0.189946 -11.839384
v -0.639351 -0.148883 -11.807968
v -0.660869 -0.150826 -11.802213
v -0.669778 -0.188721 -11.831211
v -0.649004 -0.189946 -11.839384
v -0.669778 -0.188721 -11.831211
v -0.661041 -0.240161 -11.849392
v -0.649004 -0.189946 -11.839384
v -0.669778 -0.188721 -11.831211
v -0.680886 -0.235064 -11.840448
v -0.661041 -0.240161 -11.849392
v -0.661041 -0.240161 -11.849392
v -0.680886 -0.235064 -11.840448
v -0.691994 -0.280675 -11.828093
v -0.680886 -0.235064 -11.840448
v -0.706330 -0.270712 -11.816134
v -0.691994 -0.280675 -11.828093
v -0.706330 -0.270712 -11.816134
v -0.700901 -0.316518 -11.796597
v -0.691994 -0.280675 -11.828093
v -0.706330 -0.270712 -11.816134
v -0.714124 -0.302073 -11.788572
v -0.700901 -0.316518 -11.796597
v -0.714124 -0.302073 -11.788572
v -0.705845 -0.335498 -11.752191
v -0.700901 -0.316518 -11.796597
v -0.679098 -0.153072 -11.674559
v -0.674773 -0.136466 -11.713406
v -0.655926 -0.127236 -11.710680
v -0.674773 -0.136466 -11.713406
v -0.655926 -0.128882 -11.759194
v -0.655926 -0.127236 -11.710680
v -0.674773 -0.136466 -11.713406
v -0.674773 -0.137906 -11.755852
v -0.655926 -0.128882 -11.759194
v -0.674773 -0.137906 -11.755852
v -0.660869 -0.150826 -11.802213
v -0.655926 -0.128882 -11.759194
v -0.674773 -0.137906 -11.755852
v -0.679098 -0.157105 -11.793489
v -0.660869 -0.150826 -11.802213
v -0.679098 -0.157105 -11.793489
v -0.669778 -0.188721 -11.831211
v -0.660869 -0.150826 -11.802213
v -0.709329 -0.194275 -11.756784
v -0.691018 -0.156795 -11.750111
v -0.707579 -0.186506 -11.741554
v -0.709329 -0.194275 -11.756784
v -0.694305 -0.171381 -11.778700
v -0.691018 -0.156795 -11.750111
v -0.712483 -0.207694 -11.767054
v -0.694305 -0.171381 -11.778700
v -0.709329 -0.194275 -11.756784
v -0.712483 -0.207694 -11.767054
v -0.700226 -0.196571 -11.797977
v -0.694305 -0.171381 -11.778700
v -0.707609 -0.227375 -11.804115
v -0.700226 -0.196571 -11.797977
v -0.712483 -0.207694 -11.767054
v -0.696611 -0.230806 -11.826942
v -0.700226 -0.196571 -11.797977
v -0.707609 -0.227375 -11.804115
v -0.706330 -0.270712 -11.816134
v -0.696611 -0.230806 -11.826942
v -0.707609 -0.227375 -11.804115
v -0.680886 -0.235064 -11.840448
v -0.696611 -0.230806 -11.826942
v -0.706330 -0.270712 -11.816134
v -0.669778 -0.188721 -11.831211
v -0.696611 -0.230806 -11.826942
v -0.680886 -0.235064 -11.840448
v -0.669778 -0.188721 -11.831211
v -0.686893 -0.190260 -11.818861
v -0.696611 -0.230806 -11.826942
v -0.679098 -0.157105 -11.793489
v -0.686893 -0.190260 -11.818861
v -0.669778 -0.188721 -11.831211
v -0.700226 -0.196571 -11.797977
v -0.686893 -0.190260 -11.818861
v -0.679098 -0.157105 -11.793489
v -0.700226 -0.196571 -11.797977
v -0.679098 -0.157105 -11.793489
v -0.694305 -0.171381 -11.778700
v -0.679098 -0.157105 -11.793489
v -0.691018 -0.156795 -11.750111
v -0.694305 -0.171381 -11.778700
v -0.679098 -0.157105 -11.793489
v -0.674773 -0.137906 -11.755852
v -0.691018 -0.156795 -11.750111
v -0.674773 -0.137906 -11.755852
v -0.691018 -0.155701 -11.717858
v -0.691018 -0.156795 -11.750111
v -0.674773 -0.137906 -11.755852
v -0.674773 -0.136466 -11.713406
v -0.691018 -0.155701 -11.717858
v -0.691018 -0.155701 -11.717858
v -0.674773 -0.136466 -11.713406
v -0.679098 -0.153072 -11.674559
v -0.696611 -0.230806 -11.826942
v -0.686893 -0.190260 -11.818861
v -0.700226 -0.196571 -11.797977
v -0.150564 1.079626 24.273209
v 0.128604 1.027014 25.515991
v 0.266105 1.150426 25.418434
v -0.150564 1.079626 24.273209
v 0.266105 1.150426 25.418434
v -0.000662 1.201873 24.215227
v -0.000662 1.201873 24.215227
v 0.266105 1.150426 25.418434
v 0.422632 1.228586 25.298267
v -0.000662 1.201873 24.215227
v 0.422632 1.228586 25.298267
v 0.176985 1.254845 24.146460
v 0.176985 1.254845 24.146460
v 0.422632 1.228586 25.298267
v 0.583508 1.261346 25.150370
v 0.176985 1.254845 24.146460
v 0.583508 1.261346 25.150370
v 0.339973 1.270611 24.050682
v 0.339973 1.270611 24.050682
v 0.583508 1.261346 25.150370
v 0.734733 1.238847 24.987383
v 0.339973 1.270611 24.050682
v 0.734733 1.238847 24.987383
v 0.483774 1.236520 23.952892
v 0.143049 1.299209 23.003811
v 0.339973 1.270611 24.050682
v 0.483774 1.236520 23.952892
v -0.034294 1.285910 23.044014
v 0.339973 1.270611 24.050682
v 0.143049 1.299209 23.003811
v -0.034294 1.285910 23.044014
v 0.176985 1.254845 24.146460
v 0.339973 1.270611 24.050682
v -0.214399 1.220667 23.072596
v 0.176985 1.254845 24.146460
v -0.034294 1.285910 23.044014
v -0.214399 1.220667 23.072596
v -0.000662 1.201873 24.215227
v 0.176985 1.254845 24.146460
v -0.353893 1.086237 23.100227
v -0.000662 1.201873 24.215227
v -0.214399 1.220667 23.072596
v -0.353893 1.086237 23.100227
v -0.150564 1.079626 24.273209
v -0.000662 1.201873 24.215227
v -0.432048 0.891157 23.121933
v -0.150564 1.079626 24.273209
v -0.353893 1.086237 23.100227
v -0.432048 0.891157 23.121933
v -0.233818 0.883086 24.304714
v -0.150564 1.079626 24.273209
v -0.233818 0.883086 24.304714
v 0.128604 1.027014 25.515991
v -0.150564 1.079626 24.273209
v -0.233818 0.883086 24.304714
v 0.044929 0.857904 25.560040
v 0.128604 1.027014 25.515991
v 0.044929 0.857904 25.560040
v 0.176583 0.868293 26.810005
v 0.273602 1.035598 26.779478
v 0.044929 0.857904 25.560040
v 0.273602 1.035598 26.779478
v 0.128604 1.027014 25.515991
v 0.128604 1.027014 25.515991
v 0.273602 1.035598 26.779478
v 0.494145 1.145153 26.676689
v 0.128604 1.027014 25.515991
v 0.494145 1.145153 26.676689
v 0.266105 1.150426 25.418434
v 0.266105 1.150426 25.418434
v 0.494145 1.145153 26.676689
v 0.666682 1.249310 26.487131
v 0.266105 1.150426 25.418434
v 0.666682 1.249310 26.487131
v 0.422632 1.228586 25.298267
v 0.422632 1.228586 25.298267
v 0.666682 1.249310 26.487131
v 0.839951 1.311675 26.271435
v 0.422632 1.228586 25.298267
v 0.839951 1.311675 26.271435
v 0.583508 1.261346 25.150370
v 0.583508 1.261346 25.150370
v 0.839951 1.311675 26.271435
v 1.035043 1.304556 26.038038
v 0.583508 1.261346 25.150370
v 1.035043 1.304556 26.038038
v 0.734733 1.238847 24.987383
v 0.734733 1.238847 24.987383
v 1.035043 1.304556 26.038038
v 1.191245 1.213357 25.766241
v 0.734733 1.238847 24.987383
v 1.191245 1.213357 25.766241
v 0.852576 1.161777 24.820356
v 0.483774 1.236520 23.952892
v 0.734733 1.238847 24.987383
v 0.852576 1.161777 24.820356
v 0.483774 1.236520 23.952892
v 0.852576 1.161777 24.820356
v 0.602789 1.157892 23.866148
v 0.304329 1.267581 22.959373
v 0.483774 1.236520 23.952892
v 0.602789 1.157892 23.866148
v 0.143049 1.299209 23.003811
v 0.483774 1.236520 23.952892
v 0.304329 1.267581 22.959373
v 0.019369 0.696902 20.629345
v 0.143049 1.299209 23.003811
v 0.304329 1.267581 22.959373
v 0.019369 0.696902 20.629345
v -0.034294 1.285910 23.044014
v 0.143049 1.299209 23.003811
v 0.019369 0.696902 20.629345
v -0.214399 1.220667 23.072596
v -0.034294 1.285910 23.044014
v 0.019369 0.696902 20.629345
v -0.353893 1.086237 23.100227
v -0.214399 1.220667 23.072596
v 0.019369 0.696902 20.629345
v -0.432048 0.891157 23.121933
v -0.353893 1.086237 23.100227
v 0.019369 0.696902 20.629345
v 0.304329 1.267581 22.959373
v 0.440034 1.190541 22.920437
v 0.304329 1.267581 22.959373
v 0.602789 1.157892 23.866148
v 0.440034 1.190541 22.920437
v 0.852576 1.161777 24.820356
v 1.191245 1.213357 25.766241
v 1.237665 1.074831 25.523956
v 0.852576 1.161777 24.820356
v 1.237665 1.074831 25.523956
v 0.934723 1.048465 24.679646
v 0.602789 1.157892 23.866148
v 0.852576 1.161777 24.820356
v 0.934723 1.048465 24.679646
v 0.602789 1.157892 23.866148
v 0.934723 1.048465 24.679646
v 0.689555 1.049732 23.795971
v 0.440034 1.190541 22.920437
v 0.602789 1.157892 23.866148
v 0.689555 1.049732 23.795971
v 0.440034 1.190541 22.920437
v 0.689555 1.049732 23.795971
v 0.539307 1.076547 22.891880
v 0.019369 0.696902 20.629345
v 0.440034 1.190541 22.920437
v 0.539307 1.076547 22.891880
v 0.019369 0.696902 20.629345
v 0.539307 1.076547 22.891880
v 0.601163 0.940564 22.878113
v 0.019369 0.696902 20.629345
v 0.601163 0.940564 22.878113
v 0.612712 0.789191 22.883030
v 0.601163 0.940564 22.878113
v 0.736804 0.780509 23.725006
v 0.612712 0.789191 22.883030
v 0.606756 0.631004 22.896193
v 0.612712 0.789191 22.883030
v 0.736804 0.780509 23.725006
v 0.606756 0.631004 22.896193
v 0.736804 0.780509 23.725006
v 0.713819 0.633092 23.725119
v 0.019369 0.696902 20.629345
v 0.612712 0.789191 22.883030
v 0.606756 0.631004 22.896193
v 0.539307 1.076547 22.891880
v 0.689555 1.049732 23.795971
v 0.733408 0.921944 23.747133
v 0.539307 1.076547 22.891880
v 0.733408 0.921944 23.747133
v 0.601163 0.940564 22.878113
v 0.601163 0.940564 22.878113
v 0.733408 0.921944 23.747133
v 0.736804 0.780509 23.725006
v 1.237665 1.074831 25.523956
v 1.689283 1.163838 26.293840
v 1.678725 0.910452 26.054924
v 1.237665 1.074831 25.523956
v 1.678725 0.910452 26.054924
v 1.267712 0.908737 25.359108
v 0.934723 1.048465 24.679646
v 1.237665 1.074831 25.523956
v 1.267712 0.908737 25.359108
v 0.934723 1.048465 24.679646
v 1.267712 0.908737 25.359108
v 0.971687 0.910839 24.577347
v 0.689555 1.049732 23.795971
v 0.934723 1.048465 24.679646
v 0.971687 0.910839 24.577347
v 0.689555 1.049732 23.795971
v 0.971687 0.910839 24.577347
v 0.733408 0.921944 23.747133
v 0.733408 0.921944 23.747133
v 0.971687 0.910839 24.577347
v 0.962171 0.760354 24.521334
v 0.733408 0.921944 23.747133
v 0.962171 0.760354 24.521334
v 0.736804 0.780509 23.725006
v 0.736804 0.780509 23.725006
v 0.962171 0.760354 24.521334
v 0.930242 0.606990 24.506615
v 0.736804 0.780509 23.725006
v 0.930242 0.606990 24.506615
v 0.713819 0.633092 23.725119
v 1.267712 0.908737 25.359108
v 1.678725 0.910452 26.054924
v 1.614278 0.678334 25.937145
v 1.267712 0.908737 25.359108
v 1.614278 0.678334 25.937145
v 1.223431 0.735294 25.272635
v 0.971687 0.910839 24.577347
v 1.267712 0.908737 25.359108
v 1.223431 0.735294 25.272635
v 0.971687 0.910839 24.577347
v 1.223431 0.735294 25.272635
v 0.962171 0.760354 24.521334
v 0.962171 0.760354 24.521334
v 1.223431 0.735294 25.272635
v 1.181026 0.570897 25.239777
v 0.962171 0.760354 24.521334
v 1.181026 0.570897 25.239777
v 0.930242 0.606990 24.506615
v 1.223431 0.735294 25.272635
v 1.614278 0.678334 25.937145
v 1.522689 0.507454 25.817852
v 1.223431 0.735294 25.272635
v 1.522689 0.507454 25.817852
v 1.181026 0.570897 25.239777
v 0.149551 0.957737 29.253691
v 0.080656 1.013561 30.405991
v 0.207966 1.259998 30.363770
v 0.149551 0.957737 29.253691
v 0.207966 1.259998 30.363770
v 0.252018 1.184582 29.232822
v 0.200809 0.904306 28.045561
v 0.149551 0.957737 29.253691
v 0.252018 1.184582 29.232822
v 0.200809 0.904306 28.045561
v 0.252018 1.184582 29.232822
v 0.303535 1.100084 28.016960
v 0.176583 0.868293 26.810005
v 0.200809 0.904306 28.045561
v 0.303535 1.100084 28.016960
v 0.176583 0.868293 26.810005
v 0.303535 1.100084 28.016960
v 0.273602 1.035598 26.779478
v 0.273602 1.035598 26.779478
v 0.303535 1.100084 28.016960
v 0.529103 1.244386 27.880747
v 0.273602 1.035598 26.779478
v 0.529103 1.244386 27.880747
v 0.494145 1.145153 26.676689
v 0.494145 1.145153 26.676689
v 0.529103 1.244386 27.880747
v 0.824239 1.344105 27.685215
v 0.494145 1.145153 26.676689
v 0.824239 1.344105 27.685215
v 0.666682 1.249310 26.487131
v 0.666682 1.249310 26.487131
v 0.824239 1.344105 27.685215
v 1.076656 1.443626 27.418079
v 0.666682 1.249310 26.487131
v 1.076656 1.443626 27.418079
v 0.839951 1.311675 26.271435
v 0.839951 1.311675 26.271435
v 1.076656 1.443626 27.418079
v 1.379003 1.477730 27.121307
v 0.839951 1.311675 26.271435
v 1.379003 1.477730 27.121307
v 1.035043 1.304556 26.038038
v 1.035043 1.304556 26.038038
v 1.379003 1.477730 27.121307
v 1.676045 1.335371 26.687021
v 1.035043 1.304556 26.038038
v 1.676045 1.335371 26.687021
v 1.191245 1.213357 25.766241
v 1.191245 1.213357 25.766241
v 1.676045 1.335371 26.687021
v 1.689283 1.163838 26.293840
v 1.191245 1.213357 25.766241
v 1.689283 1.163838 26.293840
v 1.237665 1.074831 25.523956
v 0.303535 1.100084 28.016960
v 0.504977 1.365956 29.088099
v 0.529103 1.244386 27.880747
v 0.529103 1.244386 27.880747
v 0.504977 1.365956 29.088099
v 0.849636 1.512227 28.819002
v 0.529103 1.244386 27.880747
v 0.849636 1.512227 28.819002
v 0.824239 1.344105 27.685215
v 0.824239 1.344105 27.685215
v 0.849636 1.512227 28.819002
v 1.095661 1.726948 28.367455
v 0.824239 1.344105 27.685215
v 1.095661 1.726948 28.367455
v 1.076656 1.443626 27.418079
v 1.076656 1.443626 27.418079
v 1.095661 1.726948 28.367455
v 1.339829 1.910938 27.947836
v 1.076656 1.443626 27.418079
v 1.339829 1.910938 27.947836
v 1.379003 1.477730 27.121307
v 0.504977 1.365956 29.088099
v 0.771669 1.728991 29.851807
v 0.849636 1.512227 28.819002
v 0.849636 1.512227 28.819002
v 0.771669 1.728991 29.851807
v 1.053324 2.075722 29.262489
v 0.849636 1.512227 28.819002
v 1.053324 2.075722 29.262489
v 1.095661 1.726948 28.367455
v 1.095661 1.726948 28.367455
v 1.053324 2.075722 29.262489
v 1.475492 2.447622 28.525118
v 1.095661 1.726948 28.367455
v 1.475492 2.447622 28.525118
v 1.339829 1.910938 27.947836
v 1.339829 1.910938 27.947836
v 1.475492 2.447622 28.525118
v 1.586568 2.303536 27.986187
v 1.339829 1.910938 27.947836
v 1.586568 2.303536 27.986187
v 1.601836 1.995337 27.684275
v 1.379003 1.477730 27.121307
v 1.339829 1.910938 27.947836
v 1.601836 1.995337 27.684275
v 1.379003 1.477730 27.121307
v 1.601836 1.995337 27.684275
v 1.631242 1.513264 27.227472
v 1.379003 1.477730 27.121307
v 1.631242 1.513264 27.227472
v 1.676045 1.335371 26.687021
v 0.014407 1.345916 20.920483
v 0.081714 1.331446 20.976242
v 0.165646 1.304990 20.797682
v 0.081714 1.331446 20.976242
v 0.165646 1.311737 20.996637
v 0.165646 1.304990 20.797682
v 0.165646 1.311737 20.996637
v 0.249577 1.290691 20.977623
v 0.165646 1.304990 20.797682
v 0.249577 1.290691 20.977623
v 0.316885 1.272478 20.922974
v 0.165646 1.304990 20.797682
v 0.316885 1.272478 20.922974
v 0.354238 1.260704 20.843504
v 0.165646 1.304990 20.797682
v 0.354238 1.260704 20.843504
v 0.354238 1.257701 20.754961
v 0.165646 1.304990 20.797682
v 0.354238 1.257701 20.754961
v 0.316885 1.264065 20.674881
v 0.165646 1.304990 20.797682
v 0.316885 1.264065 20.674881
v 0.249577 1.278534 20.619123
v 0.165646 1.304990 20.797682
v 0.249577 1.278534 20.619123
v 0.165646 1.298243 20.598730
v 0.165646 1.304990 20.797682
v 0.165646 1.298243 20.598730
v 0.081714 1.319288 20.617741
v 0.165646 1.304990 20.797682
v 0.081714 1.319288 20.617741
v 0.014407 1.337502 20.672392
v 0.165646 1.304990 20.797682
v 0.014407 1.337502 20.672392
v -0.022946 1.349276 20.751856
v 0.165646 1.304990 20.797682
v -0.022946 1.349276 20.751856
v -0.022946 1.352279 20.840399
v 0.165646 1.304990 20.797682
v -0.022946 1.352279 20.840399
v 0.014407 1.345916 20.920483
v 0.165646 1.304990 20.797682
v 1.271743 2.257642 -17.876223
v 1.350711 2.292537 -17.876730
v 1.242690 1.895123 -16.660738
v 1.271743 2.257642 -17.876223
v 1.242690 1.895123 -16.660738
v 1.164274 1.860991 -16.664642
v 1.164274 1.860991 -16.664642
v 1.242690 1.895123 -16.660738
v 1.088524 1.298838 -15.519633
v 1.164274 1.860991 -16.664642
v 1.088524 1.298838 -15.519633
v 1.010109 1.264211 -15.538145
v 1.010109 1.264211 -15.538145
v 1.088524 1.298838 -15.519633
v 0.865929 0.419116 -14.299680
v 1.010109 1.264211 -15.538145
v 0.865929 0.419116 -14.299680
v 0.785390 0.371866 -14.325885
v 0.865929 0.419116 -14.299680
v 0.543741 0.003083 -12.970394
v 0.785390 0.371866 -14.325885
v 0.655714 -0.227175 -14.336219
v 0.785390 0.371866 -14.325885
v 0.543741 0.003083 -12.970394
v 0.785390 0.371866 -14.325885
v 0.655714 -0.227175 -14.336219
v 0.623377 -0.166139 -14.821568
v 0.785390 0.371866 -14.325885
v 0.623377 -0.166139 -14.821568
v 0.805863 0.433602 -15.121230
v 0.623377 -0.166139 -14.821568
v 0.770897 0.376532 -15.190062
v 0.805863 0.433602 -15.121230
v 0.805863 0.433602 -15.121230
v 0.770897 0.376532 -15.190062
v 0.918887 0.963917 -15.779591
v 0.770897 0.376532 -15.190062
v 0.840304 0.911809 -15.820784
v 0.918887 0.963917 -15.779591
v 0.918887 0.963917 -15.779591
v 0.840304 0.911809 -15.820784
v 0.978239 1.448107 -16.704607
v 0.840304 0.911809 -15.820784
v 0.848379 1.404017 -16.723291
v 0.978239 1.448107 -16.704607
v 0.978239 1.448107 -16.704607
v 0.848379 1.404017 -16.723291
v 0.951281 1.784591 -17.786655
v 0.848379 1.404017 -16.723291
v 0.784034 1.770519 -17.786591
v 0.951281 1.784591 -17.786655
v 0.951281 1.784591 -17.786655
v 0.784034 1.770519 -17.786591
v 0.845429 1.989062 -18.575739
v 0.543741 -0.067921 -15.064103
v 0.770897 0.376532 -15.190062
v 0.623377 -0.166139 -14.821568
v 1.010109 1.264211 -15.538145
v 0.957372 1.036629 -15.731251
v 1.100408 1.593913 -16.667374
v 0.957372 1.036629 -15.731251
v 1.059210 1.510079 -16.687841
v 1.100408 1.593913 -16.667374
v 1.100408 1.593913 -16.667374
v 1.059210 1.510079 -16.687841
v 1.164034 1.895833 -17.797688
v 1.059210 1.510079 -16.687841
v 1.082344 1.831142 -17.789650
v 1.164034 1.895833 -17.797688
v 1.164034 1.895833 -17.797688
v 1.082344 1.831142 -17.789650
v 1.144325 2.042793 -18.584082
v 1.082344 1.831142 -17.789650
v 1.013279 2.000041 -18.578482
v 1.144325 2.042793 -18.584082
v 1.144325 2.042793 -18.584082
v 1.013279 2.000041 -18.578482
v 1.025716 1.989517 -19.424772
v 1.013279 2.000041 -18.578482
v 0.856316 1.978680 -19.426826
v 1.025716 1.989517 -19.424772
v 1.013279 2.000041 -18.578482
v 0.845429 1.989062 -18.575739
v 0.856316 1.978680 -19.426826
v 0.951281 1.784591 -17.786655
v 0.845429 1.989062 -18.575739
v 1.013279 2.000041 -18.578482
v 1.082344 1.831142 -17.789650
v 0.951281 1.784591 -17.786655
v 1.013279 2.000041 -18.578482
v 0.978239 1.448107 -16.704607
v 0.951281 1.784591 -17.786655
v 1.082344 1.831142 -17.789650
v 1.059210 1.510079 -16.687841
v 0.978239 1.448107 -16.704607
v 1.082344 1.831142 -17.789650
v 0.918887 0.963917 -15.779591
v 0.978239 1.448107 -16.704607
v 1.059210 1.510079 -16.687841
v 0.957372 1.036629 -15.731251
v 0.918887 0.963917 -15.779591
v 1.059210 1.510079 -16.687841
v 0.805863 0.433602 -15.121230
v 0.918887 0.963917 -15.779591
v 0.957372 1.036629 -15.731251
v 0.805863 0.433602 -15.121230
v 0.957372 1.036629 -15.731251
v 1.010109 1.264211 -15.538145
v 0.805863 0.433602 -15.121230
v 1.010109 1.264211 -15.538145
v 0.785390 0.371866 -14.325885
v 1.164034 1.895833 -17.797688
v 1.144325 2.042793 -18.584082
v 1.225991 2.103206 -18.592688
v 1.144325 2.042793 -18.584082
v 1.238091 2.088708 -19.408249
v 1.225991 2.103206 -18.592688
v 1.144325 2.042793 -18.584082
v 1.157488 2.029924 -19.418875
v 1.238091 2.088708 -19.408249
v 1.144325 2.042793 -18.584082
v 1.025716 1.989517 -19.424772
v 1.157488 2.029924 -19.418875
v 1.100408 1.593913 -16.667374
v 1.164034 1.895833 -17.797688
v 1.205472 1.982102 -17.805672
v 1.205472 1.982102 -17.805672
v 1.164034 1.895833 -17.797688
v 1.225991 2.103206 -18.592688
v 1.205472 1.982102 -17.805672
v 1.225991 2.103206 -18.592688
v 1.267688 2.187135 -18.601889
v 1.267688 2.187135 -18.601889
v 1.225991 2.103206 -18.592688
v 1.238091 2.088708 -19.408249
v 1.267688 2.187135 -18.601889
v 1.238091 2.088708 -19.408249
v 1.280229 2.170477 -19.401093
v 1.010109 1.264211 -15.538145
v 1.100408 1.593913 -16.667374
v 1.164274 1.860991 -16.664642
v 1.164274 1.860991 -16.664642
v 1.100408 1.593913 -16.667374
v 1.205472 1.982102 -17.805672
v 1.164274 1.860991 -16.664642
v 1.205472 1.982102 -17.805672
v 1.271743 2.257642 -17.876223
v 1.271743 2.257642 -17.876223
v 1.205472 1.982102 -17.805672
v 1.267688 2.187135 -18.601889
v 1.271743 2.257642 -17.876223
v 1.267688 2.187135 -18.601889
v 1.338142 2.481833 -18.730757
v 1.338142 2.481833 -18.730757
v 1.267688 2.187135 -18.601889
v 1.280229 2.170477 -19.401093
v 1.338142 2.481833 -18.730757
v 1.280229 2.170477 -19.401093
v 1.345760 2.467004 -19.544233
v 1.280229 2.170477 -19.401093
v 1.322362 2.402075 -19.878971
v 1.345760 2.467004 -19.544233
v 0.784034 1.770519 -17.786591
v 0.661722 2.012968 -18.576193
v 0.845429 1.989062 -18.575739
v 0.845429 1.989062 -18.575739
v 0.661722 2.012968 -18.576193
v 0.671390 2.025504 -19.380819
v 0.845429 1.989062 -18.575739
v 0.671390 2.025504 -19.380819
v 0.856316 1.978680 -19.426826
v 0.653756 1.949689 -19.474669
v 0.856316 1.978680 -19.426826
v 0.671390 2.025504 -19.380819
v 0.653756 1.949689 -19.474669
v 0.835071 1.902067 -19.535101
v 0.856316 1.978680 -19.426826
v 0.835071 1.902067 -19.535101
v 1.025716 1.989517 -19.424772
v 0.856316 1.978680 -19.426826
v 0.835071 1.902067 -19.535101
v 0.983024 1.888867 -19.626768
v 1.025716 1.989517 -19.424772
v 0.983024 1.888867 -19.626768
v 1.157488 2.029924 -19.418875
v 1.025716 1.989517 -19.424772
v 0.983024 1.888867 -19.626768
v 1.105569 1.869420 -19.752071
v 1.157488 2.029924 -19.418875
v 1.105569 1.869420 -19.752071
v 1.238091 2.088708 -19.408249
v 1.157488 2.029924 -19.418875
v 1.105569 1.869420 -19.752071
v 1.183326 1.856828 -19.909845
v 1.238091 2.088708 -19.408249
v 1.183326 1.856828 -19.909845
v 1.280229 2.170477 -19.401093
v 1.238091 2.088708 -19.408249
v 1.183326 1.856828 -19.909845
v 1.220934 1.876024 -20.096169
v 1.280229 2.170477 -19.401093
v 1.280229 2.170477 -19.401093
v 1.220934 1.876024 -20.096169
v 1.322362 2.402075 -19.878971
v 1.220934 1.876024 -20.096169
v 1.294880 2.326821 -20.237530
v 1.322362 2.402075 -19.878971
v 1.220934 1.876024 -20.096169
v 1.197516 1.903232 -20.258162
v 1.294880 2.326821 -20.237530
v 1.197516 1.903232 -20.258162
v 1.206659 2.281161 -20.376642
v 1.294880 2.326821 -20.237530
v 1.197516 1.903232 -20.258162
v 1.128851 1.951819 -20.408806
v 1.206659 2.281161 -20.376642
v 1.128851 1.951819 -20.408806
v 1.074439 2.246547 -20.494377
v 1.206659 2.281161 -20.376642
v 1.128851 1.951819 -20.408806
v 1.015378 2.002600 -20.529362
v 1.074439 2.246547 -20.494377
v 1.015378 2.002600 -20.529362
v 0.907231 2.211071 -20.575264
v 1.074439 2.246547 -20.494377
v 1.015378 2.002600 -20.529362
v 0.867363 2.050653 -20.608326
v 0.907231 2.211071 -20.575264
v 0.867363 2.050653 -20.608326
v 0.698625 2.095019 -20.638838
v 0.726596 2.211374 -20.605007
v 0.867363 2.050653 -20.608326
v 0.726596 2.211374 -20.605007
v 0.907231 2.211071 -20.575264
v 0.742496 2.274629 -20.670898
v 0.907231 2.211071 -20.575264
v 0.726596 2.211374 -20.605007
v 0.742496 2.274629 -20.670898
v 0.942084 2.270193 -20.638361
v 0.907231 2.211071 -20.575264
v 0.942084 2.270193 -20.638361
v 1.074439 2.246547 -20.494377
v 0.907231 2.211071 -20.575264
v 0.942084 2.270193 -20.638361
v 1.124252 2.286954 -20.548676
v 1.074439 2.246547 -20.494377
v 1.124252 2.286954 -20.548676
v 1.206659 2.281161 -20.376642
v 1.074439 2.246547 -20.494377
v 1.124252 2.286954 -20.548676
v 1.271549 2.318279 -20.416212
v 1.206659 2.281161 -20.376642
v 1.271549 2.318279 -20.416212
v 1.294880 2.326821 -20.237530
v 1.206659 2.281161 -20.376642
v 1.271549 2.318279 -20.416212
v 1.369368 2.359349 -20.253237
v 1.294880 2.326821 -20.237530
v 1.294880 2.326821 -20.237530
v 1.369368 2.359349 -20.253237
v 1.399025 2.434092 -19.895973
v 1.294880 2.326821 -20.237530
v 1.399025 2.434092 -19.895973
v 1.322362 2.402075 -19.878971
v 1.322362 2.402075 -19.878971
v 1.399025 2.434092 -19.895973
v 1.425961 2.502180 -19.562565
v 1.322362 2.402075 -19.878971
v 1.425961 2.502180 -19.562565
v 1.345760 2.467004 -19.544233
v 1.345760 2.467004 -19.544233
v 1.425961 2.502180 -19.562565
v 1.416516 2.514096 -18.732826
v 1.345760 2.467004 -19.544233
v 1.416516 2.514096 -18.732826
v 1.338142 2.481833 -18.730757
v 1.338142 2.481833 -18.730757
v 1.416516 2.514096 -18.732826
v 1.350711 2.292537 -17.876730
v 1.338142 2.481833 -18.730757
v 1.350711 2.292537 -17.876730
v 1.271743 2.257642 -17.876223
v 0.336381 -0.126361 -19.700094
v 0.019393 -0.669987 -19.676109
v 0.194543 -0.713480 -19.703215
v 0.492840 -0.171463 -19.781218
v 0.336381 -0.126361 -19.700094
v 0.194543 -0.713480 -19.703215
v 0.492840 -0.171463 -19.781218
v 0.194543 -0.713480 -19.703215
v 0.352526 -0.754645 -19.784729
v 0.616185 -0.212517 -19.908693
v 0.492840 -0.171463 -19.781218
v 0.352526 -0.754645 -19.784729
v 0.616185 -0.212517 -19.908693
v 0.352526 -0.754645 -19.784729
v 0.477883 -0.789454 -19.912685
v 0.694429 -0.245539 -20.069780
v 0.616185 -0.212517 -19.908693
v 0.477883 -0.789454 -19.912685
v 0.694429 -0.245539 -20.069780
v 0.477883 -0.789454 -19.912685
v 0.558355 -0.814501 -20.074512
v 0.719973 -0.267310 -20.248850
v 0.694429 -0.245539 -20.069780
v 0.558355 -0.814501 -20.074512
v 0.719973 -0.267310 -20.248850
v 0.558355 -0.814501 -20.074512
v 0.586080 -0.827342 -20.254402
v 0.690322 -0.275684 -20.428459
v 0.719973 -0.267310 -20.248850
v 0.586080 -0.827342 -20.254402
v 0.690322 -0.275684 -20.428459
v 0.586080 -0.827342 -20.254402
v 0.558355 -0.826719 -20.434752
v 0.608311 -0.269799 -20.591085
v 0.690322 -0.275684 -20.428459
v 0.558355 -0.826719 -20.434752
v 0.608311 -0.269799 -20.591085
v 0.558355 -0.826719 -20.434752
v 0.477885 -0.812692 -20.597900
v 0.481865 -0.250207 -20.720798
v 0.477885 -0.812692 -20.597900
v 0.352524 -0.786630 -20.727913
v 0.481865 -0.250207 -20.720798
v 0.608311 -0.269799 -20.591085
v 0.477885 -0.812692 -20.597900
v 1.015378 2.002600 -20.529362
v 0.608311 -0.269799 -20.591085
v 0.481865 -0.250207 -20.720798
v 1.015378 2.002600 -20.529362
v 1.128851 1.951819 -20.408806
v 0.608311 -0.269799 -20.591085
v 1.128851 1.951819 -20.408806
v 0.690322 -0.275684 -20.428459
v 0.608311 -0.269799 -20.591085
v 1.128851 1.951819 -20.408806
v 1.197516 1.903232 -20.258162
v 0.690322 -0.275684 -20.428459
v 1.197516 1.903232 -20.258162
v 0.719973 -0.267310 -20.248850
v 0.690322 -0.275684 -20.428459
v 1.197516 1.903232 -20.258162
v 1.220934 1.876024 -20.096169
v 0.719973 -0.267310 -20.248850
v 1.220934 1.876024 -20.096169
v 0.694429 -0.245539 -20.069780
v 0.719973 -0.267310 -20.248850
v 1.220934 1.876024 -20.096169
v 1.183326 1.856828 -19.909845
v 0.694429 -0.245539 -20.069780
v 1.183326 1.856828 -19.909845
v 0.616185 -0.212517 -19.908693
v 0.694429 -0.245539 -20.069780
v 1.183326 1.856828 -19.909845
v 1.105569 1.869420 -19.752071
v 0.616185 -0.212517 -19.908693
v 1.105569 1.869420 -19.752071
v 0.492840 -0.171463 -19.781218
v 0.616185 -0.212517 -19.908693
v 1.105569 1.869420 -19.752071
v 0.983024 1.888867 -19.626768
v 0.492840 -0.171463 -19.781218
v 0.835071 1.902067 -19.535101
v 0.492840 -0.171463 -19.781218
v 0.983024 1.888867 -19.626768
v 0.835071 1.902067 -19.535101
v 0.336381 -0.126361 -19.700094
v 0.492840 -0.171463 -19.781218
v 0.835071 1.902067 -19.535101
v 0.162110 -0.081986 -19.671089
v 0.336381 -0.126361 -19.700094
v 0.336381 -0.126361 -19.700094
v 0.162110 -0.081986 -19.671089
v 0.019393 -0.669987 -19.676109
v 0.835071 1.902067 -19.535101
v 0.653756 1.949689 -19.474669
v 0.162110 -0.081986 -19.671089
v 0.867363 2.050653 -20.608326
v 1.015378 2.002600 -20.529362
v 0.481865 -0.250207 -20.720798
v 0.698625 2.095019 -20.638838
v 0.867363 2.050653 -20.608326
v 0.323313 -0.218832 -20.804804
v 0.867363 2.050653 -20.608326
v 0.481865 -0.250207 -20.720798
v 0.323313 -0.218832 -20.804804
v 0.323313 -0.218832 -20.804804
v 0.481865 -0.250207 -20.720798
v 0.352524 -0.786630 -20.727913
v 0.323313 -0.218832 -20.804804
v 0.352524 -0.786630 -20.727913
v 0.194541 -0.751083 -20.812038
v 0.148264 -0.178547 -20.836739
v 0.323313 -0.218832 -20.804804
v 0.194541 -0.751083 -20.812038
v 0.148264 -0.178547 -20.836739
v 0.194541 -0.751083 -20.812038
v 0.019393 -0.709527 -20.842020
v 0.698625 2.095019 -20.638838
v 0.323313 -0.218832 -20.804804
v 0.148264 -0.178547 -20.836739
v 0.165646 1.298243 20.598730
v 0.090615 1.355906 20.616499
v 0.081714 1.319288 20.617741
v 0.081714 1.319288 20.617741
v 0.090615 1.355906 20.616499
v 0.023307 1.374120 20.671148
v 0.081714 1.319288 20.617741
v 0.023307 1.374120 20.671148
v 0.014407 1.337502 20.672392
v 0.023307 1.374120 20.671148
v -0.022946 1.349276 20.751856
v 0.014407 1.337502 20.672392
v 0.023307 1.374120 20.671148
v -0.014046 1.385894 20.750618
v -0.022946 1.349276 20.751856
v -0.014046 1.385894 20.750618
v -0.022946 1.352279 20.840399
v -0.022946 1.349276 20.751856
v -0.014046 1.385894 20.750618
v -0.014046 1.388897 20.839161
v -0.022946 1.352279 20.840399
v -0.014046 1.388897 20.839161
v 0.014407 1.345916 20.920483
v -0.022946 1.352279 20.840399
v -0.014046 1.388897 20.839161
v 0.023307 1.382533 20.919241
v 0.014407 1.345916 20.920483
v 0.014407 1.345916 20.920483
v 0.023307 1.382533 20.919241
v 0.086792 1.352336 20.975534
v 0.014407 1.345916 20.920483
v 0.086792 1.352336 20.975534
v 0.081714 1.331446 20.976242
v 0.081714 1.331446 20.976242
v 0.086792 1.352336 20.975534
v 0.170723 1.332627 20.995928
v 0.081714 1.331446 20.976242
v 0.170723 1.332627 20.995928
v 0.165646 1.311737 20.996637
v 0.165646 1.311737 20.996637
v 0.170723 1.332627 20.995928
v 0.254655 1.311581 20.976917
v 0.165646 1.311737 20.996637
v 0.254655 1.311581 20.976917
v 0.249577 1.290691 20.977623
v 0.254655 1.311581 20.976917
v 0.316885 1.272478 20.922974
v 0.249577 1.290691 20.977623
v 0.254655 1.311581 20.976917
v 0.321962 1.293367 20.922262
v 0.316885 1.272478 20.922974
v 0.321962 1.293367 20.922262
v 0.354238 1.260704 20.843504
v 0.316885 1.272478 20.922974
v 0.321962 1.293367 20.922262
v 0.363138 1.297322 20.842266
v 0.354238 1.260704 20.843504
v 0.354238 1.260704 20.843504
v 0.363138 1.297322 20.842266
v 0.363138 1.294319 20.753723
v 0.354238 1.260704 20.843504
v 0.363138 1.294319 20.753723
v 0.354238 1.257701 20.754961
v 0.354238 1.257701 20.754961
v 0.363138 1.294319 20.753723
v 0.325785 1.300682 20.673637
v 0.354238 1.257701 20.754961
v 0.325785 1.300682 20.673637
v 0.316885 1.264065 20.674881
v 0.325785 1.300682 20.673637
v 0.249577 1.278534 20.619123
v 0.316885 1.264065 20.674881
v 0.325785 1.300682 20.673637
v 0.258478 1.315150 20.617882
v 0.249577 1.278534 20.619123
v 0.258478 1.315150 20.617882
v 0.165646 1.298243 20.598730
v 0.249577 1.278534 20.619123
v 0.258478 1.315150 20.617882
v 0.174546 1.334859 20.597486
v 0.165646 1.298243 20.598730
v 0.165646 1.298243 20.598730
v 0.174546 1.334859 20.597486
v 0.090615 1.355906 20.616499
v 0.065745 4.550401 31.787373
v -0.238200 5.952588 31.584324
v -0.534652 5.977740 32.463024
v 0.065745 4.550401 31.787373
v -0.534652 5.977740 32.463024
v -0.269102 4.636807 32.755596
v -0.269102 4.636807 32.755596
v -0.534652 5.977740 32.463024
v -0.841555 5.911091 33.345287
v -0.269102 4.636807 32.755596
v -0.841555 5.911091 33.345287
v -0.590828 4.640935 33.656502
v -0.590828 4.640935 33.656502
v -0.841555 5.911091 33.345287
v -1.172083 5.751145 34.261715
v -0.590828 4.640935 33.656502
v -1.172083 5.751145 34.261715
v -0.904221 4.574772 34.524788
v -0.904221 4.574772 34.524788
v -1.172083 5.751145 34.261715
v -1.548221 5.509773 35.196629
v -0.904221 4.574772 34.524788
v -1.548221 5.509773 35.196629
v -1.235183 4.496459 35.344769
v -1.235183 4.496459 35.344769
v -1.548221 5.509773 35.196629
v -1.982500 5.140493 36.165867
v -1.235183 4.496459 35.344769
v -1.982500 5.140493 36.165867
v -1.507981 4.388252 35.971489
v -1.731451 4.130704 36.458870
v -1.507981 4.388252 35.971489
v -1.982500 5.140493 36.165867
v -1.327915 4.008896 35.742798
v -1.507981 4.388252 35.971489
v -1.731451 4.130704 36.458870
v -1.731451 4.130704 36.458870
v -1.445454 3.528131 36.254215
v -1.327915 4.008896 35.742798
v -1.327915 4.008896 35.742798
v -1.445454 3.528131 36.254215
v -0.993020 3.357052 35.377689
v -1.133801 2.899218 35.878445
v -0.993020 3.357052 35.377689
v -1.445454 3.528131 36.254215
v -0.661394 2.691956 34.925934
v -0.993020 3.357052 35.377689
v -1.133801 2.899218 35.878445
v -1.133801 2.899218 35.878445
v -0.846144 2.271072 35.357925
v -0.661394 2.691956 34.925934
v -0.661394 2.691956 34.925934
v -0.846144 2.271072 35.357925
v -0.407920 2.055227 34.356110
v 0.377798 -0.160189 -19.547615
v 1.024431 1.680394 -19.533985
v 0.578571 -0.212501 -19.651171
v 0.377798 -0.160189 -19.547615
v 0.824799 1.711837 -19.435469
v 1.024431 1.680394 -19.533985
v 0.855058 1.791506 -19.436172
v 1.024431 1.680394 -19.533985
v 0.824799 1.711837 -19.435469
v 0.622134 1.822022 -19.398613
v 0.855058 1.791506 -19.436172
v 0.824799 1.711837 -19.435469
v 0.855729 1.830353 -19.420980
v 0.855058 1.791506 -19.436172
v 0.622134 1.822022 -19.398613
v 0.855729 1.830353 -19.420980
v 0.622134 1.822022 -19.398613
v 0.629117 1.850841 -19.396971
v 0.855209 1.842341 -19.393360
v 0.855729 1.830353 -19.420980
v 0.629117 1.850841 -19.396971
v 0.855209 1.842341 -19.393360
v 0.629117 1.850841 -19.396971
v 0.634903 1.874718 -19.395609
v 0.634903 1.874718 -19.395609
v 0.845644 1.849164 -18.586142
v 0.855209 1.842341 -19.393360
v 0.634903 1.874718 -19.395609
v 0.629527 1.880003 -18.586824
v 0.845644 1.849164 -18.586142
v 0.629527 1.880003 -18.586824
v 0.783509 1.633737 -17.822241
v 0.845644 1.849164 -18.586142
v 0.629527 1.880003 -18.586824
v 0.570606 1.663179 -17.824280
v 0.783509 1.633737 -17.822241
v 0.570606 1.663179 -17.824280
v 0.682493 1.257573 -16.801674
v 0.783509 1.633737 -17.822241
v 0.570606 1.663179 -17.824280
v 0.470970 1.287196 -16.809792
v 0.682493 1.257573 -16.801674
v 0.470970 1.287196 -16.809792
v 0.553525 0.754176 -15.981859
v 0.682493 1.257573 -16.801674
v 0.470970 1.287196 -16.809792
v 0.342697 0.786464 -15.995798
v 0.553525 0.754176 -15.981859
v 0.342697 0.786464 -15.995798
v 0.423151 0.234676 -15.466092
v 0.553525 0.754176 -15.981859
v 0.342697 0.786464 -15.995798
v 0.213357 0.271062 -15.484745
v 0.423151 0.234676 -15.466092
v 0.622134 1.822022 -19.398613
v 0.824799 1.711837 -19.435469
v 0.606868 1.759021 -19.402262
v 0.155241 -0.104925 -19.513203
v 0.606868 1.759021 -19.402262
v 0.824799 1.711837 -19.435469
v 0.155241 -0.104925 -19.513203
v 0.824799 1.711837 -19.435469
v 0.377798 -0.160189 -19.547615
v 0.019393 -0.664636 -19.518330
v 0.155241 -0.104925 -19.513203
v 0.377798 -0.160189 -19.547615
v 0.019393 -0.664636 -19.518330
v 0.377798 -0.160189 -19.547615
v 0.241951 -0.719900 -19.552753
v -0.040263 0.010862 18.441118
v -0.124195 0.037319 18.619678
v -0.124195 0.030572 18.420723
v -0.124195 0.030572 18.420723
v -0.124195 0.037319 18.619678
v -0.208126 0.051617 18.439735
v -0.208126 0.051617 18.439735
v -0.124195 0.037319 18.619678
v -0.275434 0.069831 18.494387
v -0.275434 0.069831 18.494387
v -0.124195 0.037319 18.619678
v -0.312787 0.081605 18.573853
v -0.312787 0.081605 18.573853
v -0.124195 0.037319 18.619678
v -0.312787 0.084608 18.662395
v -0.312787 0.084608 18.662395
v -0.124195 0.037319 18.619678
v -0.275434 0.078244 18.742477
v -0.275434 0.078244 18.742477
v -0.124195 0.037319 18.619678
v -0.208126 0.063775 18.798237
v -0.208126 0.063775 18.798237
v -0.124195 0.037319 18.619678
v -0.124195 0.044066 18.818630
v -0.124195 0.044066 18.818630
v -0.124195 0.037319 18.619678
v -0.040263 0.023020 18.799618
v -0.040263 0.023020 18.799618
v -0.124195 0.037319 18.619678
v 0.027045 0.004807 18.744968
v 0.027045 0.004807 18.744968
v -0.124195 0.037319 18.619678
v 0.064398 -0.006968 18.665503
v 0.064398 -0.006968 18.665503
v -0.124195 0.037319 18.619678
v 0.064398 -0.009970 18.576960
v 0.064398 -0.009970 18.576960
v -0.124195 0.037319 18.619678
v 0.027045 -0.003607 18.496876
v 0.027045 -0.003607 18.496876
v -0.124195 0.037319 18.619678
v -0.040263 0.010862 18.441118
v 0.548830 0.870976 -15.890295
v 0.368774 0.897017 -15.903027
v 0.501560 1.415389 -16.744991
v 0.410291 0.319643 -15.344995
v 0.368774 0.897017 -15.903027
v 0.548830 0.870976 -15.890295
v 0.410291 0.319643 -15.344995
v 0.231210 0.348714 -15.363363
v 0.368774 0.897017 -15.903027
v 0.181799 0.152044 -15.161485
v 0.231210 0.348714 -15.363363
v 0.410291 0.319643 -15.344995
v 0.181799 0.152044 -15.161485
v 0.410291 0.319643 -15.344995
v 0.380441 0.069185 -15.158674
v 0.380441 0.069185 -15.158674
v 0.410291 0.319643 -15.344995
v 0.571791 0.316269 -15.304502
v 0.380441 0.069185 -15.158674
v 0.571791 0.316269 -15.304502
v 0.543741 -0.067921 -15.064103
v 0.543741 -0.067921 -15.064103
v 0.571791 0.316269 -15.304502
v 0.695691 0.337971 -15.248224
v 0.543741 -0.067921 -15.064103
v 0.695691 0.337971 -15.248224
v 0.770897 0.376532 -15.190062
v 0.770897 0.376532 -15.190062
v 0.695691 0.337971 -15.248224
v 0.840304 0.911809 -15.820784
v 0.695691 0.337971 -15.248224
v 0.712893 0.876948 -15.861045
v 0.840304 0.911809 -15.820784
v 0.840304 0.911809 -15.820784
v 0.712893 0.876948 -15.861045
v 0.848379 1.404017 -16.723291
v 0.712893 0.876948 -15.861045
v 0.682456 1.391633 -16.737823
v 0.848379 1.404017 -16.723291
v 0.848379 1.404017 -16.723291
v 0.682456 1.391633 -16.737823
v 0.784034 1.770519 -17.786591
v 0.682456 1.391633 -16.737823
v 0.602186 1.794480 -17.787985
v 0.784034 1.770519 -17.786591
v 0.784034 1.770519 -17.786591
v 0.602186 1.794480 -17.787985
v 0.661722 2.012968 -18.576193
v 0.571791 0.316269 -15.304502
v 0.410291 0.319643 -15.344995
v 0.548830 0.870976 -15.890295
v 0.695691 0.337971 -15.248224
v 0.571791 0.316269 -15.304502
v 0.712893 0.876948 -15.861045
v 0.571791 0.316269 -15.304502
v 0.548830 0.870976 -15.890295
v 0.712893 0.876948 -15.861045
v 0.712893 0.876948 -15.861045
v 0.548830 0.870976 -15.890295
v 0.682456 1.391633 -16.737823
v 0.548830 0.870976 -15.890295
v 0.501560 1.415389 -16.744991
v 0.682456 1.391633 -16.737823
v 0.682456 1.391633 -16.737823
v 0.501560 1.415389 -16.744991
v 0.602186 1.794480 -17.787985
v 0.705401 0.281451 6.840928
v 0.687936 0.067035 6.848199
v 0.019394 0.229348 6.842696
v 0.605029 -0.131493 6.854930
v 0.019394 0.229348 6.842696
v 0.687936 0.067035 6.848199
v 0.464796 -0.294699 6.860466
v 0.019394 0.229348 6.842696
v 0.605029 -0.131493 6.854930
v 0.280964 -0.406610 6.864262
v 0.019394 0.229348 6.842696
v 0.464796 -0.294699 6.860466
v 0.071527 -0.456265 6.865945
v 0.019394 0.229348 6.842696
v 0.280964 -0.406610 6.864262
v -0.143012 -0.438809 6.865354
v 0.019394 0.229348 6.842696
v 0.071527 -0.456265 6.865945
v -0.341654 -0.355951 6.862542
v 0.019394 0.229348 6.842696
v -0.143012 -0.438809 6.865354
v -0.504954 -0.215798 6.857791
v 0.019394 0.229348 6.842696
v -0.341654 -0.355951 6.862542
v -0.616928 -0.032071 6.851560
v 0.019394 0.229348 6.842696
v -0.504954 -0.215798 6.857791
v -0.666613 0.177244 6.844462
v 0.019394 0.229348 6.842696
v -0.616928 -0.032071 6.851560
v -0.649147 0.391659 6.837189
v 0.019394 0.229348 6.842696
v -0.666613 0.177244 6.844462
v -0.649147 0.391659 6.837189
v -0.566241 0.590188 6.830458
v 0.019394 0.229348 6.842696
v -0.566241 0.590188 6.830458
v -0.426008 0.753395 6.824922
v 0.019394 0.229348 6.842696
v -0.426008 0.753395 6.824922
v -0.242175 0.865304 6.821128
v 0.019394 0.229348 6.842696
v -0.242175 0.865304 6.821128
v -0.032739 0.914961 6.819443
v 0.019394 0.229348 6.842696
v -0.032739 0.914961 6.819443
v 0.181800 0.897505 6.820035
v 0.019394 0.229348 6.842696
v 0.181800 0.897505 6.820035
v 0.380442 0.814646 6.822845
v 0.019394 0.229348 6.842696
v 0.380442 0.814646 6.822845
v 0.543742 0.674494 6.827599
v 0.019394 0.229348 6.842696
v 0.543742 0.674494 6.827599
v 0.655716 0.490766 6.833829
v 0.019394 0.229348 6.842696
v 0.655716 0.490766 6.833829
v 0.705401 0.281451 6.840928
v 0.019394 0.229348 6.842696
v -0.660869 -0.146216 -11.666279
v -0.633995 -0.123323 -11.708788
v -0.630005 -0.146143 -11.660597
v -0.639658 -0.184983 -11.626463
v -0.660869 -0.146216 -11.666279
v -0.630005 -0.146143 -11.660597
v -0.639658 -0.184983 -11.626463
v -0.669778 -0.182060 -11.634779
v -0.660869 -0.146216 -11.666279
v -0.686893 -0.184432 -11.647001
v -0.660869 -0.146216 -11.666279
v -0.669778 -0.182060 -11.634779
v -0.696611 -0.224338 -11.636192
v -0.686893 -0.184432 -11.647001
v -0.669778 -0.182060 -11.634779
v -0.696611 -0.224338 -11.636192
v -0.669778 -0.182060 -11.634779
v -0.680886 -0.227670 -11.622425
v -0.691994 -0.274013 -11.631660
v -0.696611 -0.224338 -11.636192
v -0.680886 -0.227670 -11.622425
v -0.663731 -0.284621 -11.623089
v -0.691994 -0.274013 -11.631660
v -0.680886 -0.227670 -11.622425
v -0.682730 -0.323428 -11.654584
v -0.691994 -0.274013 -11.631660
v -0.663731 -0.284621 -11.623089
v -0.663731 -0.284621 -11.623089
v -0.680886 -0.227670 -11.622425
v -0.651694 -0.234405 -11.613076
v -0.651694 -0.234405 -11.613076
v -0.680886 -0.227670 -11.622425
v -0.669778 -0.182060 -11.634779
v -0.651694 -0.234405 -11.613076
v -0.669778 -0.182060 -11.634779
v -0.639658 -0.184983 -11.626463
v 0.011745 1.259729 18.702412
v 0.084130 1.266150 18.757462
v 0.079053 1.245260 18.758171
v 0.079053 1.245260 18.758171
v 0.084130 1.266150 18.757462
v 0.168061 1.246440 18.777855
v 0.079053 1.245260 18.758171
v 0.168061 1.246440 18.777855
v 0.162984 1.225551 18.778564
v 0.168061 1.246440 18.777855
v 0.246915 1.204505 18.759552
v 0.162984 1.225551 18.778564
v 0.168061 1.246440 18.777855
v 0.251993 1.225395 18.758841
v 0.246915 1.204505 18.759552
v 0.251993 1.225395 18.758841
v 0.314223 1.186292 18.704899
v 0.246915 1.204505 18.759552
v 0.251993 1.225395 18.758841
v 0.319301 1.207181 18.704191
v 0.314223 1.186292 18.704899
v 0.319301 1.207181 18.704191
v 0.351576 1.174518 18.625433
v 0.314223 1.186292 18.704899
v 0.319301 1.207181 18.704191
v 0.360477 1.211135 18.624189
v 0.351576 1.174518 18.625433
v 0.360477 1.211135 18.624189
v 0.351576 1.171515 18.536890
v 0.351576 1.174518 18.625433
v 0.360477 1.211135 18.624189
v 0.360477 1.208132 18.535646
v 0.351576 1.171515 18.536890
v 0.360477 1.208132 18.535646
v 0.314223 1.177878 18.456808
v 0.351576 1.171515 18.536890
v 0.360477 1.208132 18.535646
v 0.323123 1.214496 18.455566
v 0.314223 1.177878 18.456808
v 0.323123 1.214496 18.455566
v 0.246915 1.192348 18.401051
v 0.314223 1.177878 18.456808
v 0.323123 1.214496 18.455566
v 0.255816 1.228965 18.399807
v 0.246915 1.192348 18.401051
v 0.255816 1.228965 18.399807
v 0.162984 1.212057 18.380657
v 0.246915 1.192348 18.401051
v 0.255816 1.228965 18.399807
v 0.171884 1.248674 18.379414
v 0.162984 1.212057 18.380657
v 0.162984 1.212057 18.380657
v 0.171884 1.248674 18.379414
v 0.087953 1.269720 18.398426
v 0.162984 1.212057 18.380657
v 0.087953 1.269720 18.398426
v 0.079052 1.233102 18.399668
v 0.079052 1.233102 18.399668
v 0.087953 1.269720 18.398426
v 0.020645 1.287933 18.453075
v 0.079052 1.233102 18.399668
v 0.020645 1.287933 18.453075
v 0.011745 1.251316 18.454319
v 0.011745 1.251316 18.454319
v 0.020645 1.287933 18.453075
v -0.016708 1.299708 18.532543
v 0.011745 1.251316 18.454319
v -0.016708 1.299708 18.532543
v -0.025608 1.263090 18.533787
v -0.016708 1.299708 18.532543
v -0.025608 1.266093 18.622326
v -0.025608 1.263090 18.533787
v -0.016708 1.299708 18.532543
v -0.016708 1.302710 18.621086
v -0.025608 1.266093 18.622326
v -0.016708 1.302710 18.621086
v 0.011745 1.259729 18.702412
v -0.025608 1.266093 18.622326
v -0.016708 1.302710 18.621086
v 0.020645 1.296347 18.701168
v 0.011745 1.259729 18.702412
v 0.011745 1.259729 18.702412
v 0.020645 1.296347 18.701168
v 0.084130 1.266150 18.757462
v 0.647141 -0.225157 -2.060098
v 0.663541 -0.023825 -2.066926
v 0.019394 -0.072749 -2.065267
v 0.663541 -0.023825 -2.066926
v 0.616887 0.172718 -2.073592
v 0.019394 -0.072749 -2.065267
v 0.616887 0.172718 -2.073592
v 0.511746 0.345234 -2.079444
v 0.019394 -0.072749 -2.065267
v 0.511746 0.345234 -2.079444
v 0.358411 0.476833 -2.083905
v 0.019394 -0.072749 -2.065267
v 0.358411 0.476833 -2.083905
v 0.171890 0.554636 -2.086545
v 0.019394 -0.072749 -2.065267
v 0.171890 0.554636 -2.086545
v -0.029558 0.571027 -2.087101
v 0.019394 -0.072749 -2.065267
v -0.029558 0.571027 -2.087101
v -0.226214 0.524400 -2.085519
v 0.019394 -0.072749 -2.065267
v -0.226214 0.524400 -2.085519
v -0.398828 0.419320 -2.081953
v 0.019394 -0.072749 -2.065267
v -0.398828 0.419320 -2.081953
v -0.530504 0.266072 -2.076758
v 0.019394 -0.072749 -2.065267
v -0.530504 0.266072 -2.076758
v -0.608352 0.079659 -2.070435
v 0.019394 -0.072749 -2.065267
v -0.624752 -0.121673 -2.063609
v 0.019394 -0.072749 -2.065267
v -0.608352 0.079659 -2.070435
v -0.578098 -0.318216 -2.056942
v 0.019394 -0.072749 -2.065267
v -0.624752 -0.121673 -2.063609
v -0.472957 -0.490732 -2.051092
v 0.019394 -0.072749 -2.065267
v -0.578098 -0.318216 -2.056942
v -0.319622 -0.622332 -2.046629
v 0.019394 -0.072749 -2.065267
v -0.472957 -0.490732 -2.051092
v -0.133101 -0.700135 -2.043990
v 0.019394 -0.072749 -2.065267
v -0.319622 -0.622332 -2.046629
v 0.068347 -0.716525 -2.043434
v 0.019394 -0.072749 -2.065267
v -0.133101 -0.700135 -2.043990
v 0.265003 -0.669899 -2.045018
v 0.019394 -0.072749 -2.065267
v 0.068347 -0.716525 -2.043434
v 0.437618 -0.564818 -2.048581
v 0.019394 -0.072749 -2.065267
v 0.265003 -0.669899 -2.045018
v 0.569293 -0.411571 -2.053777
v 0.019394 -0.072749 -2.065267
v 0.437618 -0.564818 -2.048581
v 0.647141 -0.225157 -2.060098
v 0.019394 -0.072749 -2.065267
v 0.569293 -0.411571 -2.053777
v 0.011745 1.259729 18.702412
v 0.079053 1.245260 18.758171
v 0.162984 1.218804 18.579609
v 0.079053 1.245260 18.758171
v 0.162984 1.225551 18.778564
v 0.162984 1.218804 18.579609
v 0.162984 1.225551 18.778564
v 0.246915 1.204505 18.759552
v 0.162984 1.218804 18.579609
v 0.246915 1.204505 18.759552
v 0.314223 1.186292 18.704899
v 0.162984 1.218804 18.579609
v 0.314223 1.186292 18.704899
v 0.351576 1.174518 18.625433
v 0.162984 1.218804 18.579609
v 0.351576 1.174518 18.625433
v 0.351576 1.171515 18.536890
v 0.162984 1.218804 18.579609
v 0.351576 1.171515 18.536890
v 0.314223 1.177878 18.456808
v 0.162984 1.218804 18.579609
v 0.314223 1.177878 18.456808
v 0.246915 1.192348 18.401051
v 0.162984 1.218804 18.579609
v 0.246915 1.192348 18.401051
v 0.162984 1.212057 18.380657
v 0.162984 1.218804 18.579609
v 0.162984 1.212057 18.380657
v 0.079052 1.233102 18.399668
v 0.162984 1.218804 18.579609
v 0.079052 1.233102 18.399668
v 0.011745 1.251316 18.454319
v 0.162984 1.218804 18.579609
v 0.011745 1.251316 18.454319
v -0.025608 1.263090 18.533787
v 0.162984 1.218804 18.579609
v -0.025608 1.263090 18.533787
v -0.025608 1.266093 18.622326
v 0.162984 1.218804 18.579609
v -0.025608 1.266093 18.622326
v 0.011745 1.259729 18.702412
v 0.162984 1.218804 18.579609
v 0.181799 0.287642 -11.163055
v 0.019393 -0.380515 -11.140396
v -0.032740 0.305098 -11.163650
v -0.032740 0.305098 -11.163650
v 0.019393 -0.380515 -11.140396
v -0.242176 0.255442 -11.161964
v -0.242176 0.255442 -11.161964
v 0.019393 -0.380515 -11.140396
v -0.426009 0.143532 -11.158167
v -0.426009 0.143532 -11.158167
v 0.019393 -0.380515 -11.140396
v -0.566242 -0.019674 -11.152634
v -0.566242 -0.019674 -11.152634
v 0.019393 -0.380515 -11.140396
v -0.649149 -0.218202 -11.145905
v -0.666614 -0.432618 -11.138628
v -0.649149 -0.218202 -11.145905
v 0.019393 -0.380515 -11.140396
v -0.616929 -0.641934 -11.131529
v -0.666614 -0.432618 -11.138628
v 0.019393 -0.380515 -11.140396
v -0.504955 -0.825661 -11.125300
v -0.616929 -0.641934 -11.131529
v 0.019393 -0.380515 -11.140396
v -0.341655 -0.965814 -11.120550
v -0.504955 -0.825661 -11.125300
v 0.019393 -0.380515 -11.140396
v -0.143013 -1.048672 -11.117737
v -0.341655 -0.965814 -11.120550
v 0.019393 -0.380515 -11.140396
v -0.143013 -1.048672 -11.117737
v 0.019393 -0.380515 -11.140396
v 0.071527 -1.066129 -11.117146
v 0.071527 -1.066129 -11.117146
v 0.019393 -0.380515 -11.140396
v 0.280963 -1.016472 -11.118829
v 0.280963 -1.016472 -11.118829
v 0.019393 -0.380515 -11.140396
v 0.464796 -0.904562 -11.122622
v 0.464796 -0.904562 -11.122622
v 0.019393 -0.380515 -11.140396
v 0.605029 -0.741356 -11.128157
v 0.605029 -0.741356 -11.128157
v 0.019393 -0.380515 -11.140396
v 0.687935 -0.542828 -11.134893
v 0.705401 -0.328412 -11.142162
v 0.687935 -0.542828 -11.134893
v 0.019393 -0.380515 -11.140396
v 0.655715 -0.119096 -11.149261
v 0.705401 -0.328412 -11.142162
v 0.019393 -0.380515 -11.140396
v 0.543742 0.064631 -11.155493
v 0.655715 -0.119096 -11.149261
v 0.019393 -0.380515 -11.140396
v 0.380441 0.204784 -11.160248
v 0.543742 0.064631 -11.155493
v 0.019393 -0.380515 -11.140396
v 0.181799 0.287642 -11.163055
v 0.380441 0.204784 -11.160248
v 0.019393 -0.380515 -11.140396
v 0.155241 -0.155167 -20.994661
v -0.203165 -0.659615 -20.965384
v 0.019393 -0.714878 -20.999794
v 0.155241 -0.155167 -20.994661
v -0.067317 -0.099904 -20.960249
v -0.203165 -0.659615 -20.965384
v -0.067317 -0.099904 -20.960249
v -0.403937 -0.607302 -20.861813
v -0.203165 -0.659615 -20.965384
v -0.067317 -0.099904 -20.960249
v -0.268089 -0.047591 -20.856680
v -0.403937 -0.607302 -20.861813
v -0.268089 -0.047591 -20.856680
v -0.563271 -0.563060 -20.699255
v -0.403937 -0.607302 -20.861813
v -0.268089 -0.047591 -20.856680
v -0.427423 -0.003349 -20.694117
v -0.563271 -0.563060 -20.699255
v -0.427423 -0.003349 -20.694117
v -0.665570 -0.531221 -20.493616
v -0.563271 -0.563060 -20.699255
v -0.427423 -0.003349 -20.694117
v -0.529722 0.028490 -20.488466
v -0.665570 -0.531221 -20.493616
v -0.529722 0.028490 -20.488466
v -0.700820 -0.514900 -20.264996
v -0.665570 -0.531221 -20.493616
v -0.529722 0.028490 -20.488466
v -0.564972 0.044811 -20.259861
v -0.700820 -0.514900 -20.264996
v -0.564972 0.044811 -20.259861
v -0.665570 -0.515694 -20.035803
v -0.700820 -0.514900 -20.264996
v -0.564972 0.044811 -20.259861
v -0.529722 0.044016 -20.030668
v -0.665570 -0.515694 -20.035803
v -0.529722 0.044016 -20.030668
v -0.563271 -0.533529 -19.828476
v -0.665570 -0.515694 -20.035803
v -0.529722 0.044016 -20.030668
v -0.427423 0.026183 -19.823338
v -0.563271 -0.533529 -19.828476
v -0.427423 0.026183 -19.823338
v -0.403937 -0.566656 -19.663286
v -0.563271 -0.533529 -19.828476
v -0.427423 0.026183 -19.823338
v -0.268089 -0.006944 -19.658140
v -0.403937 -0.566656 -19.663286
v -0.268089 -0.006944 -19.658140
v -0.203165 -0.611832 -19.556419
v -0.403937 -0.566656 -19.663286
v -0.268089 -0.006944 -19.658140
v -0.067317 -0.052121 -19.551281
v -0.203165 -0.611832 -19.556419
vn 0.2426 0.0106 -0.9701
vn 0.3992 0.0342 -0.9162
vn 0.2720 0.0728 -0.9595
vn 0.1664 -0.0336 -0.9855
vn 0.3123 -0.0702 -0.9474
vn 0.3701 -0.0278 -0.9286
vn 0.3702 -0.0278 -0.9285
vn 0.2425 0.0106 -0.9701
vn 0.2425 0.0107 -0.9701
vn 0.6087 -0.1016 -0.7868
vn 0.3993 0.0342 -0.9162
vn 0.6088 -0.1017 -0.7868
vn 0.6358 -0.0149 -0.7717
vn 0.8232 -0.0808 -0.5619
vn 0.8053 -0.1659 -0.5692
vn 0.8232 -0.0808 -0.5620
vn 0.8053 -0.1660 -0.5691
vn 0.9451 -0.1745 -0.2762
vn 0.9331 -0.2160 -0.2875
vn 0.9331 -0.2160 -0.2874
vn 0.9696 -0.2441 0.0190
vn 0.9451 -0.1745 -0.2761
vn 0.9058 -0.2539 0.3391
vn 0.9696 -0.2441 0.0191
vn 0.7591 -0.2405 0.6049
vn 0.9058 -0.2539 0.3392
vn 0.5381 -0.2069 0.8171
vn 0.7590 -0.2405 0.6050
vn 0.5381 -0.2068 0.8171
vn 0.2716 -0.1560 0.9497
vn 0.5380 -0.2068 0.8172
vn 0.5380 -0.2069 0.8172
vn 0.3124 -0.0702 -0.9474
vn 0.5795 -0.1371 -0.8034
vn 0.8053 -0.1660 -0.5692
vn 0.9693 -0.2450 0.0191
vn 0.7591 -0.2405 0.6050
vn 0.7779 -0.1982 0.5963
vn 0.5600 -0.1476 0.8152
vn 0.2913 -0.0829 0.9530
vn 0.1299 -0.1255 0.9835
vn 0.2715 -0.1560 0.9497
vn 0.2715 -0.1559 0.9497
vn 0.2912 -0.0829 0.9531
vn 0.1299 -0.1255 0.9836
vn 0.2916 -0.0813 0.9531
vn 0.1468 -0.0473 0.9880
vn -0.1780 -0.1124 -0.9776
vn -0.3210 -0.0726 -0.9443
vn -0.1780 -0.1125 -0.9776
vn -0.3082 0.0017 -0.9513
vn -0.1616 -0.0367 -0.9862
vn -0.5769 0.0777 -0.8131
vn -0.3083 0.0017 -0.9513
vn -0.3211 -0.0726 -0.9443
vn -0.9717 -0.0301 -0.2344
vn -0.0976 -0.9703 -0.2214
vn -0.2288 -0.9547 -0.1903
vn -0.9717 -0.0302 -0.2343
vn -0.8154 -0.1060 -0.5691
vn -0.0977 -0.9703 -0.2214
vn 0.0074 -0.9924 -0.1228
vn -0.8154 -0.1061 -0.5691
vn -0.5858 -0.2678 -0.7649
vn 0.0074 -0.9924 -0.1229
vn 0.0166 -0.9998 0.0109
vn 0.0073 -0.9924 -0.1229
vn -0.3349 -0.4083 -0.8492
vn -0.1092 -0.8908 -0.4412
vn -0.3350 -0.4083 -0.8491
vn -0.1833 -0.4939 -0.8500
vn -0.1092 -0.8908 -0.4411
vn -0.3349 -0.4084 -0.8492
vn -0.3379 -0.1355 -0.9314
vn -0.1861 -0.1937 -0.9633
vn -0.1861 -0.1936 -0.9633
vn -0.5854 0.0118 -0.8107
vn -0.7898 0.1463 -0.5956
vn -0.5770 0.0777 -0.8131
vn -0.5854 0.0118 -0.8106
vn -0.7898 0.1463 -0.5957
vn -0.8053 0.0830 -0.5871
vn -0.9260 0.2007 -0.3198
vn -0.8053 0.0830 -0.5870
vn -0.3350 -0.4083 -0.8492
vn -0.5968 -0.0215 -0.8021
vn -0.5855 0.0118 -0.8106
vn -0.9362 0.1562 -0.3149
vn -0.9665 0.2553 -0.0258
vn -0.9768 0.2117 -0.0327
vn -0.9231 0.2553 0.2876
vn -0.9665 0.2553 -0.0257
vn -0.9768 0.2117 -0.0326
vn -0.7770 0.2626 0.5721
vn -0.9231 0.2553 0.2877
vn -0.9231 0.2554 0.2877
vn -0.7770 0.2626 0.5722
vn -0.5561 0.2369 0.7967
vn -0.7769 0.2625 0.5722
vn -0.7769 0.2626 0.5722
vn -0.5561 0.2369 0.7966
vn -0.2810 0.1879 0.9411
vn -0.5560 0.2369 0.7967
vn -0.2810 0.1880 0.9411
vn -0.9260 0.2007 -0.3197
vn -0.9328 0.2153 0.2891
vn -0.7840 0.2104 0.5840
vn -0.9328 0.2153 0.2892
vn -0.5648 0.1993 0.8008
vn -0.7840 0.2104 0.5841
vn -0.2919 0.1440 0.9456
vn -0.5648 0.1992 0.8008
vn -0.1421 0.1105 0.9837
vn -0.2918 0.1440 0.9456
vn -0.2809 0.1879 0.9412
vn -0.1421 0.1104 0.9837
vn -0.1333 0.1464 0.9802
vn -0.1333 0.1463 0.9802
vn -0.2809 0.1880 0.9411
vn -0.2809 0.1880 0.9412
vn -0.1315 0.1877 0.9734
vn -0.2659 0.3275 0.9066
vn -0.0995 0.7411 0.6640
vn -0.1315 0.1878 0.9734
vn -0.2659 0.3276 0.9066
vn -0.0995 0.7411 0.6639
vn -0.0546 0.4511 0.8908
vn -0.1974 0.9793 -0.0446
vn 0.0416 0.9985 -0.0358
vn 0.0416 0.9985 -0.0359
vn 0.1418 0.9892 -0.0375
vn -0.0546 0.4512 0.8908
vn -0.6715 0.5804 0.4606
vn -0.4676 0.5080 0.7234
vn -0.6715 0.5804 0.4607
vn -0.8880 0.4212 0.1847
vn -0.2660 0.3275 0.9066
vn -0.2660 0.3276 0.9066
vn -0.2642 0.8785 0.3979
vn -0.4675 0.5080 0.7234
vn -0.5028 0.8285 0.2467
vn -0.2643 0.8785 0.3979
vn -0.5028 0.8284 0.2466
vn -0.6715 0.5805 0.4606
vn -0.8176 0.5642 0.1152
vn -0.5029 0.8284 0.2466
vn -0.8879 0.4212 0.1848
vn -0.8176 0.5641 0.1152
vn -0.9362 0.1562 -0.3148
vn -0.5969 -0.0215 -0.8020
vn -0.2642 0.8786 0.3978
vn -0.5028 0.8285 0.2466
vn -0.2643 0.8786 0.3978
vn -0.4702 0.8826 0.0010
vn -0.4702 0.8825 0.0010
vn -0.7829 0.6222 0.0017
vn -0.9553 0.2955 0.0038
vn -0.7830 0.6221 0.0017
vn -0.9991 -0.0413 -0.0105
vn -0.9554 0.2954 0.0038
vn -0.9973 -0.0143 -0.0714
vn -0.9665 0.2552 -0.0258
vn -0.8154 -0.1060 -0.5692
vn -0.5859 -0.2678 -0.7649
vn 0.1417 0.9892 -0.0374
vn 0.0369 0.9792 -0.1997
vn 0.1389 0.9692 -0.2035
vn 0.0417 0.9985 -0.0359
vn -0.1897 0.9648 -0.1823
vn 0.0368 0.9792 -0.1997
vn -0.1974 0.9793 -0.0447
vn -0.1896 0.9648 -0.1823
vn -0.4647 0.8734 -0.1459
vn -0.4702 0.8825 0.0009
vn -0.7682 0.6338 -0.0902
vn -0.4648 0.8733 -0.1459
vn -0.7829 0.6221 0.0017
vn -0.7683 0.6337 -0.0902
vn -0.9995 -0.0106 0.0286
vn -0.2066 -0.9603 0.1875
vn -0.2060 -0.9785 -0.0097
vn -0.2067 -0.9603 0.1875
vn -0.1760 -0.9735 -0.1457
vn -0.9991 -0.0413 -0.0106
vn -0.9974 -0.0143 -0.0713
vn -0.1761 -0.9735 -0.1458
vn -0.2289 -0.9547 -0.1902
vn -0.1761 -0.9735 -0.1457
vn -0.9717 -0.0301 -0.2345
vn -0.2351 -0.8991 0.3692
vn -0.2350 -0.8991 0.3692
vn -0.9929 -0.0021 0.1190
vn -0.7683 0.6338 -0.0902
vn -0.7708 0.6143 -0.1688
vn -0.4647 0.8733 -0.1459
vn -0.7707 0.6144 -0.1688
vn -0.4738 0.8324 -0.2874
vn -0.1897 0.9648 -0.1824
vn -0.4737 0.8324 -0.2874
vn -0.4737 0.8325 -0.2874
vn -0.2042 0.9140 -0.3505
vn -0.1896 0.9648 -0.1824
vn -0.2041 0.9140 -0.3506
vn -0.2041 0.9140 -0.3505
vn 0.0223 0.9247 -0.3799
vn 0.1391 0.9691 -0.2036
vn 0.0224 0.9247 -0.3799
vn 0.1253 0.9137 -0.3866
vn 0.0224 0.9247 -0.3800
vn 0.0039 0.8705 -0.4921
vn 0.1188 0.8717 -0.4754
vn -0.0266 0.7531 -0.6574
vn 0.0794 0.7397 -0.6683
vn -0.0756 0.5533 -0.8295
vn -0.3733 0.2746 -0.8861
vn -0.1520 0.2323 -0.9607
vn -0.3058 0.5654 -0.7661
vn -0.0267 0.7530 -0.6575
vn -0.3057 0.5654 -0.7660
vn -0.0756 0.5534 -0.8295
vn -0.0267 0.7530 -0.6574
vn -0.2569 0.7520 -0.6070
vn -0.2569 0.7521 -0.6069
vn 0.0038 0.8705 -0.4921
vn -0.2261 0.8617 -0.4543
vn 0.0223 0.9247 -0.3800
vn -0.2042 0.9140 -0.3506
vn -0.4948 0.7851 -0.3725
vn -0.2262 0.8617 -0.4543
vn -0.7688 0.5991 -0.2236
vn -0.4949 0.7851 -0.3725
vn -0.9546 0.2951 -0.0407
vn -0.7689 0.5991 -0.2236
vn -0.9546 0.2951 -0.0406
vn -0.9554 0.2955 0.0038
vn -0.2085 -0.8679 0.4509
vn -0.9929 -0.0021 0.1189
vn -0.2350 -0.8991 0.3693
vn -0.2086 -0.8679 0.4509
vn -0.3058 0.5654 -0.7660
vn -0.6186 0.3043 -0.7244
vn -0.3734 0.2746 -0.8861
vn -0.5650 0.5361 -0.6272
vn -0.6185 0.3043 -0.7244
vn -0.2570 0.7520 -0.6070
vn -0.5650 0.5362 -0.6272
vn -0.5220 0.6927 -0.4977
vn -0.5220 0.6927 -0.4976
vn -0.2570 0.7521 -0.6069
vn -0.2261 0.8616 -0.4543
vn -0.8135 0.5119 -0.2760
vn -0.5221 0.6927 -0.4976
vn -0.7688 0.5991 -0.2237
vn -0.9894 0.0415 0.1388
vn -0.9929 -0.0020 0.1190
vn -0.1894 -0.7637 0.6172
vn -0.9895 0.0414 0.1388
vn -0.9894 0.0415 0.1389
vn -0.7632 -0.4487 0.4650
vn -0.7632 -0.4486 0.4650
vn -0.7505 -0.6569 0.0715
vn -0.9242 -0.3674 0.1040
vn -0.9242 -0.3674 0.1039
vn -0.9891 0.0809 0.1229
vn -0.9891 0.0809 0.1230
vn -0.9895 0.0415 0.1388
vn -0.8754 0.3991 -0.2727
vn -0.5221 0.6926 -0.4977
vn -0.8135 0.5119 -0.2761
vn -0.8754 0.3991 -0.2728
vn -0.5650 0.5362 -0.6271
vn -0.9325 0.2550 -0.2558
vn -0.9325 0.2550 -0.2557
vn -0.9738 0.2274 0.0044
vn -0.9995 -0.0107 0.0286
vn -0.9891 0.0808 0.1231
vn -0.9243 -0.3673 0.1040
vn 0.0797 0.7396 -0.6683
vn 0.0324 0.5372 -0.8429
vn 0.0317 0.5372 -0.8428
vn 0.0316 0.5372 -0.8428
vn -0.1519 0.2323 -0.9607
vn -0.0466 0.2085 -0.9769
vn -0.1519 0.2322 -0.9607
vn -0.0808 0.0705 -0.9942
vn -0.0466 0.2084 -0.9769
vn -0.1520 0.2322 -0.9607
vn -0.1955 0.1170 -0.9737
vn -0.0806 0.0704 -0.9943
vn -0.3733 0.2745 -0.8862
vn -0.1956 0.1170 -0.9737
vn -0.3734 0.2745 -0.8861
vn -0.4036 0.1438 -0.9036
vn -0.4036 0.1438 -0.9035
vn -0.6420 0.1931 -0.7420
vn -0.4037 0.1438 -0.9035
vn -0.9325 0.2549 -0.2558
vn -0.6421 0.1931 -0.7419
vn -0.6186 0.3042 -0.7244
vn -0.9517 0.2083 -0.2257
vn -0.9517 0.2083 -0.2256
vn -0.9818 0.1897 -0.0008
vn -0.9967 0.0811 -0.0029
vn -0.9967 0.0811 -0.0027
vn -0.9967 0.0811 -0.0028
vn -0.9946 -0.1040 0.0035
vn -0.9946 -0.1041 0.0035
vn -0.9243 -0.3673 0.1039
vn -0.9249 -0.3799 0.0129
vn -0.7622 -0.6470 0.0219
vn -0.9249 -0.3800 0.0129
vn -0.7506 -0.6569 0.0715
vn -0.7621 -0.6471 0.0219
vn -0.7505 -0.6570 0.0715
vn -0.5248 -0.8507 0.0289
vn -0.7120 -0.7018 0.0238
vn -0.5248 -0.8507 0.0288
vn -0.3755 -0.8595 0.3468
vn -0.5248 -0.8508 0.0288
vn -0.3755 -0.8595 0.3467
vn -0.3572 -0.9000 0.2496
vn -0.5248 -0.8508 0.0289
vn -0.3852 -0.9223 0.0313
vn -0.8443 -0.5354 0.0237
vn -0.7120 -0.7017 0.0238
vn -0.8168 -0.5749 0.0486
vn -0.7120 -0.7017 0.0239
vn -0.1218 0.1188 -0.9854
vn -0.2666 0.1512 -0.9519
vn -0.4206 0.4375 -0.7948
vn 0.4733 0.8793 -0.0528
vn -0.1236 0.4612 -0.8787
vn 0.3015 0.8273 -0.4739
vn 0.3015 0.8274 -0.4739
vn 0.0504 0.4674 -0.8826
vn -0.2526 0.2155 -0.9433
vn -0.0915 0.1954 -0.9764
vn -0.0915 0.1954 -0.9765
vn -0.1217 0.1188 -0.9854
vn -0.2666 0.1511 -0.9519
vn -0.2667 0.1512 -0.9518
vn -0.2667 0.1511 -0.9519
vn -0.5382 0.2061 -0.8173
vn -0.2667 0.1512 -0.9519
vn -0.5381 0.2061 -0.8173
vn -0.5382 0.2061 -0.8172
vn -0.7602 0.2429 -0.6025
vn -0.7603 0.2429 -0.6025
vn -0.9097 0.2588 -0.3247
vn -0.9098 0.2587 -0.3247
vn -0.9097 0.2587 -0.3247
vn -0.9098 0.2587 -0.3246
vn -0.8556 -0.1771 0.4863
vn -0.5903 0.0960 0.8015
vn -0.6371 -0.1896 0.7471
vn -0.8556 -0.1771 0.4864
vn -0.8019 0.1601 0.5756
vn -0.5903 0.0959 0.8014
vn -0.9784 0.0713 0.1942
vn -0.9784 0.0714 0.1942
vn -0.9098 0.2588 -0.3246
vn -0.5330 0.2413 -0.8110
vn -0.5329 0.2413 -0.8110
vn -0.2527 0.2155 -0.9432
vn -0.5329 0.2414 -0.8110
vn -0.4205 0.4375 -0.7948
vn -0.6846 0.4134 -0.6003
vn -0.6846 0.4135 -0.6003
vn -0.8532 0.4572 -0.2511
vn -0.6846 0.4135 -0.6002
vn -0.8532 0.4572 -0.2510
vn -0.9328 0.2152 0.2892
vn -0.5903 0.0960 0.8014
vn -0.3211 0.0225 0.9468
vn -0.3724 -0.1104 0.9215
vn -0.3212 0.0225 0.9468
vn -0.5903 0.0959 0.8015
vn -0.6314 -0.6321 0.4492
vn -0.8228 -0.4879 0.2913
vn -0.8228 -0.4880 0.2913
vn -0.8557 -0.1771 0.4863
vn -0.8229 -0.4879 0.2913
vn -0.9890 -0.0989 0.1099
vn -0.9784 0.0714 0.1941
vn -0.9890 -0.0988 0.1099
vn -0.9665 0.2552 -0.0257
vn -0.8808 0.4654 -0.0875
vn -0.8532 0.4573 -0.2510
vn 0.2404 0.9370 -0.2535
vn 0.3547 0.8906 -0.2846
vn -0.6847 0.4135 -0.6002
vn 0.3546 0.8906 -0.2846
vn 0.4597 0.8684 -0.1858
vn 0.4596 0.8685 -0.1857
vn 0.4596 0.8685 -0.1858
vn -0.9890 -0.0988 0.1098
vn -0.8690 0.4941 -0.0286
vn -0.9818 0.1898 -0.0008
vn -0.8690 0.4940 -0.0286
vn 0.2877 0.9343 -0.2105
vn -0.8808 0.4654 -0.0876
vn 0.2877 0.9343 -0.2106
vn -0.8828 0.4695 0.0122
vn 0.2092 0.9284 0.3073
vn 0.2596 0.9579 0.1225
vn -0.8828 0.4696 0.0122
vn -0.8690 0.4941 -0.0287
vn 0.2655 0.9611 -0.0755
vn -0.3211 0.0224 0.9468
vn -0.3106 0.0667 0.9482
vn -0.1617 0.0302 0.9864
vn -0.1616 0.0302 0.9864
vn -0.1703 -0.0059 0.9854
vn -0.1878 -0.0438 0.9812
vn -0.1878 -0.0439 0.9812
vn -0.4227 -0.5594 0.7130
vn -0.6315 -0.6321 0.4491
vn -0.6123 -0.7896 0.0391
vn -0.6314 -0.6321 0.4491
vn -0.6124 -0.7896 0.0391
vn -0.6123 -0.7896 0.0392
vn -0.8168 -0.5749 0.0487
vn -0.9794 -0.1996 0.0290
vn -0.9795 -0.1995 0.0290
vn -0.9818 0.1897 -0.0007
vn -0.9842 0.1735 -0.0366
vn -0.9841 0.1736 -0.0366
vn -0.8794 0.4647 0.1032
vn -0.4193 -0.8976 -0.1359
vn -0.4213 -0.9064 0.0288
vn -0.3282 -0.9442 0.0282
vn -0.2415 -0.3178 0.9169
vn -0.4215 -0.9064 0.0288
vn -0.4214 -0.9064 0.0289
vn -0.4227 -0.5595 0.7130
vn -0.6123 -0.7897 0.0391
vn -0.6137 -0.7799 -0.1232
vn -0.4214 -0.9064 0.0288
vn -0.4193 -0.8976 -0.1360
vn -0.6059 -0.7390 -0.2945
vn -0.6137 -0.7799 -0.1233
vn -0.4101 -0.8542 -0.3197
vn -0.6031 -0.6892 -0.4017
vn -0.4034 -0.8048 -0.4354
vn -0.5826 -0.5876 -0.5615
vn -0.6030 -0.6892 -0.4017
vn -0.4034 -0.8048 -0.4355
vn -0.3792 -0.6973 -0.6082
vn -0.5425 -0.4101 -0.7332
vn -0.5825 -0.5876 -0.5616
vn -0.3792 -0.6973 -0.6083
vn -0.3342 -0.5087 -0.7934
vn -0.4714 -0.1289 -0.8724
vn -0.3342 -0.5087 -0.7935
vn -0.2565 -0.1977 -0.9461
vn -0.9592 0.1621 -0.2318
vn -0.7005 -0.0324 -0.7130
vn -0.6706 0.0758 -0.7379
vn -0.7004 -0.0324 -0.7130
vn -0.4386 -0.0002 -0.8987
vn -0.4714 -0.1288 -0.8724
vn -0.4714 -0.1288 -0.8725
vn -0.2229 -0.0618 -0.9729
vn -0.4385 -0.0002 -0.8987
vn -0.2228 -0.0618 -0.9729
vn -0.1194 -0.0890 -0.9889
vn -0.2228 -0.0619 -0.9729
vn -0.1195 -0.0890 -0.9888
vn -0.2564 -0.1977 -0.9461
vn -0.1519 -0.2259 -0.9622
vn -0.2313 -0.5447 -0.8061
vn -0.1522 -0.2259 -0.9622
vn -0.3341 -0.5087 -0.7935
vn -0.3341 -0.5088 -0.7934
vn -0.2784 -0.7349 -0.6184
vn -0.2314 -0.5447 -0.8061
vn -0.2785 -0.7349 -0.6184
vn -0.3046 -0.8434 -0.4427
vn -0.2785 -0.7349 -0.6183
vn -0.4033 -0.8048 -0.4354
vn -0.4033 -0.8049 -0.4354
vn -0.3136 -0.8921 -0.3254
vn -0.3046 -0.8434 -0.4426
vn -0.4100 -0.8542 -0.3197
vn -0.3247 -0.9355 -0.1391
vn -0.3136 -0.8921 -0.3253
vn -0.3239 -0.9358 -0.1391
vn -0.3285 -0.9441 0.0282
vn -0.9592 0.1620 -0.2318
vn -0.7576 -0.2562 -0.6004
vn -0.7005 -0.0324 -0.7129
vn -0.8156 -0.5704 -0.0969
vn -0.8167 -0.5750 0.0486
vn -0.6138 -0.7798 -0.1232
vn -0.8071 -0.5390 -0.2409
vn -0.8071 -0.5391 -0.2409
vn -0.6137 -0.7798 -0.1232
vn -0.8054 -0.4929 -0.3292
vn -0.6060 -0.7390 -0.2945
vn -0.7892 -0.4064 -0.4605
vn -0.7892 -0.4064 -0.4604
vn -0.7575 -0.2562 -0.6004
vn -0.5826 -0.5876 -0.5616
vn -0.5826 -0.5875 -0.5616
vn -0.7004 -0.0325 -0.7130
vn -0.4715 -0.1288 -0.8724
vn -0.9247 0.3677 0.0992
vn -0.9592 0.1620 -0.2317
vn -0.9651 0.0302 -0.2603
vn -0.9650 0.0302 -0.2604
vn -0.9650 0.0301 -0.2603
vn -0.9618 -0.0984 -0.2553
vn -0.9619 -0.0985 -0.2552
vn -0.8055 -0.4928 -0.3292
vn -0.9657 -0.1721 -0.1942
vn -0.9658 -0.1721 -0.1942
vn -0.9692 -0.2020 -0.1412
vn -0.8157 -0.5704 -0.0969
vn -0.8072 -0.5390 -0.2409
vn -0.9692 -0.2020 -0.1411
vn -0.9757 -0.2129 -0.0515
vn -0.8157 -0.5703 -0.0969
vn -0.9757 -0.2130 -0.0515
vn -0.9795 -0.1996 0.0290
vn -0.9795 -0.1995 0.0289
vn -0.9246 0.3677 0.0992
vn -0.8960 0.4258 0.1259
vn -0.9841 0.1735 -0.0366
vn -0.8795 0.4647 0.1032
vn -0.9619 -0.0984 -0.2552
vn -0.9658 -0.1720 -0.1942
vn -0.9842 0.1735 -0.0367
vn -0.9692 -0.2019 -0.1411
vn 0.2196 0.8937 0.3912
vn 0.2092 0.9284 0.3072
vn 0.1887 0.8203 0.5399
vn 0.1888 0.8202 0.5400
vn -0.8794 0.4647 0.1031
vn -0.4652 0.7774 0.4234
vn -0.4652 0.7773 0.4234
vn -0.6512 0.7561 0.0658
vn -0.6512 0.7560 0.0658
vn -0.8512 0.5245 -0.0178
vn -0.9345 0.3558 -0.0052
vn -0.3645 0.9310 0.0178
vn -0.8512 0.5245 -0.0177
vn -0.6474 0.7617 -0.0258
vn -0.3802 0.9244 -0.0313
vn -0.3802 0.9244 -0.0314
vn -0.3646 0.9310 0.0177
vn -0.0753 0.9966 -0.0338
vn -0.3645 0.9310 0.0177
vn -0.3272 0.9445 -0.0301
vn 0.2092 0.9283 0.3073
vn 0.0659 0.9562 0.2851
vn -0.0752 0.9966 -0.0338
vn 0.1087 0.9736 0.2008
vn -0.0752 0.9966 -0.0337
vn 0.0811 0.9961 -0.0338
vn -0.0753 0.9966 -0.0337
vn -0.3273 0.9444 -0.0301
vn -0.5043 0.8632 -0.0238
vn -0.3273 0.9445 -0.0301
vn -0.5042 0.8632 -0.0238
vn -0.0557 -0.0576 0.9968
vn -0.7182 0.6139 -0.3277
vn 0.6688 -0.6435 0.3724
vn -0.6975 -0.7129 0.0732
vn -0.7182 0.6138 -0.3277
vn -0.6631 -0.7485 -0.0040
vn 0.6688 -0.6435 0.3723
vn -0.6631 -0.7485 -0.0041
vn -0.6490 -0.7562 -0.0841
vn -0.6872 0.6250 -0.3703
vn -0.7405 0.5697 -0.3565
vn -0.7406 0.5696 -0.3565
vn -0.7923 0.5153 -0.3267
vn -0.7444 0.5441 -0.3871
vn -0.8197 0.4602 -0.3410
vn -0.7814 0.4681 -0.4126
vn -0.7815 0.4680 -0.4126
vn -0.8488 0.3961 -0.3502
vn -0.6341 0.6503 -0.4184
vn -0.6739 0.6159 -0.4081
vn -0.6739 0.6158 -0.4082
vn -0.7104 0.5689 -0.4143
vn -0.7405 0.5696 -0.3565
vn -0.7105 0.5689 -0.4143
vn -0.7390 0.4882 -0.4643
vn -0.7814 0.4680 -0.4127
vn -0.7584 0.4519 -0.4697
vn -0.6801 0.4939 -0.5417
vn -0.7584 0.4519 -0.4698
vn -0.6510 0.4757 -0.5916
vn -0.5664 0.4910 -0.6619
vn -0.6509 0.4757 -0.5916
vn -0.6801 0.4940 -0.5417
vn -0.5591 0.4338 -0.7065
vn -0.5300 0.4639 -0.7099
vn -0.5663 0.4910 -0.6620
vn -0.5396 0.3866 -0.7480
vn -0.5591 0.4338 -0.7066
vn -0.6739 0.6159 -0.4082
vn -0.6108 0.6455 -0.4585
vn -0.6394 0.6181 -0.4573
vn -0.6394 0.6181 -0.4574
vn -0.6394 0.6180 -0.4574
vn -0.6943 0.5588 -0.4536
vn -0.6942 0.5588 -0.4536
vn -0.6843 0.5360 -0.4944
vn -0.5975 0.5451 -0.5881
vn -0.6801 0.4939 -0.5418
vn -0.5165 0.5433 -0.6619
vn -0.5663 0.4910 -0.6619
vn -0.5974 0.5451 -0.5882
vn -0.5161 0.5434 -0.6621
vn -0.5085 0.6167 -0.6009
vn -0.5974 0.5451 -0.5881
vn -0.5681 0.6024 -0.5607
vn -0.5682 0.6023 -0.5607
vn -0.5978 0.5445 -0.5883
vn -0.5916 0.6142 -0.5223
vn -0.5312 0.6381 -0.5573
vn -0.5915 0.6143 -0.5223
vn -0.5915 0.6142 -0.5223
vn -0.5204 0.2938 -0.8018
vn -0.5572 0.3110 -0.7699
vn -0.5608 0.3475 -0.7515
vn -0.5396 0.3865 -0.7480
vn -0.5608 0.3474 -0.7515
vn -0.6538 0.3879 -0.6497
vn -0.6510 0.4756 -0.5916
vn -0.7822 0.3606 -0.5081
vn -0.7822 0.3607 -0.5081
vn -0.8242 0.3286 -0.4611
vn -0.8243 0.3286 -0.4611
vn -0.7815 0.4681 -0.4126
vn -0.8488 0.3408 -0.4042
vn -0.8488 0.3962 -0.3502
vn -0.8495 0.3391 -0.4041
vn -0.9155 0.2772 -0.2916
vn -0.9891 0.0723 -0.1282
vn -0.9848 -0.1315 -0.1137
vn -0.9821 -0.0512 -0.1812
vn -0.9646 -0.2602 -0.0424
vn -0.9551 -0.2862 -0.0761
vn -0.9848 -0.1315 -0.1136
vn -0.9879 -0.1340 -0.0776
vn -0.9891 0.0724 -0.1282
vn -0.8488 0.3408 -0.4041
vn -0.8488 0.3407 -0.4042
vn -0.8818 0.2550 -0.3967
vn -0.8243 0.3285 -0.4611
vn -0.8604 0.2353 -0.4520
vn -0.8818 0.2550 -0.3968
vn -0.8604 0.2352 -0.4520
vn -0.7598 0.3035 -0.5750
vn -0.7597 0.3035 -0.5750
vn -0.6445 0.3450 -0.6823
vn -0.7597 0.3036 -0.5750
vn -0.5609 0.3475 -0.7515
vn -0.6444 0.3451 -0.6824
vn -0.6444 0.3450 -0.6824
vn -0.9506 -0.2789 -0.1360
vn -0.9717 -0.0302 -0.2344
vn -0.9821 -0.0511 -0.1812
vn -0.9110 0.3164 -0.2644
vn -0.9110 0.3164 -0.2643
vn -0.9592 0.1621 -0.2317
vn -0.9110 0.3165 -0.2644
vn -0.9110 0.3165 -0.2643
vn -0.8134 0.4912 -0.3117
vn -0.8458 0.4459 -0.2929
vn -0.8458 0.4459 -0.2930
vn -0.7870 0.5388 -0.3004
vn -0.7386 0.6197 -0.2656
vn -0.7118 0.6500 -0.2663
vn -0.7385 0.6197 -0.2656
vn -0.7360 0.6385 -0.2248
vn -0.7118 0.6500 -0.2662
vn -0.6923 0.6889 -0.2146
vn -0.6601 0.6925 -0.2911
vn -0.6923 0.6890 -0.2145
vn -0.7117 0.6500 -0.2663
vn -0.7421 0.6699 -0.0227
vn -0.7660 0.6425 -0.0218
vn -0.9768 0.2118 -0.0326
vn -0.9459 -0.3243 0.0110
vn -0.9459 -0.3244 0.0110
vn -0.7360 0.6386 -0.2248
vn 0.0824 0.0235 -0.9963
vn 0.0823 0.0236 -0.9963
vn 0.5908 -0.5012 -0.6323
vn -0.7360 0.6386 -0.2249
vn 0.3922 -0.8406 -0.3735
vn 0.3922 -0.8407 -0.3734
vn -0.7360 0.6385 -0.2249
vn -0.6490 -0.7561 -0.0841
vn -0.7386 0.6197 -0.2655
vn -0.6489 -0.7562 -0.0841
vn -0.7385 0.6197 -0.2655
vn 0.5909 0.8055 -0.0439
vn 0.8868 -0.4620 -0.0138
vn 0.8868 -0.4620 -0.0140
vn 0.5248 0.8507 -0.0288
vn 0.5248 0.8507 -0.0289
vn 0.8868 -0.4620 -0.0139
vn 0.7664 -0.3892 -0.5110
vn 0.7664 -0.3893 -0.5109
vn 0.1052 0.0928 -0.9901
vn 0.5248 0.8508 -0.0288
vn 0.1418 0.9892 -0.0374
vn -0.2880 0.9571 -0.0324
vn -0.5565 0.8304 -0.0282
vn -0.5564 0.8304 -0.0282
vn -0.7038 0.7100 -0.0240
vn -0.7039 0.7099 -0.0240
vn -0.7422 0.6698 -0.0227
vn -0.7659 0.6425 -0.0218
vn -0.7923 0.5152 -0.3268
vn -0.4222 -0.9033 0.0755
vn -0.1418 -0.9895 0.0297
vn -0.2655 -0.9641 -0.0103
vn -0.4223 -0.9033 0.0755
vn -0.2655 -0.9640 -0.0103
vn -0.5247 -0.8508 0.0288
vn -0.3844 -0.9183 -0.0946
vn -0.3845 -0.9183 -0.0946
vn -0.6053 -0.7761 -0.1769
vn -0.6053 -0.7761 -0.1770
vn -0.8371 -0.5361 -0.1084
vn -0.8372 -0.5361 -0.1084
vn -0.9201 -0.2374 -0.3117
vn -0.9201 -0.2373 -0.3116
vn -0.9201 -0.2373 -0.3117
vn -0.9260 0.2008 -0.3198
vn -0.7923 0.5152 -0.3267
vn -0.9260 0.2008 -0.3197
vn -0.8828 0.3584 -0.3038
vn -0.8827 0.3584 -0.3038
vn -0.7871 0.5388 -0.3004
vn -0.6601 0.6924 -0.2911
vn -0.8828 0.3583 -0.3038
vn -0.9348 -0.3329 -0.1236
vn -0.9348 -0.3328 -0.1236
vn -0.8389 -0.5423 -0.0459
vn -0.9658 -0.1721 -0.1941
vn -0.8389 -0.5423 -0.0460
vn -0.8371 -0.5362 -0.1084
vn -0.6925 -0.7118 0.1175
vn -0.6325 -0.7644 0.1249
vn -0.6614 -0.7416 0.1125
vn -0.6614 -0.7415 0.1125
vn -0.4223 -0.9033 0.0756
vn -0.1417 -0.9895 0.0297
vn -0.2361 -0.9712 0.0329
vn -0.7621 -0.6470 0.0220
vn -0.6615 -0.7415 0.1125
vn -0.8609 -0.4923 0.1285
vn -0.8608 -0.4924 0.1286
vn -0.6326 -0.7643 0.1249
vn -0.6326 -0.7644 0.1249
vn -0.8119 -0.5587 0.1692
vn -0.8120 -0.5586 0.1692
vn -0.8167 -0.5749 0.0486
vn -0.8389 -0.5424 -0.0460
vn -0.8810 -0.4673 -0.0739
vn -0.8810 -0.4672 -0.0739
vn -0.9506 -0.2790 -0.1360
vn -0.9312 -0.3630 -0.0330
vn -0.9551 -0.2863 -0.0761
vn -0.8810 -0.4673 -0.0738
vn -0.8810 -0.4672 -0.0738
vn -0.9375 -0.3452 0.0435
vn -0.9488 -0.2698 0.1644
vn -0.9665 -0.1571 0.2029
vn -0.9665 -0.1571 0.2030
vn -0.8609 -0.4923 0.1286
vn -0.9890 -0.0989 0.1098
vn -0.7621 -0.6471 0.0220
vn -0.9891 0.0808 0.1230
vn -0.9665 -0.1570 0.2029
vn -0.9665 -0.1570 0.2030
vn -0.9488 -0.2697 0.1644
vn -0.9865 -0.0516 0.1553
vn -0.9865 -0.0515 0.1553
vn -0.9376 -0.3451 0.0435
vn -0.9312 -0.3629 -0.0330
vn -0.9646 -0.2602 -0.0423
vn -0.2361 -0.9712 0.0330
vn 0.0957 -0.9949 0.0311
vn -0.2360 -0.9712 0.0329
vn -0.2360 -0.9712 0.0330
vn 0.1549 -0.9878 0.0170
vn 0.1887 -0.9802 -0.0601
vn 0.1550 -0.9878 0.0170
vn 0.4647 -0.8812 -0.0864
vn 0.4647 -0.8813 -0.0864
vn 0.4067 -0.8906 -0.2035
vn 0.7086 -0.6523 -0.2691
vn 0.4068 -0.8906 -0.2035
vn 0.6341 -0.6772 -0.3733
vn 0.7086 -0.6522 -0.2691
vn 0.8225 -0.3923 -0.4118
vn 0.6341 -0.6771 -0.3733
vn 0.7602 -0.4208 -0.4949
vn 0.7988 -0.3266 -0.5053
vn 0.7602 -0.4208 -0.4950
vn 0.8593 -0.3125 -0.4049
vn 0.8660 -0.3847 -0.3195
vn 0.9155 -0.2963 -0.2722
vn 0.8889 -0.4195 -0.1842
vn 0.8660 -0.3847 -0.3194
vn 0.0835 -0.9890 -0.1217
vn 0.3170 -0.8949 -0.3141
vn 0.5221 -0.7248 -0.4496
vn 0.5221 -0.7247 -0.4496
vn -0.0962 -0.9778 -0.1862
vn 0.1287 -0.9345 -0.3319
vn 0.3170 -0.8949 -0.3142
vn 0.9187 -0.3432 -0.1952
vn 0.9197 -0.3891 -0.0527
vn 0.9188 -0.3433 -0.1951
vn 0.8737 -0.4847 -0.0414
vn 0.9256 -0.3782 0.0128
vn 0.9197 -0.3891 -0.0526
vn 0.8737 -0.4847 -0.0413
vn 0.8512 -0.5245 0.0178
vn 0.8513 -0.5245 0.0178
vn 0.6474 -0.7617 0.0258
vn 0.3802 -0.9244 0.0313
vn 0.3802 -0.9244 0.0314
vn 0.0958 -0.9949 0.0311
vn 0.4690 -0.8832 -0.0061
vn 0.7309 -0.6608 -0.1705
vn 0.4648 -0.8812 -0.0864
vn 0.7310 -0.6608 -0.1705
vn 0.8660 -0.3848 -0.3195
vn 0.4691 -0.8831 -0.0061
vn 0.6967 -0.7170 -0.0220
vn 0.6967 -0.7170 -0.0219
vn 0.6968 -0.7169 -0.0219
vn 0.8888 -0.4195 -0.1842
vn 0.6968 -0.7169 -0.0220
vn 0.7310 -0.6607 -0.1705
vn 0.8888 -0.4196 -0.1842
vn 0.8660 -0.3848 -0.3194
vn 0.0555 -0.9984 0.0086
vn 0.0554 -0.9984 0.0086
vn 0.0557 0.0561 -0.9969
vn 0.0558 0.0561 -0.9969
vn 0.0557 0.0562 -0.9969
vn 0.0824 0.0236 -0.9963
vn 0.7664 -0.3893 -0.5111
vn 0.5907 -0.5012 -0.6323
vn 0.5907 -0.5013 -0.6323
vn 0.6221 -0.5538 -0.5535
vn 0.7663 -0.3893 -0.5111
vn 0.6221 -0.5537 -0.5535
vn 0.7701 -0.6368 -0.0370
vn 0.7664 -0.3893 -0.5110
vn 0.7702 -0.6368 -0.0370
vn 0.6608 -0.6922 0.2902
vn 0.7345 -0.5817 0.3496
vn 0.6608 -0.6922 0.2903
vn 0.8638 -0.3989 0.3078
vn 0.7345 -0.5816 0.3496
vn 0.8638 -0.3989 0.3079
vn 0.9271 -0.1745 0.3317
vn 0.7926 -0.5148 0.3268
vn 0.9327 -0.1953 0.3031
vn 0.8795 -0.3676 0.3023
vn 0.7926 -0.5148 0.3267
vn 0.9775 0.0383 0.2073
vn 0.9327 -0.1952 0.3031
vn 0.9321 0.0738 0.3546
vn 0.8794 -0.3677 0.3023
vn 0.7989 -0.5254 0.2926
vn 0.7720 0.4248 0.4728
vn 0.9201 0.2373 0.3117
vn 0.9321 0.0738 0.3545
vn 0.9201 0.2373 0.3116
vn 0.9665 0.1704 0.1919
vn 0.9271 -0.1744 0.3317
vn 0.9328 -0.1952 0.3031
vn 0.9271 -0.1744 0.3316
vn 0.9398 0.3177 0.1259
vn 0.9328 -0.1952 0.3030
vn 0.9775 0.0384 0.2073
vn 0.8909 0.4478 0.0763
vn 0.9398 0.3178 0.1259
vn 0.9613 0.2358 0.1422
vn 0.9498 -0.1840 0.2531
vn 0.9613 0.2358 0.1423
vn 0.9498 -0.1839 0.2531
vn 0.9890 0.1061 0.1028
vn 0.9754 0.2143 0.0511
vn 0.9613 0.2359 0.1423
vn 0.9617 0.2732 0.0239
vn 0.9617 0.2732 0.0238
vn 0.8168 0.5769 0.0095
vn 0.8168 0.5769 0.0096
vn 0.8908 0.4479 0.0763
vn 0.8167 0.5769 0.0095
vn 0.8503 0.5244 0.0450
vn 0.8503 0.5243 0.0450
vn 0.9665 0.1705 0.1918
vn 0.8503 0.5243 0.0451
vn 0.9665 0.1705 0.1919
vn 0.8394 0.5326 0.1082
vn 0.8394 0.5326 0.1081
vn 0.9201 0.2374 0.3117
vn 0.6254 0.7568 0.1898
vn 0.7720 0.4249 0.4728
vn 0.6662 0.5793 0.4696
vn 0.6255 0.7568 0.1898
vn 0.6254 0.7569 0.1898
vn 0.6662 0.5794 0.4696
vn 0.3111 0.9334 0.1786
vn 0.9992 -0.0230 0.0319
vn 0.9943 -0.0193 0.1045
vn 0.9992 -0.0231 0.0319
vn 0.9753 0.2142 0.0539
vn 0.9754 0.2142 0.0511
vn 0.9617 0.2731 0.0239
vn 0.9974 0.0095 -0.0721
vn 0.9617 0.2731 0.0238
vn 0.9548 0.2885 -0.0715
vn 0.9548 0.2886 -0.0715
vn 0.8114 0.5808 -0.0654
vn 0.8114 0.5809 -0.0654
vn 0.7671 0.6384 -0.0624
vn 0.7671 0.6385 -0.0624
vn 0.6123 0.7905 -0.0145
vn 0.8394 0.5327 0.1081
vn 0.6123 0.7905 -0.0144
vn 0.3845 0.9183 0.0946
vn 0.3844 0.9183 0.0946
vn 0.3111 0.9335 0.1786
vn 0.1086 0.9736 0.2009
vn 0.3110 0.9335 0.1786
vn -0.0648 0.9344 0.3504
vn 0.1086 0.9736 0.2008
vn -0.3168 0.8947 0.3149
vn 0.4114 0.8556 0.3142
vn 0.1685 0.9814 0.0921
vn -0.1804 0.9770 0.1141
vn 0.4115 0.8556 0.3141
vn 0.4409 0.8957 0.0576
vn 0.1686 0.9814 0.0921
vn 0.4248 0.8996 -0.1014
vn 0.2404 0.9702 0.0301
vn 0.5247 0.8508 -0.0288
vn 0.6927 0.7115 -0.1175
vn 0.6928 0.7115 -0.1175
vn 0.6124 0.7905 -0.0145
vn 0.8119 0.5588 -0.1692
vn 0.8119 0.5587 -0.1692
vn 0.8114 0.5808 -0.0655
vn 0.9506 0.2612 -0.1677
vn 0.9506 0.2612 -0.1676
vn 0.9867 0.0043 -0.1625
vn 0.9867 0.0043 -0.1626
vn -0.1299 0.9903 0.0484
vn -0.1804 0.9770 0.1140
vn -0.1300 0.9903 0.0484
vn -0.0842 0.9889 0.1221
vn 0.2404 0.9702 0.0302
vn -0.0841 0.9889 0.1221
vn 0.6123 0.7839 -0.1030
vn 0.4248 0.8996 -0.1015
vn 0.4249 0.8996 -0.1015
vn 0.6124 0.7838 -0.1030
vn 0.6927 0.7116 -0.1175
vn 0.9613 0.1791 -0.2094
vn 0.9781 -0.0351 -0.2053
vn 0.9613 0.1790 -0.2094
vn 0.9781 -0.0350 -0.2053
vn 0.9745 0.1472 -0.1692
vn 0.9830 -0.0755 -0.1676
vn 0.9745 0.1471 -0.1692
vn -0.4056 0.8911 0.2033
vn -0.4056 0.8912 0.2033
vn -0.1300 0.9903 0.0485
vn -0.4753 0.8717 0.1194
vn -0.1805 0.9769 0.1140
vn -0.4754 0.8717 0.1194
vn -0.4838 0.8590 0.1674
vn -0.1804 0.9769 0.1141
vn -0.4839 0.8590 0.1675
vn -0.7227 0.6658 0.1856
vn -0.7228 0.6657 0.1856
vn -0.8684 0.4564 0.1938
vn -0.8685 0.4563 0.1938
vn -0.9187 0.3434 0.1951
vn 0.4115 0.8555 0.3142
vn -0.4839 0.8590 0.1674
vn -0.4754 0.8716 0.1194
vn -0.9064 0.3049 0.2924
vn -0.9187 0.3434 0.1952
vn -0.8660 0.3848 0.3195
vn -0.7227 0.6657 0.1856
vn -0.8659 0.3848 0.3194
vn -0.8879 0.4212 0.1847
vn -0.7113 0.6491 0.2697
vn -0.7112 0.6491 0.2697
vn -0.4057 0.8911 0.2033
vn -0.6340 0.6772 0.3735
vn -0.7112 0.6492 0.2697
vn -0.3169 0.8947 0.3149
vn -0.4985 0.7333 0.4623
vn -0.0649 0.9343 0.3504
vn -0.8595 0.3126 0.4044
vn -0.8239 0.3890 0.4122
vn -0.8659 0.3848 0.3195
vn -0.6340 0.6771 0.3735
vn -0.7230 0.4379 0.5344
vn -0.6341 0.6771 0.3735
vn -0.4985 0.7333 0.4624
vn -0.7706 0.3483 0.5337
vn -0.8595 0.3126 0.4045
vn 0.6721 0.7147 0.1936
vn 0.8649 0.4679 0.1818
vn 0.9791 0.0811 0.1864
vn 0.8649 0.4678 0.1818
vn 0.9775 -0.1016 0.1849
vn 0.9791 0.0810 0.1864
vn 0.5609 -0.3466 0.7518
vn 0.5037 -0.3134 0.8050
vn 0.5071 -0.3958 0.7656
vn 0.5592 -0.4337 0.7065
vn 0.6540 -0.3871 0.6499
vn 0.5609 -0.3467 0.7518
vn 0.5592 -0.4338 0.7065
vn 0.4951 -0.4750 0.7275
vn 0.6511 -0.4755 0.5916
vn 0.7820 -0.3604 0.5085
vn 0.6541 -0.3870 0.6499
vn 0.6511 -0.4755 0.5917
vn 0.6540 -0.3870 0.6499
vn 0.5663 -0.4911 0.6619
vn 0.4951 -0.4751 0.7275
vn 0.4826 -0.5555 0.6771
vn 0.7389 -0.4884 0.4642
vn 0.8232 -0.3546 0.4433
vn 0.7821 -0.3604 0.5085
vn 0.6801 -0.4940 0.5417
vn 0.6801 -0.4940 0.5418
vn 0.6801 -0.4939 0.5418
vn 0.5793 -0.5704 0.5823
vn 0.5793 -0.5703 0.5823
vn 0.4697 -0.6345 0.6138
vn 0.5683 -0.6024 0.5604
vn 0.5097 -0.6615 0.5501
vn 0.5684 -0.6024 0.5604
vn 0.6715 -0.5479 0.4988
vn 0.6716 -0.5479 0.4988
vn 0.7390 -0.4884 0.4642
vn 0.7900 -0.4394 0.4276
vn 0.8536 -0.3592 0.3773
vn 0.8233 -0.3546 0.4433
vn 0.6941 -0.5588 0.4539
vn 0.7104 -0.5689 0.4143
vn 0.7724 -0.4870 0.4078
vn 0.7724 -0.4869 0.4078
vn 0.8490 -0.3961 0.3499
vn 0.8489 -0.3961 0.3499
vn 0.8490 -0.3960 0.3498
vn 0.9294 -0.2900 0.2281
vn 0.8536 -0.3591 0.3773
vn 0.9113 -0.3157 0.2642
vn 0.9113 -0.3157 0.2641
vn 0.9747 -0.1665 0.1492
vn 0.9295 -0.2900 0.2281
vn 0.9619 -0.1457 0.2312
vn 0.9904 0.0101 0.1375
vn 0.9747 -0.1665 0.1491
vn 0.9620 -0.1457 0.2311
vn 0.6941 -0.5587 0.4539
vn 0.5917 -0.6142 0.5223
vn 0.6394 -0.6181 0.4574
vn 0.7444 -0.5440 0.3872
vn 0.8061 -0.4605 0.3717
vn 0.8061 -0.4604 0.3717
vn 0.8490 -0.3961 0.3498
vn 0.9113 -0.3158 0.2642
vn 0.8638 -0.3988 0.3078
vn 0.9619 -0.1458 0.2312
vn 0.7926 -0.5149 0.3267
vn 0.6739 -0.6159 0.4082
vn 0.9619 -0.1458 0.2311
vn 0.9114 -0.3157 0.2641
vn 0.8191 -0.4888 0.3002
vn 0.6952 -0.6154 0.3715
vn 0.6341 -0.6503 0.4184
vn 0.6738 -0.6159 0.4082
vn 0.5827 -0.6670 0.4643
vn 0.5098 -0.6615 0.5501
vn 0.6393 -0.6181 0.4574
vn 0.5916 -0.6142 0.5222
vn 0.5916 -0.6142 0.5223
vn 0.5917 -0.6141 0.5223
vn 0.6715 -0.5480 0.4988
vn 0.7344 -0.5817 0.3496
vn 0.7203 -0.6119 0.3268
vn 0.7203 -0.6119 0.3267
vn 0.7802 -0.5614 0.2758
vn 0.7803 -0.5614 0.2758
vn 0.8460 -0.4455 0.2928
vn 0.9114 -0.3157 0.2642
vn 0.8461 -0.4455 0.2928
vn 0.7989 -0.5255 0.2926
vn 0.7068 -0.6653 0.2404
vn 0.6607 -0.6922 0.2903
vn 0.7925 -0.5149 0.3267
vn 0.7302 -0.6242 0.2779
vn 0.7069 -0.6653 0.2403
vn 0.7302 -0.6241 0.2779
vn 0.6951 -0.6154 0.3715
vn 0.5908 -0.5013 -0.6322
vn 0.7066 -0.6824 0.1873
vn 0.3922 -0.8406 -0.3734
vn 0.7065 -0.6824 0.1873
vn 0.7065 -0.6825 0.1873
vn 0.6607 -0.6922 0.2902
vn 0.7068 -0.6653 0.2403
vn -0.8153 -0.0672 0.5751
vn 0.5038 -0.3134 0.8050
vn -0.8154 -0.0673 0.5750
vn -0.8385 -0.1668 0.5188
vn 0.5037 -0.3135 0.8050
vn -0.8443 -0.2468 0.4757
vn -0.8385 -0.1669 0.5187
vn 0.5072 -0.3958 0.7656
vn 0.5037 -0.3135 0.8049
vn 0.5072 -0.3959 0.7655
vn -0.8669 -0.2587 0.4261
vn -0.8673 -0.2879 0.4061
vn 0.4951 -0.4751 0.7274
vn 0.4827 -0.5554 0.6771
vn -0.8673 -0.2880 0.4061
vn 0.4826 -0.5554 0.6772
vn -0.8526 -0.4206 0.3102
vn 0.4697 -0.6344 0.6139
vn -0.8040 -0.5567 0.2089
vn -0.8525 -0.4207 0.3101
vn 0.5098 -0.6614 0.5502
vn -0.7795 -0.6046 0.1640
vn 0.5098 -0.6615 0.5500
vn -0.8040 -0.5567 0.2088
vn -0.7795 -0.6046 0.1641
vn -0.7350 -0.6666 0.1240
vn 0.6341 -0.6502 0.4184
vn 0.5828 -0.6670 0.4642
vn -0.6975 -0.7128 0.0733
vn 0.6341 -0.6502 0.4185
vn -0.6975 -0.7129 0.0733
vn -0.0000 -0.0340 -0.9994
vn -0.4216 0.0718 -0.9040
vn -0.4217 0.0718 -0.9039
vn -0.7597 0.1634 -0.6294
vn -0.7597 0.1633 -0.6294
vn -0.7598 0.1633 -0.6293
vn -0.9474 0.2375 0.2145
vn -0.9474 0.2375 0.2147
vn -0.7840 0.2103 0.5840
vn -0.4530 0.1400 0.8805
vn -0.7840 0.2103 0.5841
vn -0.4529 0.1399 0.8805
vn -0.0000 0.0339 0.9994
vn -0.4529 0.1400 0.8805
vn 0.4216 -0.0719 0.9039
vn 0.0001 0.0339 0.9994
vn 0.0001 0.0338 0.9994
vn 0.4216 -0.0718 0.9039
vn 0.4217 -0.0718 0.9039
vn 0.7780 -0.1982 0.5962
vn 0.9554 -0.2259 0.1902
vn 0.9554 -0.2258 0.1902
vn 0.9554 -0.2258 0.1901
vn 0.9447 -0.2521 -0.2099
vn 0.9554 -0.2259 0.1901
vn 0.7598 -0.2056 -0.6169
vn 0.9446 -0.2521 -0.2100
vn 0.7598 -0.2056 -0.6168
vn 0.4216 -0.1329 -0.8970
vn 0.7597 -0.2056 -0.6169
vn 0.4217 -0.1329 -0.8970
vn 0.0001 -0.0339 -0.9994
vn -0.0000 -0.0339 -0.9994
vn -0.4216 0.0718 -0.9039
vn 0.8693 -0.4807 0.1148
vn 0.6663 0.5794 0.4695
vn 0.8694 -0.4807 0.1149
vn 0.9353 -0.3082 0.1737
vn 0.9353 -0.3082 0.1736
vn -0.0648 0.9344 0.3503
vn 0.3110 0.9335 0.1787
vn -0.0649 0.9344 0.3504
vn 0.7758 0.2139 0.5935
vn 0.7758 0.2140 0.5936
vn -0.0648 0.9343 0.3504
vn 0.6410 0.3565 0.6798
vn 0.6409 0.3565 0.6798
vn -0.7230 0.4379 0.5343
vn -0.7706 0.3484 0.5337
vn 0.5918 0.4695 0.6552
vn 0.2123 -0.3336 -0.9185
vn 0.2371 -0.2454 -0.9400
vn -0.8661 0.3622 -0.3446
vn -0.9158 -0.1037 -0.3880
vn 0.2122 -0.3337 -0.9185
vn -0.8660 0.3623 -0.3446
vn -0.9158 -0.1036 -0.3879
vn 0.2760 -0.6760 -0.6832
vn -0.7322 -0.4660 -0.4967
vn 0.2760 -0.6761 -0.6832
vn -0.9158 -0.1036 -0.3880
vn 0.5657 -0.7659 -0.3056
vn 0.2761 -0.6760 -0.6832
vn -0.5719 -0.6646 -0.4808
vn -0.5718 -0.6647 -0.4808
vn 0.6774 -0.7051 -0.2095
vn 0.5657 -0.7659 -0.3055
vn -0.6602 0.6924 -0.2910
vn -0.6602 0.6924 -0.2911
vn -0.8660 0.3622 -0.3447
vn -0.8660 0.3623 -0.3447
vn -0.8660 0.3622 -0.3446
vn -0.9158 -0.1037 -0.3879
vn -0.9362 0.1561 -0.3149
vn -0.7322 -0.4660 -0.4966
vn -0.5719 -0.6646 -0.4809
vn -0.6052 -0.7761 -0.1770
vn -0.2289 -0.9547 -0.1903
vn -0.0963 -0.9778 -0.1861
vn -0.0962 -0.9778 -0.1861
vn -0.2655 -0.9641 -0.0104
vn 0.0835 -0.9891 -0.1217
vn -0.2654 -0.9641 -0.0103
vn 0.1886 -0.9802 -0.0601
vn -0.1416 -0.9895 0.0297
vn 0.4195 -0.9010 -0.1108
vn 0.4401 -0.8856 0.1484
vn 0.1300 -0.9848 0.1156
vn 0.4196 -0.9009 -0.1108
vn 0.6923 -0.7019 -0.1673
vn 0.0607 -0.9630 0.2626
vn -0.0836 -0.9858 0.1455
vn -0.0401 -0.9961 0.0788
vn 0.1299 -0.9848 0.1156
vn 0.4400 -0.8856 0.1484
vn 0.0608 -0.9630 0.2626
vn 0.3004 -0.8537 0.4253
vn 0.0608 -0.9630 0.2627
vn 0.3005 -0.8537 0.4253
vn 0.0857 -0.7955 0.5998
vn 0.2831 -0.4739 0.8338
vn 0.0856 -0.7955 0.5998
vn 0.3004 -0.8537 0.4254
vn -0.0536 -0.9284 0.3677
vn -0.1488 -0.9586 0.2428
vn -0.0836 -0.9858 0.1456
vn -0.0837 -0.9858 0.1455
vn -0.1488 -0.9586 0.2427
vn -0.0402 -0.9961 0.0787
vn -0.0360 -0.9993 -0.0099
vn -0.0402 -0.9961 0.0788
vn 0.1299 -0.9848 0.1155
vn 0.1299 -0.9903 -0.0484
vn 0.3003 -0.8807 -0.3664
vn 0.3004 -0.8806 -0.3664
vn 0.5312 -0.6745 -0.5127
vn 0.0856 -0.8345 -0.5443
vn 0.3004 -0.8806 -0.3665
vn 0.0856 -0.8345 -0.5444
vn 0.2409 -0.6121 -0.7532
vn -0.1835 -0.7807 -0.5974
vn 0.0855 -0.8345 -0.5444
vn -0.1391 -0.9807 -0.1375
vn -0.0780 -0.9927 -0.0921
vn -0.0779 -0.9927 -0.0921
vn 0.0855 -0.8345 -0.5443
vn -0.2167 -0.9050 -0.3661
vn -0.1836 -0.7807 -0.5974
vn -0.3749 -0.8763 -0.3027
vn -0.4501 -0.7044 -0.5489
vn -0.0640 -0.9517 -0.3002
vn -0.2167 -0.9050 -0.3660
vn -0.1835 -0.7806 -0.5974
vn -0.1210 -0.5271 -0.8411
vn -0.1836 -0.7806 -0.5974
vn -0.4830 -0.4363 -0.7592
vn -0.1211 -0.5271 -0.8411
vn -0.4501 -0.7043 -0.5489
vn -0.6650 -0.6462 -0.3745
vn -0.4830 -0.4363 -0.7591
vn -0.4502 -0.7043 -0.5489
vn -0.4501 -0.7044 -0.5488
vn -0.3749 -0.8762 -0.3027
vn -0.6650 -0.6462 -0.3744
vn -0.4996 -0.8425 -0.2014
vn -0.3239 -0.9358 -0.1390
vn -0.2288 -0.9547 -0.1902
vn -0.0639 -0.9517 -0.3002
vn -0.1391 -0.9807 -0.1376
vn 0.0607 -0.9786 -0.1968
vn 0.1299 -0.9903 -0.0485
vn 0.0608 -0.9786 -0.1968
vn 0.0607 -0.9785 -0.1969
vn 0.7823 -0.5964 -0.1798
vn 0.6924 -0.7019 -0.1672
vn 0.6924 -0.7019 -0.1673
vn 0.5975 -0.5837 -0.5498
vn 0.7823 -0.5964 -0.1799
vn 0.5313 -0.6745 -0.5127
vn 0.5313 -0.6744 -0.5127
vn 0.2888 -0.5173 -0.8056
vn 0.5974 -0.5837 -0.5499
vn 0.2410 -0.6121 -0.7532
vn 0.2409 -0.6120 -0.7532
vn -0.1019 -0.4520 -0.8862
vn 0.2887 -0.5173 -0.8056
vn -0.1210 -0.5271 -0.8412
vn -0.1019 -0.4521 -0.8861
vn -0.1211 -0.5270 -0.8412
vn -0.4891 -0.3172 -0.8125
vn -0.1020 -0.4520 -0.8862
vn -0.7872 -0.3499 -0.5078
vn -0.4892 -0.3172 -0.8125
vn -0.4831 -0.4363 -0.7592
vn -0.7872 -0.3500 -0.5078
vn -0.4831 -0.4363 -0.7591
vn -0.7842 -0.6086 -0.1208
vn -0.7872 -0.3500 -0.5077
vn -0.7842 -0.6087 -0.1207
vn -0.5688 -0.8207 -0.0544
vn -0.5687 -0.8207 -0.0544
vn -0.4248 -0.9044 -0.0402
vn -0.5942 -0.7956 0.1179
vn -0.5942 -0.7956 0.1178
vn -0.5687 -0.8207 -0.0543
vn -0.7994 -0.5847 0.1383
vn -0.5688 -0.8207 -0.0543
vn -0.5943 -0.7956 0.1179
vn -0.7994 -0.5846 0.1382
vn -0.9375 -0.2954 -0.1840
vn -0.7842 -0.6086 -0.1207
vn -0.9375 -0.2954 -0.1841
vn -0.3844 -0.9098 0.1566
vn -0.4996 -0.8269 0.2580
vn -0.3845 -0.9098 0.1566
vn -0.4996 -0.8270 0.2581
vn -0.6650 -0.6194 0.4173
vn -0.4996 -0.8269 0.2581
vn -0.6651 -0.6193 0.4174
vn -0.9344 -0.2940 0.2011
vn -0.7994 -0.5846 0.1383
vn -0.9344 -0.2940 0.2010
vn -0.9375 -0.2953 -0.1840
vn -0.7873 -0.3499 -0.5077
vn -0.9375 -0.2953 -0.1841
vn -0.7872 -0.3499 -0.5077
vn -0.7900 -0.2468 -0.5613
vn -0.7899 -0.2468 -0.5613
vn -0.4502 -0.6656 0.5952
vn -0.4502 -0.6656 0.5953
vn -0.7636 -0.2966 0.5736
vn -0.6650 -0.6193 0.4174
vn -0.4502 -0.6655 0.5953
vn -0.4635 -0.3126 0.8291
vn -0.6651 -0.6193 0.4173
vn -0.7636 -0.2966 0.5735
vn -0.7636 -0.2965 0.5735
vn -0.7637 -0.2965 0.5735
vn -0.7609 -0.1750 0.6248
vn -0.4636 -0.3125 0.8291
vn -0.7608 -0.1750 0.6249
vn -0.7636 -0.2965 0.5736
vn -0.4340 -0.1844 0.8818
vn -0.7609 -0.1749 0.6249
vn -0.4635 -0.3125 0.8292
vn -0.0686 -0.2496 0.9659
vn -0.0994 -0.3780 0.9205
vn -0.4501 -0.6656 0.5953
vn -0.1823 -0.7285 0.6604
vn -0.0994 -0.3780 0.9204
vn -0.1823 -0.7285 0.6603
vn -0.2289 -0.9396 0.2545
vn -0.3059 -0.9298 0.2049
vn -0.6650 -0.6194 0.4174
vn -0.4995 -0.8270 0.2581
vn -0.3059 -0.9297 0.2049
vn -0.3059 -0.9298 0.2048
vn -0.2288 -0.9396 0.2545
vn -0.0536 -0.9284 0.3678
vn 0.0856 -0.7956 0.5998
vn 0.0856 -0.7955 0.5999
vn -0.0993 -0.3780 0.9205
vn 0.2831 -0.4739 0.8339
vn -0.0685 -0.2496 0.9659
vn 0.2830 -0.4739 0.8339
vn 0.3349 -0.3508 0.8745
vn 0.6206 -0.4488 0.6430
vn 0.5794 -0.5703 0.5823
vn 0.6206 -0.4489 0.6429
vn 0.3880 -0.9216 -0.0096
vn 0.3491 -0.8620 -0.3675
vn 0.5943 -0.7127 -0.3726
vn 0.3490 -0.8621 -0.3675
vn 0.3879 -0.9216 -0.0096
vn 0.0555 -0.9984 0.0085
vn 0.0696 -0.9283 -0.3653
vn 0.3490 -0.8620 -0.3675
vn 0.3880 -0.9216 -0.0095
vn 0.5944 -0.7127 -0.3726
vn 0.7814 -0.4950 -0.3800
vn 0.7815 -0.4949 -0.3800
vn 0.8488 -0.3674 -0.3802
vn 0.8512 -0.5245 0.0177
vn -0.9290 0.0484 -0.3670
vn -0.9101 -0.0547 -0.4109
vn -0.9946 -0.1040 0.0034
vn -0.8491 -0.3622 -0.3845
vn -0.9249 -0.3800 0.0128
vn -0.8491 -0.3623 -0.3845
vn -0.6997 -0.6074 -0.3762
vn -0.6996 -0.6074 -0.3762
vn -0.4818 -0.7944 -0.3698
vn -0.4817 -0.7945 -0.3698
vn 0.0695 -0.9283 -0.3653
vn 0.3879 -0.9217 -0.0095
vn -0.9101 -0.0548 -0.4108
vn 0.3633 -0.8932 -0.2648
vn 0.3388 -0.8389 -0.4260
vn 0.5768 -0.6940 -0.4309
vn 0.0724 -0.9623 -0.2623
vn 0.3387 -0.8389 -0.4260
vn 0.3633 -0.8933 -0.2648
vn 0.0675 -0.9032 -0.4238
vn -0.2103 -0.8806 -0.4245
vn 0.6187 -0.7378 -0.2699
vn 0.8134 -0.5112 -0.2777
vn 0.6186 -0.7379 -0.2698
vn 0.3633 -0.8933 -0.2647
vn 0.0725 -0.9623 -0.2623
vn 0.0554 -0.9984 0.0085
vn -0.2255 -0.9380 -0.2632
vn 0.0724 -0.9623 -0.2622
vn -0.2103 -0.8807 -0.4245
vn -0.5014 -0.8230 -0.2670
vn -0.2104 -0.8806 -0.4245
vn -0.2256 -0.9380 -0.2632
vn -0.4675 -0.7734 -0.4282
vn -0.5015 -0.8229 -0.2670
vn -0.6790 -0.5919 -0.4343
vn -0.4676 -0.7733 -0.4282
vn -0.7283 -0.6283 -0.2737
vn -0.7621 -0.6470 0.0219
vn -0.5015 -0.8230 -0.2670
vn 0.5767 -0.6941 -0.4309
vn 0.6186 -0.7379 -0.2699
vn 0.8134 -0.5112 -0.2778
vn 0.7584 -0.4827 -0.4380
vn 0.8134 -0.5111 -0.2778
vn 0.8243 -0.3591 -0.4378
vn 0.8828 -0.3781 -0.2789
vn 0.8134 -0.5111 -0.2777
vn 0.8828 -0.3781 -0.2788
vn -0.7622 -0.6470 0.0220
vn -0.7283 -0.6282 -0.2737
vn -0.8838 -0.3731 -0.2823
vn -0.6791 -0.5918 -0.4343
vn -0.8240 -0.3539 -0.4424
vn -0.8884 -0.0829 -0.4516
vn -0.9528 -0.0824 -0.2922
vn -0.9548 0.0568 -0.2919
vn -0.8884 -0.0828 -0.4516
vn -0.9528 -0.0823 -0.2923
vn -0.9548 0.0568 -0.2918
vn -0.9528 -0.0823 -0.2922
vn -0.9946 -0.1041 0.0036
vn -0.9009 0.0344 -0.4326
vn -0.1096 -0.4229 0.8995
vn -0.1095 -0.4229 0.8995
vn -0.0000 0.0338 0.9994
vn -0.1096 -0.4228 0.8996
vn -0.1095 -0.4228 0.8996
vn 0.0993 0.4395 0.8927
vn -0.0000 0.0340 0.9994
vn 0.0994 0.4395 0.8927
vn 0.0994 0.4396 0.8927
vn 0.1887 0.8202 0.5400
vn 0.2312 0.9580 0.1694
vn 0.1888 0.8203 0.5400
vn 0.1887 0.8203 0.5400
vn 0.2312 0.9581 0.1693
vn 0.1823 0.7284 -0.6605
vn 0.1823 0.7283 -0.6606
vn 0.0962 0.3650 -0.9260
vn 0.0962 0.3649 -0.9260
vn -0.1020 -0.4521 -0.8861
vn -0.1835 -0.7806 -0.5975
vn -0.1894 -0.7637 0.6171
vn -0.1895 -0.7637 0.6171
vn -0.2288 -0.9396 0.2546
vn 0.8961 0.4157 -0.1556
vn 0.9879 0.1340 0.0776
vn 0.9879 0.1285 -0.0864
vn 0.8961 0.4253 0.1270
vn 0.9712 0.0699 0.2277
vn 0.8961 0.4253 0.1271
vn 0.8722 0.3124 0.3764
vn 0.9712 0.0699 0.2278
vn 0.9982 -0.0402 -0.0435
vn 0.9891 -0.0808 -0.1230
vn 0.9712 0.0542 -0.2319
vn 0.8664 0.2626 -0.4248
vn 0.9879 0.1285 -0.0865
vn 0.9712 0.0543 -0.2319
vn 0.8664 0.2627 -0.4247
vn 0.8961 0.4157 -0.1557
vn 0.8663 0.2627 -0.4248
vn 0.6949 0.6864 -0.2144
vn 0.8960 0.4158 -0.1557
vn 0.8960 0.4158 -0.1556
vn 0.6722 0.7147 0.1936
vn 0.8960 0.4254 0.1270
vn 0.8960 0.4254 0.1271
vn 0.5735 0.5923 0.5659
vn 0.8721 0.3125 0.3765
vn 0.8154 0.1061 0.5691
vn 0.8154 0.1060 0.5691
vn 0.9411 -0.0513 0.3342
vn 0.7507 -0.1596 0.6410
vn 0.9411 -0.0514 0.3342
vn 0.7507 -0.1596 0.6411
vn 0.8154 0.1060 0.5692
vn 0.5015 0.3113 0.8072
vn 0.5015 0.3114 0.8072
vn 0.6559 0.5137 -0.5531
vn 0.8072 0.0513 -0.5880
vn 0.5866 0.1930 -0.7865
vn 0.6559 0.5136 -0.5531
vn 0.8664 0.2627 -0.4248
vn 0.9411 -0.0738 -0.3300
vn 0.9707 -0.1295 -0.2024
vn 0.9411 -0.0739 -0.3299
vn 0.9707 -0.1295 -0.2023
vn 0.9891 -0.0809 -0.1230
vn 0.9982 -0.0403 -0.0434
vn 0.9982 -0.0403 -0.0435
vn 0.9992 -0.0230 0.0318
vn 0.9905 -0.0606 0.1238
vn 0.9712 0.0698 0.2278
vn 0.9726 -0.1386 0.1865
vn 0.9726 -0.1385 0.1865
vn 0.9036 -0.2055 0.3759
vn 0.9411 -0.0514 0.3341
vn 0.9036 -0.2055 0.3760
vn 0.7507 -0.1597 0.6410
vn 0.8660 -0.3622 0.3447
vn 0.9036 -0.2056 0.3760
vn 0.6860 -0.4295 0.5873
vn 0.9260 -0.3534 0.1327
vn 0.9009 -0.4290 0.0660
vn 0.9905 -0.0606 0.1237
vn 0.9992 -0.0231 0.0318
vn 0.9036 -0.2056 0.3759
vn 0.8660 -0.3622 0.3446
vn 0.8359 -0.4904 0.2466
vn 0.8192 -0.5645 0.1013
vn 0.9009 -0.4291 0.0661
vn 0.9059 -0.4223 -0.0305
vn 0.9008 -0.4291 0.0660
vn 0.9009 -0.4290 0.0661
vn 0.9060 -0.4223 -0.0305
vn 0.9151 -0.3872 -0.1127
vn 0.9316 -0.3209 -0.1709
vn 0.9151 -0.3872 -0.1128
vn 0.8359 -0.5059 -0.2128
vn 0.6342 -0.6771 -0.3733
vn 0.8359 -0.5060 -0.2129
vn 0.8359 -0.5060 -0.2128
vn 0.8191 -0.5702 -0.0628
vn 0.8191 -0.5701 -0.0628
vn 0.6053 -0.7877 -0.1146
vn 0.8191 -0.5702 -0.0627
vn 0.8191 -0.5646 0.1013
vn 0.8192 -0.5645 0.1012
vn 0.8192 -0.5701 -0.0628
vn 0.6846 -0.4532 -0.5708
vn 0.4206 -0.4904 -0.7633
vn 0.6846 -0.4533 -0.5709
vn 0.3409 -0.7905 -0.5089
vn 0.3020 -0.9399 -0.1593
vn 0.3409 -0.7905 -0.5088
vn 0.6053 -0.7877 -0.1147
vn 0.6860 -0.4296 0.5873
vn 0.8359 -0.4904 0.2467
vn 0.6860 -0.4296 0.5872
vn 0.6054 -0.7780 0.1678
vn 0.6053 -0.7781 0.1678
vn 0.3020 -0.9270 0.2226
vn 0.3020 -0.9270 0.2225
vn 0.3020 -0.9399 -0.1592
vn 0.3019 -0.9270 0.2226
vn 0.2116 -0.9455 0.2475
vn 0.3019 -0.9399 -0.1592
vn 0.1874 -0.9674 -0.1705
vn 0.2287 -0.8085 -0.5422
vn 0.3019 -0.9399 -0.1593
vn 0.3408 -0.7905 -0.5088
vn 0.3408 -0.7905 -0.5089
vn 0.2287 -0.8085 -0.5423
vn 0.2887 -0.5174 -0.8056
vn 0.4205 -0.4904 -0.7633
vn 0.4984 -0.1494 -0.8540
vn 0.4205 -0.4903 -0.7634
vn 0.6846 -0.4532 -0.5709
vn 0.4206 -0.4903 -0.7633
vn 0.9036 -0.2306 -0.3611
vn 0.4983 -0.1494 -0.8540
vn 0.4216 -0.1330 -0.8970
vn 0.9036 -0.2306 -0.3610
vn 0.9036 -0.2305 -0.3610
vn 0.9411 -0.0739 -0.3300
vn 0.8072 0.0512 -0.5880
vn 0.8072 0.0513 -0.5881
vn 0.8072 0.0512 -0.5881
vn 0.5866 0.1930 -0.7866
vn 0.5866 0.1929 -0.7866
vn 0.5865 0.1930 -0.7866
vn 0.4812 0.2746 -0.8325
vn 0.5638 0.5786 -0.5893
vn 0.6948 0.6864 -0.2144
vn 0.5639 0.5787 -0.5892
vn 0.6948 0.6865 -0.2144
vn 0.6053 0.7623 -0.2292
vn 0.6721 0.7147 0.1935
vn 0.6948 0.6865 -0.2143
vn 0.6053 0.7623 -0.2291
vn 0.5694 0.7892 0.2300
vn 0.5694 0.7893 0.2300
vn 0.5735 0.5924 0.5659
vn 0.5693 0.7893 0.2300
vn 0.4695 0.6422 0.6059
vn 0.5735 0.5923 0.5660
vn 0.4695 0.6422 0.6060
vn 0.3797 0.3645 0.8503
vn 0.2822 -0.0356 0.9587
vn 0.5014 0.3113 0.8072
vn 0.3411 -0.4350 0.8333
vn 0.2822 -0.0357 0.9587
vn 0.4217 -0.0719 0.9039
vn 0.7507 -0.1597 0.6411
vn 0.3411 -0.4351 0.8333
vn 0.3169 -0.7437 0.5886
vn 0.6053 -0.7781 0.1679
vn 0.6054 -0.7781 0.1679
vn 0.3169 -0.7438 0.5886
vn 0.1970 -0.7392 0.6441
vn 0.2116 -0.9455 0.2476
vn 0.1971 -0.7391 0.6441
vn 0.2147 -0.4037 0.8893
vn 0.1970 -0.7391 0.6441
vn 0.2147 -0.4037 0.8894
vn 0.5204 -0.3474 -0.7801
vn 0.5753 -0.2393 -0.7822
vn 0.5203 -0.3475 -0.7801
vn 0.4205 -0.4904 -0.7634
vn 0.0463 -0.6360 -0.7703
vn -0.1443 -0.6205 -0.7708
vn -0.3208 -0.5469 -0.7733
vn -0.5858 -0.2679 -0.7649
vn -0.6282 -0.0791 -0.7740
vn -0.6087 0.0481 -0.7919
vn -0.6088 0.0481 -0.7919
vn -0.4530 0.1400 0.8804
vn 0.7779 -0.1982 0.5962
vn -0.0001 -0.0339 -0.9994
vn -0.7598 0.1634 -0.6293
vn -0.9474 0.2376 0.2147
vn -0.1210 -0.5270 -0.8412
vn -0.1211 -0.5271 -0.8412
vn -0.4892 -0.3172 -0.8124
vn 0.5975 -0.5837 -0.5499
vn -0.3750 -0.8762 -0.3027
vn 0.6205 -0.4488 0.6430
vn 0.6206 -0.4488 0.6429
vn 0.5794 -0.5704 0.5823
vn 0.7822 -0.5964 -0.1799
vn 0.5312 -0.6744 -0.5128
vn 0.3003 -0.8806 -0.3664
vn -0.0639 -0.9517 -0.3001
vn -0.0780 -0.9927 -0.0922
vn 0.5793 -0.5704 0.5822
vn 0.6923 -0.7019 -0.1672
vn 0.4195 -0.9009 -0.1108
vn -0.1822 -0.7285 0.6604
vn 0.2830 -0.4739 0.8338
vn 0.3004 -0.8538 0.4253
vn 0.1300 -0.9848 0.1155
vn 0.1300 -0.9903 -0.0484
vn 0.3004 -0.8807 -0.3664
vn 0.4195 -0.9010 -0.1109
vn -0.0361 -0.9993 -0.0099
vn -0.0401 -0.9961 0.0787
vn -0.0837 -0.9858 0.1456
vn 0.0607 -0.9630 0.2627
vn -0.4635 -0.3125 0.8291
vn -0.0537 -0.9284 0.3677
vn -0.2351 -0.8991 0.3693
vn -0.3844 -0.9098 0.1565
vn -0.4341 -0.1844 0.8818
vn -0.7609 -0.1750 0.6249
vn -0.7842 -0.6087 -0.1208
vn -0.4996 -0.8425 -0.2015
vn -0.3749 -0.8763 -0.3026
vn -0.4996 -0.8270 0.2580
vn -0.9344 -0.2941 0.2011
vn -0.7994 -0.5847 0.1382
vn -0.5943 -0.7956 0.1178
vn -0.9249 -0.3799 0.0128
vn -0.6996 -0.6075 -0.3762
vn 0.9257 -0.3782 0.0128
vn -0.2168 -0.9050 -0.3661
vn -0.9666 0.2551 -0.0260
vn 0.2361 0.9710 -0.0373
vn 0.2360 0.9710 -0.0373
vn 0.1218 -0.1852 -0.9751
vn 0.1479 -0.1095 -0.9829
vn 0.2950 -0.1416 -0.9450
vn 0.2667 -0.2153 -0.9394
vn 0.2951 -0.1416 -0.9449
vn 0.5651 -0.1956 -0.8015
vn 0.2666 -0.2153 -0.9394
vn 0.8532 -0.4732 -0.2193
vn -0.3547 -0.9079 -0.2235
vn 0.6847 -0.4532 -0.5708
vn -0.3547 -0.9079 -0.2236
vn -0.4597 -0.8790 -0.1267
vn -0.4596 -0.8790 -0.1267
vn 0.4206 -0.4903 -0.7634
vn -0.4733 -0.8809 0.0069
vn 0.1236 -0.5197 -0.8454
vn 0.1235 -0.5197 -0.8454
vn -0.0504 -0.5261 -0.8489
vn 0.2526 -0.2789 -0.9265
vn -0.0503 -0.5261 -0.8489
vn 0.0915 -0.2611 -0.9610
vn 0.1218 -0.1853 -0.9751
vn 0.1217 -0.1852 -0.9751
vn 0.5381 -0.2610 -0.8014
vn 0.5652 -0.1956 -0.8015
vn 0.5382 -0.2610 -0.8014
vn 0.5652 -0.1956 -0.8014
vn 0.7827 -0.2585 -0.5661
vn 0.7828 -0.2585 -0.5661
vn 0.9236 -0.2548 -0.2863
vn 0.8613 0.1930 0.4699
vn 0.9784 -0.0580 0.1986
vn 0.9784 -0.0580 0.1985
vn 0.9890 0.1060 0.1028
vn 0.9696 -0.2440 0.0191
vn 0.9155 -0.2963 -0.2721
vn 0.8532 -0.4732 -0.2194
vn 0.6847 -0.4532 -0.5709
vn 0.7603 -0.2832 -0.5846
vn 0.7603 -0.2832 -0.5847
vn 0.5329 -0.2957 -0.7928
vn 0.5328 -0.2957 -0.7929
vn 0.2527 -0.2789 -0.9265
vn 0.5329 -0.2957 -0.7929
vn 0.9776 -0.2084 0.0300
vn 0.8727 -0.4832 0.0700
vn 0.8690 -0.4949 0.0050
vn 0.9776 -0.2084 0.0299
vn 0.9592 -0.1774 -0.2203
vn 0.9716 -0.2354 -0.0259
vn 0.9715 -0.2354 -0.0259
vn 0.9098 -0.3925 0.1350
vn 0.4652 -0.7469 0.4751
vn 0.9098 -0.3924 0.1350
vn -0.1895 -0.7636 0.6172
vn 0.8776 -0.4543 0.1533
vn 0.9098 -0.3924 0.1351
vn 0.8776 -0.4542 0.1533
vn 0.8694 -0.4806 0.1148
vn 0.8776 -0.4542 0.1534
vn 0.8694 -0.4806 0.1149
vn -0.2596 -0.9474 0.1870
vn -0.2596 -0.9475 0.1870
vn 0.8690 -0.4949 0.0049
vn -0.2877 -0.9464 -0.1467
vn 0.8689 -0.4949 0.0051
vn -0.2876 -0.9464 -0.1467
vn 0.6512 -0.7499 0.1170
vn 0.3645 -0.9277 0.0807
vn 0.6512 -0.7498 0.1170
vn 0.8906 -0.4534 0.0351
vn 0.6512 -0.7498 0.1169
vn 0.9260 -0.3535 0.1327
vn 0.8906 -0.4533 0.0351
vn 0.9565 -0.2914 0.0111
vn 0.9565 -0.2915 0.0111
vn 0.6512 -0.7499 0.1169
vn 0.3646 -0.9277 0.0807
vn 0.3272 -0.9443 0.0340
vn -0.1087 -0.9578 0.2662
vn -0.0811 -0.9961 0.0338
vn 0.3273 -0.9443 0.0340
vn 0.5043 -0.8628 0.0347
vn 0.4614 -0.8852 0.0591
vn 0.3273 -0.9443 0.0339
vn 0.4613 -0.8853 0.0591
vn -0.9704 -0.1878 0.1520
vn -0.9754 -0.2103 0.0656
vn -0.9754 -0.2104 0.0656
vn -0.9704 -0.1879 0.1520
vn -0.7924 -0.5417 0.2806
vn -0.5820 -0.7912 0.1879
vn -0.7924 -0.5416 0.2805
vn -0.9553 -0.0995 0.2783
vn -0.7900 -0.4895 0.3693
vn -0.9553 -0.0996 0.2783
vn -0.7924 -0.5416 0.2806
vn -0.7900 -0.4895 0.3692
vn -0.5988 -0.7250 0.3405
vn -0.7899 -0.4895 0.3693
vn -0.5986 -0.7248 0.3412
vn -0.4086 -0.8914 0.1963
vn -0.5985 -0.7248 0.3412
vn -0.4249 -0.9044 -0.0402
vn -0.5820 -0.7912 0.1878
vn -0.6123 -0.7891 -0.0496
vn -0.6124 -0.7890 -0.0496
vn -0.7935 -0.6040 -0.0745
vn -0.7935 -0.6040 -0.0746
vn -0.9970 0.0104 0.0761
vn -0.9982 0.0403 0.0435
vn -0.9883 0.1524 -0.0057
vn -0.4085 -0.8914 0.1963
vn -0.4115 -0.8323 0.3713
vn -0.2720 -0.1376 -0.9524
vn -0.3992 -0.0961 -0.9118
vn -0.6123 -0.7890 -0.0496
vn -0.3992 -0.0962 -0.9118
vn -0.6358 -0.0374 -0.7710
vn -0.6124 -0.7890 -0.0497
vn -0.8376 0.0465 -0.5443
vn -0.7935 -0.6039 -0.0746
vn -0.8375 0.0465 -0.5444
vn -0.9058 0.2763 0.3212
vn -0.8535 0.1048 0.5104
vn -0.2200 -0.0041 0.9755
vn -0.2200 -0.0042 0.9755
vn -0.4105 0.0113 0.9118
vn -0.4733 -0.8809 0.0068
vn -0.4106 0.0113 0.9118
vn -0.6751 0.0608 0.7352
vn -0.4596 -0.8791 -0.1267
vn -0.6751 0.0609 0.7353
vn -0.6751 0.0609 0.7352
vn -0.3546 -0.9079 -0.2236
vn -0.8536 0.1048 0.5104
vn -0.3546 -0.9079 -0.2235
vn -0.2876 -0.9464 -0.1466
vn -0.9883 0.1525 -0.0058
vn -0.9883 0.1524 -0.0058
vn -0.9967 0.0812 -0.0027
vn -0.2596 -0.9475 0.1869
vn -0.2595 -0.9475 0.1869
vn -0.9970 0.0103 0.0761
vn -0.6750 0.0609 0.7353
vn -0.8535 0.1047 0.5104
vn -0.8125 -0.4272 0.3966
vn -0.8126 -0.4272 0.3966
vn -0.9913 0.1246 0.0412
vn -0.8126 -0.4272 0.3965
vn -0.9671 0.2294 -0.1100
vn -0.9913 0.1247 0.0412
vn -0.9671 0.2294 -0.1101
vn -0.9785 0.1936 0.0715
vn -0.9913 0.1247 0.0413
vn -0.9785 0.1935 0.0716
vn -0.9321 -0.0496 0.3587
vn -0.7574 -0.3902 0.5236
vn -0.9321 -0.0496 0.3588
vn -0.5955 -0.6670 0.4477
vn -0.7573 -0.3902 0.5236
vn -0.7899 -0.4896 0.3693
vn -0.5955 -0.6671 0.4476
vn -0.4115 -0.8323 0.3714
vn -0.5955 -0.6671 0.4477
vn -0.9785 0.1936 0.0716
vn -0.4048 -0.7742 0.4866
vn -0.5735 -0.5526 0.6048
vn -0.3809 -0.6519 0.6557
vn -0.5734 -0.5526 0.6048
vn -0.5157 -0.4349 0.7381
vn -0.3240 -0.5408 0.7763
vn -0.5735 -0.5525 0.6048
vn -0.7853 -0.2391 0.5711
vn -0.5158 -0.4349 0.7381
vn -0.7854 -0.2390 0.5710
vn -0.5158 -0.4349 0.7382
vn -0.5157 -0.4349 0.7382
vn -0.3240 -0.5407 0.7763
vn -0.3239 -0.5408 0.7763
vn -0.2345 -0.5891 0.7733
vn -0.2884 -0.6861 0.6680
vn -0.2884 -0.6861 0.6679
vn -0.3808 -0.6519 0.6557
vn -0.3123 -0.8101 0.4961
vn -0.4047 -0.7742 0.4866
vn -0.3215 -0.8678 0.3788
vn -0.3123 -0.8102 0.4961
vn -0.4115 -0.8324 0.3713
vn -0.2229 -0.0619 -0.9729
vn -0.3702 -0.0352 -0.9283
vn -0.3701 -0.0352 -0.9283
vn -0.3993 -0.0962 -0.9118
vn -0.3993 -0.0961 -0.9118
vn -0.6088 0.0482 -0.7919
vn -0.6358 -0.0374 -0.7709
vn -0.7899 0.1463 -0.5956
vn -0.8376 0.0465 -0.5444
vn -0.9058 0.2763 0.3211
vn -0.9058 0.2762 0.3212
vn -0.5770 0.0777 -0.8130
vn -0.9236 0.2348 -0.3029
vn -0.9237 0.2348 -0.3029
vn -0.9226 0.2569 0.2876
vn -0.2809 0.1879 0.9411
vn -0.2918 0.1439 0.9456
vn -0.2914 0.1457 0.9454
vn 0.9257 -0.3781 0.0128
vn 0.8907 -0.4533 0.0351
vn -0.2086 -0.8678 0.4509
vn 0.9257 -0.3781 0.0129
vn 0.7724 -0.6299 0.0812
vn 0.7701 -0.6369 -0.0370
vn 0.7725 -0.6298 0.0812
vn 0.9055 -0.4127 0.0986
vn -0.1895 -0.7637 0.6172
vn 0.5199 -0.7507 0.4076
vn 0.9374 -0.3436 0.0570
vn 0.5200 -0.7507 0.4076
vn 0.5200 -0.7507 0.4075
vn 0.9662 -0.2401 -0.0941
vn 0.9662 -0.2400 -0.0940
vn 0.9374 -0.3436 0.0571
vn 0.9571 -0.2763 0.0876
vn 0.9571 -0.2764 0.0875
vn 0.9570 -0.2764 0.0876
vn 0.8061 -0.4605 0.3718
vn 0.5182 -0.6861 0.5106
vn 0.4717 -0.7958 0.3797
vn 0.9571 -0.2764 0.0876
vn 0.7808 -0.5874 0.2129
vn 0.7738 -0.6113 0.1663
vn 0.7738 -0.6112 0.1663
vn 0.7737 -0.6113 0.1663
vn 0.7737 -0.6113 0.1664
vn 0.4514 -0.8437 0.2907
vn 0.4513 -0.8437 0.2907
vn 0.1804 -0.9670 0.1801
vn 0.7808 -0.5875 0.2128
vn 0.4514 -0.8436 0.2907
vn 0.7808 -0.5874 0.2128
vn 0.7990 -0.5254 0.2925
vn 0.7807 -0.5875 0.2129
vn 0.1942 -0.9173 0.3477
vn 0.1805 -0.9670 0.1801
vn 0.1941 -0.9173 0.3477
vn -0.0488 -0.9787 0.1993
vn 0.1804 -0.9670 0.1800
vn 0.1887 -0.9802 -0.0600
vn 0.4292 -0.9009 -0.0644
vn 0.4293 -0.9009 -0.0645
vn 0.4717 -0.7958 0.3798
vn 0.2163 -0.8641 0.4545
vn 0.2162 -0.8641 0.4545
vn -0.0488 -0.9787 0.1994
vn -0.1577 -0.9657 0.2061
vn -0.1577 -0.9658 0.2060
vn 0.1956 -0.2511 -0.9480
vn 0.1957 -0.2511 -0.9480
vn 0.3248 -0.2719 -0.9059
vn 0.3248 -0.2719 -0.9058
vn 0.3248 -0.2720 -0.9059
vn 0.1887 -0.9802 -0.0602
vn 0.5599 -0.3276 -0.7611
vn 0.5598 -0.3277 -0.7611
vn 0.4292 -0.9009 -0.0645
vn 0.7597 -0.3418 -0.5532
vn 0.7598 -0.3418 -0.5531
vn 0.9155 -0.2964 -0.2721
vn 0.0293 -0.7515 0.6591
vn -0.1017 -0.8613 0.4979
vn -0.0687 -0.7395 0.6697
vn 0.0279 -0.6262 0.7791
vn 0.0293 -0.7514 0.6592
vn -0.0687 -0.7394 0.6697
vn -0.0738 -0.6281 0.7746
vn -0.3573 -0.9000 0.2497
vn 0.0278 -0.6262 0.7791
vn -0.3754 -0.8595 0.3468
vn 0.0278 -0.6262 0.7792
vn 0.2474 -0.6202 0.7445
vn 0.2473 -0.6202 0.7445
vn 0.2474 -0.6201 0.7445
vn 0.8061 -0.4604 0.3718
vn 0.2469 -0.7517 0.6115
vn 0.2469 -0.7518 0.6115
vn 0.2468 -0.7518 0.6115
vn -0.0029 -0.8718 0.4898
vn -0.1181 -0.9172 0.3805
vn 0.2474 -0.6202 0.7444
vn 0.2473 -0.6202 0.7444
vn 0.2468 -0.7517 0.6115
vn 0.0293 -0.7514 0.6591
vn -0.0029 -0.8718 0.4899
vn -0.1017 -0.8613 0.4978
vn 0.0279 -0.6263 0.7791
vn 0.5820 -0.0261 0.8127
vn 0.3557 -0.1747 0.9181
vn 0.3221 0.0550 0.9451
vn 0.5820 -0.0261 0.8128
vn 0.6162 -0.2527 0.7459
vn 0.7926 -0.1058 0.6005
vn 0.6163 -0.2526 0.7459
vn 0.5821 -0.0261 0.8127
vn 0.7985 -0.2963 0.5240
vn 0.6163 -0.2527 0.7459
vn 0.7927 -0.1058 0.6004
vn 0.9098 -0.3925 0.1351
vn 0.9271 -0.1745 0.3316
vn -0.0976 -0.9703 -0.2215
vn 0.7986 -0.2963 0.5239
vn 0.1080 -0.6882 0.7174
vn 0.0165 -0.9998 0.0108
vn 0.1080 -0.6883 0.7174
vn 0.1783 -0.1009 0.9788
vn 0.3220 0.0550 0.9451
vn 0.3557 -0.1748 0.9181
vn 0.1784 -0.1009 0.9788
vn 0.1883 0.1147 0.9754
vn 0.3224 0.0570 0.9449
vn 0.1883 0.1146 0.9754
vn 0.3116 0.0009 0.9502
vn 0.1674 0.0379 0.9852
vn 0.5752 -0.2393 -0.7822
vn 0.2950 -0.1416 -0.9449
vn 0.3273 -0.2045 -0.9225
vn 0.5753 -0.2393 -0.7821
vn 0.7926 -0.1058 0.6004
vn 0.7914 -0.1428 0.5944
vn 0.7913 -0.1428 0.5945
vn 0.5821 -0.0262 0.8127
vn 0.5784 -0.0739 0.8124
vn 0.5783 -0.0739 0.8124
vn 0.3221 0.0549 0.9451
vn 0.3272 -0.2045 -0.9226
vn 0.2949 -0.1418 -0.9449
vn 0.1480 -0.1095 -0.9829
vn 0.1848 -0.1608 -0.9695
vn 0.3248 -0.2720 -0.9058
vn 0.5599 -0.3277 -0.7610
vn 0.9237 -0.2548 -0.2863
vn -0.0076 0.1404 0.9901
vn 0.0069 -0.1292 -0.9916
vn 0.0355 -0.1938 -0.9804
vn 0.0469 -0.1224 -0.9914
vn 0.8514 -0.0390 -0.5230
vn 0.8542 -0.4689 0.2245
vn 0.9230 -0.2353 0.3044
vn 0.9547 -0.0580 0.2918
vn 0.9454 0.1138 0.3053
vn 0.9058 -0.2538 0.3392
vn 0.9454 0.1138 0.3054
vn 0.9316 0.1883 0.3109
vn 0.9552 -0.0228 0.2951
vn 0.9316 0.1882 0.3109
vn 0.9059 -0.2538 0.3391
vn 0.9090 0.3291 0.2556
vn 0.9996 0.0021 -0.0298
vn 0.9090 0.3291 0.2555
vn 0.9746 0.2106 -0.0759
vn 0.8515 -0.0390 -0.5230
vn 0.7981 0.1702 -0.5779
vn 0.9746 0.2106 -0.0760
vn 0.7981 0.1702 -0.5780
vn 0.8514 -0.0391 -0.5230
vn 0.7450 0.1331 -0.6537
vn 0.7450 0.1330 -0.6537
vn 0.0469 -0.1225 -0.9914
vn 0.0470 -0.1224 -0.9914
vn 0.9552 -0.0228 0.2950
vn 0.9090 0.3292 0.2556
vn 0.9368 0.2810 0.2083
vn 0.9454 0.1139 0.3054
vn 0.9553 0.1181 0.2709
vn 0.9553 0.1182 0.2708
vn 0.9403 0.2476 0.2338
vn 0.9402 0.2476 0.2337
vn 0.9436 0.2929 0.1541
vn 0.9436 0.2930 0.1541
vn 0.9436 0.2929 0.1540
vn 0.9090 0.3292 0.2555
vn 0.9746 0.2107 -0.0759
vn 0.7450 0.1330 -0.6536
vn 0.7282 0.5414 -0.4203
vn 0.9390 0.2187 0.2655
vn 0.9403 0.2475 0.2338
vn 0.9403 0.2476 0.2337
vn 0.9390 0.2188 0.2655
vn 0.9402 0.2476 0.2338
vn 0.7296 -0.6816 0.0561
vn 0.5874 -0.8005 0.1186
vn 0.7725 -0.6299 0.0812
vn 0.7482 -0.6407 0.1720
vn 0.5875 -0.8005 0.1186
vn 0.8542 -0.4690 0.2245
vn 0.7483 -0.6407 0.1721
vn 0.9322 -0.2563 0.2556
vn 0.9322 -0.2562 0.2556
vn 0.9606 0.0256 0.2768
vn 0.9547 -0.0579 0.2918
vn 0.9553 0.1181 0.2708
vn 0.9606 0.0257 0.2768
vn 0.9550 0.1575 0.2514
vn 0.8951 0.2876 0.3406
vn 0.9056 0.2505 0.3422
vn 0.8875 0.2631 0.3784
vn 0.8722 0.3124 0.3765
vn 0.8308 0.3538 0.4296
vn 0.8309 0.3538 0.4296
vn 0.8586 0.2839 0.4268
vn 0.8586 0.2839 0.4269
vn 0.8308 0.3537 0.4296
vn 0.7647 0.3878 0.5146
vn 0.9587 -0.1211 0.2575
vn 0.9606 0.0256 0.2767
vn 0.9566 0.0769 0.2811
vn 0.9154 0.2006 0.3491
vn 0.8875 0.2630 0.3784
vn 0.8984 0.2050 0.3883
vn 0.8800 0.2061 0.4280
vn 0.8155 0.3065 0.4910
vn 0.9566 0.0769 0.2812
vn 0.9168 0.1658 0.3633
vn 0.9447 0.0536 0.3235
vn 0.9447 0.0537 0.3235
vn 0.9158 0.1036 0.3879
vn 0.9413 -0.0158 0.3372
vn 0.7648 0.3878 0.5146
vn 0.8155 0.3066 0.4910
vn 0.7647 0.3877 0.5146
vn 0.7899 0.3093 0.5295
vn 0.8154 0.3066 0.4910
vn 0.7899 0.3092 0.5295
vn 0.8800 0.2060 0.4280
vn 0.8613 0.1930 0.4700
vn 0.8878 0.1237 0.4432
vn 0.8984 0.2050 0.3884
vn 0.9158 0.1037 0.3879
vn 0.9100 0.0546 0.4109
vn 0.9158 0.1036 0.3880
vn 0.9101 0.0546 0.4109
vn 0.9289 -0.0488 0.3670
vn 0.9290 -0.0489 0.3669
vn 0.9619 -0.1457 0.2311
vn 0.8776 -0.4543 0.1534
vn 0.8318 -0.5409 0.1247
vn 0.8319 -0.5403 0.1264
vn 0.7483 -0.6407 0.1720
vn 0.9009 -0.0348 0.4326
vn 0.9290 -0.0489 0.3670
vn 0.9100 0.0547 0.4109
vn 0.8392 0.1606 0.5196
vn 0.8878 0.1237 0.4433
vn 0.8613 0.1929 0.4700
vn 0.8392 0.1607 0.5196
vn 0.7854 0.2771 0.5535
vn 0.7854 0.2772 0.5535
vn 0.7178 0.3864 0.5791
vn 0.7179 0.3864 0.5791
vn 0.6940 0.3144 0.6477
vn 0.7853 0.2772 0.5535
vn 0.7387 0.2180 0.6379
vn 0.7387 0.2180 0.6378
vn 0.8058 0.1608 0.5699
vn 0.8392 0.1607 0.5195
vn 0.8681 -0.0066 0.4963
vn 0.8058 0.1607 0.5699
vn 0.7688 0.0848 0.6339
vn 0.6689 0.2405 0.7034
vn 0.7067 0.1733 0.6859
vn 0.7068 0.1733 0.6859
vn 0.8058 0.1608 0.5700
vn 0.7687 0.0848 0.6339
vn 0.6692 0.0982 0.7366
vn 0.6440 0.1674 0.7465
vn 0.6037 0.0985 0.7911
vn 0.6692 0.0981 0.7366
vn 0.6495 0.0679 0.7573
vn 0.6496 0.0680 0.7573
vn 0.6496 0.0679 0.7573
vn 0.7415 0.0526 0.6688
vn 0.7416 0.0526 0.6688
vn 0.8373 -0.0470 0.5447
vn 0.8681 -0.0067 0.4963
vn 0.8795 -0.1566 0.4494
vn 0.9068 -0.1525 0.3929
vn 0.9289 -0.0489 0.3670
vn 0.9068 -0.1526 0.3929
vn 0.9587 -0.1211 0.2574
vn 0.9628 -0.2323 0.1381
vn 0.9628 -0.2324 0.1381
vn 0.9353 -0.3083 0.1736
vn 0.5577 -0.3095 0.7701
vn 0.5577 -0.3096 0.7701
vn 0.6451 -0.3438 0.6823
vn 0.6451 -0.3438 0.6824
vn 0.7740 -0.3075 0.5535
vn 0.6452 -0.3438 0.6823
vn 0.7820 -0.3603 0.5085
vn 0.7821 -0.3603 0.5085
vn 0.8603 -0.2358 0.4520
vn 0.8603 -0.2357 0.4520
vn 0.8818 -0.2554 0.3964
vn 0.9294 -0.2900 0.2282
vn 0.9887 -0.0968 0.1148
vn -0.6860 0.4684 0.5568
vn 0.6037 0.0984 0.7911
vn 0.6038 0.0985 0.7911
vn -0.6605 0.5655 0.4939
vn -0.6296 0.6363 0.4458
vn 0.6689 0.2406 0.7034
vn -0.6213 0.6632 0.4173
vn -0.6078 0.7019 0.3713
vn 0.6689 0.2405 0.7033
vn 0.6940 0.3144 0.6476
vn 0.7179 0.3863 0.5792
vn -0.5599 0.7836 0.2693
vn -0.5598 0.7836 0.2693
vn 0.7647 0.3877 0.5147
vn -0.4128 0.9038 0.1130
vn -0.4128 0.9038 0.1129
vn 0.8309 0.3537 0.4296
vn -0.3453 0.9359 0.0697
vn 0.8721 0.3124 0.3765
vn -0.3453 0.9359 0.0698
vn -0.2918 0.9563 0.0164
vn 0.8951 0.2876 0.3407
vn -0.9245 -0.2023 -0.3230
vn -0.2918 0.9563 0.0163
vn -0.2461 0.9672 -0.0622
vn -0.9246 -0.2023 -0.3228
vn -0.9389 -0.2188 -0.2656
vn -0.9246 -0.2023 -0.3229
vn -0.2461 0.9672 -0.0623
vn -0.2313 0.9624 -0.1424
vn -0.9390 -0.2188 -0.2655
vn -0.9389 -0.2188 -0.2655
vn -0.2312 0.9624 -0.1425
vn 0.5446 0.4291 -0.7206
vn -0.4446 0.7169 -0.5370
vn -0.7815 0.4680 -0.4127
vn 0.3273 0.1397 -0.9345
vn 0.5446 0.4290 -0.7207
vn 0.3273 0.1397 -0.9346
vn -0.9411 0.0514 -0.3341
vn -0.9246 -0.2022 -0.3229
vn 0.3273 0.1396 -0.9346
vn -0.9411 0.0513 -0.3341
vn -0.9411 0.0513 -0.3342
vn -0.9237 -0.2020 -0.3255
vn -0.9086 -0.3296 -0.2565
vn -0.9346 -0.2668 -0.2352
vn -0.9086 -0.3297 -0.2566
vn -0.9086 -0.3297 -0.2565
vn -0.9346 -0.2669 -0.2351
vn -0.9473 -0.2420 -0.2097
vn -0.9473 -0.2421 -0.2097
vn 0.7281 0.5414 -0.4204
vn 0.7281 0.5415 -0.4203
vn -0.2313 0.9624 -0.1425
vn -0.9390 -0.2188 -0.2654
vn 0.3086 0.0486 -0.9499
vn -0.9669 -0.2549 0.0086
vn -0.9669 -0.2548 0.0086
vn -0.7039 0.7099 -0.0241
vn -0.9665 0.2554 -0.0257
vn -0.7038 0.7100 -0.0241
vn -0.9473 -0.2421 -0.2096
vn 0.0469 -0.1223 -0.9914
vn 0.7281 0.5414 -0.4203
vn -0.4447 0.7170 -0.5369
vn -0.1874 0.9536 -0.2357
vn -0.9411 0.0514 -0.3342
vn -0.9453 -0.1143 -0.3054
vn -0.9511 -0.1360 -0.2775
vn -0.9510 -0.1360 -0.2775
vn -0.9511 -0.1359 -0.2775
vn -0.9056 -0.2505 -0.3422
vn -0.8875 -0.2631 -0.3784
vn -0.8984 -0.2050 -0.3883
vn -0.8875 -0.2630 -0.3784
vn -0.8586 -0.2839 -0.4268
vn -0.1874 0.9536 -0.2356
vn 0.0779 0.9842 -0.1593
vn -0.4997 0.8521 -0.1557
vn -0.9236 0.2349 -0.3029
vn -0.9236 0.2348 -0.3030
vn -0.9454 -0.1143 -0.3054
vn -0.9605 -0.0262 -0.2769
vn -0.9169 -0.1658 -0.3631
vn -0.9169 -0.1658 -0.3632
vn -0.8802 -0.2060 -0.4276
vn -0.8802 -0.2060 -0.4277
vn -0.8153 -0.3066 -0.4913
vn -0.2096 0.9756 0.0660
vn -0.2871 0.9560 0.0608
vn -0.4997 0.8521 -0.1556
vn -0.4974 0.8624 -0.0936
vn -0.4984 0.8619 -0.0930
vn -0.4975 0.8624 -0.0936
vn -0.6800 0.7158 -0.1591
vn -0.6800 0.7157 -0.1591
vn -0.9545 0.0573 -0.2927
vn -0.9605 -0.0261 -0.2769
vn -0.9587 0.1203 -0.2577
vn -0.9587 0.1202 -0.2577
vn -0.9650 0.0302 -0.2603
vn -0.9651 0.0301 -0.2603
vn -0.9447 -0.0538 -0.3235
vn -0.9454 -0.1143 -0.3053
vn -0.9447 -0.0539 -0.3235
vn -0.9287 0.2927 -0.2277
vn -0.9287 0.2927 -0.2278
vn -0.9413 0.0156 -0.3372
vn -0.9169 -0.1657 -0.3631
vn -0.5372 0.8393 0.0835
vn -0.5373 0.8393 0.0836
vn -0.5372 0.8393 0.0836
vn -0.2871 0.9560 0.0609
vn -0.3646 0.9310 0.0178
vn -0.4702 0.8826 0.0009
vn -0.4974 0.8625 -0.0936
vn -0.6799 0.7158 -0.1590
vn -0.5697 0.8134 -0.1173
vn -0.6799 0.7158 -0.1591
vn -0.5697 0.8134 -0.1174
vn -0.5698 0.8134 -0.1173
vn -0.7189 0.6744 -0.1684
vn -0.7189 0.6744 -0.1685
vn -0.8520 0.4841 -0.1993
vn -0.8520 0.4840 -0.1994
vn -0.8521 0.4840 -0.1993
vn -0.7836 0.5954 0.1774
vn -0.7168 0.6846 0.1322
vn -0.7168 0.6846 0.1321
vn -0.6741 0.7386 0.0069
vn -0.6615 0.7466 -0.0706
vn -0.7186 0.6868 -0.1091
vn -0.7187 0.6867 -0.1091
vn -0.8165 0.5608 -0.1371
vn -0.8167 0.5606 -0.1370
vn -0.9151 0.3787 -0.1387
vn -0.9287 0.2928 -0.2278
vn -0.9413 0.0157 -0.3372
vn -0.9100 -0.0548 -0.4109
vn -0.9290 0.0484 -0.3669
vn -0.8192 0.5645 -0.1013
vn -0.8191 0.5646 -0.1012
vn -0.8165 0.5609 -0.1371
vn -0.7385 0.6702 -0.0738
vn -0.7187 0.6868 -0.1091
vn -0.7385 0.6702 -0.0739
vn -0.6616 0.7466 -0.0706
vn -0.6742 0.7385 0.0069
vn -0.8506 0.5079 0.1363
vn -0.8506 0.5078 0.1363
vn -0.7899 -0.3093 -0.5296
vn -0.7440 -0.3519 -0.5680
vn -0.7899 -0.3093 -0.5295
vn -0.8613 -0.1931 -0.4700
vn -0.8392 -0.1606 -0.5195
vn -0.8613 -0.1931 -0.4699
vn -0.8878 -0.1236 -0.4434
vn -0.8613 -0.1930 -0.4700
vn -0.9101 -0.0548 -0.4109
vn -0.9009 0.0345 -0.4326
vn -0.9068 0.1529 -0.3929
vn -0.9290 0.0485 -0.3670
vn -0.7181 -0.2871 -0.6339
vn -0.7387 -0.2179 -0.6379
vn -0.8392 -0.1606 -0.5196
vn -0.8392 -0.1607 -0.5195
vn -0.8058 -0.1610 -0.5699
vn -0.8683 0.0065 -0.4959
vn -0.8683 0.0065 -0.4960
vn -0.8794 0.1571 -0.4494
vn -0.8794 0.1571 -0.4493
vn -0.7386 -0.2179 -0.6379
vn -0.6948 -0.2137 -0.6867
vn -0.7181 -0.2870 -0.6340
vn -0.7067 -0.1733 -0.6860
vn -0.6948 -0.2136 -0.6867
vn -0.8058 -0.1610 -0.5700
vn -0.7067 -0.1733 -0.6859
vn -0.8057 -0.1610 -0.5700
vn -0.7688 -0.0856 -0.6337
vn -0.8058 -0.1609 -0.5699
vn -0.7689 -0.0856 -0.6336
vn -0.7689 -0.0855 -0.6336
vn -0.8380 0.0458 -0.5438
vn -0.8794 0.1570 -0.4494
vn -0.6684 -0.1430 -0.7299
vn -0.6948 -0.2136 -0.6868
vn -0.6691 -0.0990 -0.7365
vn -0.6684 -0.1431 -0.7299
vn -0.7067 -0.1732 -0.6860
vn -0.7689 -0.0856 -0.6337
vn -0.7415 -0.0541 -0.6688
vn -0.7415 -0.0540 -0.6688
vn 0.7666 0.5899 -0.2537
vn 0.9245 0.2361 -0.2992
vn 0.5259 0.8306 -0.1833
vn 0.9245 0.2360 -0.2993
vn 0.9043 -0.0557 -0.4232
vn 0.9245 0.2361 -0.2993
vn 0.6872 0.6278 -0.3657
vn 0.6871 0.6278 -0.3656
vn 0.3600 0.8989 -0.2497
vn 0.2042 0.9500 -0.2361
vn 0.5377 0.7481 -0.3889
vn 0.9971 0.0758 -0.0026
vn 0.9249 0.3799 -0.0129
vn 0.9249 0.3800 -0.0129
vn 0.7622 0.6470 -0.0219
vn 0.7622 0.6470 -0.0220
vn 0.7621 0.6471 -0.0219
vn 0.7621 0.6471 -0.0220
vn 0.3118 0.9501 -0.0109
vn 0.5909 0.8056 -0.0439
vn 0.3239 0.9444 -0.0559
vn 0.5258 0.8306 -0.1833
vn 0.2060 0.9756 -0.0761
vn 0.2060 0.9756 -0.0762
vn 0.0780 0.9842 -0.1593
vn 0.0780 0.9841 -0.1593
vn 0.3599 0.8990 -0.2497
vn -0.2109 0.8206 -0.5312
vn -0.4447 0.7169 -0.5369
vn -0.1875 0.9536 -0.2357
vn 0.8491 0.4000 -0.3451
vn -0.4446 0.7169 -0.5369
vn 0.9220 0.3010 -0.2436
vn 0.0402 0.9991 0.0110
vn 0.3238 0.9445 -0.0559
vn 0.0402 0.9991 0.0111
vn 0.3117 0.9501 -0.0108
vn 0.5248 0.8508 -0.0289
vn 0.0401 0.9991 0.0111
vn -0.2459 0.9678 0.0545
vn -0.2460 0.9677 0.0546
vn 0.2360 0.9710 -0.0374
vn -0.7169 0.6846 0.1322
vn -0.7837 0.5953 0.1774
vn -0.9118 0.3904 0.1275
vn -0.7836 0.5953 0.1774
vn -0.9345 0.3558 -0.0051
vn -0.8513 0.5244 -0.0178
vn -0.8513 0.5245 -0.0178
vn -0.9345 0.3559 -0.0052
vn -0.6474 0.7617 -0.0259
vn -0.2097 0.9755 0.0660
vn -0.2459 0.9677 0.0546
vn 0.0401 0.9991 0.0110
vn 0.2059 0.9756 -0.0761
vn 0.9535 -0.0874 -0.2886
vn 0.9498 0.2396 -0.2011
vn 0.9498 0.2396 -0.2010
vn 0.9971 0.0757 -0.0026
vn 0.9548 0.2885 -0.0716
vn 0.6871 0.6278 -0.3657
vn 0.7948 0.3602 -0.4885
vn 0.7948 0.3603 -0.4884
vn 0.7948 0.3601 -0.4885
vn 0.8608 -0.0072 -0.5089
vn 0.9043 -0.0557 -0.4233
vn 0.9043 -0.0558 -0.4233
vn 0.8608 -0.0073 -0.5089
vn 0.8516 -0.1090 -0.5127
vn 0.9005 -0.1429 -0.4106
vn 0.9535 -0.0875 -0.2886
vn 0.9043 -0.0558 -0.4232
vn 0.9534 -0.0875 -0.2886
vn 0.9948 -0.0802 -0.0632
vn 0.9781 -0.0351 -0.2052
vn 0.9948 -0.0802 -0.0631
vn 0.9974 0.0094 -0.0721
vn 0.9961 -0.0884 0.0029
vn 0.4166 -0.5664 0.7111
vn -0.8361 0.0788 0.5429
vn 0.3208 -0.6456 0.6930
vn -0.8349 -0.0224 0.5500
vn -0.8362 0.0787 0.5428
vn -0.8349 -0.0225 0.5500
vn 0.6004 -0.5074 0.6181
vn -0.4805 -0.7761 0.4083
vn -0.4806 -0.7761 0.4083
vn 0.6005 -0.5074 0.6181
vn -0.4806 -0.7760 0.4084
vn -0.1489 -0.9586 0.2429
vn -0.1489 -0.9586 0.2428
vn 0.3336 -0.7890 0.5159
vn 0.7672 0.1544 0.6225
vn -0.6923 0.6889 -0.2145
vn -0.7836 0.5954 0.1773
vn -0.5313 0.6381 -0.5573
vn -0.2410 0.5596 -0.7929
vn -0.5312 0.6381 -0.5574
vn -0.2888 0.4616 -0.8388
vn -0.5975 0.5451 -0.5882
vn 0.1210 0.4688 -0.8750
vn -0.2887 0.4615 -0.8388
vn -0.2409 0.5596 -0.7930
vn 0.1210 0.4689 -0.8750
vn 0.0963 0.3650 -0.9260
vn 0.1211 0.4688 -0.8750
vn 0.4830 0.3839 -0.7870
vn 0.7899 0.2082 -0.5767
vn 0.4813 0.2746 -0.8325
vn 0.4830 0.3838 -0.7870
vn 0.7733 0.3214 -0.5465
vn 0.7900 0.2082 -0.5767
vn 0.7734 0.3214 -0.5464
vn 0.7733 0.3214 -0.5464
vn 0.9344 0.2940 -0.2011
vn 0.9550 0.1575 0.2513
vn 0.9613 0.1790 -0.2093
vn 0.9344 0.2940 -0.2010
vn 0.9369 0.2810 0.2082
vn 0.9368 0.2811 0.2083
vn 0.7994 0.5927 0.0983
vn 0.6650 0.6462 0.3744
vn 0.4502 0.7043 0.5488
vn 0.6650 0.6462 0.3745
vn 0.6649 0.6463 0.3744
vn 0.3755 0.8810 0.2878
vn 0.4502 0.7044 0.5488
vn 0.4996 0.8425 0.2015
vn 0.3755 0.8810 0.2879
vn 0.4995 0.8425 0.2014
vn 0.3059 0.9415 0.1413
vn 0.5688 0.8207 0.0544
vn 0.4223 0.9063 0.0141
vn 0.5687 0.8152 -0.1096
vn 0.5688 0.8207 0.0543
vn 0.7842 0.5991 -0.1617
vn 0.5688 0.8152 -0.1097
vn 0.7842 0.5991 -0.1618
vn 0.7994 0.5927 0.0982
vn 0.6650 0.6194 -0.4173
vn 0.7842 0.5990 -0.1618
vn 0.7733 0.3215 -0.5464
vn 0.6650 0.6193 -0.4173
vn 0.6650 0.6194 -0.4174
vn 0.7733 0.3215 -0.5465
vn 0.4502 0.6655 -0.5953
vn 0.4501 0.6656 -0.5953
vn 0.4996 0.8269 -0.2581
vn 0.6649 0.6194 -0.4174
vn 0.4502 0.6656 -0.5953
vn 0.3749 0.8537 -0.3614
vn 0.2167 0.8781 -0.4265
vn 0.2167 0.8781 -0.4266
vn 0.1823 0.7283 -0.6605
vn 0.4501 0.6655 -0.5953
vn 0.1211 0.4689 -0.8749
vn 0.5688 0.8151 -0.1097
vn 0.6650 0.6463 0.3744
vn 0.4996 0.8425 0.2014
vn 0.4995 0.8425 0.2015
vn 0.2361 0.9710 -0.0374
vn 0.4223 0.9064 0.0141
vn 0.3845 0.9098 -0.1566
vn 0.5687 0.8152 -0.1097
vn 0.3844 0.9098 -0.1566
vn 0.4996 0.8270 -0.2580
vn 0.4995 0.8270 -0.2581
vn 0.0640 0.9292 -0.3640
vn 0.0639 0.9292 -0.3640
vn 0.1822 0.7284 -0.6605
vn -0.0855 0.7957 -0.5997
vn 0.1210 0.4689 -0.8749
vn -0.0856 0.7956 -0.5997
vn 0.1822 0.7283 -0.6606
vn -0.3004 0.8537 -0.4253
vn -0.0856 0.7957 -0.5997
vn 0.3844 0.9098 -0.1565
vn 0.2876 0.9343 -0.2105
vn 0.2404 0.9370 -0.2534
vn 0.1761 0.9614 -0.2113
vn 0.1761 0.9614 -0.2114
vn -0.0607 0.9630 -0.2627
vn 0.0639 0.9292 -0.3639
vn -0.1300 0.9847 -0.1156
vn -0.0608 0.9630 -0.2627
vn -0.3004 0.8538 -0.4253
vn -0.1300 0.9848 -0.1156
vn -0.4196 0.8913 -0.1717
vn 0.0366 0.9939 -0.1045
vn 0.0780 0.9842 -0.1592
vn -0.2409 0.5597 -0.7929
vn -0.0855 0.7956 -0.5997
vn -0.2410 0.5597 -0.7929
vn -0.3004 0.8537 -0.4254
vn -0.5312 0.6382 -0.5573
vn -0.3005 0.8537 -0.4253
vn -0.6923 0.6890 -0.2146
vn -0.4401 0.8936 0.0881
vn -0.4400 0.8936 0.0881
vn -0.4196 0.8914 -0.1716
vn 0.0365 0.9939 -0.1045
vn 0.0780 0.9927 0.0921
vn 0.4720 0.2133 0.8554
vn 0.7672 0.1545 0.6226
vn 0.4721 0.2134 0.8554
vn 0.4819 0.3436 0.8061
vn 0.4819 0.3436 0.8060
vn 0.1823 0.7714 0.6096
vn 0.4818 0.3436 0.8061
vn 0.3754 0.8810 0.2879
vn 0.1823 0.7715 0.6096
vn 0.1823 0.7715 0.6095
vn 0.3754 0.8810 0.2878
vn 0.1577 0.9775 0.1401
vn 0.1577 0.9775 0.1402
vn 0.0780 0.9927 0.0922
vn -0.0607 0.9786 0.1969
vn -0.0607 0.9786 0.1968
vn -0.3004 0.8807 0.3664
vn -0.3004 0.8807 0.3663
vn -0.6923 0.7019 0.1673
vn -0.3004 0.8806 0.3664
vn -0.4401 0.8936 0.0882
vn -0.6924 0.6889 -0.2145
vn -0.6924 0.7019 0.1672
vn 0.0686 0.3145 0.9468
vn 0.4720 0.2134 0.8554
vn -0.6923 0.7020 0.1673
vn -0.5336 0.6497 0.5414
vn -0.6924 0.7019 0.1673
vn -0.5861 0.5439 0.6005
vn -0.5336 0.6497 0.5415
vn -0.5861 0.5439 0.6006
vn 0.2312 0.9581 0.1694
vn 0.0658 0.9562 0.2852
vn -0.0607 0.9785 0.1969
vn -0.3003 0.8807 0.3664
vn -0.0856 0.8345 0.5444
vn -0.0857 0.8344 0.5444
vn -0.2557 0.5427 0.8001
vn -0.2557 0.5426 0.8001
vn -0.2874 0.4189 0.8614
vn -0.2556 0.5426 0.8002
vn -0.2873 0.4189 0.8614
vn 0.0685 0.3145 0.9468
vn 0.0993 0.4396 0.8927
vn 0.4818 0.3437 0.8061
vn -0.0856 0.8344 0.5445
vn 0.0659 0.9562 0.2852
vn -0.0856 0.8344 0.5444
vn 0.2091 0.9283 0.3073
vn -0.2556 0.5426 0.8001
vn 0.8491 0.3354 -0.4081
vn 0.6997 0.5805 -0.4164
vn 0.8491 0.3353 -0.4081
vn 0.9154 0.0561 -0.3987
vn 0.9154 0.0560 -0.3987
vn 0.9168 -0.0879 -0.3896
vn -0.9227 0.3842 -0.0322
vn -0.0696 0.9014 -0.4273
vn -0.0695 0.9014 -0.4273
vn 0.4817 0.7676 -0.4228
vn 0.6996 0.5806 -0.4165
vn 0.4818 0.7675 -0.4228
vn 0.6996 0.5806 -0.4164
vn 0.7621 0.6470 -0.0220
vn -0.3490 0.8352 -0.4251
vn -0.3491 0.8351 -0.4251
vn -0.5943 0.6859 -0.4200
vn -0.5944 0.6858 -0.4200
vn 0.6096 0.0195 -0.7925
vn 0.6096 0.0194 -0.7925
vn 0.6095 0.0195 -0.7925
vn 0.3208 0.4932 -0.8086
vn 0.1443 0.5669 -0.8111
vn -0.0463 0.5824 -0.8116
vn -0.2409 0.5596 -0.7929
vn -0.5203 0.2938 -0.8018
vn -0.5753 0.1858 -0.7965
vn 0.9528 0.0624 -0.2972
vn 0.8838 0.3531 -0.3068
vn 0.7283 0.6083 -0.3156
vn 0.8838 0.3532 -0.3068
vn 0.8838 0.3531 -0.3069
vn 0.8240 0.3232 -0.4654
vn 0.6790 0.5611 -0.4734
vn 0.8240 0.3231 -0.4654
vn 0.8884 0.0521 -0.4562
vn 0.9534 -0.0874 -0.2886
vn 0.8884 0.0520 -0.4562
vn 0.9528 0.0623 -0.2972
vn 0.9535 -0.0875 -0.2885
vn 0.8902 -0.0877 -0.4470
vn -0.7584 0.4518 -0.4697
vn -0.8827 0.3584 -0.3039
vn -0.8827 0.3583 -0.3039
vn -0.5768 0.6632 -0.4769
vn -0.6186 0.7179 -0.3193
vn -0.6187 0.7178 -0.3193
vn -0.8134 0.4912 -0.3116
vn -0.6187 0.7179 -0.3193
vn 0.2255 0.9180 -0.3261
vn 0.2256 0.9180 -0.3261
vn 0.5014 0.8030 -0.3221
vn 0.5015 0.8030 -0.3221
vn 0.5015 0.8029 -0.3222
vn 0.7283 0.6083 -0.3157
vn 0.6790 0.5610 -0.4734
vn 0.7283 0.6082 -0.3157
vn 0.4676 0.7425 -0.4796
vn 0.5015 0.8030 -0.3222
vn 0.4675 0.7426 -0.4796
vn 0.2104 0.8499 -0.4832
vn 0.5014 0.8030 -0.3222
vn 0.2103 0.8499 -0.4832
vn 0.2256 0.9180 -0.3262
vn -0.0724 0.9423 -0.3269
vn 0.2255 0.9180 -0.3262
vn -0.0725 0.9423 -0.3269
vn -0.3633 0.8733 -0.3246
vn -0.3388 0.8081 -0.4818
vn -0.3387 0.8082 -0.4818
vn -0.5767 0.6633 -0.4769
vn -0.0675 0.8725 -0.4840
vn -0.0724 0.9423 -0.3270
vn -0.0676 0.8725 -0.4840
vn 0.9249 0.3799 -0.0130
vn -0.1836 -0.7807 -0.5973
vn 0.2404 0.9370 -0.2536
vn 0.1822 0.7283 -0.6605
vn 0.0963 0.3651 -0.9260
vn -0.0000 -0.0338 -0.9994
vn 0.1760 0.9614 -0.2114
vn -0.0856 0.7957 -0.5996
vn -0.4195 0.8914 -0.1717
vn -0.4195 0.8914 -0.1716
vn -0.6923 0.7019 0.1672
vn -0.4196 0.8913 -0.1716
vn -0.3005 0.8537 -0.4254
vn 0.9344 0.2941 -0.2011
vn 0.6650 0.6193 -0.4174
vn 0.7672 0.1544 0.6226
vn 0.9368 0.2810 0.2082
vn 0.4831 0.3838 -0.7870
vn -0.2887 0.4616 -0.8388
vn 0.7995 0.5926 0.0982
vn 0.9344 0.2941 -0.2010
vn 0.7842 0.5990 -0.1617
vn 0.4819 0.3437 0.8060
vn 0.4502 0.7044 0.5489
vn 0.1822 0.7715 0.6096
vn -0.5335 0.6497 0.5415
vn -0.0608 0.9786 0.1968
vn -0.1299 0.9903 0.0485
vn 0.0366 0.9938 -0.1045
vn 0.5688 0.8151 -0.1096
vn 0.5688 0.8206 0.0543
vn -0.0855 0.8345 0.5444
vn 0.5688 0.8152 -0.1096
vn 0.2876 0.9343 -0.2106
vn 0.1578 0.9775 0.1401
vn -0.0001 -0.0338 -0.9994
vn 0.9168 -0.0879 -0.3897
vn 0.9961 -0.0884 0.0028
vn 0.2168 0.8781 -0.4265
vn 0.7505 0.6603 0.0269
vn 0.8443 0.5358 -0.0126
vn 0.7243 0.6891 -0.0215
vn 0.8442 0.5358 -0.0126
vn 0.9995 0.0126 0.0278
vn 0.9243 0.3735 0.0787
vn 0.9242 0.3736 0.0787
vn 0.7243 0.6892 -0.0216
vn 0.7243 0.6892 -0.0215
vn 0.3467 0.9158 0.2027
vn 0.3852 0.9223 -0.0313
vn 0.9243 0.3735 0.0788
vn 0.8135 -0.5294 -0.2405
vn 0.8754 -0.4167 -0.2452
vn 0.8754 -0.4167 -0.2451
vn 0.8136 -0.5294 -0.2405
vn 0.9598 -0.2794 -0.0256
vn 0.9887 -0.0969 0.1148
vn 0.9905 -0.0607 0.1238
vn 0.7632 0.4791 0.4335
vn 0.9243 0.3736 0.0788
vn 0.7633 0.4791 0.4335
vn 0.9242 0.3736 0.0788
vn 0.9904 -0.0607 0.1238
vn 0.0756 -0.6083 -0.7901
vn 0.3733 -0.3340 -0.8655
vn 0.1520 -0.2968 -0.9428
vn 0.3058 -0.6160 -0.7260
vn 0.0267 -0.7959 -0.6049
vn 0.3057 -0.6160 -0.7260
vn 0.0756 -0.6084 -0.7900
vn 0.2569 -0.7914 -0.5547
vn 0.2570 -0.7914 -0.5547
vn 0.5650 -0.5774 -0.5894
vn 0.5649 -0.5774 -0.5894
vn 0.9302 -0.2967 -0.2163
vn 0.9995 0.0125 0.0278
vn 0.3058 -0.6159 -0.7260
vn 0.6186 -0.3527 -0.7021
vn 0.3734 -0.3340 -0.8655
vn -0.0316 -0.5931 -0.8045
vn 0.1519 -0.2968 -0.9428
vn 0.0466 -0.2742 -0.9605
vn 0.0808 -0.1377 -0.9872
vn 0.0467 -0.2741 -0.9606
vn 0.1520 -0.2967 -0.9428
vn 0.0806 -0.1376 -0.9872
vn 0.3733 -0.3339 -0.8655
vn 0.4036 -0.2047 -0.8918
vn 0.6186 -0.3526 -0.7022
vn 0.4036 -0.2047 -0.8917
vn 0.3734 -0.3339 -0.8655
vn 0.6421 -0.2429 -0.7271
vn 0.9302 -0.2966 -0.2163
vn 0.6422 -0.2429 -0.7271
vn 0.6186 -0.3526 -0.7021
vn 0.6422 -0.2429 -0.7270
vn 0.9883 -0.1525 0.0046
vn 0.9883 -0.1524 0.0046
vn 0.9995 0.0125 0.0279
vn 0.9995 0.0126 0.0279
vn 0.9592 -0.1773 -0.2203
vn 0.7576 0.2149 -0.6163
vn 0.7004 -0.0159 -0.7135
vn 0.7004 -0.0159 -0.7136
vn 0.7576 0.2150 -0.6163
vn 0.5425 0.3594 -0.7593
vn 0.5425 0.3595 -0.7593
vn 0.4715 0.0695 -0.8791
vn 0.4714 0.0695 -0.8792
vn 0.3342 0.4538 -0.8261
vn 0.2565 0.1331 -0.9573
vn 0.3341 0.4538 -0.8261
vn 0.2313 0.4887 -0.8412
vn 0.2565 0.1332 -0.9573
vn 0.1522 0.1602 -0.9753
vn 0.1196 0.0219 -0.9926
vn 0.2564 0.1331 -0.9574
vn 0.1519 0.1602 -0.9753
vn 0.1194 0.0218 -0.9926
vn 0.2565 0.1331 -0.9574
vn 0.4714 0.0694 -0.8792
vn 0.4385 -0.0607 -0.8967
vn 0.7004 -0.0160 -0.7136
vn 0.4715 0.0694 -0.8792
vn 0.4386 -0.0607 -0.8966
vn 0.6706 -0.1256 -0.7311
vn 0.7004 -0.0160 -0.7135
vn 0.6707 -0.1256 -0.7311
vn 0.9447 -0.2521 -0.2100
vn 0.9806 -0.1941 -0.0286
vn 0.9619 0.0808 -0.2613
vn 0.9651 -0.0477 -0.2577
vn 0.9650 -0.0477 -0.2577
vn 0.9618 0.0809 -0.2614
vn 0.7948 0.3602 -0.4884
vn 0.5826 0.5482 -0.6001
vn 0.5425 0.3595 -0.7592
vn 0.5825 0.5482 -0.6001
vn 0.3792 0.6545 -0.6541
vn 0.3342 0.4538 -0.8260
vn 0.3342 0.4539 -0.8260
vn 0.2785 0.6914 -0.6667
vn 0.3341 0.4539 -0.8260
vn 0.2784 0.6914 -0.6667
vn 0.2313 0.4888 -0.8412
vn 0.9692 0.1920 -0.1545
vn 0.8072 0.5215 -0.2767
vn 0.8071 0.5215 -0.2767
vn 0.6138 0.7697 -0.1757
vn 0.8072 0.5214 -0.2767
vn 0.9619 0.0809 -0.2613
vn 0.8055 0.4694 -0.3618
vn 0.8054 0.4694 -0.3618
vn 0.8071 0.5215 -0.2768
vn 0.6060 0.7173 -0.3439
vn 0.6059 0.7174 -0.3439
vn 0.6137 0.7697 -0.1757
vn 0.4193 0.8863 -0.1965
vn 0.4100 0.8306 -0.3769
vn 0.6030 0.6604 -0.4475
vn 0.6059 0.7173 -0.3439
vn 0.4101 0.8306 -0.3769
vn 0.6031 0.6604 -0.4474
vn 0.4034 0.7735 -0.4888
vn 0.4034 0.7735 -0.4889
vn 0.3792 0.6545 -0.6540
vn 0.4033 0.7735 -0.4889
vn 0.2785 0.6914 -0.6666
vn 0.6031 0.6604 -0.4475
vn 0.5826 0.5482 -0.6000
vn 0.8054 0.4694 -0.3619
vn 0.8054 0.4695 -0.3618
vn 0.4033 0.7735 -0.4888
vn 0.3136 0.8680 -0.3851
vn 0.4100 0.8306 -0.3768
vn 0.3247 0.9240 -0.2020
vn 0.3239 0.9243 -0.2020
vn 0.4193 0.8863 -0.1964
vn 0.4213 0.9063 -0.0328
vn 0.6137 0.7697 -0.1756
vn 0.4214 0.9063 -0.0328
vn 0.4194 0.8863 -0.1964
vn 0.6138 0.7697 -0.1756
vn 0.8168 0.5768 0.0095
vn 0.9795 0.2011 0.0154
vn 0.9795 0.2010 0.0154
vn 0.9692 0.1919 -0.1545
vn 0.9806 -0.1940 -0.0286
vn 0.9806 -0.1941 -0.0287
vn 0.4179 0.6155 0.6682
vn 0.2415 0.3793 0.8932
vn 0.6314 0.6611 0.4053
vn 0.8228 0.5066 0.2576
vn 0.8167 0.5769 0.0096
vn 0.9890 0.1062 0.1028
vn 0.8229 0.5065 0.2575
vn 0.8694 -0.4807 0.1148
vn 0.9651 -0.0477 -0.2576
vn 0.9651 -0.0478 -0.2577
vn 0.9236 -0.2548 -0.2864
vn 0.9097 -0.2801 -0.3065
vn 0.3724 0.1726 0.9119
vn 0.6371 0.2398 0.7325
vn 0.6372 0.2399 0.7324
vn 0.8229 0.5065 0.2576
vn 0.6372 0.2398 0.7325
vn 0.9097 -0.2802 -0.3065
vn 0.9097 -0.2802 -0.3064
vn 0.9237 -0.2548 -0.2862
vn 0.7927 -0.1059 0.6004
vn 0.3117 0.0009 0.9502
vn 0.3116 0.0010 0.9502
vn 0.1675 0.0379 0.9852
vn 0.1703 0.0727 0.9827
vn 0.3220 0.0550 0.9452
vn 0.1702 0.0726 0.9827
vn 0.4179 0.6154 0.6683
vn 0.3723 0.1726 0.9119
vn 0.4179 0.6155 0.6683
vn 0.1780 0.0459 -0.9830
vn 0.1664 -0.0337 -0.9855
vn 0.3210 0.0085 -0.9470
vn 0.5794 -0.1371 -0.8034
vn 0.3211 0.0085 -0.9470
vn 0.5854 -0.0667 -0.8080
vn 0.5854 -0.0668 -0.8080
vn 0.5855 -0.0668 -0.8080
vn 0.9332 -0.2160 -0.2874
vn 0.9230 -0.2353 0.3045
vn 0.5601 -0.1476 0.8152
vn 0.5601 -0.1477 0.8152
vn 0.5855 -0.0667 -0.8079
vn 0.8053 -0.1226 -0.5801
vn 0.9331 -0.2159 -0.2875
vn 0.8053 -0.1226 -0.5800
vn 0.9320 -0.1884 -0.3096
vn 0.9320 -0.1884 -0.3095
vn 0.7590 -0.2404 0.6050
vn 0.4676 -0.4578 0.7561
vn 0.5029 -0.8098 0.3021
vn 0.2642 -0.8495 0.4566
vn 0.4676 -0.4579 0.7561
vn 0.5028 -0.8098 0.3022
vn 0.1814 -0.9823 0.0456
vn 0.2659 -0.2654 0.9268
vn 0.2659 -0.2653 0.9267
vn 0.2659 -0.2653 0.9268
vn 0.1814 -0.9824 0.0456
vn -0.0416 -0.9986 0.0318
vn 0.1897 -0.9749 -0.1165
vn -0.0369 -0.9905 -0.1327
vn -0.0368 -0.9905 -0.1328
vn 0.1897 -0.9749 -0.1166
vn 0.2041 -0.9357 -0.2878
vn -0.0223 -0.9484 -0.3164
vn 0.2261 -0.8905 -0.3948
vn -0.0223 -0.9483 -0.3164
vn -0.0039 -0.9019 -0.4320
vn 0.5028 -0.8099 0.3021
vn 0.4613 -0.8852 0.0591
vn 0.1814 -0.9823 0.0457
vn 0.4738 -0.8500 -0.2302
vn 0.4737 -0.8500 -0.2302
vn 0.2042 -0.9357 -0.2878
vn 0.4948 -0.8085 -0.3185
vn 0.2262 -0.8905 -0.3948
vn 0.4737 -0.8500 -0.2303
vn 0.7822 -0.5965 -0.1799
vn 0.4949 -0.8085 -0.3185
vn 0.7707 -0.6244 -0.1269
vn 0.7707 -0.6244 -0.1268
vn 0.7783 -0.6264 0.0435
vn 0.8317 -0.5410 0.1248
vn 0.7783 -0.6263 0.0435
vn 0.4614 -0.8852 0.0592
vn 0.8318 -0.5410 0.1248
vn 0.8318 -0.5409 0.1248
vn 0.8990 -0.3845 0.2096
vn 0.8990 -0.3844 0.2097
vn 0.8990 -0.3845 0.2097
vn 0.7708 -0.6244 -0.1268
vn 0.9598 -0.2795 -0.0256
vn 0.7784 -0.6263 0.0435
vn 0.9716 -0.2354 -0.0258
vn 0.8990 -0.3844 0.2096
vn 0.9451 -0.1746 -0.2761
vn 0.8053 -0.1225 -0.5801
vn 0.5969 -0.0330 -0.8017
vn 0.5968 -0.0329 -0.8017
vn 0.3379 0.0721 -0.9384
vn 0.3349 0.3499 -0.8749
vn 0.5969 -0.0329 -0.8017
vn 0.8053 -0.1225 -0.5800
vn 0.9451 -0.1746 -0.2762
vn 0.9717 0.0142 -0.2359
vn 0.9717 0.0141 -0.2359
vn 0.9991 0.0405 -0.0133
vn 0.9991 0.0405 -0.0134
vn 0.9947 0.0348 0.0973
vn 0.9947 0.0347 0.0973
vn 0.9598 -0.2794 -0.0255
vn 0.9974 0.0094 -0.0720
vn 0.9717 0.0141 -0.2360
vn 0.0976 0.9530 -0.2867
vn 0.9717 0.0142 -0.2358
vn -0.0074 0.9818 -0.1898
vn 0.0977 0.9530 -0.2867
vn -0.0166 0.9982 -0.0568
vn -0.0073 0.9818 -0.1898
vn 0.3350 0.3499 -0.8749
vn 0.1833 0.4351 -0.8815
vn 0.1832 0.4351 -0.8815
vn 0.1861 0.1280 -0.9742
vn 0.1780 0.0460 -0.9830
vn 0.1861 0.1279 -0.9742
vn 0.1779 0.0460 -0.9830
vn 0.2569 -0.7914 -0.5546
vn 0.0267 -0.7959 -0.6048
vn -0.0038 -0.9019 -0.4320
vn 0.2261 -0.8905 -0.3949
vn 0.2570 -0.7914 -0.5546
vn 0.8135 -0.5295 -0.2405
vn 0.9943 -0.0194 0.1045
vn 0.2197 0.8937 0.3912
vn 0.9946 0.0347 0.0974
vn 0.9943 -0.0193 0.1044
vn 0.9946 0.0348 0.0973
vn 0.2067 0.9708 0.1218
vn 0.2067 0.9708 0.1219
vn 0.9704 0.1977 0.1388
vn 0.9754 0.2143 0.0512
vn 0.9704 0.1978 0.1389
vn 0.7924 0.5594 0.2432
vn 0.6065 0.7859 0.1206
vn 0.7924 0.5595 0.2432
vn 0.9554 0.1181 0.2708
vn 0.9778 -0.2074 0.0284
vn 0.7900 0.5134 0.3353
vn 0.9553 0.1182 0.2709
vn 0.5987 0.7464 0.2906
vn 0.7899 0.5134 0.3353
vn 0.5986 0.7462 0.2912
vn 0.4085 0.9026 0.1354
vn 0.5985 0.7463 0.2913
vn 0.6065 0.7859 0.1205
vn 0.4249 0.8996 -0.1014
vn 0.7935 0.5976 -0.1154
vn 0.7935 0.5975 -0.1153
vn 0.4085 0.9026 0.1355
vn 0.4085 0.9027 0.1354
vn 0.2655 0.9612 -0.0755
vn 0.3992 0.0341 -0.9162
vn 0.6124 0.7838 -0.1031
vn 0.6358 -0.0150 -0.7717
vn 0.8232 -0.0809 -0.5619
vn 0.7935 0.5975 -0.1154
vn 0.9746 0.2107 -0.0760
vn 0.9696 -0.2440 0.0190
vn 0.9059 -0.2539 0.3391
vn 0.8535 -0.0699 0.5163
vn 0.2200 0.0702 0.9730
vn 0.4105 0.0505 0.9104
vn 0.4106 0.0505 0.9104
vn 0.4733 0.8793 -0.0529
vn 0.4106 0.0506 0.9104
vn 0.6750 -0.0109 0.7377
vn 0.4105 0.0505 0.9105
vn 0.4734 0.8793 -0.0528
vn 0.4596 0.8684 -0.1858
vn 0.6751 -0.0109 0.7377
vn 0.8536 -0.0699 0.5163
vn 0.8535 -0.0700 0.5163
vn 0.3546 0.8906 -0.2847
vn 0.2403 0.9370 -0.2535
vn 0.9904 -0.0606 0.1238
vn 0.2655 0.9612 -0.0756
vn 0.2595 0.9579 0.1225
vn 0.9961 -0.0885 0.0030
vn 0.2654 0.9612 -0.0755
vn 0.2596 0.9579 0.1224
vn 0.2091 0.9284 0.3072
vn 0.8535 -0.0699 0.5164
vn 0.5380 -0.2069 0.8171
vn 0.2091 0.9284 0.3073
vn 0.8125 0.4531 0.3668
vn 0.8125 0.4530 0.3668
vn 0.9913 -0.1216 0.0494
vn 0.9662 -0.2401 -0.0940
vn 0.9914 -0.1216 0.0493
vn 0.9785 -0.1883 0.0845
vn 0.5955 0.6958 0.4015
vn 0.5986 0.7462 0.2913
vn 0.5954 0.6959 0.4015
vn 0.4086 0.9026 0.1355
vn 0.5985 0.7463 0.2912
vn 0.4048 0.8054 0.4330
vn 0.3809 0.6949 0.6100
vn 0.5954 0.6959 0.4016
vn 0.5955 0.6959 0.4015
vn 0.4048 0.8054 0.4329
vn 0.3809 0.6948 0.6100
vn 0.5157 0.4839 0.7070
vn 0.3241 0.5922 0.7378
vn 0.7853 0.2773 0.5535
vn 0.2091 0.9283 0.3074
vn 0.5157 0.4838 0.7071
vn 0.7853 0.2772 0.5536
vn 0.0738 0.9564 0.2825
vn 0.5157 0.4839 0.7071
vn 0.0658 0.9562 0.2851
vn 0.3241 0.5921 0.7378
vn 0.3240 0.5922 0.7378
vn 0.2345 0.6401 0.7316
vn 0.2884 0.7297 0.6199
vn 0.3808 0.6949 0.6100
vn 0.3123 0.8419 0.4401
vn 0.2884 0.7298 0.6199
vn 0.3123 0.8419 0.4400
vn 0.4047 0.8054 0.4330
vn 0.3215 0.8915 0.3193
vn 0.4047 0.8054 0.4329
vn 0.4114 0.8556 0.3141
vn 0.9996 0.0020 -0.0298
vn 0.8514 -0.0391 -0.5231
vn 0.0355 -0.1939 -0.9804
vn 0.8515 -0.0391 -0.5230
vn -0.0417 -0.9986 0.0318
vn -0.3283 -0.9442 0.0282
vn -0.7120 -0.7018 0.0239
vn -0.8814 -0.4721 0.0160
vn -0.8814 -0.4720 0.0160
vn -0.9712 -0.0699 -0.2277
vn -0.9982 0.0402 0.0435
vn -0.9879 -0.1284 0.0865
vn -0.9880 -0.1284 0.0864
vn -0.9982 0.0372 -0.0461
vn -0.9982 0.0373 -0.0461
vn -0.9982 0.0373 -0.0462
vn -0.9726 0.1386 -0.1865
vn -0.9726 0.1385 -0.1865
vn -0.9726 0.1386 -0.1866
vn -0.9036 0.2055 -0.3759
vn -0.9036 0.2055 -0.3760
vn -0.8673 -0.3148 -0.3857
vn -0.9712 -0.0699 -0.2278
vn -0.9982 0.0372 -0.0462
vn -0.9879 -0.1284 0.0864
vn -0.9879 -0.1341 -0.0775
vn -0.8961 -0.4254 -0.1270
vn -0.9879 -0.1285 0.0864
vn -0.8961 -0.4253 -0.1270
vn -0.8960 -0.4158 0.1556
vn -0.9712 -0.0543 0.2319
vn -0.8960 -0.4158 0.1557
vn -0.8673 -0.2879 0.4060
vn -0.9879 -0.1341 -0.0776
vn -0.8673 -0.3148 -0.3856
vn -0.9726 0.1510 0.1766
vn -0.9726 0.1509 0.1766
vn -0.9712 -0.0542 0.2319
vn -0.9474 0.2376 0.2145
vn -0.9060 0.4192 -0.0591
vn -0.8990 0.4377 0.0162
vn -0.9151 0.3787 -0.1386
vn -0.9059 0.4192 -0.0591
vn -0.9316 0.3086 -0.1922
vn -0.9036 0.2056 -0.3759
vn -0.9315 0.3086 -0.1923
vn -0.8672 -0.3149 -0.3857
vn -0.6949 -0.6993 -0.1675
vn -0.6949 -0.6993 -0.1674
vn -0.6949 -0.6864 0.2144
vn -0.8960 -0.4159 0.1556
vn -0.8960 -0.4159 0.1557
vn -0.6302 -0.5151 0.5809
vn -0.6302 -0.5151 0.5810
vn -0.8153 -0.0673 0.5751
vn -0.8154 -0.0672 0.5750
vn -0.9411 0.0738 0.3300
vn -0.9411 0.0739 0.3299
vn -0.9035 0.2305 0.3612
vn -0.9474 0.2375 0.2146
vn -0.9316 0.3209 0.1709
vn -0.9474 0.2376 0.2146
vn -0.9316 0.3209 0.1708
vn -0.8192 0.5701 0.0628
vn -0.8989 0.4378 0.0162
vn -0.9059 0.4193 -0.0591
vn -0.8192 0.5646 -0.1013
vn -0.8191 0.5701 0.0628
vn -0.8359 0.5060 0.2129
vn -0.6341 0.6771 0.3734
vn -0.8359 0.5059 0.2129
vn -0.8660 0.3848 0.3194
vn -0.9035 0.2306 0.3612
vn -0.8660 0.3847 0.3195
vn -0.7507 0.2027 0.6288
vn -0.9035 0.2306 0.3613
vn -0.9035 0.2305 0.3613
vn -0.9411 0.0739 0.3300
vn -0.5148 -0.2285 0.8263
vn -0.7506 0.2026 0.6289
vn -0.5224 -0.5655 0.6382
vn -0.6948 -0.6864 0.2144
vn -0.5224 -0.5656 0.6381
vn -0.6302 -0.5152 0.5809
vn -0.6053 -0.7623 0.2292
vn -0.5223 -0.5656 0.6382
vn -0.6949 -0.6994 -0.1674
vn -0.6053 -0.7623 0.2291
vn -0.5638 -0.6173 -0.5487
vn -0.6949 -0.6994 -0.1675
vn -0.6560 -0.5500 -0.5169
vn -0.4892 -0.3173 -0.8124
vn -0.5638 -0.6172 -0.5488
vn -0.6559 -0.5500 -0.5169
vn -0.4216 0.0717 -0.9039
vn -0.6861 0.4684 0.5567
vn -0.2468 0.7914 0.5592
vn -0.2752 0.9433 0.1858
vn -0.2468 0.7915 0.5592
vn -0.1502 0.9629 0.2242
vn -0.2751 0.9433 0.1858
vn -0.1502 0.9629 0.2241
vn -0.3020 0.9270 -0.2226
vn -0.2751 0.9433 0.1857
vn -0.3409 0.7543 -0.5611
vn -0.2288 0.7699 -0.5957
vn -0.3409 0.7542 -0.5612
vn -0.2288 0.7699 -0.5958
vn -0.3408 0.7542 -0.5612
vn -0.4205 0.4376 -0.7948
vn -0.4216 0.0719 -0.9039
vn -0.4983 0.0912 -0.8622
vn -0.4984 0.0911 -0.8622
vn -0.4984 0.0912 -0.8621
vn -0.8153 -0.1060 -0.5692
vn -0.6560 -0.5500 -0.5170
vn -0.6052 0.7877 0.1149
vn -0.6052 0.7877 0.1148
vn -0.3020 0.9270 -0.2225
vn -0.6053 0.7877 0.1148
vn -0.6053 0.7781 -0.1679
vn -0.6341 0.6503 -0.4185
vn -0.9059 0.4193 -0.0592
vn -0.8359 0.4904 -0.2466
vn -0.9035 0.2056 -0.3760
vn -0.9035 0.2055 -0.3760
vn -0.4984 0.0911 -0.8621
vn -0.4206 0.4376 -0.7948
vn -0.8358 0.4904 -0.2467
vn -0.8358 0.4904 -0.2466
vn -0.8191 0.5646 -0.1013
vn -0.6054 0.7781 -0.1679
vn -0.6053 0.7781 -0.1678
vn -0.8191 0.5702 0.0628
vn -0.6054 0.7780 -0.1679
vn -0.6053 0.7877 0.1149
vn -0.7598 0.1633 -0.6294
vn 0.7223 -0.6781 -0.1358
vn 0.2877 -0.9558 -0.0605
vn 0.2874 -0.9559 -0.0609
vn -0.2308 -0.9683 0.0959
vn -0.0180 -0.9924 0.1217
vn 0.7958 -0.5881 -0.1442
vn 0.7822 -0.5965 -0.1798
vn 0.9054 -0.3945 -0.1568
vn 0.7959 -0.5880 -0.1442
vn 0.7220 -0.6782 -0.1368
vn 0.8722 -0.4667 -0.1465
vn 0.7223 -0.6782 -0.1358
vn 0.2874 -0.9559 -0.0608
vn 0.1815 -0.9823 0.0456
vn -0.3577 -0.8999 0.2493
vn -0.5263 -0.8302 0.1839
vn -0.3572 -0.9000 0.2497
vn -0.2988 -0.9413 0.1573
vn -0.0181 -0.9924 0.1217
vn -0.2987 -0.9413 0.1573
vn -0.2987 -0.9413 0.1574
vn 0.2634 -0.9358 0.2342
vn 0.2635 -0.9358 0.2342
vn 0.5568 -0.7997 0.2247
vn 0.8357 -0.5089 0.2064
vn -0.0535 -0.9284 0.3677
vn 0.8354 -0.5084 0.2087
vn 0.9180 -0.3463 0.1932
vn -0.5819 -0.7912 0.1879
vn -0.2988 -0.9413 0.1574
vn -0.5264 -0.8301 0.1839
vn -0.6868 -0.6276 0.3666
vn -0.7658 -0.5909 0.2537
vn -0.7658 -0.5909 0.2536
vn -0.8120 -0.5587 0.1692
vn -0.8040 -0.5568 0.2088
vn -0.8040 -0.5568 0.2089
vn -0.9445 -0.2469 0.2165
vn -0.9779 0.0061 0.2091
vn -0.9446 -0.2468 0.2165
vn -0.9779 0.0061 0.2090
vn -0.9446 -0.2469 0.2165
vn -0.7659 -0.5908 0.2537
vn -0.6869 -0.6276 0.3666
vn -0.9254 -0.2320 0.2997
vn -0.9254 -0.2320 0.2996
vn -0.9411 0.0738 0.3299
vn -0.9406 0.1641 0.2972
vn -0.8669 -0.2586 0.4261
vn -0.8348 -0.0224 0.5500
vn -0.9041 0.0593 0.4233
vn -0.9041 0.0594 0.4232
vn -0.9041 0.0593 0.4232
vn -0.9008 0.1429 0.4101
vn -0.9007 0.1429 0.4102
vn -0.9041 0.0594 0.4233
vn -0.8362 0.0788 0.5428
vn -0.8361 0.0788 0.5428
vn 0.7296 -0.6815 0.0561
vn 0.5158 -0.8518 0.0916
vn 0.3879 -0.9216 -0.0095
vn 0.5033 -0.8501 0.1551
vn 0.5158 -0.8518 0.0915
vn 0.6913 -0.7045 0.1606
vn 0.5874 -0.8006 0.1186
vn 0.5159 -0.8518 0.0915
vn 0.5159 -0.8518 0.0916
vn 0.5034 -0.8500 0.1551
vn 0.5033 -0.8500 0.1551
vn 0.6913 -0.7044 0.1606
vn 0.9230 -0.2354 0.3044
vn 0.5183 -0.6861 0.5106
vn 0.5183 -0.6861 0.5105
vn -0.8895 0.4528 0.0610
vn 0.2092 0.9283 0.3072
vn -0.8895 0.4528 0.0611
vn 0.2197 0.8937 0.3911
vn -0.5199 0.7766 0.3557
vn 0.1888 0.8203 0.5399
vn -0.8960 0.4259 0.1259
vn -0.9374 0.3466 0.0336
vn -0.5200 0.7766 0.3557
vn -0.9374 0.3467 0.0335
vn -0.9671 0.2293 -0.1101
vn -0.9671 0.2293 -0.1100
vn -0.9374 0.3467 0.0336
vn -0.9571 0.2816 0.0685
vn -0.8000 0.4943 0.3402
vn -0.7989 0.5441 0.2563
vn -0.7999 0.4943 0.3402
vn -0.7999 0.4943 0.3403
vn -0.7989 0.5441 0.2564
vn -0.4717 0.8197 0.3248
vn -0.4984 0.7334 0.4623
vn -0.4717 0.8197 0.3249
vn -0.2163 0.8929 0.3948
vn -0.4717 0.8198 0.3248
vn -0.1942 0.9387 0.2848
vn -0.2162 0.8930 0.3948
vn -0.1941 0.9387 0.2848
vn 0.0217 0.9502 0.3109
vn 0.0487 0.9900 0.1326
vn 0.0218 0.9502 0.3109
vn -0.9647 0.2631 0.0139
vn -0.7738 0.6211 0.1245
vn -0.7837 0.5953 0.1773
vn -0.7737 0.6212 0.1246
vn -0.4514 0.8614 0.2329
vn -0.4513 0.8614 0.2329
vn -0.1805 0.9769 0.1141
vn -0.1831 0.9770 -0.1095
vn 0.0487 0.9900 0.1325
vn -0.4718 0.8197 0.3248
vn -0.9647 0.2631 0.0140
vn -0.9738 0.2275 0.0044
vn -0.7989 0.5440 0.2563
vn -0.7737 0.6212 0.1245
vn -0.7692 0.6379 0.0368
vn -0.4293 0.8944 -0.1253
vn -0.4293 0.8945 -0.1253
vn -0.7693 0.6378 0.0368
vn -0.7693 0.6379 0.0368
vn -0.8960 0.4258 0.1258
vn -0.8990 0.4378 0.0162
vn 0.0488 0.9900 0.1326
vn 0.0488 0.9900 0.1325
vn -0.1956 0.1862 -0.9628
vn -0.1957 0.1863 -0.9628
vn -0.3248 0.2099 -0.9222
vn -0.1830 0.9770 -0.1095
vn -0.3247 0.2100 -0.9222
vn -0.5597 0.2753 -0.7816
vn -0.1831 0.9770 -0.1096
vn -0.5598 0.2753 -0.7816
vn -0.9155 0.2773 -0.2916
vn -0.9271 0.1965 0.3190
vn -0.9271 0.1965 0.3191
vn -0.7985 0.3311 0.5028
vn -0.8019 0.1601 0.5757
vn -0.7984 0.3312 0.5028
vn -0.6163 0.3026 0.7271
vn -0.3558 0.2365 0.9042
vn -0.3558 0.2365 0.9041
vn -0.3212 0.0224 0.9468
vn -0.1784 0.1670 0.9697
vn -0.1784 0.1669 0.9697
vn -0.3558 0.2366 0.9041
vn -0.0165 0.9982 -0.0568
vn -0.0166 0.9982 -0.0569
vn -0.6163 0.3026 0.7270
vn -0.7985 0.3312 0.5028
vn -0.7985 0.3311 0.5027
vn -0.9346 0.3558 -0.0052
vn 0.2060 0.9756 -0.0760
vn -0.9346 0.3558 -0.0051
vn -0.3272 0.1415 -0.9343
vn -0.2894 0.0790 -0.9539
vn -0.1421 0.0435 -0.9889
vn -0.5753 0.1858 -0.7966
vn -0.2895 0.0790 -0.9539
vn -0.3273 0.1415 -0.9343
vn -0.5611 0.1430 -0.8153
vn -0.7781 0.1943 -0.5973
vn -0.5610 0.1436 -0.8153
vn -0.5754 0.1858 -0.7965
vn -0.7779 0.1953 -0.5973
vn -0.7782 0.1944 -0.5972
vn -0.7782 0.1943 -0.5972
vn -0.9738 0.2274 0.0043
vn -0.9271 0.1966 0.3190
vn -0.5807 0.1343 0.8030
vn -0.9271 0.1966 0.3191
vn -0.9155 0.2772 -0.2917
vn -0.7597 0.3035 -0.5751
vn -0.7781 0.1944 -0.5973
vn -0.5597 0.2754 -0.7816
vn -0.3248 0.2100 -0.9222
vn -0.3273 0.1416 -0.9343
vn -0.1421 0.0436 -0.9889
vn -0.5808 0.1336 0.8030
vn -0.3109 0.0656 0.9482
vn -0.5807 0.1336 0.8031
vn -0.1702 -0.0059 0.9854
vn -0.1617 0.0300 0.9864
vn 0.7598 -0.2055 -0.6169
vn -0.8458 -0.3214 -0.4257
vn -0.8586 -0.2840 -0.4268
vn -0.8152 -0.3066 -0.4913
vn -0.8801 -0.2060 -0.4277
vn -0.8984 -0.2050 -0.3884
vn -0.8613 -0.1930 -0.4699
vn -0.9413 0.0156 -0.3373
vn 0.2913 -0.0830 0.9530
vn 0.1299 -0.1256 0.9835
vn 0.0546 -0.3897 0.9193
vn -0.0416 -0.9986 0.0319
vn -0.0418 -0.9986 0.0318
vn -0.1389 -0.9807 -0.1375
vn -0.0369 -0.9905 -0.1328
vn -0.0224 -0.9484 -0.3164
vn -0.1254 -0.9378 -0.3237
vn -0.1253 -0.9378 -0.3237
vn -0.0224 -0.9483 -0.3165
vn -0.0794 -0.7833 -0.6166
vn -0.0797 -0.7832 -0.6167
vn 0.0756 -0.6084 -0.7901
vn -0.0323 -0.5930 -0.8046
vn 0.1332 -0.0796 0.9879
vn 0.1467 -0.0473 0.9880
vn -0.0293 0.7944 0.6067
vn 0.1017 0.8931 0.4383
vn 0.0687 0.7831 0.6181
vn -0.0278 0.6776 0.7349
vn 0.0687 0.7830 0.6182
vn 0.0737 0.6792 0.7303
vn -0.0279 0.6776 0.7349
vn -0.2473 0.6691 0.7008
vn -0.5793 0.6085 0.5423
vn -0.2474 0.6691 0.7008
vn -0.5794 0.6085 0.5423
vn -0.2163 0.8929 0.3949
vn 0.0029 0.9030 0.4297
vn 0.1181 0.9408 0.3176
vn -0.2473 0.6692 0.7008
vn -0.5793 0.6086 0.5423
vn -0.2474 0.6692 0.7007
vn -0.2468 0.7914 0.5593
vn 0.0029 0.9029 0.4297
vn -0.1343 0.7879 0.6010
vn -0.1849 0.5008 0.8456
vn -0.3167 0.5088 0.8005
vn -0.3168 0.5088 0.8005
vn -0.7506 0.2027 0.6289
vn -0.6860 0.4683 0.5568
vn -0.4092 0.1295 0.9032
vn -0.3889 -0.2580 0.8844
vn -0.3889 -0.2581 0.8844
vn -0.2823 0.1005 0.9541
vn -0.4092 0.1294 0.9032
vn -0.2823 0.1006 0.9541
vn -0.3168 0.5087 0.8005
vn -0.2823 0.1006 0.9540
vn -0.1849 0.5007 0.8457
vn -0.0001 0.0339 0.9994
vn -0.2667 0.1511 -0.9518
vn -0.5609 0.1436 -0.8153
vn -0.3107 0.0667 0.9482
vt 0.199195 0.849071
vt 0.205627 0.925938
vt 0.198934 0.926145
vt 0.199257 0.830790
vt 0.205912 0.830835
vt 0.205211 0.849112
vt 0.211195 0.849152
vt 0.211549 0.926658
vt 0.217581 0.926928
vt 0.217154 0.849193
vt 0.223658 0.927042
vt 0.223087 0.849233
vt 0.230303 0.927926
vt 0.229015 0.849273
vt 0.236132 0.928661
vt 0.234940 0.849314
vt 0.242233 0.929815
vt 0.240863 0.849354
vt 0.248441 0.930756
vt 0.246782 0.849394
vt 0.254769 0.931420
vt 0.211897 0.830876
vt 0.216646 0.830908
vt 0.222623 0.830948
vt 0.229248 0.830994
vt 0.235871 0.831038
vt 0.241875 0.831079
vt 0.246656 0.831111
vt 0.252715 0.849434
vt 0.252644 0.831152
vt 0.261198 0.931622
vt 0.261755 0.849495
vt 0.261879 0.831215
vt 0.764012 0.382594
vt 0.844967 0.374231
vt 0.844979 0.382594
vt 0.865699 0.374727
vt 0.865699 0.382595
vt 0.865699 0.366900
vt 0.746198 0.345999
vt 0.745007 0.355461
vt 0.742990 0.346613
vt 0.748410 0.354749
vt 0.746965 0.364349
vt 0.750447 0.363637
vt 0.749089 0.373494
vt 0.752682 0.372940
vt 0.750296 0.382594
vt 0.753943 0.382594
vt 0.759145 0.373644
vt 0.758937 0.382594
vt 0.764203 0.373866
vt 0.844774 0.366415
vt 0.865699 0.359116
vt 0.844662 0.358628
vt 0.865699 0.351330
vt 0.759874 0.364859
vt 0.764861 0.365205
vt 0.765831 0.356640
vt 0.844532 0.350828
vt 0.767042 0.348185
vt 0.844344 0.343015
vt 0.768557 0.339909
vt 0.844137 0.335235
vt 0.770387 0.331749
vt 0.844028 0.327491
vt 0.772435 0.323639
vt 0.844207 0.319766
vt 0.775290 0.316355
vt 0.844560 0.311991
vt 0.778352 0.309397
vt 0.865699 0.343529
vt 0.865699 0.335716
vt 0.865699 0.327898
vt 0.865699 0.320062
vt 0.865699 0.312160
vt 0.865699 0.304173
vt 0.845039 0.304173
vt 0.781181 0.302653
vt 0.779364 0.302989
vt 0.775482 0.308185
vt 0.774457 0.306938
vt 0.778112 0.302131
vt 0.768225 0.309067
vt 0.773817 0.305941
vt 0.778347 0.300501
vt 0.768609 0.320169
vt 0.772327 0.314107
vt 0.764607 0.327403
vt 0.769876 0.311938
vt 0.765363 0.315726
vt 0.760435 0.320004
vt 0.753923 0.325066
vt 0.759155 0.337395
vt 0.760443 0.347383
vt 0.760598 0.356175
vt 0.762576 0.310612
vt 0.757450 0.311309
vt 0.752818 0.311587
vt 0.741238 0.317008
vt 0.743452 0.330943
vt 0.774915 0.281289
vt 0.782030 0.282898
vt 0.768299 0.280937
vt 0.762523 0.280842
vt 0.757510 0.281015
vt 0.753021 0.281295
vt 0.742506 0.286106
vt 0.739402 0.285570
vt 0.738075 0.317746
vt 0.740216 0.331441
vt 0.749455 0.253125
vt 0.752533 0.254127
vt 0.762890 0.251602
vt 0.767784 0.251835
vt 0.773219 0.252433
vt 0.779413 0.253596
vt 0.786252 0.255583
vt 0.793383 0.258370
vt 0.801711 0.219110
vt 0.808461 0.222714
vt 0.821381 0.190924
vt 0.827452 0.195989
vt 0.839574 0.172864
vt 0.851237 0.159916
vt 0.853182 0.166592
vt 0.835471 0.167155
vt 0.815645 0.186192
vt 0.795195 0.215861
vt 0.789234 0.213088
vt 0.783917 0.210884
vt 0.779289 0.209243
vt 0.769309 0.208716
vt 0.766371 0.207101
vt 0.849659 0.153851
vt 0.831691 0.161976
vt 0.810435 0.181978
vt 0.805821 0.178373
vt 0.801608 0.175224
vt 0.792948 0.167308
vt 0.790471 0.164513
vt 0.826852 0.119825
vt 0.843571 0.073625
vt 0.850724 0.074302
vt 0.828274 0.123981
vt 0.826207 0.148991
vt 0.828209 0.157447
vt 0.848494 0.148510
vt 0.847541 0.135127
vt 0.849839 0.111318
vt 0.858199 0.074667
vt 0.843965 0.178709
vt 0.855520 0.173660
vt 0.865999 0.172552
vt 0.865883 0.165171
vt 0.865769 0.158289
vt 0.865729 0.152123
vt 0.865713 0.146698
vt 0.865701 0.131798
vt 0.865699 0.108486
vt 0.865664 0.074832
vt 0.865699 0.007550
vt 0.857872 0.007550
vt 0.850811 0.007550
vt 0.845206 0.007550
vt 0.837087 0.072171
vt 0.820521 0.114566
vt 0.813757 0.112114
vt 0.807283 0.134113
vt 0.799722 0.132674
vt 0.793824 0.128754
vt 0.807770 0.108299
vt 0.831244 0.070925
vt 0.838146 0.007550
vt 0.830319 0.007551
vt 0.826409 0.118315
vt 0.815299 0.130117
vt 0.967387 0.382594
vt 0.886419 0.382594
vt 0.886431 0.374231
vt 0.980951 0.363637
vt 0.982309 0.373494
vt 0.978716 0.372940
vt 0.981102 0.382594
vt 0.977455 0.382594
vt 0.972253 0.373644
vt 0.972461 0.382594
vt 0.967195 0.373866
vt 0.886625 0.366415
vt 0.966537 0.365205
vt 0.886736 0.358628
vt 0.965567 0.356640
vt 0.886867 0.350828
vt 0.964356 0.348185
vt 0.887054 0.343015
vt 0.962841 0.339909
vt 0.887262 0.335235
vt 0.961012 0.331749
vt 0.962789 0.320169
vt 0.956108 0.316355
vt 0.959072 0.314107
vt 0.958964 0.323639
vt 0.966792 0.327402
vt 0.972243 0.337395
vt 0.970955 0.347383
vt 0.970800 0.356175
vt 0.971524 0.364859
vt 0.982988 0.354749
vt 0.985200 0.345999
vt 0.887370 0.327491
vt 0.887191 0.319766
vt 0.886838 0.311991
vt 0.953046 0.309397
vt 0.955916 0.308186
vt 0.961522 0.311938
vt 0.966035 0.315726
vt 0.970963 0.320004
vt 0.977475 0.325066
vt 0.987946 0.330943
vt 0.988408 0.346613
vt 0.986391 0.355461
vt 0.984433 0.364348
vt 0.978580 0.311587
vt 0.990160 0.317008
vt 0.991182 0.331441
vt 0.988892 0.286106
vt 0.981943 0.253125
vt 0.991996 0.285570
vt 0.993323 0.317746
vt 0.886360 0.304173
vt 0.950217 0.302653
vt 0.952035 0.302989
vt 0.956942 0.306938
vt 0.963173 0.309067
vt 0.968822 0.310612
vt 0.973948 0.311309
vt 0.978377 0.281295
vt 0.978865 0.254127
vt 0.956483 0.281289
vt 0.957581 0.305941
vt 0.953051 0.300501
vt 0.953286 0.302131
vt 0.963099 0.280937
vt 0.951985 0.253596
vt 0.945146 0.255583
vt 0.936203 0.215861
vt 0.929687 0.219110
vt 0.915753 0.186192
vt 0.910016 0.190924
vt 0.895926 0.167155
vt 0.891824 0.172865
vt 0.880161 0.159916
vt 0.878588 0.166701
vt 0.882904 0.148510
vt 0.881738 0.153852
vt 0.876511 0.173801
vt 0.887433 0.178709
vt 0.903946 0.195989
vt 0.922938 0.222714
vt 0.938015 0.258370
vt 0.949368 0.282898
vt 0.899707 0.161976
vt 0.968875 0.280842
vt 0.958178 0.252433
vt 0.942164 0.213088
vt 0.920963 0.181978
vt 0.872911 0.074702
vt 0.903125 0.123981
vt 0.881559 0.111317
vt 0.883857 0.135127
vt 0.905190 0.148991
vt 0.903189 0.157446
vt 0.925577 0.178373
vt 0.947481 0.210885
vt 0.963614 0.251835
vt 0.973888 0.281015
vt 0.968508 0.251602
vt 0.938449 0.167308
vt 0.962089 0.208716
vt 0.952109 0.209243
vt 0.929790 0.175224
vt 0.965027 0.207101
vt 0.940927 0.164513
vt 0.904546 0.119825
vt 0.880369 0.074187
vt 0.873526 0.007550
vt 0.887874 0.073466
vt 0.880587 0.007550
vt 0.886191 0.007550
vt 0.894369 0.072092
vt 0.910877 0.114566
vt 0.917640 0.112114
vt 0.924115 0.134113
vt 0.931676 0.132674
vt 0.937574 0.128753
vt 0.923628 0.108299
vt 0.900154 0.070925
vt 0.893252 0.007550
vt 0.901079 0.007551
vt 0.904990 0.118315
vt 0.916099 0.130118
vt 0.763115 0.569210
vt 0.755764 0.558327
vt 0.760895 0.562731
vt 0.701432 0.583436
vt 0.763661 0.577391
vt 0.679766 0.569993
vt 0.677065 0.586770
vt 0.678313 0.575436
vt 0.689566 0.586320
vt 0.691149 0.562855
vt 0.703159 0.561367
vt 0.749084 0.557159
vt 0.688649 0.563344
vt 0.683442 0.565683
vt 0.759029 0.761817
vt 0.753907 0.794552
vt 0.752908 0.794195
vt 0.760053 0.762021
vt 0.761770 0.729454
vt 0.762805 0.729541
vt 0.764138 0.689187
vt 0.714033 0.735176
vt 0.713038 0.770908
vt 0.709297 0.804061
vt 0.679686 0.781861
vt 0.678723 0.816394
vt 0.656203 0.795711
vt 0.656960 0.831543
vt 0.635464 0.811231
vt 0.637461 0.848336
vt 0.617589 0.826576
vt 0.620283 0.863706
vt 0.743206 0.827714
vt 0.703155 0.835926
vt 0.678083 0.849374
vt 0.657811 0.865788
vt 0.639611 0.883641
vt 0.622581 0.899913
vt 0.641292 0.915662
vt 0.623925 0.933322
vt 0.642386 0.945282
vt 0.623476 0.958906
vt 0.642746 0.970585
vt 0.621583 0.984224
vt 0.730174 0.861812
vt 0.696485 0.865998
vt 0.677764 0.880035
vt 0.658933 0.898252
vt 0.661431 0.927420
vt 0.666882 0.952323
vt 0.690259 0.928382
vt 0.677744 0.906534
vt 0.689485 0.888923
vt 0.712020 0.897013
vt 0.604247 0.992145
vt 0.589897 0.996662
vt 0.589897 0.970919
vt 0.606535 0.969247
vt 0.607323 0.945101
vt 0.606393 0.917035
vt 0.604035 0.879145
vt 0.601312 0.841169
vt 0.602044 0.801837
vt 0.616821 0.789808
vt 0.601511 0.761352
vt 0.614730 0.754173
vt 0.600547 0.722219
vt 0.612444 0.714648
vt 0.589897 0.644894
vt 0.600499 0.682349
vt 0.589897 0.685563
vt 0.589897 0.724255
vt 0.589897 0.766060
vt 0.589897 0.807917
vt 0.589897 0.845424
vt 0.589897 0.884607
vt 0.589897 0.926358
vt 0.589897 0.950188
vt 0.612245 0.675510
vt 0.624812 0.660203
vt 0.627369 0.698641
vt 0.631502 0.737290
vt 0.633934 0.774470
vt 0.655315 0.758319
vt 0.652755 0.718757
vt 0.681125 0.744431
vt 0.679336 0.702248
vt 0.714278 0.694321
vt 0.712172 0.648803
vt 0.763792 0.646150
vt 0.763213 0.600724
vt 0.702695 0.604924
vt 0.690007 0.593015
vt 0.763097 0.689149
vt 0.749138 0.556102
vt 0.756298 0.557424
vt 0.761795 0.562193
vt 0.764226 0.568972
vt 0.765127 0.576708
vt 0.765080 0.577419
vt 0.764512 0.577505
vt 0.764287 0.600730
vt 0.764900 0.646166
vt 0.676557 0.597039
vt 0.676036 0.596419
vt 0.676364 0.587517
vt 0.675843 0.586880
vt 0.675842 0.586263
vt 0.677100 0.575214
vt 0.678731 0.569366
vt 0.682814 0.564680
vt 0.688370 0.562212
vt 0.691090 0.561700
vt 0.703167 0.560288
vt 0.656383 0.612370
vt 0.675263 0.612925
vt 0.673776 0.650764
vt 0.618814 0.447963
vt 0.624907 0.444929
vt 0.626287 0.485136
vt 0.619134 0.490415
vt 0.629572 0.525273
vt 0.620855 0.532905
vt 0.636244 0.563922
vt 0.625469 0.574320
vt 0.639714 0.593488
vt 0.629861 0.607775
vt 0.639358 0.639067
vt 0.646948 0.676964
vt 0.620319 0.623579
vt 0.616208 0.583617
vt 0.612925 0.540066
vt 0.611587 0.494847
vt 0.612194 0.450759
vt 0.611065 0.409298
vt 0.617596 0.408269
vt 0.623738 0.407054
vt 0.620160 0.367626
vt 0.612992 0.367547
vt 0.606525 0.367475
vt 0.604075 0.409874
vt 0.604920 0.452395
vt 0.603950 0.498349
vt 0.604868 0.546515
vt 0.606309 0.592579
vt 0.609339 0.634869
vt 0.599272 0.641576
vt 0.596902 0.598213
vt 0.595428 0.551085
vt 0.596082 0.501212
vt 0.597294 0.453511
vt 0.596933 0.410377
vt 0.602205 0.367428
vt 0.608726 0.168277
vt 0.596549 0.367437
vt 0.603305 0.168224
vt 0.596550 0.168227
vt 0.589897 0.168227
vt 0.589897 0.367394
vt 0.589897 0.410797
vt 0.589897 0.454161
vt 0.589897 0.502357
vt 0.589897 0.554294
vt 0.589897 0.601809
vt 0.615192 0.168349
vt 0.622361 0.168429
vt 0.627328 0.367705
vt 0.629607 0.405989
vt 0.630704 0.442121
vt 0.636227 0.439714
vt 0.638867 0.474279
vt 0.644540 0.470141
vt 0.649877 0.500165
vt 0.655606 0.495147
vt 0.665617 0.519328
vt 0.669947 0.512680
vt 0.661256 0.492120
vt 0.650143 0.467214
vt 0.655901 0.465560
vt 0.646816 0.436747
vt 0.632843 0.479393
vt 0.643703 0.506962
vt 0.659313 0.526191
vt 0.637924 0.516145
vt 0.652811 0.536164
vt 0.648207 0.549617
vt 0.652364 0.436329
vt 0.652367 0.405044
vt 0.646478 0.404701
vt 0.652443 0.367993
vt 0.645274 0.367908
vt 0.654798 0.168797
vt 0.647630 0.168712
vt 0.641145 0.168636
vt 0.638867 0.367832
vt 0.635995 0.168579
vt 0.633794 0.367777
vt 0.635269 0.405173
vt 0.641489 0.437859
vt 0.640848 0.404665
vt 0.629529 0.168508
vt 0.419941 0.544434
vt 0.428814 0.551292
vt 0.423656 0.548824
vt 0.431256 0.551682
vt 0.418383 0.538888
vt 0.417543 0.527512
vt 0.428775 0.527196
vt 0.441391 0.531292
vt 0.443081 0.552900
vt 0.488953 0.559150
vt 0.501066 0.554153
vt 0.495689 0.558299
vt 0.417627 0.526543
vt 0.504519 0.538896
vt 0.503411 0.547401
vt 0.504103 0.537900
vt 0.441335 0.530418
vt 0.428870 0.526380
vt 0.428936 0.525352
vt 0.417499 0.525448
vt 0.428926 0.519767
vt 0.417881 0.516859
vt 0.415254 0.501533
vt 0.406091 0.518634
vt 0.395828 0.503407
vt 0.413701 0.464293
vt 0.379265 0.477196
vt 0.387325 0.439554
vt 0.364040 0.456672
vt 0.394260 0.520949
vt 0.419133 0.413751
vt 0.389297 0.531403
vt 0.379934 0.522933
vt 0.370121 0.509270
vt 0.359897 0.493880
vt 0.348486 0.483816
vt 0.350773 0.441640
vt 0.368035 0.418448
vt 0.353114 0.401446
vt 0.339625 0.437448
vt 0.338614 0.478400
vt 0.337828 0.523188
vt 0.346723 0.528018
vt 0.357101 0.534974
vt 0.366572 0.544119
vt 0.377374 0.554106
vt 0.386316 0.551638
vt 0.388913 0.568875
vt 0.329106 0.477866
vt 0.329106 0.435852
vt 0.329106 0.522390
vt 0.329106 0.568143
vt 0.337438 0.568889
vt 0.346444 0.572001
vt 0.354146 0.578202
vt 0.361289 0.585343
vt 0.368968 0.593069
vt 0.375944 0.602459
vt 0.391804 0.583070
vt 0.380315 0.611581
vt 0.329106 0.791765
vt 0.350926 0.700601
vt 0.354237 0.702075
vt 0.347322 0.699223
vt 0.358010 0.667516
vt 0.353473 0.664653
vt 0.362808 0.630845
vt 0.356790 0.625568
vt 0.350344 0.620949
vt 0.343664 0.617364
vt 0.337302 0.614696
vt 0.329106 0.613573
vt 0.362172 0.670354
vt 0.368168 0.636603
vt 0.343295 0.698207
vt 0.348327 0.662191
vt 0.342550 0.660990
vt 0.336610 0.660202
vt 0.329106 0.659329
vt 0.338849 0.697786
vt 0.334281 0.697629
vt 0.329106 0.697010
vt 0.373006 0.641823
vt 0.366003 0.672997
vt 0.357368 0.703512
vt 0.360476 0.704717
vt 0.363713 0.705666
vt 0.373283 0.677192
vt 0.367199 0.706421
vt 0.377291 0.678789
vt 0.369562 0.675316
vt 0.387146 0.651918
vt 0.382091 0.649568
vt 0.377484 0.646191
vt 0.385246 0.618523
vt 0.396790 0.593526
vt 0.395220 0.627253
vt 0.390064 0.623795
vt 0.402050 0.600767
vt 0.405494 0.607631
vt 0.347127 0.151316
vt 0.345674 0.122191
vt 0.361738 0.128540
vt 0.363350 0.159289
vt 0.347385 0.179185
vt 0.381735 0.141082
vt 0.363166 0.188977
vt 0.346568 0.207629
vt 0.381533 0.172002
vt 0.405721 0.157875
vt 0.362862 0.220580
vt 0.344873 0.242038
vt 0.381162 0.202221
vt 0.400032 0.189086
vt 0.430490 0.179739
vt 0.416507 0.208569
vt 0.451692 0.211482
vt 0.398205 0.218953
vt 0.379696 0.233080
vt 0.361211 0.254651
vt 0.342127 0.276522
vt 0.417522 0.235570
vt 0.398401 0.249993
vt 0.377810 0.268997
vt 0.357859 0.291052
vt 0.342715 0.314020
vt 0.356829 0.326964
vt 0.342004 0.354152
vt 0.355144 0.362425
vt 0.341333 0.394538
vt 0.428095 0.226033
vt 0.436174 0.249083
vt 0.418467 0.266412
vt 0.397139 0.284975
vt 0.375120 0.306308
vt 0.373605 0.342788
vt 0.396193 0.320863
vt 0.419343 0.299282
vt 0.443738 0.279402
vt 0.371496 0.379876
vt 0.395027 0.358511
vt 0.419866 0.334343
vt 0.450250 0.311246
vt 0.484957 0.287084
vt 0.471159 0.248943
vt 0.454082 0.344444
vt 0.421477 0.371398
vt 0.392571 0.398043
vt 0.455014 0.380189
vt 0.443589 0.508751
vt 0.453056 0.465837
vt 0.454945 0.420942
vt 0.504811 0.425794
vt 0.503485 0.385461
vt 0.500748 0.353063
vt 0.494639 0.320649
vt 0.441281 0.529424
vt 0.504061 0.536823
vt 0.504978 0.515533
vt 0.505583 0.470742
vt 0.604500 0.993080
vt 0.589897 0.997622
vt 0.621928 0.985109
vt 0.643080 0.971890
vt 0.667203 0.953889
vt 0.690788 0.929583
vt 0.712772 0.897889
vt 0.731050 0.862465
vt 0.744161 0.828210
vt 0.713044 0.447194
vt 0.712249 0.443568
vt 0.713464 0.442980
vt 0.710799 0.439589
vt 0.709959 0.440648
vt 0.706628 0.439011
vt 0.706926 0.437693
vt 0.702917 0.438982
vt 0.702616 0.437667
vt 0.698734 0.439516
vt 0.699550 0.440567
vt 0.696714 0.443217
vt 0.696012 0.442878
vt 0.695052 0.447059
vt 0.695833 0.447058
vt 0.696683 0.450904
vt 0.695978 0.451240
vt 0.699108 0.454001
vt 0.698624 0.454593
vt 0.702473 0.456580
vt 0.702773 0.455233
vt 0.706792 0.456583
vt 0.706486 0.455266
vt 0.709846 0.453686
vt 0.710690 0.454740
vt 0.712187 0.450804
vt 0.713405 0.451388
vt 0.714394 0.447191
vt 0.645329 0.565852
vt 0.649258 0.549884
vt 0.646321 0.565731
vt 0.653830 0.536613
vt 0.660218 0.526847
vt 0.666507 0.520039
vt 0.670856 0.513404
vt 0.665142 0.596810
vt 0.665022 0.597792
vt 0.654193 0.594839
vt 0.654751 0.594021
vt 0.648705 0.584630
vt 0.649656 0.584183
vt 0.705925 0.452753
vt 0.703361 0.452714
vt 0.703703 0.451270
vt 0.703084 0.453917
vt 0.706193 0.453969
vt 0.701995 0.450437
vt 0.703284 0.448856
vt 0.704176 0.449297
vt 0.701053 0.451603
vt 0.700272 0.452584
vt 0.699483 0.449569
vt 0.698361 0.450100
vt 0.700832 0.448933
vt 0.702674 0.448069
vt 0.704705 0.447122
vt 0.705174 0.449310
vt 0.705606 0.451296
vt 0.708248 0.451668
vt 0.709019 0.452646
vt 0.709871 0.449681
vt 0.710990 0.450227
vt 0.710471 0.447187
vt 0.706710 0.448120
vt 0.706078 0.448890
vt 0.708979 0.447173
vt 0.708578 0.445315
vt 0.709928 0.444679
vt 0.708533 0.449022
vt 0.706945 0.447151
vt 0.706736 0.446177
vt 0.711715 0.447192
vt 0.711051 0.444144
vt 0.708350 0.442656
vt 0.707410 0.443814
vt 0.706125 0.445390
vt 0.707329 0.450494
vt 0.709130 0.441687
vt 0.706050 0.441517
vt 0.705706 0.442968
vt 0.705233 0.444946
vt 0.703804 0.442946
vt 0.704236 0.444933
vt 0.703484 0.441490
vt 0.706332 0.440306
vt 0.703332 0.445354
vt 0.702081 0.443750
vt 0.701160 0.442577
vt 0.703212 0.440277
vt 0.700881 0.445224
vt 0.699544 0.444564
vt 0.700385 0.441602
vt 0.698428 0.444018
vt 0.697699 0.447049
vt 0.698943 0.447058
vt 0.700433 0.447072
vt 0.702466 0.447094
vt 0.702702 0.446125
vt 0.203336 0.694999
vt 0.206916 0.694999
vt 0.206916 0.701547
vt 0.203337 0.688608
vt 0.206917 0.688608
vt 0.132556 0.701546
vt 0.132556 0.694998
vt 0.203336 0.701547
vt 0.203336 0.708644
vt 0.206916 0.708644
vt 0.206916 0.716470
vt 0.203336 0.716470
vt 0.132556 0.716469
vt 0.132556 0.708643
vt 0.203337 0.645991
vt 0.206917 0.645991
vt 0.206917 0.653798
vt 0.203337 0.653798
vt 0.132556 0.645991
vt 0.132556 0.653797
vt 0.132556 0.660788
vt 0.203337 0.660789
vt 0.206917 0.660789
vt 0.203337 0.667041
vt 0.206917 0.667041
vt 0.203337 0.673431
vt 0.206917 0.673432
vt 0.203337 0.681019
vt 0.206917 0.681020
vt 0.132556 0.688607
vt 0.132556 0.681018
vt 0.132556 0.673431
vt 0.132556 0.667040
vt 0.022506 0.980797
vt 0.022506 0.987795
vt 0.017787 0.987795
vt 0.028021 0.980797
vt 0.028021 0.987795
vt 0.033956 0.987795
vt 0.011970 0.973243
vt 0.017787 0.980797
vt 0.011970 0.980797
vt 0.017787 0.973243
vt 0.022506 0.973243
vt 0.028021 0.973243
vt 0.033956 0.980797
vt 0.039897 0.980797
vt 0.039897 0.987795
vt 0.045448 0.987795
vt 0.045448 0.980797
vt 0.045448 0.973243
vt 0.039897 0.973243
vt 0.033956 0.973243
vt 0.011970 0.987795
vt 0.006067 0.987795
vt 0.006067 0.980797
vt 0.006067 0.973243
vt 0.011970 0.391012
vt 0.017787 0.391012
vt 0.022506 0.391012
vt 0.028021 0.391012
vt 0.033956 0.391012
vt 0.039897 0.391012
vt 0.006067 0.391012
vt 0.045448 0.391012
vt 0.050273 0.973243
vt 0.050273 0.980797
vt 0.050273 0.987795
vt 0.055832 0.987795
vt 0.055832 0.980797
vt 0.061803 0.980797
vt 0.061803 0.973243
vt 0.055832 0.973243
vt 0.055832 0.391012
vt 0.050273 0.391012
vt 0.061803 0.391012
vt 0.061803 0.987795
vt 0.696391 0.330681
vt 0.695973 0.330484
vt 0.697567 0.328476
vt 0.695891 0.332963
vt 0.695428 0.332968
vt 0.696001 0.335441
vt 0.696417 0.335238
vt 0.697589 0.337414
vt 0.697873 0.337060
vt 0.699882 0.338569
vt 0.700052 0.337769
vt 0.702253 0.337767
vt 0.702442 0.338546
vt 0.704743 0.337431
vt 0.704236 0.336811
vt 0.706332 0.335428
vt 0.705607 0.335089
vt 0.706094 0.332944
vt 0.706895 0.332934
vt 0.706319 0.330444
vt 0.705602 0.330799
vt 0.704719 0.328449
vt 0.704227 0.329081
vt 0.702412 0.327348
vt 0.702243 0.328130
vt 0.699857 0.327357
vt 0.700043 0.328135
vt 0.698057 0.329094
vt 0.701906 0.336280
vt 0.700580 0.335414
vt 0.701709 0.335418
vt 0.700386 0.336272
vt 0.699564 0.334930
vt 0.699012 0.335626
vt 0.701441 0.334244
vt 0.701975 0.333990
vt 0.702726 0.334933
vt 0.703277 0.335624
vt 0.702073 0.336999
vt 0.700229 0.336987
vt 0.698554 0.336213
vt 0.698069 0.334430
vt 0.698865 0.334046
vt 0.697734 0.332945
vt 0.697407 0.334752
vt 0.696997 0.332947
vt 0.703740 0.336199
vt 0.704228 0.334437
vt 0.704894 0.334754
vt 0.703431 0.334054
vt 0.702344 0.333530
vt 0.701151 0.332950
vt 0.700850 0.334242
vt 0.700318 0.333985
vt 0.699952 0.333523
vt 0.698618 0.332945
vt 0.698872 0.331846
vt 0.698076 0.331463
vt 0.700327 0.331910
vt 0.700860 0.331655
vt 0.699957 0.332370
vt 0.699823 0.332946
vt 0.699575 0.330966
vt 0.700592 0.330479
vt 0.701451 0.331656
vt 0.701982 0.331915
vt 0.702349 0.332378
vt 0.703436 0.331856
vt 0.702735 0.330973
vt 0.703285 0.330281
vt 0.701720 0.330482
vt 0.701916 0.329619
vt 0.704232 0.331471
vt 0.704895 0.331147
vt 0.703742 0.329701
vt 0.702075 0.328900
vt 0.699022 0.330275
vt 0.700394 0.329618
vt 0.700225 0.328900
vt 0.705306 0.332951
vt 0.704569 0.332954
vt 0.703684 0.332955
vt 0.702478 0.332954
vt 0.697412 0.331146
vt 0.698558 0.329702
vt 0.006067 0.995844
vt 0.011970 0.995844
vt 0.017787 0.995844
vt 0.022506 0.995844
vt 0.028021 0.995844
vt 0.033956 0.995844
vt 0.039897 0.995844
vt 0.045448 0.995844
vt 0.050273 0.995844
vt 0.055832 0.995844
vt 0.061803 0.995844
vt 0.696699 0.419147
vt 0.695996 0.418811
vt 0.698702 0.415440
vt 0.695837 0.422990
vt 0.695056 0.422994
vt 0.696001 0.427168
vt 0.696704 0.426829
vt 0.698661 0.430507
vt 0.699142 0.429914
vt 0.702517 0.432475
vt 0.702810 0.431127
vt 0.706521 0.431144
vt 0.706832 0.432459
vt 0.710720 0.430598
vt 0.709871 0.429548
vt 0.713417 0.427236
vt 0.712197 0.426659
vt 0.713038 0.423046
vt 0.714388 0.423037
vt 0.713439 0.418832
vt 0.712226 0.419427
vt 0.709925 0.416518
vt 0.710759 0.415457
vt 0.706588 0.414898
vt 0.706879 0.413580
vt 0.702879 0.414887
vt 0.702573 0.413573
vt 0.699521 0.416486
vt 0.709912 0.420547
vt 0.711709 0.423050
vt 0.710466 0.423051
vt 0.711032 0.420007
vt 0.709879 0.425547
vt 0.708538 0.424894
vt 0.710999 0.426086
vt 0.708976 0.423044
vt 0.708566 0.421188
vt 0.708326 0.418532
vt 0.709101 0.417560
vt 0.698377 0.426018
vt 0.697702 0.422972
vt 0.700299 0.428491
vt 0.703114 0.429811
vt 0.706223 0.429848
vt 0.709041 0.428512
vt 0.708266 0.427540
vt 0.707342 0.426370
vt 0.706712 0.424000
vt 0.706084 0.424774
vt 0.705624 0.427180
vt 0.701074 0.427507
vt 0.703386 0.428607
vt 0.705949 0.428634
vt 0.698944 0.422975
vt 0.699496 0.425481
vt 0.702011 0.426338
vt 0.703721 0.427163
vt 0.706942 0.423032
vt 0.706729 0.422059
vt 0.704703 0.423013
vt 0.705182 0.425197
vt 0.704185 0.425188
vt 0.703291 0.424752
vt 0.700841 0.424841
vt 0.700434 0.422983
vt 0.699534 0.420480
vt 0.698417 0.419939
vt 0.706115 0.421275
vt 0.707392 0.419694
vt 0.702678 0.423968
vt 0.702466 0.422995
vt 0.700873 0.421134
vt 0.702697 0.422026
vt 0.703324 0.421252
vt 0.702066 0.419655
vt 0.701140 0.418487
vt 0.700361 0.417517
vt 0.703179 0.416179
vt 0.706298 0.416194
vt 0.706022 0.417405
vt 0.703457 0.417390
vt 0.703784 0.418844
vt 0.704225 0.420828
vt 0.705221 0.420836
vt 0.705685 0.418857
vt 0.242266 0.107157
vt 0.771854 0.113235
vt 0.242266 0.113235
vt 0.771854 0.107157
vt 0.771854 0.101515
vt 0.242266 0.101514
vt 0.771854 0.097004
vt 0.242266 0.097004
vt 0.771854 0.091459
vt 0.242266 0.091459
vt 0.771854 0.085370
vt 0.242266 0.085370
vt 0.242266 0.079280
vt 0.771854 0.079280
vt 0.771854 0.073723
vt 0.242266 0.073723
vt 0.771854 0.069179
vt 0.242266 0.069179
vt 0.771854 0.063620
vt 0.242266 0.063620
vt 0.771854 0.057519
vt 0.242266 0.057519
vt 0.063801 0.013124
vt 0.063801 0.337680
vt 0.058197 0.337680
vt 0.070862 0.337680
vt 0.063630 0.341258
vt 0.071339 0.341258
vt 0.078688 0.341258
vt 0.078688 0.337680
vt 0.070862 0.013123
vt 0.078688 0.013124
vt 0.057289 0.341258
vt 0.050659 0.341258
vt 0.007932 0.337680
vt 0.015281 0.341258
vt 0.007932 0.341259
vt 0.015759 0.337680
vt 0.007931 0.013124
vt 0.015758 0.013124
vt 0.022819 0.337680
vt 0.022819 0.013124
vt 0.028422 0.337680
vt 0.028423 0.013123
vt 0.035483 0.013124
vt 0.035483 0.337680
vt 0.043310 0.337680
vt 0.043310 0.341258
vt 0.051137 0.337680
vt 0.051137 0.013124
vt 0.058197 0.013124
vt 0.043310 0.013123
vt 0.022990 0.341258
vt 0.029331 0.341258
vt 0.035961 0.341258
vt 0.687384 0.329556
vt 0.688592 0.331070
vt 0.684672 0.332958
vt 0.689023 0.332958
vt 0.688592 0.334846
vt 0.687384 0.336360
vt 0.685640 0.337200
vt 0.683703 0.337200
vt 0.681959 0.336360
vt 0.680751 0.334846
vt 0.680321 0.332958
vt 0.680751 0.331070
vt 0.681959 0.329556
vt 0.683703 0.328716
vt 0.685640 0.328717
vt 0.685899 0.417279
vt 0.687932 0.419828
vt 0.681330 0.423008
vt 0.688659 0.423008
vt 0.687932 0.426188
vt 0.685899 0.428738
vt 0.682961 0.430154
vt 0.679699 0.430154
vt 0.676760 0.428738
vt 0.674727 0.426188
vt 0.674001 0.423008
vt 0.674727 0.419828
vt 0.676760 0.417279
vt 0.679699 0.415863
vt 0.682961 0.415863
vt 0.865699 0.390463
vt 0.844967 0.390957
vt 0.865699 0.398290
vt 0.746198 0.419189
vt 0.745007 0.409727
vt 0.748410 0.410439
vt 0.746965 0.400840
vt 0.750447 0.401551
vt 0.749089 0.391693
vt 0.752682 0.392248
vt 0.759145 0.391544
vt 0.764203 0.391322
vt 0.844774 0.398773
vt 0.865699 0.406075
vt 0.844662 0.406560
vt 0.865699 0.413861
vt 0.844532 0.414360
vt 0.768609 0.445019
vt 0.760435 0.445184
vt 0.764606 0.437785
vt 0.753923 0.440122
vt 0.759155 0.427794
vt 0.743452 0.434245
vt 0.760444 0.417806
vt 0.760598 0.409013
vt 0.759874 0.400329
vt 0.764861 0.399983
vt 0.765832 0.408548
vt 0.752818 0.453601
vt 0.742506 0.479082
vt 0.741238 0.448180
vt 0.848494 0.616678
vt 0.847541 0.630061
vt 0.826208 0.616197
vt 0.828273 0.641207
vt 0.792949 0.597880
vt 0.826852 0.645363
vt 0.790471 0.600675
vt 0.769309 0.556473
vt 0.766371 0.558088
vt 0.752533 0.511061
vt 0.749455 0.512063
vt 0.739402 0.479617
vt 0.738075 0.447442
vt 0.740216 0.433747
vt 0.742990 0.418575
vt 0.851566 0.690968
vt 0.844531 0.691773
vt 0.858664 0.690547
vt 0.849839 0.653870
vt 0.865699 0.633369
vt 0.865699 0.656541
vt 0.865672 0.690560
vt 0.865699 0.757638
vt 0.857872 0.757638
vt 0.850811 0.757638
vt 0.845207 0.757638
vt 0.837915 0.693513
vt 0.820521 0.650622
vt 0.813758 0.653074
vt 0.807283 0.631075
vt 0.799722 0.632514
vt 0.793824 0.636435
vt 0.807770 0.656889
vt 0.831423 0.695130
vt 0.838146 0.757638
vt 0.830319 0.757637
vt 0.826409 0.646873
vt 0.815299 0.635070
vt 0.889211 0.926102
vt 0.888587 0.923215
vt 0.920921 0.923000
vt 0.852664 0.925514
vt 0.851631 0.922604
vt 0.826686 0.923883
vt 0.827237 0.927293
vt 0.853632 0.928735
vt 0.827711 0.931972
vt 0.921255 0.925906
vt 0.945983 0.923415
vt 0.889811 0.929254
vt 0.854415 0.933139
vt 0.828002 0.937740
vt 0.800137 0.937205
vt 0.799836 0.931294
vt 0.799985 0.926607
vt 0.800634 0.923371
vt 0.826113 0.920780
vt 0.847472 0.914275
vt 0.885267 0.915501
vt 0.821528 0.911028
vt 0.801283 0.920450
vt 0.798507 0.911148
vt 0.789387 0.911030
vt 0.828088 0.944136
vt 0.854941 0.938506
vt 0.801873 0.944117
vt 0.798313 0.944114
vt 0.796004 0.937663
vt 0.792459 0.932395
vt 0.787613 0.927778
vt 0.783691 0.925477
vt 0.779037 0.923420
vt 0.779461 0.910634
vt 0.775165 0.921516
vt 0.774854 0.911018
vt 0.771253 0.919299
vt 0.760055 0.910940
vt 0.763112 0.915506
vt 0.758796 0.913919
vt 0.764904 0.911401
vt 0.760370 0.908602
vt 0.765433 0.909021
vt 0.770005 0.911191
vt 0.770392 0.909041
vt 0.775214 0.908855
vt 0.779749 0.908457
vt 0.789294 0.908632
vt 0.798090 0.908635
vt 0.821482 0.908242
vt 0.847185 0.911468
vt 0.767232 0.917260
vt 0.884752 0.912917
vt 0.920561 0.911325
vt 0.921129 0.913883
vt 0.963091 0.906841
vt 0.963591 0.909184
vt 0.997684 0.891039
vt 0.973234 0.919967
vt 0.963258 0.928255
vt 0.945973 0.926145
vt 0.921589 0.929060
vt 0.890311 0.933542
vt 0.957974 0.932954
vt 0.890652 0.938757
vt 0.921872 0.933325
vt 0.922061 0.938501
vt 0.946178 0.933324
vt 0.946130 0.938425
vt 0.946127 0.929164
vt 0.954166 0.937885
vt 0.953336 0.944229
vt 0.946037 0.944223
vt 0.922122 0.944206
vt 0.890779 0.944182
vt 0.855125 0.944156
vt 0.334120 0.849071
vt 0.340551 0.925938
vt 0.333859 0.926144
vt 0.334182 0.830790
vt 0.340837 0.830835
vt 0.340136 0.849112
vt 0.346120 0.849152
vt 0.346474 0.926658
vt 0.352506 0.926928
vt 0.352079 0.849193
vt 0.358583 0.927043
vt 0.358012 0.849233
vt 0.365228 0.927926
vt 0.363940 0.849273
vt 0.371057 0.928662
vt 0.369866 0.849313
vt 0.377158 0.929816
vt 0.375788 0.849354
vt 0.383366 0.930756
vt 0.381708 0.849394
vt 0.389694 0.931420
vt 0.346822 0.830876
vt 0.351571 0.830908
vt 0.357549 0.830948
vt 0.364173 0.830994
vt 0.370796 0.831038
vt 0.376800 0.831079
vt 0.381582 0.831112
vt 0.387640 0.849434
vt 0.387570 0.831152
vt 0.396123 0.931623
vt 0.396681 0.849496
vt 0.396805 0.831215
vt 0.826078 0.967488
vt 0.801248 0.967781
vt 0.800603 0.964860
vt 0.789338 0.977184
vt 0.798038 0.979592
vt 0.789241 0.979582
vt 0.798459 0.977080
vt 0.821479 0.977234
vt 0.847427 0.974026
vt 0.847136 0.976832
vt 0.884705 0.975438
vt 0.821429 0.980019
vt 0.827211 0.960977
vt 0.826655 0.964387
vt 0.851599 0.965702
vt 0.885224 0.972855
vt 0.920512 0.977084
vt 0.921083 0.974526
vt 0.963036 0.981630
vt 0.963539 0.979288
vt 0.997605 0.997484
vt 0.973198 0.968520
vt 0.963233 0.960217
vt 0.945952 0.965031
vt 0.945946 0.962301
vt 0.921227 0.962503
vt 0.921566 0.959350
vt 0.889788 0.959109
vt 0.957957 0.955510
vt 0.920889 0.965409
vt 0.888556 0.965146
vt 0.889183 0.962260
vt 0.852636 0.962794
vt 0.853609 0.959574
vt 0.827693 0.956298
vt 0.854399 0.955172
vt 0.827992 0.950532
vt 0.800126 0.951025
vt 0.799817 0.956936
vt 0.799959 0.961623
vt 0.890295 0.954821
vt 0.854932 0.949805
vt 0.795994 0.950562
vt 0.792441 0.955824
vt 0.787589 0.960433
vt 0.783663 0.962729
vt 0.779006 0.964779
vt 0.922053 0.949910
vt 0.946122 0.950021
vt 0.954157 0.950574
vt 0.946162 0.955123
vt 0.946105 0.959283
vt 0.921856 0.955086
vt 0.890644 0.949608
vt 0.767193 0.970921
vt 0.764856 0.976776
vt 0.763070 0.972668
vt 0.769956 0.976995
vt 0.771216 0.968888
vt 0.774805 0.977175
vt 0.775132 0.966677
vt 0.779411 0.977565
vt 0.779696 0.979743
vt 0.775162 0.979338
vt 0.770340 0.979145
vt 0.765381 0.979157
vt 0.760317 0.979569
vt 0.760005 0.977230
vt 0.758751 0.974249
vt 0.277988 0.931041
vt 0.280599 0.849071
vt 0.286531 0.849071
vt 0.271558 0.931200
vt 0.271558 0.849071
vt 0.280794 0.830790
vt 0.271558 0.830790
vt 0.322120 0.849071
vt 0.327527 0.830790
vt 0.328104 0.849071
vt 0.321542 0.830790
vt 0.316161 0.849071
vt 0.316792 0.830790
vt 0.310228 0.849071
vt 0.310815 0.830790
vt 0.304300 0.849071
vt 0.304191 0.830790
vt 0.298374 0.849071
vt 0.297567 0.830790
vt 0.292452 0.849071
vt 0.291563 0.830790
vt 0.286782 0.830790
vt 0.327167 0.925892
vt 0.321240 0.926573
vt 0.315207 0.926801
vt 0.309129 0.926875
vt 0.302478 0.927713
vt 0.296644 0.928409
vt 0.290535 0.929521
vt 0.284321 0.930420
vt 0.500028 0.569993
vt 0.491146 0.563344
vt 0.496353 0.565683
vt 0.488645 0.562855
vt 0.501482 0.575436
vt 0.502730 0.586770
vt 0.490228 0.586321
vt 0.478363 0.583436
vt 0.476635 0.561367
vt 0.416134 0.577391
vt 0.416679 0.569210
vt 0.424031 0.558327
vt 0.430711 0.557159
vt 0.418900 0.562731
vt 0.238271 0.544434
vt 0.240669 0.527512
vt 0.239829 0.538888
vt 0.234555 0.548824
vt 0.229398 0.551292
vt 0.226956 0.551682
vt 0.229437 0.527195
vt 0.240585 0.526543
vt 0.169258 0.559150
vt 0.162522 0.558299
vt 0.157145 0.554153
vt 0.216821 0.531292
vt 0.215131 0.552901
vt 0.294171 0.456672
vt 0.278946 0.477196
vt 0.270887 0.439554
vt 0.244511 0.464293
vt 0.262384 0.503407
vt 0.242958 0.501533
vt 0.252120 0.518634
vt 0.240331 0.516859
vt 0.229286 0.519767
vt 0.240713 0.525448
vt 0.229276 0.525352
vt 0.229342 0.526379
vt 0.216877 0.530418
vt 0.154108 0.537899
vt 0.153693 0.538896
vt 0.154800 0.547401
vt 0.263952 0.520949
vt 0.214623 0.508751
vt 0.239079 0.413750
vt 0.205155 0.465837
vt 0.153233 0.515533
vt 0.154150 0.536823
vt 0.216931 0.529424
vt 0.203198 0.380190
vt 0.203267 0.420942
vt 0.152628 0.470742
vt 0.153401 0.425794
vt 0.154726 0.385461
vt 0.157464 0.353062
vt 0.320383 0.523188
vt 0.309725 0.483816
vt 0.319598 0.478399
vt 0.307438 0.441640
vt 0.290177 0.418448
vt 0.265641 0.398043
vt 0.236735 0.371398
vt 0.204129 0.344444
vt 0.163573 0.320649
vt 0.207961 0.311246
vt 0.173254 0.287084
vt 0.214474 0.279401
vt 0.187053 0.248942
vt 0.222038 0.249083
vt 0.206521 0.211483
vt 0.305098 0.401446
vt 0.286716 0.379875
vt 0.263185 0.358510
vt 0.238346 0.334343
vt 0.238869 0.299283
vt 0.239745 0.266412
vt 0.240690 0.235570
vt 0.230117 0.226033
vt 0.303067 0.362425
vt 0.284606 0.342788
vt 0.262019 0.320863
vt 0.261072 0.284975
vt 0.259811 0.249993
vt 0.301382 0.326965
vt 0.283091 0.306308
vt 0.280401 0.268997
vt 0.300353 0.291052
vt 0.241705 0.208569
vt 0.260006 0.218953
vt 0.278516 0.233080
vt 0.297000 0.254651
vt 0.316084 0.276522
vt 0.315497 0.314020
vt 0.316208 0.354152
vt 0.316879 0.394537
vt 0.318587 0.437448
vt 0.313338 0.242038
vt 0.295349 0.220580
vt 0.277050 0.202221
vt 0.258180 0.189085
vt 0.227721 0.179739
vt 0.252490 0.157876
vt 0.276679 0.172002
vt 0.295046 0.188976
vt 0.311644 0.207629
vt 0.310826 0.179185
vt 0.276476 0.141082
vt 0.294862 0.159289
vt 0.311085 0.151316
vt 0.296473 0.128540
vt 0.312538 0.122192
vt 0.329106 0.117650
vt 0.329106 0.148563
vt 0.329106 0.172571
vt 0.329106 0.197938
vt 0.329105 0.237199
vt 0.329106 0.272741
vt 0.329106 0.308279
vt 0.329106 0.351813
vt 0.329106 0.393201
vt 0.500396 0.191809
vt 0.496495 0.197316
vt 0.480092 0.180912
vt 0.490988 0.201217
vt 0.484086 0.203460
vt 0.476828 0.203460
vt 0.469925 0.201217
vt 0.464053 0.196951
vt 0.459787 0.191079
vt 0.457544 0.184176
vt 0.457544 0.176918
vt 0.459787 0.170016
vt 0.463688 0.164509
vt 0.469195 0.160608
vt 0.476098 0.158365
vt 0.483356 0.158365
vt 0.490259 0.160608
vt 0.496130 0.164874
vt 0.500397 0.170746
vt 0.502639 0.177648
vt 0.502640 0.184906
vt 0.575294 0.993080
vt 0.575547 0.992144
vt 0.558211 0.984225
vt 0.557866 0.985109
vt 0.536714 0.971890
vt 0.537048 0.970585
vt 0.512912 0.952323
vt 0.512592 0.953889
vt 0.489006 0.929583
vt 0.489535 0.928383
vt 0.467774 0.897013
vt 0.467022 0.897890
vt 0.449620 0.861812
vt 0.448745 0.862465
vt 0.436588 0.827714
vt 0.435634 0.828210
vt 0.426886 0.794195
vt 0.425887 0.794552
vt 0.420765 0.761817
vt 0.419741 0.762021
vt 0.418024 0.729454
vt 0.416989 0.729541
vt 0.415657 0.689188
vt 0.525044 0.594021
vt 0.531089 0.584630
vt 0.525602 0.594839
vt 0.514653 0.596811
vt 0.514773 0.597792
vt 0.503238 0.597039
vt 0.504532 0.612925
vt 0.489788 0.593015
vt 0.477100 0.604924
vt 0.416581 0.600724
vt 0.415283 0.577505
vt 0.415508 0.600730
vt 0.416002 0.646150
vt 0.414895 0.646166
vt 0.416698 0.689149
vt 0.465762 0.735175
vt 0.465517 0.694321
vt 0.503759 0.596419
vt 0.430656 0.556101
vt 0.423497 0.557424
vt 0.418000 0.562193
vt 0.415569 0.568972
vt 0.414668 0.576708
vt 0.414715 0.577419
vt 0.543551 0.563922
vt 0.540081 0.593488
vt 0.523412 0.612370
vt 0.506019 0.650764
vt 0.467622 0.648803
vt 0.500459 0.702248
vt 0.498669 0.744430
vt 0.466757 0.770908
vt 0.500108 0.781861
vt 0.470498 0.804061
vt 0.501071 0.816394
vt 0.476639 0.835926
vt 0.501711 0.849374
vt 0.483310 0.865998
vt 0.558940 0.532905
vt 0.550223 0.525273
vt 0.554325 0.574320
vt 0.549933 0.607774
vt 0.540437 0.639067
vt 0.532846 0.676964
vt 0.527040 0.718757
vt 0.524480 0.758319
vt 0.523592 0.795711
vt 0.522834 0.831543
vt 0.521983 0.865788
vt 0.502031 0.880035
vt 0.490309 0.888923
vt 0.567601 0.450759
vt 0.568207 0.494847
vt 0.560660 0.490415
vt 0.566869 0.540066
vt 0.563587 0.583617
vt 0.559475 0.623579
vt 0.554983 0.660203
vt 0.552426 0.698641
vt 0.548293 0.737290
vt 0.545860 0.774470
vt 0.544330 0.811231
vt 0.565065 0.754173
vt 0.562974 0.789808
vt 0.562205 0.826576
vt 0.542334 0.848336
vt 0.582862 0.410377
vt 0.577590 0.367428
vt 0.583245 0.367437
vt 0.575720 0.409875
vt 0.574875 0.452395
vt 0.575845 0.498349
vt 0.574926 0.546515
vt 0.573486 0.592579
vt 0.570455 0.634869
vt 0.567549 0.675510
vt 0.567351 0.714648
vt 0.582501 0.453511
vt 0.583712 0.501212
vt 0.584367 0.551085
vt 0.582893 0.598213
vt 0.580523 0.641576
vt 0.579295 0.682350
vt 0.579248 0.722218
vt 0.578284 0.761352
vt 0.577750 0.801837
vt 0.559511 0.863706
vt 0.578483 0.841169
vt 0.502051 0.906534
vt 0.518363 0.927420
vt 0.520862 0.898252
vt 0.538502 0.915662
vt 0.540183 0.883642
vt 0.557213 0.899913
vt 0.575760 0.879145
vt 0.537408 0.945282
vt 0.555870 0.933322
vt 0.573401 0.917035
vt 0.556318 0.958906
vt 0.572472 0.945101
vt 0.573260 0.969247
vt 0.543568 0.439714
vt 0.540928 0.474279
vt 0.535254 0.470141
vt 0.549091 0.442121
vt 0.546952 0.479393
vt 0.550187 0.405990
vt 0.529918 0.500165
vt 0.524189 0.495146
vt 0.536092 0.506962
vt 0.541871 0.516145
vt 0.531587 0.549617
vt 0.526983 0.536164
vt 0.532165 0.168712
vt 0.538649 0.168636
vt 0.540927 0.367833
vt 0.543799 0.168579
vt 0.546000 0.367777
vt 0.552467 0.367705
vt 0.556057 0.407054
vt 0.554887 0.444929
vt 0.553508 0.485136
vt 0.534466 0.565852
vt 0.530139 0.584183
vt 0.533473 0.565731
vt 0.560981 0.447963
vt 0.562199 0.408269
vt 0.559635 0.367626
vt 0.550266 0.168508
vt 0.566803 0.367547
vt 0.568729 0.409298
vt 0.573270 0.367475
vt 0.564602 0.168349
vt 0.557434 0.168429
vt 0.571069 0.168278
vt 0.576489 0.168224
vt 0.583245 0.168227
vt 0.529652 0.467214
vt 0.538305 0.437859
vt 0.544526 0.405173
vt 0.538947 0.404666
vt 0.534520 0.367908
vt 0.533317 0.404701
vt 0.532979 0.436747
vt 0.520481 0.526191
vt 0.514178 0.519328
vt 0.509848 0.512680
vt 0.518538 0.492120
vt 0.523894 0.465561
vt 0.527431 0.436329
vt 0.527428 0.405043
vt 0.527352 0.367993
vt 0.524997 0.168797
vt 0.508939 0.513404
vt 0.513288 0.520039
vt 0.519577 0.526847
vt 0.525965 0.536612
vt 0.530537 0.549884
vt 0.700272 0.359810
vt 0.699108 0.358392
vt 0.702773 0.357160
vt 0.706332 0.372088
vt 0.706629 0.373383
vt 0.702917 0.373411
vt 0.709130 0.370707
vt 0.709959 0.371746
vt 0.711051 0.368249
vt 0.712249 0.368825
vt 0.711715 0.365201
vt 0.713044 0.365199
vt 0.712187 0.361589
vt 0.710990 0.362167
vt 0.709846 0.358708
vt 0.709019 0.359748
vt 0.706486 0.357127
vt 0.706193 0.358425
vt 0.703084 0.358476
vt 0.703361 0.359680
vt 0.701052 0.360791
vt 0.699483 0.362825
vt 0.700832 0.363460
vt 0.701995 0.361957
vt 0.702674 0.364325
vt 0.703703 0.361124
vt 0.704177 0.363097
vt 0.703284 0.363538
vt 0.705606 0.361098
vt 0.705925 0.359641
vt 0.708248 0.360725
vt 0.709871 0.362712
vt 0.707329 0.361900
vt 0.708534 0.363371
vt 0.708979 0.365220
vt 0.710471 0.365206
vt 0.704705 0.365271
vt 0.705174 0.363083
vt 0.706078 0.363504
vt 0.706710 0.364274
vt 0.706945 0.365242
vt 0.708578 0.367079
vt 0.709928 0.367714
vt 0.708350 0.369738
vt 0.706736 0.366216
vt 0.707410 0.368580
vt 0.705706 0.369425
vt 0.706050 0.370876
vt 0.706125 0.367003
vt 0.705233 0.367447
vt 0.703484 0.370904
vt 0.703804 0.369447
vt 0.704236 0.367460
vt 0.703333 0.367039
vt 0.696683 0.361490
vt 0.698361 0.362293
vt 0.698943 0.365336
vt 0.700433 0.365321
vt 0.702466 0.365300
vt 0.702701 0.366268
vt 0.702082 0.368643
vt 0.701160 0.369817
vt 0.703211 0.372116
vt 0.695833 0.365335
vt 0.700385 0.370791
vt 0.699550 0.371827
vt 0.700880 0.367170
vt 0.699544 0.367830
vt 0.698429 0.368375
vt 0.696714 0.369176
vt 0.697699 0.365344
vt 0.133402 0.748265
vt 0.157491 0.756092
vt 0.132163 0.756092
vt 0.133402 0.763919
vt 0.136999 0.770980
vt 0.142603 0.776583
vt 0.149664 0.780181
vt 0.157491 0.781420
vt 0.165317 0.780181
vt 0.172378 0.776583
vt 0.177981 0.770980
vt 0.181579 0.763919
vt 0.182819 0.756092
vt 0.181579 0.748265
vt 0.177981 0.741204
vt 0.172378 0.735601
vt 0.165317 0.732003
vt 0.157490 0.730764
vt 0.149664 0.732003
vt 0.142603 0.735601
vt 0.136999 0.741204
vt 0.206917 0.590436
vt 0.206918 0.596984
vt 0.203337 0.596984
vt 0.203337 0.590436
vt 0.203337 0.583340
vt 0.206917 0.583340
vt 0.203337 0.575513
vt 0.206918 0.575513
vt 0.132556 0.638185
vt 0.203337 0.638185
vt 0.132556 0.631194
vt 0.203337 0.631194
vt 0.132556 0.624942
vt 0.203337 0.624942
vt 0.203337 0.618551
vt 0.206917 0.618551
vt 0.203337 0.610963
vt 0.206917 0.610963
vt 0.203337 0.603375
vt 0.206917 0.603375
vt 0.132556 0.596984
vt 0.132556 0.590436
vt 0.132556 0.583340
vt 0.132556 0.575513
vt 0.132556 0.603375
vt 0.132556 0.610963
vt 0.132556 0.618551
vt 0.206917 0.624942
vt 0.206917 0.631194
vt 0.206917 0.638185
vt 0.117539 0.995844
vt 0.111635 0.987795
vt 0.117539 0.987795
vt 0.111635 0.995844
vt 0.105819 0.987795
vt 0.105819 0.995844
vt 0.101100 0.995844
vt 0.101100 0.987795
vt 0.095585 0.987795
vt 0.095585 0.995844
vt 0.089650 0.995844
vt 0.089650 0.987795
vt 0.083709 0.987795
vt 0.083709 0.995844
vt 0.078158 0.995844
vt 0.078158 0.987795
vt 0.073333 0.995844
vt 0.073333 0.987795
vt 0.067775 0.987795
vt 0.067775 0.995844
vt 0.111635 0.980797
vt 0.105819 0.980797
vt 0.105819 0.973243
vt 0.111635 0.973243
vt 0.117539 0.973243
vt 0.117539 0.391012
vt 0.111635 0.391012
vt 0.105819 0.391012
vt 0.101100 0.973243
vt 0.101100 0.980797
vt 0.095585 0.973243
vt 0.095585 0.391012
vt 0.089650 0.973243
vt 0.089650 0.391012
vt 0.083709 0.391012
vt 0.101100 0.391012
vt 0.117539 0.980797
vt 0.067775 0.980797
vt 0.073333 0.980797
vt 0.067775 0.973243
vt 0.073333 0.973243
vt 0.073333 0.391012
vt 0.078158 0.973243
vt 0.078158 0.391012
vt 0.083709 0.973243
vt 0.089650 0.980797
vt 0.095585 0.980797
vt 0.083709 0.980797
vt 0.078158 0.980797
vt 0.771854 0.001804
vt 0.242266 0.007882
vt 0.242266 0.001804
vt 0.771854 0.007883
vt 0.242266 0.013525
vt 0.771854 0.013525
vt 0.771854 0.018035
vt 0.242266 0.018035
vt 0.771854 0.023580
vt 0.242266 0.023580
vt 0.242266 0.029668
vt 0.771854 0.029669
vt 0.242266 0.035759
vt 0.771854 0.035759
vt 0.242266 0.041316
vt 0.771854 0.041316
vt 0.771854 0.045860
vt 0.242266 0.045860
vt 0.771854 0.051419
vt 0.242266 0.051419
vt 0.252390 0.756092
vt 0.228607 0.756092
vt 0.251226 0.748743
vt 0.247848 0.742113
vt 0.242586 0.736852
vt 0.235956 0.733473
vt 0.228607 0.732310
vt 0.221258 0.733473
vt 0.214628 0.736852
vt 0.209366 0.742113
vt 0.205988 0.748743
vt 0.204824 0.756092
vt 0.205988 0.763441
vt 0.209366 0.770071
vt 0.214628 0.775332
vt 0.221258 0.778710
vt 0.228607 0.779874
vt 0.235956 0.778711
vt 0.242586 0.775332
vt 0.247848 0.770071
vt 0.251226 0.763441
vt 0.706094 0.311447
vt 0.706319 0.313948
vt 0.705602 0.313592
vt 0.704719 0.315942
vt 0.704227 0.315310
vt 0.702412 0.317043
vt 0.702244 0.316261
vt 0.700043 0.316256
vt 0.699857 0.317034
vt 0.698057 0.315297
vt 0.697567 0.315916
vt 0.696391 0.313710
vt 0.695973 0.313907
vt 0.695428 0.311423
vt 0.695891 0.311428
vt 0.696001 0.308950
vt 0.696417 0.309154
vt 0.697873 0.307331
vt 0.697589 0.306977
vt 0.699882 0.305822
vt 0.700052 0.306622
vt 0.702253 0.306624
vt 0.702442 0.305845
vt 0.704742 0.306960
vt 0.704236 0.307580
vt 0.706332 0.308963
vt 0.705607 0.309302
vt 0.706895 0.311457
vt 0.703784 0.393550
vt 0.705221 0.391557
vt 0.705685 0.393536
vt 0.704225 0.391566
vt 0.704704 0.389380
vt 0.706115 0.391118
vt 0.707392 0.392700
vt 0.708566 0.391205
vt 0.706728 0.390334
vt 0.706942 0.389362
vt 0.708976 0.389349
vt 0.710466 0.389343
vt 0.709912 0.391846
vt 0.708326 0.393861
vt 0.706022 0.394988
vt 0.703457 0.395004
vt 0.701140 0.393907
vt 0.703179 0.396215
vt 0.700361 0.394877
vt 0.702879 0.397507
vt 0.699521 0.395907
vt 0.698417 0.392454
vt 0.696699 0.393246
vt 0.697702 0.389421
vt 0.695837 0.389403
vt 0.698377 0.386375
vt 0.706588 0.397495
vt 0.709101 0.394834
vt 0.706298 0.396200
vt 0.711032 0.392386
vt 0.711709 0.389343
vt 0.709879 0.386847
vt 0.708538 0.387500
vt 0.707342 0.386024
vt 0.706084 0.387620
vt 0.705624 0.385214
vt 0.708266 0.384854
vt 0.705948 0.383760
vt 0.706223 0.382546
vt 0.706712 0.388393
vt 0.709041 0.383880
vt 0.710999 0.386307
vt 0.696704 0.385565
vt 0.699142 0.382480
vt 0.700299 0.383902
vt 0.702810 0.381266
vt 0.703114 0.382582
vt 0.706521 0.381250
vt 0.709871 0.382845
vt 0.712197 0.385735
vt 0.713038 0.389348
vt 0.712226 0.392967
vt 0.709925 0.395875
vt 0.703386 0.383786
vt 0.701074 0.384886
vt 0.699496 0.386912
vt 0.698944 0.389418
vt 0.699534 0.391913
vt 0.702066 0.392738
vt 0.703324 0.391141
vt 0.703721 0.385231
vt 0.702011 0.386056
vt 0.700841 0.387553
vt 0.700873 0.391260
vt 0.700434 0.389410
vt 0.702678 0.388425
vt 0.703291 0.387641
vt 0.704186 0.387205
vt 0.705182 0.387196
vt 0.702466 0.389398
vt 0.702696 0.390368
vt 0.067775 0.391012
vt 0.159985 0.957784
vt 0.159985 0.967926
vt 0.156850 0.958281
vt 0.154024 0.959721
vt 0.151780 0.961965
vt 0.150339 0.964792
vt 0.149843 0.967926
vt 0.150339 0.971060
vt 0.151780 0.973887
vt 0.154024 0.976131
vt 0.156851 0.977572
vt 0.159985 0.978068
vt 0.163119 0.977572
vt 0.165946 0.976131
vt 0.168190 0.973887
vt 0.169631 0.971060
vt 0.170127 0.967926
vt 0.169631 0.964792
vt 0.168190 0.961965
vt 0.165946 0.959721
vt 0.163119 0.958280
vt 0.114067 0.337680
vt 0.106240 0.013124
vt 0.114067 0.013124
vt 0.121894 0.013124
vt 0.121894 0.337680
vt 0.128954 0.337680
vt 0.128954 0.013124
vt 0.134558 0.013124
vt 0.134558 0.337680
vt 0.141619 0.013124
vt 0.141619 0.337680
vt 0.149446 0.013123
vt 0.149445 0.337680
vt 0.149445 0.341258
vt 0.142096 0.341259
vt 0.134387 0.341258
vt 0.128046 0.341258
vt 0.121416 0.341258
vt 0.114067 0.341258
vt 0.106240 0.337680
vt 0.099180 0.337680
vt 0.099179 0.013124
vt 0.093576 0.013124
vt 0.093576 0.337680
vt 0.106718 0.341258
vt 0.100088 0.341258
vt 0.093747 0.341258
vt 0.086515 0.337680
vt 0.086515 0.013124
vt 0.086038 0.341258
vt 0.886843 0.691762
vt 0.904989 0.646873
vt 0.910877 0.650622
vt 0.916099 0.635070
vt 0.924114 0.631075
vt 0.880588 0.757638
vt 0.873526 0.757638
vt 0.872680 0.690550
vt 0.879795 0.690953
vt 0.886191 0.757638
vt 0.893472 0.693506
vt 0.917641 0.653074
vt 0.931676 0.632514
vt 0.937574 0.636434
vt 0.923628 0.656889
vt 0.899976 0.695127
vt 0.893252 0.757638
vt 0.901079 0.757637
vt 0.903124 0.641207
vt 0.920964 0.583210
vt 0.925577 0.586815
vt 0.903189 0.607741
vt 0.929790 0.589964
vt 0.905190 0.616197
vt 0.938450 0.597880
vt 0.904545 0.645363
vt 0.940927 0.600675
vt 0.891823 0.592324
vt 0.880161 0.605272
vt 0.878216 0.598596
vt 0.895926 0.598033
vt 0.910017 0.574264
vt 0.915753 0.578997
vt 0.899707 0.603212
vt 0.882904 0.616678
vt 0.883857 0.630061
vt 0.881559 0.653871
vt 0.881739 0.611337
vt 0.887433 0.586480
vt 0.875878 0.591528
vt 0.865704 0.592720
vt 0.865701 0.600117
vt 0.865700 0.606973
vt 0.865699 0.613113
vt 0.865699 0.618523
vt 0.831691 0.603213
vt 0.849659 0.611337
vt 0.835471 0.598033
vt 0.851237 0.605272
vt 0.839574 0.592324
vt 0.853182 0.598596
vt 0.843965 0.586480
vt 0.855520 0.591529
vt 0.801607 0.589964
vt 0.783917 0.554304
vt 0.805820 0.586814
vt 0.828209 0.607742
vt 0.810435 0.583210
vt 0.815644 0.578997
vt 0.821381 0.574264
vt 0.827452 0.569199
vt 0.767784 0.513353
vt 0.773219 0.512755
vt 0.762522 0.484346
vt 0.768299 0.484251
vt 0.757509 0.484173
vt 0.789233 0.552100
vt 0.779413 0.511592
vt 0.774915 0.483899
vt 0.786252 0.509605
vt 0.795195 0.549327
vt 0.801711 0.546078
vt 0.808460 0.542474
vt 0.793383 0.506818
vt 0.782030 0.482290
vt 0.778348 0.464687
vt 0.773817 0.459248
vt 0.768225 0.456121
vt 0.762576 0.454576
vt 0.757450 0.453879
vt 0.753021 0.483892
vt 0.762890 0.513587
vt 0.779289 0.555945
vt 0.774457 0.458250
vt 0.778112 0.463057
vt 0.779363 0.462199
vt 0.769876 0.453250
vt 0.765363 0.449462
vt 0.767042 0.417003
vt 0.844344 0.422173
vt 0.768557 0.425279
vt 0.844136 0.429953
vt 0.770387 0.433439
vt 0.844028 0.437697
vt 0.772434 0.441549
vt 0.844207 0.445422
vt 0.775290 0.448833
vt 0.844560 0.453197
vt 0.778352 0.455791
vt 0.775482 0.457003
vt 0.772327 0.451082
vt 0.865699 0.421664
vt 0.865699 0.429476
vt 0.865699 0.437293
vt 0.865699 0.445129
vt 0.865699 0.453030
vt 0.865699 0.461015
vt 0.845038 0.461015
vt 0.781181 0.462535
vt 0.886431 0.390957
vt 0.886625 0.398773
vt 0.886736 0.406560
vt 0.886867 0.414360
vt 0.887054 0.422173
vt 0.887262 0.429953
vt 0.887370 0.437697
vt 0.887191 0.445422
vt 0.886838 0.453197
vt 0.967195 0.391322
vt 0.966537 0.399983
vt 0.965567 0.408548
vt 0.964356 0.417003
vt 0.962841 0.425279
vt 0.961012 0.433439
vt 0.958964 0.441549
vt 0.956108 0.448833
vt 0.962789 0.445019
vt 0.959072 0.451082
vt 0.966035 0.449462
vt 0.961522 0.453250
vt 0.963173 0.456121
vt 0.956942 0.458250
vt 0.955916 0.457003
vt 0.957581 0.459248
vt 0.963099 0.484251
vt 0.956483 0.483899
vt 0.951985 0.511592
vt 0.945146 0.509605
vt 0.936203 0.549327
vt 0.929687 0.546078
vt 0.968822 0.454576
vt 0.968876 0.484346
vt 0.958179 0.512755
vt 0.942164 0.552100
vt 0.947481 0.554304
vt 0.963614 0.513352
vt 0.973888 0.484173
vt 0.973948 0.453879
vt 0.970963 0.445183
vt 0.966792 0.437786
vt 0.952109 0.555945
vt 0.968508 0.513587
vt 0.978377 0.483893
vt 0.978580 0.453600
vt 0.977475 0.440122
vt 0.972243 0.427793
vt 0.970955 0.417805
vt 0.970800 0.409014
vt 0.971524 0.400329
vt 0.972254 0.391544
vt 0.978716 0.392248
vt 0.980951 0.401551
vt 0.982988 0.410439
vt 0.985200 0.419189
vt 0.987946 0.434245
vt 0.990160 0.448180
vt 0.988892 0.479081
vt 0.978865 0.511061
vt 0.962089 0.556473
vt 0.991182 0.433747
vt 0.993323 0.447442
vt 0.988408 0.418575
vt 0.986391 0.409727
vt 0.984433 0.400839
vt 0.982309 0.391694
vt 0.965027 0.558088
vt 0.981943 0.512063
vt 0.991996 0.479617
vt 0.889158 0.815031
vt 0.888535 0.812143
vt 0.920868 0.811929
vt 0.852611 0.814442
vt 0.851578 0.811533
vt 0.826633 0.812811
vt 0.827184 0.816221
vt 0.853580 0.817663
vt 0.827659 0.820900
vt 0.921202 0.814835
vt 0.945931 0.812344
vt 0.889759 0.818182
vt 0.854362 0.822067
vt 0.827949 0.826667
vt 0.800084 0.826133
vt 0.799783 0.820222
vt 0.799933 0.815534
vt 0.800582 0.812299
vt 0.826061 0.809709
vt 0.847419 0.803202
vt 0.885214 0.804430
vt 0.821476 0.799956
vt 0.801231 0.809378
vt 0.798455 0.800076
vt 0.789334 0.799958
vt 0.828035 0.833063
vt 0.854888 0.827434
vt 0.801821 0.833044
vt 0.798260 0.833042
vt 0.795951 0.826590
vt 0.792406 0.821323
vt 0.787561 0.816706
vt 0.783639 0.814405
vt 0.778985 0.812347
vt 0.779409 0.799563
vt 0.775113 0.810444
vt 0.774802 0.799945
vt 0.771201 0.808227
vt 0.760002 0.799867
vt 0.763060 0.804434
vt 0.758744 0.802847
vt 0.764852 0.800329
vt 0.760317 0.797530
vt 0.765380 0.797949
vt 0.769953 0.800119
vt 0.770340 0.797968
vt 0.775162 0.797783
vt 0.779696 0.797384
vt 0.789241 0.797560
vt 0.798038 0.797563
vt 0.821430 0.797170
vt 0.847132 0.800396
vt 0.767180 0.806188
vt 0.884699 0.801845
vt 0.920509 0.800253
vt 0.921076 0.802811
vt 0.963039 0.795770
vt 0.963539 0.798112
vt 0.997632 0.779967
vt 0.973182 0.808895
vt 0.963205 0.817183
vt 0.945920 0.815073
vt 0.921536 0.817988
vt 0.890258 0.822470
vt 0.957922 0.821882
vt 0.890600 0.827685
vt 0.921819 0.822253
vt 0.922009 0.827430
vt 0.946125 0.822252
vt 0.946078 0.827353
vt 0.946074 0.818093
vt 0.954113 0.826813
vt 0.953283 0.833157
vt 0.945984 0.833152
vt 0.922070 0.833134
vt 0.890726 0.833110
vt 0.855073 0.833084
vt 0.687384 0.314835
vt 0.684672 0.311433
vt 0.688592 0.313321
vt 0.689023 0.311433
vt 0.688592 0.309545
vt 0.687384 0.308031
vt 0.685640 0.307191
vt 0.683703 0.307191
vt 0.681959 0.308031
vt 0.680751 0.309545
vt 0.680321 0.311433
vt 0.680751 0.313321
vt 0.681959 0.314835
vt 0.683704 0.315675
vt 0.685640 0.315674
vt 0.503430 0.587517
vt 0.503951 0.586880
vt 0.503953 0.586263
vt 0.502694 0.575214
vt 0.501064 0.569366
vt 0.496980 0.564681
vt 0.491425 0.562212
vt 0.488705 0.561700
vt 0.476628 0.560288
vt 0.701982 0.312476
vt 0.703436 0.312536
vt 0.702735 0.313418
vt 0.700327 0.312482
vt 0.700860 0.312737
vt 0.700592 0.313912
vt 0.701451 0.312734
vt 0.701150 0.311442
vt 0.702349 0.312013
vt 0.703684 0.311436
vt 0.704232 0.312920
vt 0.703285 0.314110
vt 0.701720 0.313910
vt 0.701916 0.314772
vt 0.700394 0.314773
vt 0.699575 0.313425
vt 0.699022 0.314115
vt 0.699957 0.312021
vt 0.699823 0.311445
vt 0.701441 0.310148
vt 0.700850 0.310149
vt 0.701975 0.310402
vt 0.702344 0.310862
vt 0.702478 0.311437
vt 0.702075 0.315492
vt 0.700226 0.315491
vt 0.698557 0.314688
vt 0.698076 0.312928
vt 0.698872 0.312545
vt 0.698618 0.311446
vt 0.699952 0.310869
vt 0.700318 0.310406
vt 0.700580 0.308977
vt 0.701709 0.308973
vt 0.699563 0.309461
vt 0.699012 0.308764
vt 0.698865 0.310345
vt 0.697734 0.311446
vt 0.698069 0.309961
vt 0.697412 0.313245
vt 0.703742 0.314689
vt 0.704895 0.313244
vt 0.698554 0.308178
vt 0.700228 0.307404
vt 0.702073 0.307392
vt 0.703740 0.308192
vt 0.704894 0.309637
vt 0.705306 0.311441
vt 0.700386 0.308119
vt 0.701906 0.308111
vt 0.703277 0.308767
vt 0.702726 0.309458
vt 0.703431 0.310338
vt 0.704569 0.311436
vt 0.704228 0.309954
vt 0.321602 0.660202
vt 0.314547 0.617364
vt 0.320910 0.614696
vt 0.315661 0.660990
vt 0.307868 0.620949
vt 0.309885 0.662192
vt 0.301422 0.625567
vt 0.304739 0.664653
vt 0.295404 0.630845
vt 0.300202 0.667516
vt 0.310890 0.699223
vt 0.314916 0.698207
vt 0.319363 0.697786
vt 0.323931 0.697629
vt 0.320774 0.568889
vt 0.311767 0.572001
vt 0.304066 0.578201
vt 0.296923 0.585343
vt 0.289243 0.593069
vt 0.282267 0.602459
vt 0.290043 0.636603
vt 0.296039 0.670354
vt 0.307286 0.700601
vt 0.303974 0.702075
vt 0.277897 0.611582
vt 0.285206 0.641823
vt 0.292209 0.672997
vt 0.300844 0.703512
vt 0.297736 0.704717
vt 0.294498 0.705666
vt 0.284929 0.677192
vt 0.291012 0.706421
vt 0.280921 0.678789
vt 0.288649 0.675316
vt 0.261422 0.593526
vt 0.266408 0.583071
vt 0.272966 0.618523
vt 0.280728 0.646191
vt 0.276121 0.649567
vt 0.271066 0.651918
vt 0.256162 0.600767
vt 0.268148 0.623795
vt 0.262991 0.627253
vt 0.252718 0.607631
vt 0.311488 0.528018
vt 0.301111 0.534974
vt 0.291640 0.544119
vt 0.280837 0.554106
vt 0.269298 0.568875
vt 0.298315 0.493880
vt 0.288091 0.509270
vt 0.278278 0.522933
vt 0.268915 0.531403
vt 0.271896 0.551638
vt 0.685899 0.395115
vt 0.681330 0.389385
vt 0.687932 0.392565
vt 0.688658 0.389385
vt 0.687932 0.386205
vt 0.685899 0.383655
vt 0.682961 0.382240
vt 0.679699 0.382240
vt 0.676760 0.383655
vt 0.674727 0.386205
vt 0.674001 0.389385
vt 0.674727 0.392565
vt 0.676760 0.395115
vt 0.679699 0.396530
vt 0.682961 0.396530
vt 0.847375 0.862954
vt 0.884653 0.864367
vt 0.847084 0.865760
vt 0.885171 0.861783
vt 0.920460 0.866012
vt 0.921032 0.863455
vt 0.962984 0.870559
vt 0.963487 0.868217
vt 0.997553 0.886413
vt 0.973146 0.857448
vt 0.963181 0.849146
vt 0.945900 0.853959
vt 0.945894 0.851229
vt 0.921175 0.851432
vt 0.921514 0.848278
vt 0.889736 0.848037
vt 0.890242 0.843750
vt 0.854346 0.844100
vt 0.854880 0.838734
vt 0.827940 0.839460
vt 0.957905 0.844438
vt 0.888503 0.854074
vt 0.920837 0.854337
vt 0.889131 0.851188
vt 0.852583 0.851722
vt 0.853557 0.848502
vt 0.827159 0.849905
vt 0.827641 0.845227
vt 0.799764 0.845864
vt 0.800074 0.839953
vt 0.826603 0.853314
vt 0.800551 0.853788
vt 0.799907 0.850551
vt 0.851546 0.854630
vt 0.826026 0.856416
vt 0.801195 0.856710
vt 0.821426 0.866162
vt 0.798406 0.866008
vt 0.789285 0.866111
vt 0.795942 0.839490
vt 0.792389 0.844752
vt 0.787536 0.849361
vt 0.783611 0.851657
vt 0.778954 0.853707
vt 0.779359 0.866493
vt 0.775079 0.855605
vt 0.774753 0.866103
vt 0.771163 0.857816
vt 0.769903 0.865922
vt 0.767140 0.859849
vt 0.764803 0.865704
vt 0.763017 0.861597
vt 0.759952 0.866159
vt 0.758698 0.863178
vt 0.760264 0.868497
vt 0.765328 0.868085
vt 0.770287 0.868074
vt 0.775109 0.868265
vt 0.779643 0.868671
vt 0.789189 0.868509
vt 0.797985 0.868520
vt 0.821376 0.868948
vt 0.193179 0.849071
vt 0.192602 0.830790
vt 0.187195 0.849071
vt 0.186617 0.830790
vt 0.181235 0.849071
vt 0.181867 0.830790
vt 0.175302 0.849071
vt 0.175890 0.830790
vt 0.169374 0.849071
vt 0.169265 0.830790
vt 0.163448 0.849071
vt 0.162642 0.830790
vt 0.157526 0.849071
vt 0.156637 0.830790
vt 0.151606 0.849071
vt 0.151856 0.830790
vt 0.149396 0.930420
vt 0.155610 0.929522
vt 0.161719 0.928409
vt 0.167552 0.927713
vt 0.174204 0.926875
vt 0.180281 0.926801
vt 0.186315 0.926572
vt 0.192242 0.925893
vt 0.143063 0.931041
vt 0.136633 0.931200
vt 0.145673 0.849071
vt 0.145868 0.830790
vt 0.136633 0.849071
vt 0.136633 0.830790
vt 0.714388 0.389357
vt 0.713439 0.393561
vt 0.710759 0.396937
vt 0.706879 0.398814
vt 0.702573 0.398820
vt 0.698701 0.396954
vt 0.695996 0.393582
vt 0.695056 0.389399
vt 0.696001 0.385225
vt 0.698661 0.381886
vt 0.702517 0.379919
vt 0.706833 0.379935
vt 0.710720 0.381795
vt 0.713417 0.385157
vt 0.953046 0.455791
vt 0.952035 0.462199
vt 0.953286 0.463057
vt 0.953051 0.464687
vt 0.949368 0.482290
vt 0.938015 0.506818
vt 0.922938 0.542474
vt 0.903946 0.569199
vt 0.950217 0.462534
vt 0.886360 0.461015
vt 0.674703 0.450207
vt 0.673977 0.447028
vt 0.681306 0.447027
vt 0.674703 0.443848
vt 0.676737 0.441298
vt 0.679675 0.439883
vt 0.682937 0.439883
vt 0.685876 0.441298
vt 0.687909 0.443848
vt 0.688635 0.447027
vt 0.687909 0.450207
vt 0.685876 0.452758
vt 0.682937 0.454173
vt 0.679675 0.454173
vt 0.676737 0.452758
vt 0.922000 0.838837
vt 0.946069 0.838950
vt 0.954104 0.839502
vt 0.946109 0.844051
vt 0.946052 0.848211
vt 0.921803 0.844014
vt 0.890592 0.838536
vt 0.204271 0.013254
vt 0.196445 0.037342
vt 0.196445 0.012015
vt 0.188618 0.013254
vt 0.181557 0.016852
vt 0.175954 0.022455
vt 0.172356 0.029516
vt 0.171117 0.037342
vt 0.172356 0.045169
vt 0.175954 0.052230
vt 0.181557 0.057833
vt 0.188618 0.061431
vt 0.196445 0.062671
vt 0.204272 0.061431
vt 0.211332 0.057834
vt 0.216936 0.052230
vt 0.220533 0.045170
vt 0.221773 0.037342
vt 0.220533 0.029515
vt 0.216935 0.022456
vt 0.211332 0.016852
vt 0.697407 0.309640
vt 0.696997 0.311444
vt 0.698734 0.372877
vt 0.696012 0.369515
vt 0.695052 0.365334
vt 0.695978 0.361154
vt 0.698624 0.357800
vt 0.702473 0.355814
vt 0.706792 0.355810
vt 0.710690 0.357653
vt 0.713404 0.361005
vt 0.714395 0.365202
vt 0.713464 0.369414
vt 0.710799 0.372804
vt 0.706926 0.374700
vt 0.702616 0.374726
vt 0.196417 0.118522
vt 0.196417 0.094740
vt 0.203767 0.117358
vt 0.210397 0.113981
vt 0.215658 0.108719
vt 0.219036 0.102089
vt 0.220200 0.094740
vt 0.219036 0.087390
vt 0.215658 0.080761
vt 0.210397 0.075499
vt 0.203767 0.072121
vt 0.196418 0.070957
vt 0.189068 0.072121
vt 0.182438 0.075499
vt 0.177177 0.080761
vt 0.173799 0.087390
vt 0.172635 0.094740
vt 0.173799 0.102089
vt 0.177177 0.108719
vt 0.182438 0.113981
vt 0.189068 0.117358
vt 0.685876 0.371096
vt 0.681306 0.365366
vt 0.687909 0.368546
vt 0.688635 0.365366
vt 0.687909 0.362186
vt 0.685875 0.359636
vt 0.682937 0.358221
vt 0.679675 0.358221
vt 0.676737 0.359635
vt 0.674703 0.362186
vt 0.673978 0.365365
vt 0.674703 0.368546
vt 0.676737 0.371095
vt 0.679675 0.372511
vt 0.682937 0.372510
vt 0.884009 0.508695
vt 0.882770 0.516522
vt 0.858681 0.508696
vt 0.879173 0.523582
vt 0.873569 0.529186
vt 0.866509 0.532784
vt 0.858682 0.534024
vt 0.850855 0.532784
vt 0.843793 0.529186
vt 0.838190 0.523583
vt 0.834593 0.516523
vt 0.833353 0.508696
vt 0.834593 0.500869
vt 0.838191 0.493808
vt 0.843794 0.488205
vt 0.850855 0.484607
vt 0.858681 0.483367
vt 0.866507 0.484607
vt 0.873568 0.488204
vt 0.879171 0.493808
vt 0.882769 0.500868
s 1
f 1/1/1 3/2/2 2/3/3
f 4/4/4 6/5/5 5/6/6
f 7/4/4 9/6/7 8/1/8
f 10/1/9 12/6/7 11/2/2
f 13/2/2 15/6/7 14/7/10
f 16/2/11 18/7/12 17/8/13
f 19/7/12 21/9/14 20/8/13
f 22/7/12 24/10/15 23/9/16
f 25/10/17 27/11/18 26/9/14
f 28/10/17 30/12/19 29/11/18
f 31/12/20 33/13/21 32/11/22
f 34/12/20 36/14/21 35/13/21
f 37/15/23 39/13/24 38/14/24
f 40/15/23 42/14/24 41/16/23
f 43/17/25 45/15/26 44/16/26
f 46/17/25 48/16/26 47/18/25
f 49/19/27 51/17/28 50/18/28
f 52/19/27 54/18/28 53/20/29
f 55/21/30 57/19/31 56/20/32
f 58/5/33 60/7/12 59/6/7
f 61/5/33 63/22/34 62/7/12
f 64/22/34 66/10/35 65/7/12
f 67/22/34 69/23/35 68/10/35
f 70/23/17 72/12/19 71/10/17
f 73/23/17 75/24/19 74/12/19
f 76/24/20 78/14/21 77/12/20
f 79/24/20 81/25/21 80/14/21
f 82/25/24 84/16/23 83/14/24
f 85/25/36 87/26/23 86/16/23
f 88/26/26 90/18/37 89/16/26
f 91/26/23 93/27/38 92/18/25
f 94/27/38 96/20/29 95/18/28
f 97/27/38 99/28/39 98/20/29
f 100/28/39 102/29/30 101/20/31
f 103/28/39 105/30/40 104/29/30
f 106/21/30 108/20/31 107/29/30
f 109/31/41 111/21/42 110/29/42
f 112/31/41 114/29/42 113/32/41
f 115/32/41 117/29/43 116/30/44
f 118/32/45 120/30/46 119/33/47
f 121/34/48 123/35/49 122/36/48
f 124/36/50 126/37/51 125/38/52
f 127/36/50 129/35/49 128/37/51
f 130/39/53 132/37/54 131/35/55
f 133/40/56 135/41/57 134/42/58
f 136/40/59 138/43/60 137/41/61
f 139/43/60 141/44/62 140/41/57
f 142/43/63 144/45/64 143/44/65
f 145/45/64 147/46/66 146/44/67
f 148/45/64 150/47/68 149/46/66
f 151/47/68 153/48/69 152/46/66
f 154/47/70 156/49/71 155/48/72
f 157/49/71 159/47/73 158/50/74
f 160/49/71 162/50/74 161/51/75
f 163/50/74 165/34/50 164/51/76
f 166/50/74 168/52/49 167/34/50
f 169/34/50 171/52/49 170/35/49
f 172/53/77 174/35/55 173/52/55
f 175/39/53 177/35/55 176/53/77
f 178/54/78 180/39/79 179/53/80
f 181/54/81 183/53/80 182/55/82
f 184/56/83 186/54/78 185/55/84
f 187/47/85 189/57/86 188/50/74
f 190/57/86 192/52/55 191/50/74
f 193/57/86 195/58/77 194/52/55
f 196/53/77 198/52/55 197/58/77
f 199/55/82 201/53/87 200/58/87
f 202/55/82 204/58/87 203/59/82
f 205/60/88 207/55/84 206/59/84
f 208/60/88 210/59/84 209/61/88
f 211/62/89 213/60/88 212/61/88
f 214/62/89 216/61/88 215/63/90
f 217/64/91 219/62/92 218/63/93
f 220/64/91 222/63/93 221/65/91
f 223/66/94 225/64/95 224/65/96
f 226/66/97 228/65/95 227/67/97
f 229/68/98 231/66/99 230/67/100
f 232/68/98 234/67/97 233/69/101
f 235/70/102 237/68/103 236/69/103
f 238/70/102 240/69/103 239/71/104
f 241/56/83 243/55/84 242/60/88
f 244/72/89 246/56/105 245/60/88
f 247/72/89 249/60/88 248/62/89
f 250/73/106 252/72/92 251/62/92
f 253/73/106 255/62/92 254/64/91
f 256/74/107 258/73/108 257/64/95
f 259/74/107 261/64/95 260/66/94
f 262/75/109 264/74/110 263/66/100
f 265/75/109 267/66/99 266/68/98
f 268/76/111 270/75/112 269/68/103
f 271/76/111 273/68/103 272/70/104
f 274/77/113 276/76/114 275/70/115
f 277/77/116 279/70/115 278/78/117
f 280/78/118 282/70/119 281/71/119
f 283/78/117 285/71/120 284/79/117
f 286/80/121 288/79/118 287/71/119
f 289/80/121 291/71/115 290/81/122
f 292/82/123 294/80/124 293/81/125
f 295/82/126 297/83/127 296/80/121
f 298/84/128 300/85/129 299/82/123
f 301/85/130 303/83/127 302/82/123
f 304/85/130 306/86/131 305/83/132
f 307/69/98 309/87/133 308/88/134
f 310/69/98 312/67/97 311/87/135
f 313/67/97 315/89/136 314/87/133
f 316/67/94 318/65/96 317/89/136
f 319/81/137 321/71/104 320/69/103
f 322/81/138 324/69/103 323/88/134
f 325/90/139 327/81/137 326/88/140
f 328/91/141 330/90/142 329/88/140
f 331/91/143 333/88/134 332/87/144
f 334/92/145 336/91/146 335/87/144
f 337/92/145 339/87/144 338/89/147
f 340/93/89 342/92/148 341/89/136
f 343/93/92 345/89/136 344/94/93
f 346/65/91 348/94/93 347/89/136
f 349/65/91 351/63/93 350/94/93
f 352/95/149 354/94/90 353/63/90
f 355/95/88 357/63/90 356/61/88
f 358/96/84 360/95/88 359/61/88
f 361/96/84 363/61/88 362/59/84
f 364/96/82 366/59/82 365/58/80
f 367/96/82 369/58/80 368/57/150
f 370/90/151 372/82/123 371/81/125
f 373/84/128 375/82/126 374/90/151
f 376/91/152 378/84/128 377/90/153
f 379/91/152 381/97/154 380/84/128
f 382/92/145 384/97/155 383/91/146
f 385/92/145 387/98/156 386/97/155
f 388/99/157 390/98/158 389/92/148
f 391/99/157 393/92/148 392/93/92
f 394/93/89 396/100/159 395/99/160
f 397/93/89 399/101/161 398/100/159
f 400/94/93 402/101/161 401/93/162
f 403/94/93 405/40/56 404/101/161
f 406/94/90 408/95/88 407/40/56
f 409/95/88 411/43/60 410/40/56
f 412/95/88 414/96/84 413/43/60
f 415/45/64 417/43/163 416/96/82
f 418/45/164 420/96/82 419/57/150
f 421/47/70 423/45/64 422/57/86
f 424/86/165 426/102/166 425/103/167
f 427/86/165 429/85/168 428/102/166
f 430/85/130 432/104/169 431/102/170
f 433/85/130 435/84/171 434/104/172
f 436/84/171 438/105/173 437/104/169
f 439/84/171 441/97/154 440/105/173
f 442/97/174 444/106/175 443/105/176
f 445/97/174 447/98/177 446/106/175
f 448/98/158 450/107/157 449/106/178
f 451/98/158 453/99/157 452/107/157
f 454/99/160 456/108/179 455/107/160
f 457/99/160 459/100/159 458/108/179
f 460/100/159 462/109/180 461/108/179
f 463/100/159 465/110/181 464/109/182
f 466/100/159 468/111/183 467/110/181
f 469/100/184 471/101/185 470/111/186
f 472/101/161 474/42/187 473/111/188
f 475/101/161 477/40/189 476/42/58
f 478/108/179 480/109/182 479/112/190
f 481/108/179 483/112/191 482/113/192
f 484/107/160 486/108/179 485/113/192
f 487/107/160 489/113/192 488/114/160
f 490/106/175 492/107/157 491/114/157
f 493/106/193 495/114/157 494/115/194
f 496/105/195 498/106/175 497/115/196
f 499/105/176 501/115/196 500/116/197
f 502/104/198 504/105/173 503/116/199
f 505/104/198 507/116/200 506/117/201
f 508/102/170 510/104/202 509/117/203
f 511/102/170 513/117/204 512/118/205
f 514/103/206 516/102/166 515/118/207
f 517/103/206 519/118/207 518/119/208
f 520/119/208 522/118/209 521/120/210
f 523/119/208 525/120/210 524/121/211
f 526/121/211 528/120/210 527/122/212
f 529/121/211 531/122/212 530/123/213
f 532/124/214 534/125/215 533/126/216
f 535/124/214 537/127/217 536/125/215
f 538/122/218 540/127/219 539/124/220
f 541/122/221 543/128/222 542/127/219
f 544/120/210 546/128/223 545/122/221
f 547/120/224 549/129/225 548/128/223
f 550/118/226 552/129/225 551/120/210
f 553/118/226 555/117/203 554/129/225
f 556/117/227 558/130/228 557/129/229
f 559/117/227 561/116/197 560/130/228
f 562/116/197 564/131/230 563/130/231
f 565/116/197 567/115/196 566/131/230
f 568/115/194 570/132/232 569/131/233
f 571/115/194 573/114/157 572/132/232
f 574/114/160 576/133/192 575/132/234
f 577/114/235 579/113/192 578/133/192
f 580/113/192 582/134/236 581/133/237
f 583/113/192 585/112/238 584/134/239
f 586/127/240 588/135/241 587/125/242
f 589/127/240 591/136/243 590/135/244
f 592/128/245 594/136/246 593/127/240
f 595/128/245 597/137/247 596/136/246
f 598/129/229 600/137/248 599/128/249
f 601/129/250 603/130/228 602/137/247
f 604/130/231 606/138/251 605/137/252
f 607/130/228 609/131/253 608/138/251
f 610/131/230 612/139/89 611/138/251
f 613/131/230 615/132/232 614/139/89
f 616/132/234 618/140/254 617/139/89
f 619/132/234 621/133/192 620/140/254
f 622/133/255 624/141/256 623/140/257
f 625/133/192 627/134/236 626/141/256
f 628/140/258 630/141/256 629/142/259
f 631/142/260 633/143/261 632/144/262
f 634/142/260 636/144/263 635/145/264
f 637/140/258 639/142/260 638/145/265
f 640/146/92 642/140/257 641/145/265
f 643/146/92 645/139/92 644/140/266
f 646/147/267 648/139/89 647/146/89
f 649/147/267 651/138/251 650/139/89
f 652/137/268 654/138/269 653/147/270
f 655/137/252 657/147/270 656/136/271
f 658/136/243 660/147/270 659/148/272
f 661/136/243 663/148/272 662/135/241
f 664/148/273 666/147/267 665/146/89
f 667/148/272 669/146/89 668/149/89
f 670/149/89 672/146/89 671/145/265
f 673/149/89 675/145/265 674/150/274
f 676/151/179 678/150/274 677/145/265
f 679/151/275 681/145/276 680/144/277
f 682/123/278 684/122/218 683/124/220
f 685/123/278 687/124/220 686/152/279
f 688/152/280 690/124/214 689/126/216
f 691/152/281 693/126/282 692/153/283
f 694/126/284 696/154/285 695/153/286
f 697/126/287 699/155/288 698/154/289
f 700/125/290 702/155/291 701/126/216
f 703/125/292 705/156/293 704/155/291
f 706/135/241 708/156/294 707/125/292
f 709/135/241 711/157/295 710/156/296
f 712/148/297 714/157/298 713/135/299
f 715/148/272 717/158/300 716/157/298
f 718/149/89 720/158/301 719/148/273
f 721/149/89 723/159/93 722/158/301
f 724/159/93 726/149/92 725/150/274
f 727/159/93 729/150/274 728/160/302
f 730/160/302 732/150/274 731/151/179
f 733/160/302 735/151/179 734/161/303
f 736/162/304 738/161/304 737/151/275
f 739/162/305 741/151/275 740/163/306
f 742/163/307 744/151/275 743/144/308
f 745/163/307 747/144/308 746/164/309
f 748/165/310 750/164/311 749/144/263
f 751/165/310 753/144/263 752/143/312
f 754/165/313 756/143/314 755/166/315
f 757/167/316 759/166/315 758/143/314
f 760/167/316 762/168/315 761/166/315
f 763/169/191 765/168/317 764/167/316
f 766/169/238 768/170/318 767/168/315
f 769/168/319 771/170/320 770/171/321
f 772/168/322 774/171/321 773/172/323
f 775/166/322 777/168/322 776/172/323
f 778/166/319 780/172/323 779/173/323
f 781/174/319 783/166/322 782/173/323
f 784/174/322 786/173/323 785/175/323
f 787/165/313 789/166/315 788/174/317
f 790/143/312 792/176/324 791/167/325
f 793/177/326 795/167/316 794/176/324
f 796/177/326 798/169/191 797/167/327
f 799/178/328 801/179/328 800/180/329
f 802/181/330 804/182/331 803/183/332
f 805/183/332 807/182/331 806/184/333
f 808/183/332 810/184/334 809/185/335
f 811/186/336 813/183/332 812/185/335
f 814/186/336 816/185/335 815/187/337
f 817/178/328 819/186/336 818/187/338
f 820/178/328 822/188/329 821/186/336
f 823/178/339 825/180/340 824/188/340
f 826/188/341 828/180/342 827/189/343
f 829/188/344 831/189/345 830/190/343
f 832/190/346 834/189/346 833/191/347
f 835/190/346 837/191/347 836/192/347
f 838/192/348 840/191/348 839/193/349
f 841/192/348 843/193/350 842/194/351
f 844/194/352 846/193/352 845/195/89
f 847/194/352 849/195/89 848/196/89
f 850/196/92 852/195/92 851/197/106
f 853/196/92 855/197/106 854/198/106
f 856/199/353 858/200/354 857/201/355
f 859/199/356 861/202/357 860/200/358
f 862/203/359 864/202/357 863/199/356
f 865/203/360 867/198/108 866/202/357
f 868/204/92 870/198/106 869/203/360
f 871/204/92 873/196/92 872/198/106
f 874/205/361 876/196/89 875/204/89
f 877/205/361 879/194/361 878/196/89
f 880/206/348 882/194/351 881/205/349
f 883/206/348 885/192/348 884/194/351
f 886/190/346 888/192/347 887/206/347
f 889/190/346 891/206/347 890/207/362
f 892/188/344 894/190/343 893/207/363
f 895/188/341 897/207/363 896/186/364
f 898/207/363 900/183/332 899/186/364
f 901/207/365 903/181/366 902/183/332
f 904/206/347 906/181/330 905/207/365
f 907/206/347 909/208/367 908/181/330
f 910/205/349 912/208/368 911/206/348
f 913/205/351 915/209/369 914/208/370
f 916/204/89 918/209/371 917/205/352
f 919/198/108 921/197/372 920/210/357
f 922/198/372 924/210/357 923/202/357
f 925/202/357 927/210/357 926/211/373
f 928/202/357 930/211/373 929/200/373
f 931/200/354 933/211/354 932/212/374
f 934/200/354 936/212/374 935/213/374
f 937/214/375 939/200/354 938/213/376
f 940/214/375 942/201/355 941/200/377
f 943/214/375 945/215/378 944/201/355
f 946/201/355 948/215/378 947/216/379
f 949/201/355 951/216/380 950/199/381
f 952/199/353 954/216/382 953/217/383
f 955/199/353 957/217/383 956/203/359
f 958/203/384 960/217/385 959/218/93
f 961/203/359 963/218/93 962/204/386
f 964/219/387 966/204/89 965/218/93
f 967/219/387 969/209/388 968/204/89
f 970/219/387 972/220/389 971/209/371
f 973/209/371 975/220/389 974/221/390
f 976/209/388 978/221/390 977/208/391
f 979/208/368 981/221/392 980/222/393
f 982/208/368 984/222/394 983/181/330
f 985/181/330 987/222/395 986/182/331
f 988/217/396 990/223/302 989/218/93
f 991/224/397 993/218/93 992/223/398
f 994/224/397 996/219/387 995/218/93
f 997/224/399 999/225/400 998/219/401
f 1000/219/401 1002/225/402 1001/220/389
f 1003/226/403 1005/224/399 1004/223/398
f 1006/227/404 1008/228/405 1007/226/406
f 1009/228/405 1011/224/407 1010/226/403
f 1012/228/405 1014/229/408 1013/224/397
f 1015/224/397 1017/229/408 1016/225/402
f 1018/212/409 1020/76/410 1019/77/411
f 1021/212/409 1023/77/412 1022/230/413
f 1024/213/409 1026/212/409 1025/230/413
f 1027/213/409 1029/230/413 1028/231/413
f 1030/213/409 1032/231/413 1031/232/414
f 1033/213/374 1035/232/414 1034/214/375
f 1036/232/415 1038/233/416 1037/214/375
f 1039/214/375 1041/233/416 1040/215/417
f 1042/233/416 1044/234/418 1043/215/419
f 1045/216/380 1047/215/419 1046/234/420
f 1048/216/380 1050/234/421 1049/235/422
f 1051/217/383 1053/216/382 1052/235/422
f 1054/217/383 1056/235/422 1055/236/423
f 1057/217/396 1059/236/424 1058/223/425
f 1060/237/426 1062/223/302 1061/236/424
f 1063/226/403 1065/223/302 1064/237/427
f 1066/238/428 1068/226/403 1067/237/427
f 1069/227/404 1071/226/403 1070/238/428
f 1072/239/429 1074/240/430 1073/241/431
f 1075/242/432 1077/241/431 1076/240/433
f 1078/242/432 1080/240/434 1079/233/435
f 1081/232/414 1083/242/432 1082/233/435
f 1084/233/416 1086/240/434 1085/234/436
f 1087/243/437 1089/234/436 1088/240/438
f 1090/243/437 1092/240/438 1091/239/439
f 1093/244/440 1095/243/441 1094/239/439
f 1096/244/440 1098/239/439 1097/245/442
f 1099/246/443 1101/244/440 1100/245/442
f 1102/246/443 1104/245/442 1103/247/444
f 1105/248/445 1107/246/446 1106/247/447
f 1108/248/445 1110/247/444 1109/249/448
f 1111/250/449 1113/248/450 1112/249/451
f 1114/250/449 1116/249/451 1115/251/452
f 1117/252/453 1119/250/449 1118/251/454
f 1120/252/453 1122/251/452 1121/253/455
f 1123/254/456 1125/255/457 1124/157/458
f 1126/255/459 1128/156/460 1127/157/458
f 1129/255/459 1131/252/461 1130/156/460
f 1132/252/462 1134/155/463 1133/156/464
f 1135/252/462 1137/253/455 1136/155/465
f 1138/154/466 1140/155/467 1139/253/455
f 1141/154/468 1143/253/469 1142/256/470
f 1144/253/455 1146/257/471 1145/256/472
f 1147/253/455 1149/251/473 1148/257/471
f 1150/251/474 1152/258/475 1151/257/476
f 1153/251/452 1155/249/451 1154/258/477
f 1156/249/448 1158/259/478 1157/258/479
f 1159/249/448 1161/247/480 1160/259/478
f 1162/247/481 1164/260/482 1163/259/483
f 1165/247/480 1167/245/484 1166/260/482
f 1168/245/484 1170/261/485 1169/260/486
f 1171/245/484 1173/239/439 1172/261/487
f 1174/239/439 1176/241/488 1175/261/487
f 1177/254/489 1179/262/490 1178/255/491
f 1180/263/492 1182/235/493 1181/234/418
f 1183/263/492 1185/234/418 1184/243/494
f 1186/264/495 1188/263/492 1187/243/494
f 1189/264/496 1191/243/497 1190/244/440
f 1192/265/498 1194/264/495 1193/244/499
f 1195/265/498 1197/244/440 1196/246/443
f 1198/266/500 1200/265/498 1199/246/443
f 1201/266/501 1203/246/443 1202/248/445
f 1204/262/502 1206/266/500 1205/248/503
f 1207/262/502 1209/248/504 1208/250/449
f 1210/255/459 1212/262/502 1211/250/449
f 1213/255/505 1215/250/449 1214/252/506
f 1216/267/403 1218/268/507 1217/269/92
f 1219/268/507 1221/270/92 1220/269/92
f 1222/268/507 1224/271/93 1223/270/92
f 1225/254/508 1227/270/89 1226/271/93
f 1228/254/489 1230/271/90 1229/272/509
f 1231/254/489 1233/272/510 1232/262/502
f 1234/272/510 1236/266/501 1235/262/490
f 1237/272/511 1239/273/512 1238/266/501
f 1240/273/513 1242/265/514 1241/266/501
f 1243/273/513 1245/274/515 1244/265/514
f 1246/274/516 1248/264/495 1247/265/514
f 1249/274/516 1251/275/517 1250/264/495
f 1252/275/517 1254/263/518 1253/264/519
f 1255/275/520 1257/276/521 1256/263/522
f 1258/276/523 1260/235/326 1259/263/518
f 1261/276/523 1263/236/524 1262/235/326
f 1264/237/426 1266/236/525 1265/276/521
f 1267/277/426 1269/237/426 1268/276/521
f 1270/271/93 1272/268/526 1271/278/527
f 1273/238/428 1275/237/528 1274/277/528
f 1276/279/428 1278/238/428 1277/277/528
f 1279/279/529 1281/277/427 1280/280/528
f 1282/278/527 1284/279/428 1283/280/427
f 1285/278/527 1287/280/427 1286/281/93
f 1288/271/93 1290/278/527 1289/281/93
f 1291/272/509 1293/271/90 1292/281/90
f 1294/272/509 1296/281/90 1295/273/530
f 1297/281/93 1299/274/531 1298/273/530
f 1300/281/93 1302/280/532 1301/274/531
f 1303/280/426 1305/275/533 1304/274/531
f 1306/280/426 1308/277/532 1307/275/520
f 1309/277/426 1311/276/521 1310/275/520
f 1312/282/534 1314/227/535 1313/238/529
f 1315/282/534 1317/238/428 1316/279/428
f 1318/283/536 1320/282/534 1319/279/428
f 1321/283/537 1323/279/538 1322/278/527
f 1324/284/539 1326/283/537 1325/278/527
f 1327/284/540 1329/278/527 1328/268/507
f 1330/284/539 1332/268/507 1331/285/541
f 1333/267/406 1335/285/542 1334/268/526
f 1336/285/542 1338/267/406 1337/286/543
f 1339/267/406 1341/162/544 1340/286/543
f 1342/267/406 1344/161/544 1343/162/544
f 1345/267/406 1347/160/157 1346/161/544
f 1348/267/403 1350/269/92 1349/160/157
f 1351/269/92 1353/159/92 1352/160/160
f 1354/269/89 1356/270/89 1355/159/89
f 1357/270/89 1359/158/301 1358/159/89
f 1360/270/89 1362/254/508 1361/158/301
f 1363/254/456 1365/157/458 1364/158/300
f 1366/284/539 1368/285/541 1367/287/545
f 1369/285/542 1371/286/546 1370/288/547
f 1372/289/548 1374/285/541 1373/288/547
f 1375/289/549 1377/287/550 1376/285/541
f 1378/290/551 1380/287/552 1379/289/549
f 1381/290/551 1383/291/553 1382/287/552
f 1384/290/551 1386/292/551 1385/291/553
f 1387/292/551 1389/293/554 1388/291/553
f 1390/292/551 1392/294/555 1391/293/554
f 1393/292/556 1395/295/557 1394/294/555
f 1396/292/558 1398/296/559 1397/295/557
f 1399/290/551 1401/296/559 1400/292/551
f 1402/290/556 1404/297/559 1403/296/559
f 1405/297/559 1407/290/556 1406/298/556
f 1408/297/559 1410/298/556 1409/299/559
f 1411/290/560 1413/289/548 1412/298/551
f 1414/287/550 1416/291/561 1415/300/562
f 1417/291/563 1419/301/562 1418/300/562
f 1420/291/561 1422/293/554 1421/301/564
f 1423/302/565 1425/303/565 1424/304/565
f 1426/302/565 1428/305/565 1427/303/565
f 1429/305/565 1431/302/565 1430/306/565
f 1432/307/565 1434/308/565 1433/309/565
f 1435/307/565 1437/310/565 1436/308/565
f 1438/307/565 1440/311/565 1439/310/565
f 1441/311/565 1443/305/565 1442/310/565
f 1444/311/565 1446/312/565 1445/305/565
f 1447/303/565 1449/305/565 1448/312/565
f 1450/303/565 1452/312/565 1451/313/565
f 1453/307/565 1455/314/565 1454/311/565
f 1456/307/565 1458/315/565 1457/314/565
f 1459/316/566 1461/317/567 1460/318/568
f 1462/316/569 1464/319/570 1463/317/571
f 1465/320/569 1467/319/572 1466/316/569
f 1468/320/566 1470/321/573 1469/319/572
f 1471/320/566 1473/322/573 1472/321/573
f 1474/323/569 1476/320/569 1475/316/569
f 1477/323/569 1479/316/569 1478/324/569
f 1480/324/569 1482/316/566 1481/318/574
f 1483/324/566 1485/318/574 1484/325/574
f 1486/326/575 1488/324/566 1487/325/574
f 1489/326/576 1491/325/574 1490/327/576
f 1492/327/576 1494/328/577 1493/326/576
f 1495/327/576 1497/329/578 1496/328/577
f 1498/330/579 1500/328/577 1499/329/578
f 1501/330/579 1503/329/578 1502/331/580
f 1504/331/581 1506/332/582 1505/330/579
f 1507/331/581 1509/333/581 1508/332/582
f 1510/325/574 1512/318/574 1511/334/583
f 1513/325/574 1515/334/583 1514/335/584
f 1516/335/584 1518/327/576 1517/325/574
f 1519/335/585 1521/336/586 1520/327/576
f 1522/336/586 1524/329/578 1523/327/587
f 1525/336/588 1527/337/588 1526/329/578
f 1528/331/580 1530/329/578 1529/337/588
f 1531/331/580 1533/337/586 1532/338/589
f 1534/338/589 1536/333/590 1535/331/590
f 1537/338/589 1539/339/591 1538/333/580
f 1540/340/592 1542/339/593 1541/338/589
f 1543/340/592 1545/341/594 1544/339/591
f 1546/342/595 1548/341/596 1547/340/597
f 1549/342/595 1551/343/598 1550/341/596
f 1552/344/599 1554/343/598 1553/342/600
f 1555/344/599 1557/345/601 1556/343/602
f 1558/335/603 1560/334/583 1559/346/604
f 1561/335/603 1563/346/604 1562/347/605
f 1564/336/586 1566/335/603 1565/347/606
f 1567/336/586 1569/347/607 1568/348/608
f 1570/348/609 1572/337/586 1571/336/586
f 1573/348/609 1575/349/610 1574/337/586
f 1576/338/589 1578/337/586 1577/349/610
f 1579/338/589 1581/349/610 1580/340/592
f 1582/340/592 1584/349/610 1583/350/611
f 1585/340/612 1587/350/611 1586/342/595
f 1588/351/613 1590/342/614 1589/350/615
f 1591/351/616 1593/344/599 1592/342/614
f 1594/352/617 1596/351/613 1595/350/615
f 1597/352/617 1599/350/618 1598/353/619
f 1600/353/620 1602/350/621 1601/349/610
f 1603/353/620 1605/349/610 1604/348/609
f 1606/354/622 1608/353/620 1607/348/609
f 1609/354/622 1611/348/609 1610/347/606
f 1612/347/606 1614/355/623 1613/354/624
f 1615/347/606 1617/346/604 1616/355/623
f 1618/355/623 1620/352/617 1619/353/619
f 1621/355/623 1623/353/619 1622/354/625
f 1624/356/626 1626/357/626 1625/358/627
f 1627/356/626 1629/358/627 1628/359/628
f 1630/345/629 1632/356/626 1631/359/630
f 1633/345/629 1635/359/628 1634/343/598
f 1636/343/598 1638/359/628 1637/360/631
f 1639/343/598 1641/360/631 1640/341/596
f 1642/341/632 1644/360/631 1643/361/633
f 1645/341/594 1647/361/634 1646/339/591
f 1648/339/591 1650/361/633 1649/362/635
f 1651/339/591 1653/362/636 1652/333/637
f 1654/333/581 1656/362/636 1655/363/638
f 1657/333/580 1659/363/638 1658/332/639
f 1660/332/582 1662/363/640 1661/364/272
f 1663/332/582 1665/364/272 1664/365/641
f 1666/365/641 1668/364/272 1667/366/642
f 1669/365/641 1671/366/642 1670/367/489
f 1672/368/643 1674/367/508 1673/366/642
f 1675/368/643 1677/369/644 1676/367/508
f 1678/370/645 1680/371/646 1679/372/521
f 1681/372/521 1683/371/646 1682/368/647
f 1684/372/521 1686/368/647 1685/373/648
f 1687/373/648 1689/368/643 1688/366/642
f 1690/373/648 1692/366/642 1691/374/642
f 1693/364/273 1695/374/642 1694/366/642
f 1696/364/273 1698/375/273 1697/374/649
f 1699/363/650 1701/375/272 1700/364/272
f 1702/363/651 1704/376/652 1703/375/272
f 1705/362/636 1707/376/652 1706/363/651
f 1708/362/653 1710/377/654 1709/376/655
f 1711/361/633 1713/377/656 1712/362/636
f 1714/361/633 1716/378/657 1715/377/654
f 1717/360/631 1719/378/658 1718/361/633
f 1720/360/631 1722/379/659 1721/378/660
f 1723/359/661 1725/379/662 1724/360/631
f 1726/359/628 1728/358/627 1727/379/663
f 1729/380/664 1731/381/665 1730/382/508
f 1732/380/664 1734/382/489 1733/369/666
f 1735/369/666 1737/382/489 1736/383/667
f 1738/369/666 1740/383/668 1739/367/669
f 1741/384/267 1743/367/456 1742/383/670
f 1744/384/267 1746/365/641 1745/367/456
f 1747/383/671 1749/385/672 1748/384/267
f 1750/382/456 1752/386/673 1751/383/671
f 1753/383/670 1755/386/674 1754/385/672
f 1756/387/675 1758/385/672 1757/386/674
f 1759/330/579 1761/332/582 1760/365/641
f 1762/330/579 1764/365/641 1763/384/270
f 1765/384/267 1767/328/577 1766/330/579
f 1768/384/270 1770/385/672 1769/328/577
f 1771/326/576 1773/328/577 1772/385/672
f 1774/326/576 1776/385/672 1775/387/675
f 1777/324/569 1779/326/576 1778/387/675
f 1780/324/569 1782/387/675 1781/323/569
f 1783/323/569 1785/387/675 1784/388/675
f 1786/323/566 1788/388/675 1787/389/676
f 1789/388/675 1791/390/677 1790/389/676
f 1792/391/678 1794/389/678 1793/390/677
f 1795/392/679 1797/391/676 1796/390/680
f 1798/392/679 1800/390/677 1799/393/677
f 1801/393/677 1803/306/679 1802/392/679
f 1804/393/680 1806/305/681 1805/306/679
f 1807/394/682 1809/305/683 1808/393/684
f 1810/305/683 1812/394/682 1811/310/685
f 1813/391/678 1815/395/678 1814/389/678
f 1816/395/676 1818/323/566 1817/389/676
f 1819/396/158 1821/303/93 1820/313/686
f 1822/396/158 1824/397/427 1823/303/687
f 1825/397/426 1827/304/688 1826/303/93
f 1828/397/426 1830/398/688 1829/304/688
f 1831/398/689 1833/302/310 1832/304/689
f 1834/398/689 1836/399/310 1835/302/310
f 1837/306/690 1839/302/313 1838/399/313
f 1840/306/690 1842/399/313 1841/400/691
f 1843/306/679 1845/400/692 1844/401/693
f 1846/306/694 1848/401/693 1847/402/695
f 1849/392/679 1851/306/679 1850/402/696
f 1852/392/697 1854/402/696 1853/403/698
f 1855/391/699 1857/392/679 1856/403/698
f 1858/391/678 1860/403/700 1859/404/700
f 1861/391/701 1863/404/698 1862/322/573
f 1864/391/678 1866/322/573 1865/395/699
f 1867/320/566 1869/395/701 1868/322/573
f 1870/395/678 1872/320/569 1871/323/566
f 1873/405/702 1875/406/702 1874/407/703
f 1876/405/702 1878/407/704 1877/308/705
f 1879/308/706 1881/407/707 1880/408/708
f 1882/308/706 1884/408/709 1883/409/710
f 1885/410/331 1887/308/705 1886/409/710
f 1888/410/331 1890/309/331 1889/308/711
f 1891/307/712 1893/309/331 1892/410/331
f 1894/307/712 1896/410/331 1895/411/712
f 1897/315/713 1899/307/165 1898/411/165
f 1900/315/713 1902/411/165 1901/412/553
f 1903/314/714 1905/315/713 1904/412/561
f 1906/314/715 1908/412/561 1907/413/715
f 1909/311/716 1911/314/714 1910/413/714
f 1912/311/717 1914/413/714 1913/414/717
f 1915/414/716 1917/312/718 1916/311/716
f 1918/414/716 1920/415/718 1919/312/718
f 1921/415/718 1923/313/686 1922/312/718
f 1924/415/718 1926/396/177 1925/313/719
f 1927/416/88 1929/417/576 1928/418/720
f 1930/419/721 1932/420/722 1931/421/723
f 1933/419/724 1935/421/725 1934/422/726
f 1936/422/322 1938/421/725 1937/423/727
f 1939/422/315 1941/423/728 1940/424/418
f 1942/424/418 1944/423/728 1943/425/729
f 1945/424/418 1947/425/730 1946/426/731
f 1948/426/732 1950/425/730 1949/427/733
f 1951/426/732 1953/427/734 1952/428/516
f 1954/428/531 1956/427/735 1955/416/88
f 1957/428/531 1959/416/88 1958/429/105
f 1960/429/736 1962/416/88 1961/418/737
f 1963/429/738 1965/418/737 1964/430/739
f 1966/430/740 1968/418/737 1967/388/741
f 1969/388/675 1971/418/577 1970/390/677
f 1972/393/677 1974/390/677 1973/418/577
f 1975/393/677 1977/418/577 1976/417/575
f 1978/394/742 1980/393/677 1979/417/575
f 1981/387/675 1983/386/674 1982/388/675
f 1984/430/740 1986/388/741 1985/386/674
f 1987/382/456 1989/430/739 1988/386/674
f 1990/381/56 1992/430/743 1991/382/456
f 1993/381/56 1995/429/83 1994/430/743
f 1996/431/744 1998/429/105 1997/381/56
f 1999/431/745 2001/428/531 2000/429/105
f 2002/432/746 2004/428/747 2003/431/744
f 2005/432/748 2007/426/732 2006/428/516
f 2008/433/314 2010/426/732 2009/432/746
f 2011/433/314 2013/424/420 2012/426/749
f 2014/434/750 2016/424/420 2015/433/314
f 2017/434/750 2019/422/315 2018/424/418
f 2020/435/751 2022/422/315 2021/434/750
f 2023/435/751 2025/419/724 2024/422/317
f 2026/436/752 2028/419/724 2027/435/751
f 2029/436/753 2031/437/754 2030/419/724
f 2032/437/721 2034/420/755 2033/419/721
f 2035/437/724 2037/438/755 2036/420/755
f 2038/439/756 2040/438/755 2039/437/724
f 2041/439/756 2043/437/724 2042/440/322
f 2044/440/315 2046/437/754 2045/436/752
f 2047/440/315 2049/436/753 2048/441/757
f 2050/441/757 2052/436/758 2051/442/759
f 2053/442/760 2055/436/753 2054/435/761
f 2056/442/760 2058/435/762 2057/443/763
f 2059/443/763 2061/435/762 2060/434/750
f 2062/443/764 2064/434/750 2063/444/764
f 2065/444/764 2067/434/750 2066/433/314
f 2068/444/764 2070/433/314 2069/445/422
f 2071/445/326 2073/433/261 2072/432/746
f 2074/445/765 2076/432/748 2075/446/748
f 2077/446/766 2079/432/766 2078/431/744
f 2080/446/748 2082/431/744 2081/447/767
f 2083/447/767 2085/431/744 2084/381/59
f 2086/447/768 2088/381/665 2087/380/769
f 2089/371/646 2091/369/644 2090/368/647
f 2092/371/646 2094/380/769 2093/369/644
f 2095/448/770 2097/380/769 2096/371/771
f 2098/448/770 2100/447/772 2099/380/769
f 2101/449/770 2103/447/772 2102/448/770
f 2104/449/770 2106/446/748 2105/447/773
f 2107/450/774 2109/446/746 2108/449/770
f 2110/450/774 2112/445/326 2111/446/748
f 2113/451/775 2115/445/326 2114/450/774
f 2116/451/775 2118/444/764 2117/445/326
f 2119/452/776 2121/444/764 2120/451/775
f 2122/452/777 2124/443/764 2123/444/764
f 2125/453/383 2127/443/764 2126/452/777
f 2128/453/383 2130/442/778 2129/443/764
f 2131/454/309 2133/442/759 2132/453/779
f 2134/441/310 2136/442/759 2135/454/311
f 2137/454/311 2139/455/310 2138/441/310
f 2140/440/315 2142/441/313 2141/455/780
f 2143/454/309 2145/453/779 2144/456/307
f 2146/454/311 2148/457/311 2147/455/310
f 2149/454/311 2151/458/307 2150/457/309
f 2152/454/309 2154/456/307 2153/458/307
f 2155/456/306 2157/459/305 2156/458/306
f 2158/456/306 2160/460/305 2159/459/305
f 2161/460/304 2163/456/307 2162/453/396
f 2164/460/304 2166/453/396 2165/461/781
f 2167/461/265 2169/453/396 2168/452/782
f 2170/461/781 2172/452/782 2171/462/359
f 2173/462/359 2175/452/783 2174/451/784
f 2176/462/359 2178/451/784 2177/463/785
f 2179/463/786 2181/451/784 2180/450/787
f 2182/463/785 2184/450/787 2183/464/424
f 2185/464/424 2187/450/787 2186/449/788
f 2188/464/424 2190/449/788 2189/465/789
f 2191/465/789 2193/449/770 2192/448/770
f 2194/465/789 2196/448/770 2195/370/789
f 2197/370/789 2199/448/788 2198/371/646
f 2200/440/317 2202/455/313 2201/466/315
f 2203/440/319 2205/466/322 2204/467/756
f 2206/440/322 2208/467/790 2207/439/756
f 2209/468/791 2211/439/792 2210/467/793
f 2212/468/791 2214/438/755 2213/439/793
f 2215/468/791 2217/469/794 2216/438/755
f 2218/438/755 2220/469/794 2219/470/795
f 2221/469/796 2223/471/797 2222/470/795
f 2224/470/795 2226/471/798 2225/472/799
f 2227/471/797 2229/473/800 2228/472/801
f 2230/472/801 2232/473/800 2231/474/802
f 2233/473/803 2235/475/804 2234/474/805
f 2236/474/805 2238/475/804 2237/476/806
f 2239/475/804 2241/477/807 2240/476/808
f 2242/475/804 2244/478/809 2243/477/807
f 2245/479/810 2247/478/809 2246/475/804
f 2248/479/810 2250/480/811 2249/478/809
f 2251/481/812 2253/480/811 2252/479/813
f 2254/470/795 2256/472/799 2255/482/814
f 2257/482/814 2259/472/799 2258/483/815
f 2260/472/801 2262/474/802 2261/483/815
f 2263/483/815 2265/474/802 2264/484/816
f 2266/474/805 2268/476/808 2267/484/817
f 2269/482/814 2271/483/815 2270/485/818
f 2272/485/818 2274/483/815 2273/486/819
f 2275/483/820 2277/484/816 2276/486/819
f 2278/485/818 2280/486/819 2279/487/58
f 2281/481/812 2283/488/821 2282/480/811
f 2284/489/822 2286/488/823 2285/481/812
f 2287/489/822 2289/481/812 2288/490/824
f 2290/491/825 2292/489/826 2291/490/827
f 2293/491/825 2295/490/827 2294/492/828
f 2296/492/828 2298/493/825 2297/491/825
f 2299/492/829 2301/494/829 2300/493/825
f 2302/492/828 2304/495/830 2303/494/828
f 2305/492/828 2307/496/830 2306/495/830
f 2308/496/830 2310/497/831 2309/495/830
f 2311/496/830 2313/498/831 2312/497/832
f 2314/468/833 2316/497/831 2315/498/831
f 2317/498/831 2319/469/796 2318/468/833
f 2320/498/832 2322/499/834 2321/469/796
f 2323/469/796 2325/499/834 2324/471/797
f 2326/499/834 2328/500/835 2327/471/836
f 2329/471/797 2331/500/835 2330/473/800
f 2332/500/837 2334/479/813 2333/473/803
f 2335/473/803 2337/479/838 2336/475/804
f 2338/499/839 2340/501/840 2339/500/835
f 2341/496/830 2343/499/834 2342/498/832
f 2344/496/830 2346/501/841 2345/499/834
f 2347/492/828 2349/501/842 2348/496/830
f 2350/492/828 2352/490/827 2351/501/842
f 2353/501/842 2355/490/824 2354/481/843
f 2356/501/844 2358/481/812 2357/500/845
f 2359/500/837 2361/481/846 2360/479/847
f 2362/468/833 2364/502/848 2363/497/831
f 2365/468/791 2367/467/792 2366/502/849
f 2368/503/850 2370/504/850 2369/505/850
f 2371/503/851 2373/506/851 2372/504/851
f 2374/503/851 2376/507/851 2375/508/710
f 2377/503/852 2379/508/710 2378/509/692
f 2380/503/852 2382/509/853 2381/506/852
f 2383/510/853 2385/506/851 2384/509/853
f 2386/510/853 2388/511/851 2387/506/851
f 2389/510/853 2391/512/853 2390/511/851
f 2392/513/853 2394/512/853 2393/510/853
f 2395/513/853 2397/514/853 2396/512/853
f 2398/509/692 2400/508/710 2399/515/854
f 2401/516/853 2403/517/853 2402/513/853
f 2404/516/853 2406/513/853 2405/510/853
f 2407/510/853 2409/518/855 2408/516/853
f 2410/510/853 2412/519/693 2411/518/693
f 2413/509/692 2415/519/856 2414/510/853
f 2416/509/692 2418/520/857 2417/519/856
f 2419/509/692 2421/515/858 2420/520/859
f 2422/521/860 2424/520/859 2423/515/861
f 2425/521/862 2427/515/861 2426/522/704
f 2428/522/707 2430/523/863 2429/521/860
f 2431/522/707 2433/524/864 2432/523/863
f 2434/525/864 2436/523/865 2435/524/864
f 2437/526/866 2439/525/867 2438/524/867
f 2440/526/868 2442/527/869 2441/525/867
f 2443/527/869 2445/528/870 2444/525/867
f 2446/529/871 2448/528/870 2447/527/869
f 2449/529/871 2451/530/872 2450/528/873
f 2452/531/874 2454/530/872 2453/529/875
f 2455/532/876 2457/527/869 2456/526/866
f 2458/530/877 2460/533/878 2459/528/873
f 2461/532/876 2463/534/879 2462/535/880
f 2464/532/881 2466/535/882 2465/527/869
f 2467/536/883 2469/527/884 2468/535/882
f 2470/536/883 2472/529/885 2471/527/886
f 2473/537/887 2475/529/888 2474/536/883
f 2476/537/887 2478/531/889 2477/529/888
f 2479/538/890 2481/531/889 2480/537/891
f 2482/538/890 2484/539/892 2483/531/889
f 2485/531/889 2487/540/893 2486/530/872
f 2488/539/894 2490/540/895 2489/531/889
f 2491/539/894 2493/541/889 2492/540/895
f 2494/542/896 2496/541/889 2495/539/894
f 2497/543/897 2499/542/896 2498/539/894
f 2500/543/897 2502/539/898 2501/538/890
f 2503/544/899 2505/543/897 2504/538/890
f 2506/544/900 2508/538/890 2507/545/901
f 2509/545/902 2511/538/903 2510/537/891
f 2512/545/904 2514/537/891 2513/546/905
f 2515/546/906 2517/537/887 2516/536/907
f 2518/546/908 2520/536/909 2519/547/910
f 2521/547/911 2523/536/909 2522/535/882
f 2524/547/910 2526/535/912 2525/548/913
f 2527/534/879 2529/548/913 2528/535/880
f 2530/534/914 2532/549/915 2531/548/916
f 2533/548/917 2535/549/918 2534/550/919
f 2536/551/920 2538/552/921 2537/542/896
f 2539/551/922 2541/542/896 2540/543/923
f 2542/553/922 2544/551/922 2543/543/924
f 2545/553/920 2547/543/924 2546/544/925
f 2548/554/926 2550/553/922 2549/544/927
f 2551/554/926 2553/544/927 2552/555/928
f 2554/555/929 2556/544/899 2555/545/901
f 2557/555/929 2559/545/901 2558/556/930
f 2560/556/931 2562/545/904 2561/546/905
f 2563/556/930 2565/546/906 2564/557/932
f 2566/557/933 2568/546/905 2567/547/911
f 2569/557/933 2571/547/911 2570/558/934
f 2572/558/934 2574/547/935 2573/548/917
f 2575/558/936 2577/548/917 2576/559/937
f 2578/559/938 2580/548/917 2579/550/939
f 2581/559/938 2583/550/919 2582/560/557
f 2584/560/940 2586/550/941 2585/561/942
f 2587/560/943 2589/561/942 2588/562/944
f 2590/563/945 2592/564/946 2591/565/947
f 2593/563/948 2595/566/949 2594/564/950
f 2596/566/949 2598/567/712 2597/564/950
f 2599/566/949 2601/568/951 2600/567/712
f 2602/568/951 2604/569/952 2603/567/165
f 2605/568/951 2607/570/953 2606/569/952
f 2608/570/711 2610/559/938 2609/569/952
f 2611/570/711 2613/558/934 2612/559/937
f 2614/571/954 2616/558/934 2615/570/705
f 2617/571/955 2619/557/933 2618/558/956
f 2620/572/957 2622/557/932 2621/571/955
f 2623/572/958 2625/556/959 2624/557/932
f 2626/573/960 2628/556/959 2627/572/958
f 2629/573/961 2631/555/929 2630/556/930
f 2632/574/962 2634/555/928 2633/573/961
f 2635/574/963 2637/554/926 2636/555/928
f 2638/564/946 2640/575/964 2639/565/965
f 2641/564/946 2643/567/165 2642/575/966
f 2644/567/165 2646/576/967 2645/575/966
f 2647/567/165 2649/569/968 2648/576/967
f 2650/569/952 2652/560/557 2651/576/969
f 2653/569/952 2655/559/938 2654/560/557
f 2656/577/970 2658/568/971 2657/566/949
f 2659/577/970 2661/578/970 2660/568/971
f 2662/578/970 2664/570/706 2663/568/972
f 2665/578/973 2667/571/974 2666/570/706
f 2668/579/957 2670/571/955 2669/578/973
f 2671/579/957 2673/572/957 2672/571/955
f 2674/580/975 2676/572/958 2675/579/958
f 2677/580/975 2679/573/960 2678/572/958
f 2680/581/976 2682/573/960 2681/580/977
f 2683/581/978 2685/574/963 2684/573/960
f 2686/582/957 2688/578/973 2687/577/973
f 2689/582/957 2691/579/957 2690/578/973
f 2692/583/979 2694/579/958 2693/582/958
f 2695/583/979 2697/580/975 2696/579/958
f 2698/584/980 2700/580/977 2699/583/981
f 2701/584/980 2703/581/976 2702/580/977
f 2704/576/967 2706/560/943 2705/562/944
f 2707/576/967 2709/562/944 2708/585/982
f 2710/575/966 2712/576/967 2711/585/983
f 2713/575/984 2715/585/982 2714/586/985
f 2716/565/986 2718/575/984 2717/586/987
f 2719/565/986 2721/586/987 2720/587/988
f 2722/563/948 2724/565/989 2723/587/988
f 2725/563/948 2727/587/990 2726/588/991
f 2728/563/948 2730/588/992 2729/589/993
f 2731/588/992 2733/590/136 2732/589/993
f 2734/590/136 2736/591/136 2735/589/994
f 2737/590/136 2739/592/995 2738/591/136
f 2740/563/996 2742/589/994 2741/591/136
f 2743/588/992 2745/593/992 2744/590/136
f 2746/587/997 2748/593/991 2747/588/991
f 2749/587/997 2751/586/998 2750/593/991
f 2752/590/136 2754/594/999 2753/592/1000
f 2755/590/136 2757/595/1001 2756/594/999
f 2758/593/1002 2760/595/1003 2759/590/1004
f 2761/593/1002 2763/596/1005 2762/595/1001
f 2764/586/998 2766/596/1006 2765/593/991
f 2767/586/998 2769/585/1007 2768/596/1005
f 2770/585/1007 2772/597/1008 2771/596/1009
f 2773/585/1007 2775/562/1010 2774/597/1008
f 2776/562/944 2778/598/1011 2777/597/1008
f 2779/562/1010 2781/561/1012 2780/598/1011
f 2782/595/1001 2784/599/1013 2783/594/999
f 2785/595/1001 2787/600/1014 2786/599/1013
f 2788/596/1005 2790/600/1014 2789/595/1015
f 2791/596/1005 2793/597/1016 2792/600/1014
f 2794/597/1016 2796/601/1017 2795/600/1014
f 2797/597/1018 2799/598/1019 2798/601/1017
f 2800/600/1014 2802/602/1020 2801/599/1021
f 2803/600/1014 2805/601/1017 2804/602/1020
f 2806/563/948 2808/577/1022 2807/566/949
f 2809/563/948 2811/582/1023 2810/577/1022
f 2812/563/945 2814/583/1024 2813/582/1025
f 2815/563/996 2817/584/1026 2816/583/1027
f 2818/603/1028 2820/604/1029 2819/605/1030
f 2821/606/1031 2823/607/1032 2822/603/1028
f 2824/603/1033 2826/605/1030 2825/606/1031
f 2827/606/1034 2829/605/1030 2828/608/1035
f 2830/609/1036 2832/610/1037 2831/607/1038
f 2833/606/1034 2835/609/1039 2834/607/1040
f 2836/611/1041 2838/609/1036 2837/606/1034
f 2839/606/1034 2841/608/1042 2840/611/1041
f 2842/611/1041 2844/608/1042 2843/612/1043
f 2845/613/1044 2847/614/1045 2846/610/1046
f 2848/609/1036 2850/613/1044 2849/610/1037
f 2851/615/1047 2853/613/1044 2852/609/1036
f 2854/611/1041 2856/615/1048 2855/609/1036
f 2857/615/1049 2859/611/1041 2858/616/1050
f 2860/611/1041 2862/612/1043 2861/616/1051
f 2863/616/1050 2865/612/1043 2864/617/1052
f 2866/618/1053 2868/617/1052 2867/619/1054
f 2869/616/1050 2871/617/1052 2870/618/1053
f 2872/618/1055 2874/620/1056 2873/616/1050
f 2875/615/1048 2877/616/1050 2876/620/1056
f 2878/621/1044 2880/615/1048 2879/620/1057
f 2881/615/1049 2883/621/1044 2882/613/1044
f 2884/621/1058 2886/622/1059 2885/613/1058
f 2887/613/1044 2889/622/1059 2888/614/1045
f 2890/622/1059 2892/623/1060 2891/614/1061
f 2893/624/1062 2895/625/1063 2894/620/1056
f 2896/621/1044 2898/620/1056 2897/625/1063
f 2899/626/1064 2901/621/1044 2900/625/1063
f 2902/621/1044 2904/626/1065 2903/622/1059
f 2905/626/1065 2907/627/1066 2906/622/1059
f 2908/622/1059 2910/627/1067 2909/623/1060
f 2911/627/1068 2913/628/1069 2912/623/1070
f 2914/627/1068 2916/629/1071 2915/628/1069
f 2917/629/1072 2919/630/1073 2918/628/1074
f 2920/629/1071 2922/631/1075 2921/630/1073
f 2923/632/1076 2925/630/1077 2924/631/1078
f 2926/624/1079 2928/633/1080 2927/634/1081
f 2929/634/1081 2931/635/1063 2930/624/1062
f 2932/624/1062 2934/635/1063 2933/625/1063
f 2935/635/1063 2937/636/1082 2936/625/1063
f 2938/626/1064 2940/625/1063 2939/636/1082
f 2941/637/1083 2943/626/1064 2942/636/1082
f 2944/626/1064 2946/637/1084 2945/627/1085
f 2947/637/1084 2949/629/1086 2948/627/1068
f 2950/638/1087 2952/631/1088 2951/629/1071
f 2953/637/1084 2955/638/866 2954/629/1071
f 2956/638/866 2958/637/1083 2957/639/873
f 2959/637/1083 2961/636/1082 2960/639/1089
f 2962/640/867 2964/639/1089 2963/636/1082
f 2965/635/1063 2967/640/867 2966/636/1082
f 2968/640/864 2970/635/1063 2969/641/1090
f 2971/634/1081 2973/641/1090 2972/635/1063
f 2974/542/896 2976/632/1076 2975/541/889
f 2977/632/1076 2979/631/1075 2978/541/889
f 2980/541/874 2982/631/1091 2981/642/1092
f 2983/638/1087 2985/642/1071 2984/631/1088
f 2986/642/1086 2988/638/866 2987/643/1093
f 2989/638/868 2991/639/873 2990/643/1093
f 2992/644/867 2994/643/1093 2993/639/1089
f 2995/640/864 2997/644/864 2996/639/1089
f 2998/644/864 3000/640/864 2999/645/1094
f 3001/640/864 3003/641/1090 3002/645/1094
f 3004/645/1094 3006/641/1090 3005/646/1095
f 3007/641/1096 3009/647/1097 3008/646/1095
f 3010/641/1096 3012/634/1081 3011/647/1097
f 3013/634/1081 3015/619/1098 3014/647/1097
f 3016/634/1099 3018/633/1100 3017/619/1054
f 3019/618/1053 3021/619/1054 3020/633/1101
f 3022/624/1062 3024/618/1055 3023/633/1102
f 3025/618/1055 3027/624/1062 3026/620/1103
f 3028/644/1104 3030/645/1094 3029/648/1105
f 3031/648/1106 3033/649/1107 3032/644/864
f 3034/644/867 3036/649/1107 3035/643/1093
f 3037/649/1108 3039/650/1109 3038/643/1093
f 3040/642/1086 3042/643/1093 3041/650/1109
f 3043/541/874 3045/642/1110 3044/540/895
f 3046/540/893 3048/642/1086 3047/650/1111
f 3049/540/893 3051/650/1111 3050/530/872
f 3052/530/877 3054/650/1109 3053/533/1112
f 3055/649/1107 3057/533/1112 3056/650/1109
f 3058/651/1106 3060/533/1112 3059/649/1107
f 3061/648/1106 3063/651/1106 3062/649/1107
f 3064/525/1104 3066/652/1113 3065/523/1114
f 3067/528/1115 3069/652/1113 3068/525/1104
f 3070/528/1089 3072/653/1116 3071/652/1117
f 3073/653/1118 3075/528/1089 3074/533/1112
f 3076/653/1118 3078/533/1112 3077/654/1118
f 3079/651/1106 3081/654/1118 3080/533/1112
f 3082/651/1106 3084/655/1118 3083/654/1118
f 3085/651/1106 3087/656/1106 3086/655/1118
f 3088/651/1106 3090/657/1106 3089/656/1106
f 3091/651/1106 3093/648/1106 3092/657/1106
f 3094/648/1105 3096/658/571 3095/657/1105
f 3097/648/1106 3099/645/1119 3098/658/571
f 3100/645/1094 3102/646/1095 3101/658/571
f 3103/518/1120 3105/659/1121 3104/660/1122
f 3106/518/1120 3108/519/1120 3107/659/1123
f 3109/659/1123 3111/519/1120 3110/520/857
f 3112/659/1121 3114/520/857 3113/521/860
f 3115/659/1124 3117/521/860 3116/523/1125
f 3118/523/1125 3120/652/1126 3119/659/1124
f 3121/652/1126 3123/660/1126 3122/659/1123
f 3124/652/1126 3126/661/1126 3125/660/1126
f 3127/653/1118 3129/661/1126 3128/652/1126
f 3130/653/1116 3132/662/1116 3131/661/1126
f 3133/654/1118 3135/662/1118 3134/653/1118
f 3136/654/1118 3138/655/1118 3137/662/1118
f 3139/357/1127 3141/663/1128 3140/664/1128
f 3142/357/1129 3144/356/1130 3143/663/1131
f 3145/345/1132 3147/663/1029 3146/356/1133
f 3148/345/1132 3150/665/1134 3149/663/1135
f 3151/345/1132 3153/666/1035 3152/665/1136
f 3154/345/1132 3156/344/1137 3155/666/1035
f 3157/351/1138 3159/666/1139 3158/344/1137
f 3160/351/1138 3162/667/1140 3161/666/1042
f 3163/351/1141 3165/668/1052 3164/667/1142
f 3166/351/1138 3168/352/1143 3167/668/1144
f 3169/355/1145 3171/668/1052 3170/352/1146
f 3172/355/1145 3174/669/1147 3173/668/1052
f 3175/346/1148 3177/669/1149 3176/355/1150
f 3178/346/1151 3180/670/1097 3179/669/1098
f 3181/334/1152 3183/670/1097 3182/346/1148
f 3184/334/1152 3186/671/1153 3185/670/1154
f 3187/318/1155 3189/671/1156 3188/334/1152
f 3190/318/1157 3192/317/567 3191/671/1095
f 3193/672/1158 3195/673/1159 3194/674/1159
f 3196/673/1160 3198/675/1161 3197/674/1160
f 3199/673/1160 3201/676/1162 3200/675/1162
f 3202/677/300 3204/675/1163 3203/676/1163
f 3205/677/300 3207/678/300 3206/675/1163
f 3208/679/1164 3210/678/301 3209/677/301
f 3211/679/1164 3213/680/1164 3212/678/301
f 3214/679/1165 3216/681/1166 3215/680/1165
f 3217/679/1165 3219/682/1166 3218/681/107
f 3220/683/1167 3222/681/1168 3221/682/1168
f 3223/683/1167 3225/684/1167 3224/681/110
f 3226/683/1169 3228/685/1170 3227/684/1171
f 3229/683/1169 3231/686/1170 3230/685/1170
f 3232/687/1172 3234/685/1173 3233/686/1174
f 3235/687/1175 3237/688/1175 3236/685/1170
f 3238/689/38 3240/688/1176 3239/687/1172
f 3241/689/38 3243/690/38 3242/688/1176
f 3244/689/1177 3246/691/1178 3245/690/1177
f 3247/689/38 3249/692/1179 3248/691/1179
f 3250/692/1180 3252/693/1181 3251/691/1180
f 3253/692/1182 3255/694/1181 3254/693/1181
f 3256/695/1183 3258/693/1184 3257/694/1184
f 3259/695/1185 3261/696/1185 3260/693/1184
f 3262/697/1186 3264/696/1187 3263/695/1187
f 3265/697/1188 3267/698/1188 3266/696/1187
f 3268/672/1189 3270/698/1186 3269/697/1186
f 3271/672/1190 3273/699/1158 3272/698/1186
f 3274/672/1190 3276/674/1191 3275/699/1190
f 3277/700/1192 3279/701/939 3278/702/1193
f 3280/700/1194 3282/487/1195 3281/701/941
f 3283/487/1196 3285/703/1197 3284/701/1198
f 3286/487/1196 3288/486/876 3287/703/1199
f 3289/484/1200 3291/703/1012 3290/486/876
f 3292/484/1201 3294/704/1011 3293/703/1202
f 3295/476/1203 3297/704/1011 3296/484/1201
f 3298/476/1204 3300/705/1205 3299/704/1019
f 3301/476/1204 3303/706/1206 3302/705/1017
f 3304/476/1204 3306/477/1207 3305/706/1020
f 3307/405/576 3309/707/1208 3308/406/1209
f 3310/405/576 3312/708/1210 3311/707/1208
f 3313/709/1211 3315/707/1212 3314/708/1213
f 3316/709/1214 3318/710/1215 3317/707/1208
f 3319/711/1216 3321/710/1217 3320/709/1218
f 3322/711/1216 3324/712/1219 3323/710/1220
f 3325/700/1221 3327/712/1219 3326/711/1216
f 3328/700/1222 3330/702/1223 3329/712/1224
f 3331/394/1225 3333/308/543 3332/310/718
f 3334/394/1225 3336/405/576 3335/308/543
f 3337/394/1226 3339/417/576 3338/405/576
f 3340/708/1227 3342/405/576 3341/417/576
f 3343/708/1228 3345/417/576 3344/416/88
f 3346/709/1211 3348/708/1229 3347/416/88
f 3349/427/734 3351/709/1230 3350/416/1231
f 3352/427/735 3354/711/1216 3353/709/1211
f 3355/425/730 3357/711/1232 3356/427/733
f 3358/425/729 3360/700/1233 3359/711/1216
f 3361/425/1234 3363/487/1235 3362/700/1221
f 3364/423/727 3366/487/58 3365/425/730
f 3367/423/727 3369/485/1236 3368/487/58
f 3370/421/723 3372/485/1237 3371/423/727
f 3373/421/1238 3375/482/1239 3374/485/1237
f 3376/420/755 3378/482/1239 3377/421/1240
f 3379/420/755 3381/470/1241 3380/482/1239
f 3382/438/1242 3384/470/1241 3383/420/1242
f 3385/713/1243 3387/714/1244 3386/715/1245
f 3388/713/1243 3390/716/1126 3389/714/1244
f 3391/713/1246 3393/717/1247 3392/716/1126
f 3394/718/1248 3396/719/1249 3395/720/1250
f 3397/718/1248 3399/720/1250 3398/715/1251
f 3400/714/1252 3402/718/1253 3401/715/1251
f 3403/714/1244 3405/721/1254 3404/718/1255
f 3406/714/1244 3408/722/1050 3407/721/1256
f 3409/714/1244 3411/716/1113 3410/722/1050
f 3412/723/1257 3414/722/1050 3413/724/1258
f 3415/723/1259 3417/721/1260 3416/722/1050
f 3418/721/1254 3420/723/1259 3419/725/1261
f 3421/721/1254 3423/725/1261 3422/718/1255
f 3424/718/1248 3426/725/1261 3425/726/1262
f 3427/718/1248 3429/726/1262 3428/719/1263
f 3430/719/1264 3432/726/1265 3431/727/792
f 3433/720/1266 3435/719/1264 3434/727/756
f 3436/728/1267 3438/720/1268 3437/727/790
f 3439/715/1269 3441/720/1250 3440/728/1267
f 3442/715/1269 3444/728/1267 3443/729/1270
f 3445/713/1243 3447/715/1245 3446/729/1270
f 3448/730/1271 3450/713/1243 3449/729/1270
f 3451/730/1272 3453/717/1247 3452/713/1243
f 3454/730/1272 3456/731/1273 3455/717/1247
f 3457/732/1274 3459/731/1273 3458/730/1275
f 3460/732/1276 3462/733/1277 3461/731/1273
f 3463/734/1278 3465/733/1277 3464/732/1279
f 3466/735/1280 3468/736/1281 3467/727/756
f 3469/736/1281 3471/728/1267 3470/727/756
f 3472/729/1270 3474/728/1267 3473/736/1282
f 3475/732/1283 3477/737/1284 3476/734/1278
f 3478/734/1285 3480/737/1284 3479/738/1286
f 3481/734/1285 3483/738/1286 3482/739/1287
f 3484/732/1283 3486/740/1288 3485/737/1284
f 3487/740/1288 3489/741/58 3488/737/1289
f 3490/738/1286 3492/737/1284 3491/741/1235
f 3493/738/1286 3495/741/58 3494/742/487
f 3496/734/1290 3498/743/1291 3497/733/1277
f 3499/734/1292 3501/744/1293 3500/743/1294
f 3502/734/1292 3504/739/1295 3503/744/1293
f 3505/745/1296 3507/744/1297 3506/739/1298
f 3508/745/1296 3510/739/1299 3509/738/1300
f 3511/745/1301 3513/738/1300 3512/746/1302
f 3514/746/1302 3516/738/1286 3515/742/487
f 3517/746/1302 3519/742/487 3518/747/728
f 3520/747/727 3522/742/1303 3521/727/756
f 3523/742/1303 3525/741/1304 3524/727/756
f 3526/741/1304 3528/735/1280 3527/727/792
f 3529/740/1288 3531/735/1280 3530/741/58
f 3532/740/1305 3534/736/1281 3533/735/1306
f 3535/740/1305 3537/748/1307 3536/736/1281
f 3538/729/1308 3540/736/1281 3539/748/1307
f 3541/730/1271 3543/729/1308 3542/748/1309
f 3544/732/1274 3546/730/1271 3545/748/1310
f 3547/732/1283 3549/748/1310 3548/740/1305
f 3550/716/1117 3552/694/1311 3551/692/1107
f 3553/716/1117 3555/717/1312 3554/694/1311
f 3556/717/1313 3558/695/1314 3557/694/1315
f 3559/717/1313 3561/731/1316 3560/695/1314
f 3562/731/1317 3564/697/1318 3563/695/1319
f 3565/731/1273 3567/733/1320 3566/697/1318
f 3568/733/1321 3570/672/1322 3569/697/1323
f 3571/733/1277 3573/743/1324 3572/672/1325
f 3574/743/1326 3576/673/1327 3575/672/1328
f 3577/743/1326 3579/744/1293 3578/673/1327
f 3580/749/1329 3582/673/1330 3581/744/1331
f 3583/745/1296 3585/749/1332 3584/744/1333
f 3586/750/1334 3588/749/1335 3587/745/1301
f 3589/750/1336 3591/745/1301 3590/746/1302
f 3592/750/1336 3594/746/1302 3593/751/1337
f 3595/751/1338 3597/746/1302 3596/747/728
f 3598/751/1337 3600/747/728 3599/752/1339
f 3601/752/1339 3603/747/727 3602/727/790
f 3604/753/1340 3606/752/1339 3605/754/724
f 3607/753/1341 3609/751/1342 3608/752/1339
f 3610/755/1343 3612/751/1344 3611/753/1345
f 3613/755/1343 3615/750/1336 3614/751/1344
f 3616/755/1346 3618/756/1347 3617/750/1348
f 3619/750/1334 3621/756/1349 3620/749/1335
f 3622/754/724 3624/752/1339 3623/727/756
f 3625/757/1350 3627/754/724 3626/727/756
f 3628/758/1351 3630/754/754 3629/757/1352
f 3631/758/1353 3633/753/1340 3632/754/724
f 3634/759/1354 3636/753/1345 3635/758/1355
f 3637/759/1354 3639/755/1343 3638/753/1345
f 3640/759/1356 3642/760/1357 3641/755/1358
f 3643/755/1358 3645/760/1359 3644/756/1347
f 3646/760/1359 3648/677/531 3647/756/1360
f 3649/749/1361 3651/756/1362 3650/677/516
f 3652/749/1363 3654/677/516 3653/676/1364
f 3655/749/1329 3657/676/1365 3656/673/1330
f 3658/760/1359 3660/679/776 3659/677/531
f 3661/759/1354 3663/761/318 3662/762/1366
f 3664/762/1367 3666/763/1368 3665/759/1369
f 3667/762/1370 3669/764/1371 3668/763/1368
f 3670/759/1372 3672/763/1373 3671/760/1357
f 3673/763/1374 3675/679/777 3674/760/1357
f 3676/763/1375 3678/682/1376 3677/679/777
f 3679/764/1377 3681/682/1378 3680/763/1379
f 3682/764/1377 3684/683/1380 3683/682/1381
f 3685/764/1382 3687/686/1383 3686/683/1380
f 3688/764/1382 3690/765/1384 3689/686/1383
f 3691/762/1385 3693/765/1384 3692/764/1382
f 3694/762/1385 3696/766/1386 3695/765/1387
f 3697/766/1388 3699/762/1385 3698/761/318
f 3700/766/1388 3702/761/318 3701/767/238
f 3703/761/318 3705/768/1389 3704/767/190
f 3706/761/318 3708/769/1390 3707/768/1389
f 3709/759/1391 3711/758/1355 3710/761/318
f 3712/761/318 3714/758/1392 3713/757/1350
f 3715/761/318 3717/757/1352 3716/769/1393
f 3718/769/1394 3720/757/1350 3719/727/756
f 3721/768/1395 3723/769/1394 3722/727/756
f 3724/726/1265 3726/768/1395 3725/727/756
f 3727/767/191 3729/768/1395 3728/726/1262
f 3730/767/238 3732/726/1262 3731/725/1261
f 3733/766/1388 3735/767/238 3734/725/1261
f 3736/766/1388 3738/725/1396 3737/723/1397
f 3739/723/1398 3741/765/1399 3740/766/1386
f 3742/723/1398 3744/724/1258 3743/765/1387
f 3745/724/1400 3747/686/1401 3746/765/1399
f 3748/724/1402 3750/687/1403 3749/686/1401
f 3751/722/1051 3753/687/1403 3752/724/1258
f 3754/722/1051 3756/689/1404 3755/687/1403
f 3757/722/1405 3759/692/1107 3758/689/1406
f 3760/722/1405 3762/716/1113 3761/692/1107
f 3763/770/1407 3765/771/1408 3764/772/1409
f 3766/773/848 3768/771/1410 3767/770/1411
f 3769/773/1412 3771/774/1413 3770/771/1414
f 3772/775/830 3774/776/831 3773/770/1415
f 3775/775/830 3777/770/1415 3776/777/830
f 3778/770/1411 3780/772/1409 3779/777/830
f 3781/778/828 3783/777/830 3782/772/1416
f 3784/778/828 3786/772/1416 3785/779/1417
f 3787/778/829 3789/779/1418 3788/780/1419
f 3790/778/828 3792/780/1419 3791/781/825
f 3793/782/825 3795/778/1420 3794/781/825
f 3796/782/825 3798/783/828 3797/778/828
f 3799/775/830 3801/778/828 3800/783/828
f 3802/775/830 3804/777/830 3803/778/828
f 3805/784/305 3807/785/1421 3806/786/1422
f 3808/784/305 3810/786/1422 3809/787/307
f 3811/788/305 3813/784/305 3812/787/306
f 3814/788/305 3816/787/306 3815/789/1423
f 3817/790/309 3819/789/307 3818/787/307
f 3820/790/309 3822/787/307 3821/791/309
f 3823/787/307 3825/792/1424 3824/791/1425
f 3826/793/310 3828/791/311 3827/792/1426
f 3829/793/310 3831/792/1426 3830/794/1427
f 3832/795/317 3834/793/310 3833/794/1428
f 3835/795/317 3837/794/1427 3836/796/1429
f 3838/797/756 3840/795/317 3839/796/1430
f 3841/797/756 3843/796/1430 3842/798/1284
f 3844/797/792 3846/798/1284 3845/774/1431
f 3847/797/792 3849/774/1431 3848/773/1412
f 3850/799/849 3852/797/793 3851/773/849
f 3853/799/848 3855/773/848 3854/770/1432
f 3856/799/848 3858/770/1432 3857/776/831
f 3859/787/307 3861/786/1433 3860/792/1424
f 3862/799/849 3864/800/792 3863/797/792
f 3865/801/319 3867/797/756 3866/800/756
f 3868/801/322 3870/795/322 3869/797/756
f 3871/802/313 3873/795/317 3872/801/317
f 3874/802/780 3876/793/780 3875/795/315
f 3877/802/310 3879/791/1425 3878/793/310
f 3880/802/310 3882/790/311 3881/791/311
f 3883/803/1434 3885/804/1435 3884/805/1436
f 3886/806/1437 3888/804/1438 3887/803/1439
f 3889/806/1437 3891/807/1440 3890/804/1438
f 3892/806/1437 3894/808/1441 3893/807/1440
f 3895/809/828 3897/810/1442 3896/811/1443
f 3898/809/828 3900/812/830 3899/810/1442
f 3901/812/830 3903/803/1439 3902/810/1444
f 3904/812/830 3906/813/831 3905/803/1439
f 3907/814/1412 3909/803/1445 3908/813/831
f 3910/814/1412 3912/806/1446 3911/803/1439
f 3913/814/1447 3915/815/1448 3914/806/1449
f 3916/806/1437 3918/815/1448 3917/808/1450
f 3919/816/1451 3921/808/1452 3920/815/1453
f 3922/816/1451 3924/817/1454 3923/808/1441
f 3925/816/1455 3927/818/1456 3926/817/1457
f 3928/816/1455 3930/819/1458 3929/818/1456
f 3931/820/1459 3933/819/1458 3932/816/1455
f 3934/820/313 3936/816/1460 3935/821/317
f 3937/821/317 3939/816/1451 3938/815/1453
f 3940/821/319 3942/815/1453 3941/822/756
f 3943/814/1447 3945/822/756 3944/815/1448
f 3946/803/1434 3948/805/1461 3947/810/1462
f 3949/811/1463 3951/810/1442 3950/805/1436
f 3952/811/1463 3954/805/1436 3953/823/1464
f 3955/811/1465 3957/823/1464 3956/824/1466
f 3958/811/1465 3960/824/1466 3959/825/1467
f 3961/826/825 3963/811/1468 3962/825/1469
f 3964/826/825 3966/809/828 3965/811/1468
f 3967/827/829 3969/809/829 3968/826/825
f 3970/827/828 3972/812/830 3971/809/828
f 3973/827/828 3975/828/830 3974/812/830
f 3976/828/830 3978/813/831 3977/812/830
f 3979/828/830 3981/829/831 3980/813/831
f 3982/829/832 3984/814/848 3983/813/832
f 3985/829/832 3987/830/848 3986/814/848
f 3988/830/849 3990/822/792 3989/814/849
f 3991/830/849 3993/831/792 3992/822/792
f 3994/831/756 3996/821/319 3995/822/756
f 3997/831/756 3999/832/319 3998/821/319
f 4000/827/829 4002/826/825 4001/833/825
f 4003/834/313 4005/821/317 4004/832/317
f 4006/834/780 4008/820/780 4007/821/317
f 4009/834/1470 4011/835/311 4010/820/310
f 4012/835/311 4014/819/1471 4013/820/310
f 4015/835/311 4017/836/1472 4016/819/1471
f 4018/836/1472 4020/818/1473 4019/819/1471
f 4021/836/1472 4023/837/1474 4022/818/1473
f 4024/836/1472 4026/838/1475 4025/837/1474
f 4027/836/1472 4029/839/1476 4028/838/1475
f 4030/840/1477 4032/838/1478 4031/839/1479
f 4033/841/305 4035/840/1480 4034/839/1481
f 4036/841/305 4038/839/1481 4037/842/306
f 4039/843/306 4041/841/305 4040/842/306
f 4042/844/309 4044/843/307 4043/842/307
f 4045/844/309 4047/842/1482 4046/835/309
f 4048/834/310 4050/844/311 4049/835/311
f 4051/835/311 4053/839/1476 4052/836/1472
f 4054/835/309 4056/842/307 4055/839/1476
f 4057/843/306 4059/845/305 4058/841/305
f 4060/840/1477 4062/846/1483 4061/838/1475
f 4063/847/1484 4065/848/1485 4064/849/256
f 4066/850/1486 4068/848/1487 4067/847/1488
f 4069/850/1486 4071/851/1486 4070/848/1487
f 4072/850/1170 4074/852/1489 4073/851/1490
f 4075/850/1170 4077/853/1491 4076/852/1489
f 4078/853/1492 4080/854/537 4079/852/1492
f 4081/853/1492 4083/855/1493 4082/854/1493
f 4084/855/536 4086/856/1494 4085/854/1495
f 4087/855/1496 4089/857/1494 4088/856/1494
f 4090/858/389 4092/856/1497 4091/857/1497
f 4093/858/389 4095/859/389 4094/856/1497
f 4096/858/389 4098/860/1498 4097/859/389
f 4099/858/389 4101/861/1498 4100/860/1498
f 4102/861/1499 4104/862/1500 4103/860/1499
f 4105/861/1499 4107/863/1500 4106/862/1500
f 4108/864/1190 4110/862/1501 4109/863/1501
f 4111/864/1190 4113/865/1190 4112/862/1501
f 4114/864/1190 4116/866/1328 4115/865/1190
f 4117/864/1190 4119/867/1328 4118/866/1328
f 4120/867/1502 4122/868/1290 4121/866/1502
f 4123/867/1502 4125/869/1503 4124/868/1290
f 4126/869/1278 4128/870/58 4127/868/1278
f 4129/869/1278 4131/871/58 4130/870/58
f 4132/871/1304 4134/872/1389 4133/870/1304
f 4135/871/187 4137/873/1395 4136/872/1395
f 4138/874/256 4140/872/1395 4139/873/1389
f 4141/874/1504 4143/849/1505 4142/872/1506
f 4144/847/1484 4146/849/256 4145/874/256
f 4147/875/1507 4149/876/1508 4148/877/1509
f 4150/875/1507 4152/878/1510 4151/876/1508
f 4153/878/1510 4155/879/1511 4154/876/1508
f 4156/878/1512 4158/880/1513 4157/879/1514
f 4159/876/1508 4161/881/1515 4160/877/1509
f 4162/877/1509 4164/881/1515 4163/882/1516
f 4165/877/1509 4167/882/1516 4166/883/1517
f 4168/884/1518 4170/877/1519 4169/883/1520
f 4171/884/1521 4173/875/1522 4172/877/1519
f 4174/884/1523 4176/885/1524 4175/875/1525
f 4177/875/1526 4179/885/1524 4178/886/1022
f 4180/875/1526 4182/886/1527 4181/878/1528
f 4183/878/1529 4185/886/1022 4184/887/1530
f 4186/878/1528 4188/887/1530 4187/880/1531
f 4189/888/1532 4191/880/1531 4190/887/1530
f 4192/888/1533 4194/879/1514 4193/880/1513
f 4195/888/1533 4197/889/1534 4196/879/1514
f 4198/890/1535 4200/889/1536 4199/888/1533
f 4201/890/1537 4203/888/1538 4202/891/1539
f 4204/890/1537 4206/891/1539 4205/892/1176
f 4207/888/1532 4209/887/1530 4208/891/1540
f 4210/884/1523 4212/893/1541 4211/885/1524
f 4213/894/1542 4215/895/1543 4214/893/1541
f 4216/894/1542 4218/893/1544 4217/884/1523
f 4219/884/1545 4221/896/1546 4220/894/1542
f 4222/884/1545 4224/883/1517 4223/896/1546
f 4225/883/1517 4227/897/1547 4226/896/1548
f 4228/883/1517 4230/882/1516 4229/897/1547
f 4231/897/1549 4233/882/1550 4232/898/21
f 4234/882/1550 4236/881/1551 4235/898/24
f 4237/881/1552 4239/899/922 4238/898/21
f 4240/876/1508 4242/899/1553 4241/881/1515
f 4243/876/1508 4245/900/1554 4244/899/920
f 4246/876/1508 4248/879/1511 4247/900/1554
f 4249/879/1555 4251/901/1556 4250/900/1554
f 4252/879/1555 4254/889/1534 4253/901/1557
f 4255/902/1558 4257/901/1556 4256/889/1559
f 4258/890/1535 4260/902/1560 4259/889/1534
f 4261/890/1561 4263/903/1562 4262/902/1563
f 4264/890/1535 4266/904/1564 4265/903/1562
f 4267/905/1565 4269/906/1566 4268/898/24
f 4270/907/1196 4272/905/1565 4271/898/24
f 4273/908/1180 4275/907/1196 4274/898/21
f 4276/901/1556 4278/908/1180 4277/898/21
f 4279/900/1567 4281/901/1556 4280/898/24
f 4282/899/1568 4284/900/1554 4283/898/24
f 4285/902/1558 4287/908/1179 4286/901/1556
f 4288/902/1569 4290/907/1195 4289/908/1179
f 4291/902/1569 4293/903/1570 4292/907/1195
f 4294/909/1571 4296/907/1195 4295/903/1570
f 4297/909/1571 4299/905/1565 4298/907/1195
f 4300/910/1572 4302/905/1565 4301/909/1571
f 4303/910/1572 4305/906/1573 4304/905/1565
f 4306/910/1572 4308/911/1574 4307/906/1575
f 4309/906/1576 4311/911/1574 4310/898/24
f 4312/911/1577 4314/912/1578 4313/898/21
f 4315/912/1578 4317/913/1579 4316/898/21
f 4318/914/813 4320/913/1579 4319/912/1580
f 4321/914/813 4323/912/1578 4322/915/1581
f 4324/916/1582 4326/914/838 4325/915/1583
f 4327/916/805 4329/915/1584 4328/917/1585
f 4330/916/805 4332/917/1586 4331/918/1587
f 4333/918/1587 4335/917/1588 4334/910/1589
f 4336/910/1590 4338/917/1591 4337/911/1574
f 4339/917/1591 4341/912/1578 4340/911/1574
f 4342/917/1591 4344/915/1581 4343/912/1578
f 4345/916/805 4347/919/1592 4346/914/838
f 4348/916/802 4350/920/1593 4349/919/1594
f 4351/916/802 4353/921/1595 4352/920/1593
f 4354/916/802 4356/922/1596 4355/921/1597
f 4357/916/802 4359/918/1598 4358/922/1596
f 4360/904/1599 4362/909/1600 4361/903/1562
f 4363/904/1601 4365/923/1153 4364/909/1571
f 4366/923/1095 4368/910/1589 4367/909/1571
f 4369/923/1095 4371/924/1602 4370/910/1589
f 4372/918/1587 4374/910/1589 4373/924/1602
f 4375/918/1587 4377/924/1603 4376/925/1604
f 4378/918/1587 4380/925/1605 4379/922/1596
f 4381/922/1606 4383/925/1607 4382/873/1608
f 4384/922/1609 4386/873/1608 4385/871/1610
f 4387/922/1596 4389/871/1610 4388/869/1611
f 4390/922/1612 4392/869/1611 4391/921/1613
f 4393/921/1614 4395/869/1615 4394/867/1616
f 4396/921/1614 4398/867/1323 4397/920/1617
f 4399/926/1618 4401/920/1619 4400/867/1323
f 4402/919/1620 4404/920/1621 4403/926/1618
f 4405/919/1620 4407/926/1618 4406/927/1187
f 4408/927/1185 4410/914/810 4409/919/1620
f 4411/927/1185 4413/928/1622 4412/914/810
f 4414/926/1623 4416/867/1323 4415/864/1624
f 4417/928/1625 4419/913/1579 4418/914/810
f 4420/928/1625 4422/929/1184 4421/913/1579
f 4423/913/1579 4425/929/1181 4424/898/24
f 4426/929/1181 4428/897/1549 4427/898/21
f 4429/928/1626 4431/897/1547 4430/929/1184
f 4432/928/1626 4434/896/1548 4433/897/1547
f 4435/927/1183 4437/896/1627 4436/928/1622
f 4438/927/1183 4440/894/1628 4439/896/1627
f 4441/894/1629 4443/927/1187 4442/926/1618
f 4444/894/1630 4446/926/1618 4445/895/1631
f 4447/895/1632 4449/926/1618 4448/864/1186
f 4450/895/1633 4452/864/1186 4451/863/1634
f 4453/893/1541 4455/895/1631 4454/863/1634
f 4456/893/1541 4458/863/1634 4457/861/1635
f 4459/885/1636 4461/893/1541 4460/861/1637
f 4462/885/1638 4464/861/1637 4463/858/1639
f 4465/886/1640 4467/885/1641 4466/858/1642
f 4468/886/1022 4470/858/1642 4469/857/1643
f 4471/887/1530 4473/886/1022 4472/857/1644
f 4474/887/1645 4476/857/1646 4475/855/1647
f 4477/887/1648 4479/855/1649 4478/853/1650
f 4480/887/1530 4482/853/1650 4481/891/1540
f 4483/891/1539 4485/853/1650 4484/850/1651
f 4486/891/1652 4488/850/1651 4487/892/1175
f 4489/930/1653 4491/892/1172 4490/850/1654
f 4492/890/1537 4494/892/1655 4493/930/1653
f 4495/890/1656 4497/930/1653 4496/904/1564
f 4498/904/1599 4500/930/1657 4499/931/1658
f 4501/904/1599 4503/931/1658 4502/923/1156
f 4504/924/1659 4506/923/1095 4505/931/1658
f 4507/924/1660 4509/931/1658 4508/925/1604
f 4510/925/1604 4512/931/1661 4511/874/1662
f 4513/925/1607 4515/874/1662 4514/873/1663
f 4516/930/1657 4518/874/1664 4517/931/1658
f 4519/930/1657 4521/847/1665 4520/874/1666
f 4522/930/1653 4524/850/1654 4523/847/1667
f 4525/823/1668 4527/932/1669 4526/824/1669
f 4528/823/1668 4530/933/1668 4529/932/1669
f 4531/805/1617 4533/933/1670 4532/823/1670
f 4534/805/1617 4536/934/1617 4535/933/1670
f 4537/805/1671 4539/935/1320 4538/934/1671
f 4540/805/1617 4542/804/1277 4541/935/1277
f 4543/807/1672 4545/935/1277 4544/804/1277
f 4546/807/1672 4548/936/1672 4547/935/1277
f 4549/807/1672 4551/937/1673 4550/936/1672
f 4552/807/1672 4554/808/1673 4553/937/1673
f 4555/817/1674 4557/937/1673 4556/808/1673
f 4558/817/1674 4560/938/1674 4559/937/1673
f 4561/817/1674 4563/939/1293 4562/938/1674
f 4564/817/1674 4566/818/1293 4565/939/1293
f 4567/818/1293 4569/940/1675 4568/939/1293
f 4570/818/1293 4572/837/1675 4571/940/1675
f 4573/838/1676 4575/940/1675 4574/837/1675
f 4576/838/1676 4578/941/1676 4577/940/1675
f 4579/838/1676 4581/942/1677 4580/941/1676
f 4582/838/1676 4584/846/1678 4583/942/1678
f 4585/943/1679 4587/944/1679 4586/945/1168
f 4588/946/1170 4590/944/1169 4589/943/1169
f 4591/946/1170 4593/947/1170 4592/944/1171
f 4594/946/1170 4596/948/1172 4595/947/1170
f 4597/946/1170 4599/949/1175 4598/948/1175
f 4600/949/1655 4602/950/38 4601/948/1176
f 4603/949/1655 4605/951/38 4604/950/38
f 4606/951/1680 4608/952/1178 4607/950/38
f 4609/951/38 4611/953/1179 4610/952/1179
f 4612/954/1181 4614/952/1180 4613/953/1180
f 4615/954/1181 4617/955/1181 4616/952/1180
f 4618/954/1184 4620/956/1185 4619/955/1184
f 4621/954/1184 4623/957/1187 4622/956/1187
f 4624/957/1187 4626/958/1188 4625/956/1187
f 4627/957/1187 4629/959/1188 4628/958/1188
f 4630/960/1189 4632/958/1186 4631/959/1186
f 4633/960/1189 4635/961/1158 4634/958/1186
f 4636/960/1681 4638/962/1191 4637/961/1681
f 4639/960/1681 4641/963/1191 4640/962/1191
f 4642/964/1162 4644/962/1160 4643/963/1160
f 4645/964/1162 4647/965/1162 4646/962/1191
f 4648/966/300 4650/965/1163 4649/964/1682
f 4651/966/300 4653/967/300 4652/965/1163
f 4654/968/1164 4656/967/301 4655/966/301
f 4657/968/1164 4659/969/1164 4658/967/301
f 4660/970/1166 4662/969/1165 4661/968/1683
f 4663/970/107 4665/945/107 4664/969/1165
f 4666/943/1167 4668/945/110 4667/970/1168
f 4669/971/1295 4671/972/1294 4670/973/1292
f 4672/971/1295 4674/974/1293 4673/972/1294
f 4675/973/1278 4677/975/1283 4676/976/1305
f 4678/973/1278 4680/977/1277 4679/975/1279
f 4681/973/1503 4683/972/1291 4682/977/1277
f 4684/972/1684 4686/959/1323 4685/977/1321
f 4687/972/1324 4689/960/1322 4688/959/1323
f 4690/972/1684 4692/963/1327 4691/960/1328
f 4693/972/1685 4695/974/1293 4694/963/1327
f 4696/974/1293 4698/964/1365 4697/963/1686
f 4699/977/1320 4701/959/1318 4700/957/1687
f 4702/973/1285 4704/978/1284 4703/979/1286
f 4705/973/1285 4707/979/1286 4706/971/1299
f 4708/980/1301 4710/971/1299 4709/979/1688
f 4711/980/1296 4713/974/1297 4712/971/1295
f 4714/980/1296 4716/981/1332 4715/974/1297
f 4717/974/1331 4719/981/1329 4718/964/1365
f 4720/981/1361 4722/966/531 4721/964/1364
f 4723/982/1402 4725/946/1401 4724/983/1399
f 4726/982/1402 4728/949/1403 4727/946/1401
f 4729/984/1050 4731/949/1403 4730/982/1258
f 4732/984/1051 4734/951/1689 4733/949/1403
f 4735/984/1405 4737/953/1107 4736/951/1690
f 4738/984/1691 4740/985/1113 4739/953/1107
f 4741/985/1117 4743/954/1311 4742/953/1107
f 4744/985/1126 4746/986/1312 4745/954/1311
f 4747/986/1313 4749/957/1314 4748/954/1692
f 4750/986/1247 4752/987/1316 4751/957/1314
f 4753/977/1320 4755/957/1687 4754/987/1693
f 4756/988/1275 4758/977/1277 4757/987/1273
f 4759/988/1272 4761/975/1276 4760/977/1277
f 4762/975/1274 4764/988/1694 4763/989/1310
f 4765/975/1283 4767/989/1310 4766/976/1305
f 4768/989/1307 4770/990/1280 4769/976/1695
f 4771/978/1289 4773/976/1288 4772/990/1280
f 4774/973/1278 4776/976/1288 4775/978/1284
f 4777/989/1307 4779/991/1696 4778/990/1280
f 4780/992/1308 4782/991/1282 4781/989/1307
f 4783/993/1260 4785/984/1050 4784/982/1258
f 4786/994/1244 4788/984/1050 4787/993/1254
f 4789/994/1244 4791/985/1113 4790/984/1697
f 4792/994/1244 4794/986/1698 4793/985/1126
f 4795/994/1244 4797/995/1699 4796/986/1247
f 4798/996/1386 4800/982/1402 4799/983/1387
f 4801/996/1700 4803/997/1398 4802/982/1701
f 4804/993/1260 4806/982/1258 4805/997/1257
f 4807/997/1259 4809/998/1255 4808/993/1260
f 4810/993/1254 4812/998/1253 4811/999/1251
f 4813/993/1702 4815/999/1245 4814/994/1252
f 4816/994/1244 4818/999/1703 4817/992/1704
f 4819/994/1244 4821/992/1704 4820/995/1243
f 4822/995/1243 4824/992/1308 4823/989/1309
f 4825/995/1243 4827/989/1309 4826/988/1705
f 4828/988/1272 4830/986/1247 4829/995/1706
f 4831/988/1272 4833/987/1316 4832/986/1247
f 4834/978/1289 4836/1000/58 4835/1001/487
f 4837/978/1284 4839/990/1280 4838/1000/58
f 4840/1000/1304 4842/990/1280 4841/1002/756
f 4843/990/1280 4845/991/1281 4844/1002/756
f 4846/991/1281 4848/1003/1707 4847/1002/756
f 4849/992/1308 4851/1003/1267 4850/991/1282
f 4852/992/1270 4854/1004/1708 4853/1003/1267
f 4855/992/1270 4857/999/1251 4856/1004/1250
f 4858/999/1251 4860/1005/1264 4859/1004/1250
f 4861/999/1251 4863/998/1248 4862/1005/1263
f 4864/1006/1261 4866/1005/1709 4865/998/1248
f 4867/997/1259 4869/1006/1261 4868/998/1710
f 4870/997/1259 4872/1007/238 4871/1006/1261
f 4873/997/1259 4875/996/1388 4874/1007/238
f 4876/1008/1385 4878/1007/238 4877/996/1388
f 4879/996/1386 4881/1009/1711 4880/1008/1385
f 4882/996/1386 4884/983/1387 4883/1009/1382
f 4885/1009/1382 4887/983/1384 4886/946/1383
f 4888/1010/727 4890/1001/487 4889/1002/792
f 4891/1001/487 4893/1000/1304 4892/1002/756
f 4894/1011/1302 4896/1001/487 4895/1010/727
f 4897/1003/1707 4899/1004/1268 4898/1002/793
f 4900/1004/1268 4902/1005/1264 4901/1002/756
f 4903/1005/1264 4905/1012/1262 4904/1002/756
f 4906/1006/1261 4908/1012/1262 4907/1005/1709
f 4909/1006/1261 4911/1013/1395 4910/1012/1262
f 4912/1006/1712 4914/1007/191 4913/1013/1395
f 4915/1014/318 4917/1013/1389 4916/1007/190
f 4918/1008/1385 4920/1014/318 4919/1007/1713
f 4921/1012/1265 4923/1013/1395 4922/1002/756
f 4924/1013/1395 4926/1015/1394 4925/1002/756
f 4927/1014/318 4929/1015/1390 4928/1013/1395
f 4930/1015/1394 4932/1016/1714 4931/1002/756
f 4933/1009/1382 4935/943/1715 4934/970/1378
f 4936/1009/1382 4938/946/1383 4937/943/1380
f 4939/1014/318 4941/1016/1350 4940/1015/1390
f 4942/1014/318 4944/1017/1392 4943/1016/1350
f 4945/1008/1366 4947/1017/1355 4946/1014/318
f 4948/1008/1366 4950/1018/1369 4949/1017/1355
f 4951/1018/1369 4953/1008/1367 4952/1009/1711
f 4954/1018/1369 4956/1009/1377 4955/1019/1368
f 4957/1009/1711 4959/970/1378 4958/1019/1379
f 4960/1020/1357 4962/1019/1374 4961/970/1716
f 4963/1020/1357 4965/970/1376 4964/968/777
f 4966/1020/1359 4968/968/776 4967/966/516
f 4969/1020/1359 4971/966/747 4970/1021/1360
f 4972/981/1361 4974/1021/1362 4973/966/516
f 4975/1022/1334 4977/1021/1349 4976/981/1335
f 4978/1022/1334 4980/981/1335 4979/980/1301
f 4981/1022/1717 4983/980/1301 4982/1011/1302
f 4984/980/1301 4986/979/1688 4985/1011/1718
f 4987/1011/1302 4989/979/1719 4988/1001/487
f 4990/978/1284 4992/1001/487 4991/979/1286
f 4993/1023/1343 4995/1018/1372 4994/1019/1373
f 4996/1018/1354 4998/1023/1343 4997/1024/1345
f 4999/1018/1354 5001/1024/1345 5000/1017/1355
f 5002/1024/1340 5004/1016/1352 5003/1017/1720
f 5005/1024/1340 5007/1025/754 5006/1016/1350
f 5008/1016/1350 5010/1025/721 5009/1002/756
f 5011/1025/724 5013/1026/1339 5012/1002/756
f 5014/1026/1339 5016/1010/727 5015/1002/790
f 5017/1027/1337 5019/1010/728 5018/1026/1339
f 5020/1027/1337 5022/1011/1302 5021/1010/728
f 5023/1022/1336 5025/1011/1302 5024/1027/1337
f 5026/1023/1343 5028/1022/1336 5027/1027/1344
f 5029/1023/1358 5031/1021/1347 5030/1022/1348
f 5032/1023/1358 5034/1020/1359 5033/1021/1347
f 5035/1023/1358 5037/1019/1374 5036/1020/1721
f 5038/1023/1722 5040/1027/1344 5039/1024/1723
f 5041/1024/1341 5043/1027/1344 5042/1026/1339
f 5044/1024/1345 5046/1026/1339 5045/1025/724
f 5047/1028/828 5049/1029/825 5048/1030/825
f 5050/1028/829 5052/1031/829 5051/1029/825
f 5053/1028/828 5055/1032/830 5054/1031/828
f 5056/1028/828 5058/1033/830 5057/1032/830
f 5059/1033/830 5061/1034/831 5060/1032/830
f 5062/1033/830 5064/1035/831 5063/1034/832
f 5065/1035/831 5067/1036/848 5066/1034/832
f 5068/1035/832 5070/1037/848 5069/1036/848
f 5071/1037/849 5073/1038/792 5072/1036/849
f 5074/1037/849 5076/1039/792 5075/1038/792
f 5077/1040/322 5079/1038/756 5078/1039/756
f 5080/1040/322 5082/1041/322 5081/1038/756
f 5083/1040/317 5085/1042/313 5084/1041/315
f 5086/1040/315 5088/1043/313 5087/1042/313
f 5089/1043/310 5091/1044/311 5090/1042/310
f 5092/1043/310 5094/1045/311 5093/1044/311
f 5095/1045/311 5097/1046/307 5096/1044/311
f 5098/1045/1724 5100/1047/307 5099/1046/307
f 5101/1047/306 5103/1048/305 5102/1046/306
f 5104/1047/306 5106/1049/305 5105/1048/305
f 5107/1050/311 5109/1051/311 5108/1052/310
f 5110/1050/309 5112/1053/307 5111/1051/309
f 5113/1053/307 5115/1054/1424 5114/1051/1425
f 5116/1053/307 5118/1055/1433 5117/1054/1424
f 5119/1053/307 5121/1056/1421 5120/1055/1422
f 5122/1053/307 5124/1057/305 5123/1056/1421
f 5125/1058/306 5127/1057/305 5126/1053/306
f 5128/1058/306 5130/1059/305 5129/1057/305
f 5131/1050/309 5133/1058/307 5132/1053/307
f 5134/1052/313 5136/1060/1725 5135/1061/1429
f 5137/1052/310 5139/1054/1426 5138/1060/1427
f 5140/1052/310 5142/1051/1425 5141/1054/1426
f 5143/1062/1726 5145/1063/1418 5144/1064/1419
f 5146/1062/825 5148/1065/828 5147/1063/1418
f 5149/1066/825 5151/1065/1420 5150/1062/825
f 5152/1066/825 5154/1067/828 5153/1065/828
f 5155/1067/828 5157/1068/830 5156/1065/828
f 5158/1067/828 5160/1069/830 5159/1068/830
f 5161/1069/830 5163/1070/831 5162/1068/830
f 5164/1069/830 5166/1071/831 5165/1070/831
f 5167/1072/848 5169/1070/831 5168/1071/831
f 5170/1072/848 5172/1073/848 5171/1070/831
f 5173/1072/849 5175/1074/792 5174/1073/849
f 5176/1073/848 5178/1074/756 5177/1075/1284
f 5179/1074/756 5181/1061/1430 5180/1075/1727
f 5182/1074/756 5184/1076/319 5183/1061/1430
f 5185/1052/1459 5187/1061/1429 5186/1076/319
f 5188/1077/315 5190/1052/313 5189/1076/315
f 5191/1077/315 5193/1078/313 5192/1052/313
f 5194/1050/311 5196/1052/310 5195/1078/310
f 5197/1072/849 5199/1079/792 5198/1074/792
f 5200/1077/322 5202/1074/756 5201/1079/756
f 5203/1077/322 5205/1076/322 5204/1074/756
f 5206/1068/830 5208/1063/1417 5207/1065/1420
f 5209/1068/830 5211/1080/1416 5210/1063/1417
f 5212/1070/831 5214/1080/1409 5213/1068/830
f 5215/1070/831 5217/1081/1408 5216/1080/1409
f 5218/1070/831 5220/1082/1413 5219/1081/1410
f 5221/1070/831 5223/1073/848 5222/1082/1413
f 5224/1073/849 5226/1075/1284 5225/1082/1431
f 5227/1083/89 5229/1084/89 5228/1085/89
f 5230/1084/89 5232/1086/89 5231/1085/89
f 5233/1086/92 5235/1087/92 5234/1085/92
f 5236/1087/1728 5238/1088/89 5237/1085/92
f 5239/1088/89 5241/1089/89 5240/1085/89
f 5242/1089/89 5244/1090/92 5243/1085/89
f 5245/1090/89 5247/1091/89 5246/1085/89
f 5248/1091/92 5250/1092/92 5249/1085/1728
f 5251/1092/92 5253/1093/92 5252/1085/92
f 5254/1093/89 5256/1094/89 5255/1085/89
f 5257/1094/92 5259/1095/92 5258/1085/92
f 5260/1095/89 5262/1096/89 5261/1085/89
f 5263/1096/92 5265/1097/92 5264/1085/89
f 5266/1097/89 5268/1083/1728 5267/1085/89
f 5269/1098/1729 5271/1099/1729 5270/1100/1729
f 5272/1099/1729 5274/1101/1729 5273/1100/1729
f 5275/1101/1729 5277/1102/1729 5276/1100/1729
f 5278/1102/1729 5280/1103/1729 5279/1100/1729
f 5281/1103/1729 5283/1104/1729 5282/1100/1729
f 5284/1104/1729 5286/1105/1729 5285/1100/1729
f 5287/1105/1729 5289/1106/1729 5288/1100/1729
f 5290/1106/1729 5292/1107/1729 5291/1100/1729
f 5293/1107/1729 5295/1108/1729 5294/1100/1729
f 5296/1108/1729 5298/1109/1729 5297/1100/1730
f 5299/1109/1729 5301/1110/1729 5300/1100/1729
f 5302/1110/1729 5304/1111/1729 5303/1100/1729
f 5305/1111/1729 5307/1112/1729 5306/1100/1729
f 5308/1112/1729 5310/1098/1729 5309/1100/1729
f 5311/36/1731 5313/38/1732 5312/1113/1733
f 5314/1114/1734 5316/1113/1735 5315/1115/1736
f 5317/36/1731 5319/1113/1733 5318/1114/1737
f 5320/34/1731 5322/36/1731 5321/1114/1737
f 5323/1116/1738 5325/1117/1739 5324/1118/1740
f 5326/1118/1620 5328/1117/1741 5327/1119/1742
f 5329/1118/1620 5331/1119/1743 5330/1120/1744
f 5332/1120/1619 5334/1119/1743 5333/1121/1745
f 5335/1120/1593 5337/1121/1745 5336/1122/1746
f 5338/1122/1747 5340/1121/1745 5339/48/478
f 5341/1122/1746 5343/48/478 5342/49/1748
f 5344/1123/1749 5346/1122/1746 5345/49/1750
f 5347/1123/1749 5349/49/1748 5348/51/1751
f 5350/34/1752 5352/1123/1749 5351/51/1751
f 5353/34/1752 5355/1124/1737 5354/1123/1749
f 5356/34/1753 5358/1114/1737 5357/1124/1737
f 5359/1124/1734 5361/1114/1734 5360/1125/1754
f 5362/1114/1734 5364/1115/1755 5363/1125/1754
f 5365/1125/1756 5367/1115/1757 5366/1126/1758
f 5368/1125/1756 5370/1126/1758 5369/1127/1758
f 5371/1127/1759 5373/1126/1759 5372/1128/1760
f 5374/1127/1759 5376/1128/1760 5375/1129/1760
f 5377/1130/1761 5379/1131/896 5378/1132/1762
f 5380/1132/1763 5382/1131/1764 5381/1133/1765
f 5383/1132/1763 5385/1133/24 5384/1134/24
f 5386/1135/827 5388/1134/24 5387/1133/24
f 5389/1135/827 5391/1116/1738 5390/1134/21
f 5392/1134/21 5394/1116/1738 5393/1136/1766
f 5395/1136/811 5397/1116/1767 5396/1118/1620
f 5398/1136/811 5400/1118/1768 5399/1137/1769
f 5401/1137/1770 5403/1118/1620 5402/1120/1621
f 5404/1137/1769 5406/1120/1744 5405/1138/1771
f 5407/1138/1771 5409/1120/1619 5408/1122/1746
f 5410/1138/1772 5412/1122/1746 5411/1123/1749
f 5413/1124/1734 5415/1138/1771 5414/1123/1773
f 5416/1124/1734 5418/1139/1756 5417/1138/1774
f 5419/1124/1734 5421/1125/1754 5420/1139/1754
f 5422/1139/1756 5424/1125/1756 5423/1127/1758
f 5425/1139/1756 5427/1127/1758 5426/1140/1769
f 5428/1139/1756 5430/1140/1770 5429/1137/1770
f 5431/1139/1756 5433/1137/1769 5432/1138/1771
f 5434/1131/896 5436/1141/1775 5435/1133/24
f 5437/1142/1776 5439/1143/1777 5438/1141/1775
f 5440/1143/1777 5442/1133/21 5441/1141/1778
f 5443/1143/1777 5445/1135/827 5444/1133/24
f 5446/1144/1779 5448/1145/24 5447/1146/1780
f 5449/1147/1565 5451/1146/1781 5450/1145/24
f 5452/1146/1781 5454/1147/1565 5453/1148/1782
f 5455/1149/1783 5457/1148/1782 5456/1147/1565
f 5458/1149/1783 5460/1150/1504 5459/1148/1784
f 5461/1150/1785 5463/1151/1786 5462/1148/1787
f 5464/1150/256 5466/1152/239 5465/1151/1788
f 5467/1152/239 5469/1153/1789 5468/1151/1790
f 5470/1152/236 5472/1154/238 5471/1153/1791
f 5473/1154/238 5475/1142/1776 5474/1153/1192
f 5476/1154/191 5478/1155/1792 5477/1142/1776
f 5479/1155/1793 5481/1143/1777 5480/1142/1776
f 5482/1155/1792 5484/1156/723 5483/1143/1777
f 5485/1143/1794 5487/1156/723 5486/1157/1795
f 5488/1143/1796 5490/1157/1797 5489/1135/827
f 5491/1135/824 5493/1157/1795 5492/1158/58
f 5494/1135/827 5496/1158/58 5495/1116/1767
f 5497/1116/1738 5499/1158/58 5498/1117/1739
f 5500/1149/1783 5502/1159/1798 5501/1160/1799
f 5503/1149/1783 5505/1147/1565 5504/1159/1800
f 5506/1161/1801 5508/1159/1802 5507/1147/1803
f 5509/1161/1804 5511/1147/1565 5510/1162/24
f 5512/1147/1565 5514/1145/24 5513/1162/24
f 5515/1162/24 5517/1163/24 5516/1164/1805
f 5518/1161/1804 5520/1162/24 5519/1164/1805
f 5521/1161/1801 5523/1164/1806 5522/1165/825
f 5524/1161/1804 5526/1165/825 5525/1166/825
f 5527/1161/1801 5529/1166/825 5528/1167/829
f 5530/1159/1802 5532/1161/1801 5531/1167/828
f 5533/1159/1802 5535/1167/828 5534/1168/830
f 5536/1169/831 5538/1159/1807 5537/1168/830
f 5539/1169/831 5541/1160/1808 5540/1159/1807
f 5542/1170/848 5544/1160/1799 5543/1169/831
f 5545/1170/848 5547/1171/1809 5546/1160/1799
f 5548/1170/848 5550/1172/848 5549/1171/1809
f 5551/1172/848 5553/1173/238 5552/1171/1809
f 5554/1172/848 5556/1174/1261 5555/1173/191
f 5557/1172/849 5559/1175/1810 5558/1174/1261
f 5560/1172/849 5562/1176/1811 5561/1175/1810
f 5563/1170/849 5565/1176/1811 5564/1172/849
f 5566/1170/849 5568/1177/1811 5567/1176/1811
f 5569/1177/1811 5571/1170/849 5570/1178/849
f 5572/1177/1811 5574/1178/849 5573/1179/1811
f 5575/1170/848 5577/1169/832 5576/1178/848
f 5578/1160/1808 5580/1171/1812 5579/1180/1813
f 5581/1171/1812 5583/1181/1814 5582/1180/1813
f 5584/1171/1815 5586/1173/1713 5585/1181/1816
f 5587/1182/782 5589/1183/425 5588/1184/425
f 5590/1185/1817 5592/1183/425 5591/1182/776
f 5593/1185/1817 5595/1186/425 5594/1183/425
f 5596/1187/1818 5598/1186/425 5597/1185/1817
f 5599/1188/1358 5601/1187/1819 5600/1185/1820
f 5602/1188/1358 5604/1185/1820 5603/1189/1821
f 5605/1190/1822 5607/1188/1343 5606/1189/1821
f 5608/1189/1823 5610/1185/1820 5609/1182/776
f 5611/1191/1824 5613/1184/425 5612/1192/274
f 5614/1182/782 5616/1184/425 5615/1191/1824
f 5617/1193/1825 5619/1182/777 5618/1191/1826
f 5620/1189/1827 5622/1182/776 5621/1193/1828
f 5623/1194/1829 5625/1189/1821 5624/1193/1830
f 5626/1190/1822 5628/1189/1821 5627/1194/1831
f 5629/1195/1832 5631/1190/1822 5630/1194/1833
f 5632/1196/1834 5634/1190/1835 5633/1195/1832
f 5635/1196/1339 5637/1197/1836 5636/1190/1835
f 5638/1197/1837 5640/1188/1343 5639/1190/1835
f 5641/1197/1837 5643/1198/1838 5642/1188/1343
f 5644/1188/1358 5646/1198/1839 5645/1199/521
f 5647/1188/1358 5649/1199/523 5648/1187/1819
f 5650/1199/521 5652/1200/93 5651/1187/1818
f 5653/1187/1818 5655/1200/93 5654/1186/302
f 5656/1200/93 5658/1201/1840 5657/1186/302
f 5659/1186/302 5661/1201/1840 5660/1202/192
f 5662/1186/302 5664/1202/192 5663/1183/302
f 5665/1200/93 5667/1203/1841 5666/1201/1840
f 5668/1199/521 5670/1204/93 5669/1200/93
f 5671/1204/93 5673/1203/1841 5672/1200/93
f 5674/1204/93 5676/1205/305 5675/1203/1841
f 5677/1204/93 5679/1206/1842 5678/1205/305
f 5680/1207/1390 5682/1195/1843 5681/1208/1844
f 5683/1195/1843 5685/1207/1394 5684/1209/723
f 5686/1195/1843 5688/1209/723 5687/1196/1339
f 5689/1210/1845 5691/1196/1834 5690/1209/723
f 5692/1210/1845 5694/1211/1846 5693/1196/1339
f 5695/1197/1847 5697/1196/1339 5696/1211/1848
f 5698/1197/1847 5700/1211/1848 5699/1212/1849
f 5701/1198/1839 5703/1197/1850 5702/1212/1849
f 5704/1198/1839 5706/1212/1849 5705/1213/1851
f 5707/1199/523 5709/1198/1852 5708/1213/1853
f 5710/1199/523 5712/1213/1853 5711/1214/88
f 5713/1204/90 5715/1199/521 5714/1214/88
f 5716/1204/90 5718/1214/1231 5717/1215/92
f 5719/1204/93 5721/1215/92 5720/1206/1842
f 5722/1215/89 5724/1216/265 5723/1206/1842
f 5725/1215/92 5727/1217/1854 5726/1216/265
f 5728/1217/1854 5730/1218/1855 5729/1216/781
f 5731/1217/1854 5733/1219/94 5732/1218/1855
f 5734/1220/1856 5736/1221/119 5735/1222/124
f 5737/1220/1857 5739/1223/1858 5738/1221/119
f 5740/1224/416 5742/1223/1858 5741/1220/1856
f 5743/1224/416 5745/1225/1859 5744/1223/1860
f 5746/1225/1859 5748/1226/1861 5747/1223/1858
f 5749/1225/1859 5751/1227/1862 5750/1226/1863
f 5752/1227/1743 5754/1218/1855 5753/1226/1864
f 5755/1227/1743 5757/1228/1865 5756/1218/1866
f 5758/1228/1867 5760/1216/265 5759/1218/1855
f 5761/1228/1739 5763/1229/58 5762/1216/265
f 5764/1230/1868 5766/1216/265 5765/1229/58
f 5767/1230/1797 5769/1206/1842 5768/1216/265
f 5770/1206/1869 5772/1230/1797 5771/1231/723
f 5773/1206/1870 5775/1231/1238 5774/1205/1871
f 5776/1232/1793 5778/1205/305 5777/1231/723
f 5779/1232/1872 5781/1203/1841 5780/1205/304
f 5782/1233/191 5784/1203/1841 5783/1232/1873
f 5785/1233/191 5787/1201/1874 5786/1203/1841
f 5788/1226/1875 5790/1218/1876 5789/1219/100
f 5791/1226/1875 5793/1219/100 5792/1234/98
f 5794/1223/1858 5796/1226/1864 5795/1234/103
f 5797/1223/1858 5799/1234/103 5798/1221/104
f 5800/1235/236 5802/1201/1840 5801/1233/238
f 5803/1235/236 5805/1202/255 5804/1201/1840
f 5806/1236/256 5808/1202/255 5807/1235/236
f 5809/1236/256 5811/1237/781 5810/1202/255
f 5812/1238/1877 5814/1237/265 5813/1236/256
f 5815/1238/1878 5817/1239/1879 5816/1237/265
f 5818/1238/1880 5820/1240/1881 5819/1239/1879
f 5821/1241/89 5823/1239/1882 5822/1240/1883
f 5824/1242/1884 5826/1239/1885 5825/1241/92
f 5827/1242/1884 5829/1192/274 5828/1239/1879
f 5830/1242/1886 5832/1243/1887 5831/1192/274
f 5833/1191/1824 5835/1192/274 5834/1243/1887
f 5836/1244/1888 5838/1191/1824 5837/1243/1889
f 5839/1193/1825 5841/1191/1826 5840/1244/1888
f 5842/1245/1890 5844/1193/1830 5843/1244/1891
f 5845/1194/1831 5847/1193/1892 5846/1245/1893
f 5848/1208/1894 5850/1194/1833 5849/1245/1895
f 5851/1195/1843 5853/1194/1833 5852/1208/1844
f 5854/1183/398 5856/1202/255 5855/1237/265
f 5857/1183/302 5859/1237/265 5858/1184/302
f 5860/1192/274 5862/1184/302 5861/1237/265
f 5863/1192/274 5865/1237/265 5864/1239/1882
f 5866/1246/1713 5868/1243/1889 5867/1242/1896
f 5869/1247/1897 5871/1248/1898 5870/1249/1899
f 5872/1247/1897 5874/1245/1895 5873/1248/1900
f 5875/1208/1894 5877/1245/1895 5876/1247/1897
f 5878/1249/1899 5880/1250/1901 5879/1251/1902
f 5881/1249/1899 5883/1248/1898 5882/1250/1901
f 5884/1248/1903 5886/1252/1904 5885/1250/1905
f 5887/1245/1890 5889/1244/1891 5888/1248/1898
f 5890/1248/1903 5892/1244/1891 5891/1252/1904
f 5893/1244/1888 5895/1243/1889 5894/1252/1906
f 5896/1246/1713 5898/1252/1906 5897/1243/1889
f 5899/1246/238 5901/1250/1907 5900/1252/1904
f 5902/1253/1261 5904/1250/1908 5903/1246/190
f 5905/1253/1261 5907/1251/1909 5906/1250/1908
f 5908/1254/1810 5910/1251/1910 5909/1253/1712
f 5911/1254/1810 5913/1255/1911 5912/1251/1902
f 5914/1256/1912 5916/1251/1902 5915/1255/1911
f 5917/1256/1913 5919/1249/1914 5918/1251/1902
f 5920/1257/1915 5922/1249/1914 5921/1256/1913
f 5923/1257/1915 5925/1247/1916 5924/1249/1914
f 5926/1258/1917 5928/1247/1897 5927/1257/1918
f 5929/1258/1917 5931/1208/1894 5930/1247/1897
f 5932/1207/1390 5934/1208/1919 5933/1258/1917
f 5935/1259/1920 5937/1260/1848 5936/1261/1845
f 5938/1262/52 5940/1263/51 5939/1264/1921
f 5941/1262/52 5943/1264/1922 5942/1259/465
f 5944/1259/465 5946/1264/1921 5945/1260/1848
f 5947/1260/1923 5949/1264/1921 5948/1265/1677
f 5950/1260/1924 5952/1265/1677 5951/1266/1849
f 5953/1265/1925 5955/1267/1853 5954/1266/1926
f 5956/1265/1925 5958/1268/81 5957/1267/1853
f 5959/1268/1927 5961/1269/88 5960/1267/1928
f 5962/1268/78 5964/1270/83 5963/1269/88
f 5965/1270/105 5967/1271/89 5966/1269/88
f 5968/1270/105 5970/1272/89 5969/1271/89
f 5971/1273/1929 5973/1271/92 5972/1272/92
f 5974/1273/1930 5976/1272/92 5975/1274/1854
f 5977/1275/94 5979/1273/1854 5978/1274/1854
f 5980/1275/94 5982/1274/1854 5981/1276/94
f 5983/1277/98 5985/1275/97 5984/1276/97
f 5986/1277/98 5988/1276/100 5987/1278/98
f 5989/1279/104 5991/1277/103 5990/1278/103
f 5992/1263/54 5994/1265/1677 5993/1264/1921
f 5995/1263/54 5997/1280/53 5996/1265/1677
f 5998/1280/1931 6000/1268/78 5999/1265/1925
f 6001/1280/79 6003/1281/81 6002/1268/81
f 6004/1281/78 6006/1270/83 6005/1268/78
f 6007/1281/78 6009/1282/1932 6008/1270/83
f 6010/1282/1932 6012/1272/89 6011/1270/105
f 6013/1282/1933 6015/1283/89 6014/1272/89
f 6016/1283/92 6018/1274/1854 6017/1272/92
f 6019/1283/92 6021/1284/91 6020/1274/1854
f 6022/1284/95 6024/1276/94 6023/1274/1854
f 6025/1284/1934 6027/1285/107 6026/1276/94
f 6028/1285/1168 6030/1278/98 6029/1276/97
f 6031/1285/107 6033/1286/109 6032/1278/98
f 6034/1286/112 6036/1287/102 6035/1278/103
f 6037/1286/109 6039/1288/111 6038/1287/104
f 6040/1279/104 6042/1278/103 6041/1287/104
f 6043/1289/124 6045/1279/119 6044/1287/1935
f 6046/1289/121 6048/1287/120 6047/1290/117
f 6049/1290/118 6051/1287/115 6050/1288/1936
f 6052/1290/117 6054/1288/1937 6053/1291/116
f 6055/1292/21 6057/1293/21 6056/1294/860
f 6058/1295/1805 6060/1296/181 6059/1297/186
f 6061/1295/1805 6063/1298/1938 6062/1296/181
f 6064/1293/24 6066/1298/1938 6065/1295/1805
f 6067/1299/1801 6069/1298/1938 6068/1293/24
f 6070/1299/1804 6072/1293/21 6071/1292/21
f 6073/1300/1576 6075/1299/1939 6074/1292/24
f 6076/1299/1939 6078/1300/1576 6077/1301/190
f 6079/1300/1576 6081/1302/1940 6080/1301/238
f 6082/1298/1938 6084/1303/182 6083/1296/181
f 6085/1298/1941 6087/1299/1939 6086/1303/182
f 6088/1299/1939 6090/1301/190 6089/1303/182
f 6091/1304/1244 6093/1305/1942 6092/1294/1943
f 6094/1292/24 6096/1294/862 6095/1305/1944
f 6097/1306/1806 6099/1292/24 6098/1305/1944
f 6100/1300/1566 6102/1292/21 6101/1306/1805
f 6103/1307/1945 6105/1300/1566 6104/1306/1805
f 6106/1300/1566 6108/1307/1945 6107/1302/1940
f 6109/1307/1945 6111/1308/256 6110/1302/239
f 6112/1307/1945 6114/1309/1787 6113/1308/1946
f 6115/1309/1782 6117/1310/1947 6116/1308/256
f 6118/1309/1782 6120/1311/1948 6119/1310/1949
f 6121/1310/1950 6123/1311/1948 6122/1312/1951
f 6124/1313/1780 6126/1312/1952 6125/1311/1948
f 6127/1311/1953 6129/1314/1954 6128/1313/1780
f 6130/1311/1948 6132/1315/24 6131/1314/1955
f 6133/1314/1956 6135/1315/24 6134/1316/1084
f 6136/1315/24 6138/1317/878 6137/1316/1084
f 6139/1316/1957 6141/1317/1112 6140/1318/1958
f 6142/1317/1112 6144/1319/1959 6143/1318/1958
f 6145/1320/191 6147/1314/1960 6146/1316/1957
f 6148/1321/24 6150/1322/24 6149/1323/1961
f 6151/1309/1782 6153/1322/21 6152/1321/21
f 6154/1309/1782 6156/1307/1945 6155/1322/24
f 6157/1307/1945 6159/1306/1805 6158/1322/24
f 6160/1322/24 6162/1306/1806 6161/1324/1962
f 6163/1306/1806 6165/1305/1944 6164/1324/1963
f 6166/1324/1964 6168/1305/1942 6167/1304/1244
f 6169/1324/1965 6171/1304/1244 6170/1325/1966
f 6172/1325/1967 6174/1304/1244 6173/1326/1968
f 6175/1323/1969 6177/1324/1965 6176/1325/1970
f 6178/1322/24 6180/1324/1962 6179/1323/1971
f 6181/1315/24 6183/1311/1948 6182/1309/1782
f 6184/1315/24 6186/1309/1782 6185/1321/24
f 6187/1315/24 6189/1321/24 6188/1317/878
f 6190/1321/24 6192/1323/1961 6191/1317/1972
f 6193/1317/1112 6195/1323/1961 6194/1319/1959
f 6196/1323/1973 6198/1325/1970 6197/1319/1959
f 6199/1319/1959 6201/1325/1967 6200/1327/1974
f 6202/1325/1967 6204/1326/1975 6203/1327/1974
f 6205/1327/1976 6207/1326/1968 6206/1328/1977
f 6208/1326/1978 6210/1329/1267 6209/1328/1977
f 6211/1326/1978 6213/1330/1241 6212/1329/1267
f 6214/1304/1244 6216/1330/1979 6215/1326/1978
f 6217/1304/1244 6219/1331/1980 6218/1330/795
f 6220/1304/1244 6222/1294/860 6221/1331/1981
f 6223/1318/1958 6225/1319/1982 6224/1332/1983
f 6226/1319/1959 6228/1327/1974 6227/1332/1983
f 6229/1332/1984 6231/1327/1974 6230/1333/1261
f 6232/1327/1976 6234/1328/1985 6233/1333/1261
f 6235/1333/1712 6237/1328/1977 6236/1207/1986
f 6238/1328/1977 6240/1209/181 6239/1207/1987
f 6241/1328/1977 6243/1329/1707 6242/1209/181
f 6244/1210/1988 6246/1209/181 6245/1329/1267
f 6247/1210/1989 6249/1329/1267 6248/1334/1990
f 6250/1334/1991 6252/1329/1267 6251/1330/1241
f 6253/1334/1992 6255/1330/1993 6254/1335/1994
f 6256/1335/1995 6258/1330/795 6257/1331/1996
f 6259/1335/1995 6261/1331/1981 6260/1336/1997
f 6262/1336/1998 6264/1331/1981 6263/1294/860
f 6265/1336/1997 6267/1294/860 6266/1337/1766
f 6268/1337/1766 6270/1294/862 6269/1293/24
f 6271/1337/1999 6273/1293/21 6272/1338/24
f 6274/1293/24 6276/1295/1805 6275/1338/24
f 6277/1339/2000 6279/1257/2001 6278/1256/2002
f 6280/1340/2003 6282/1339/2004 6281/1256/2005
f 6283/1340/2003 6285/1256/2005 6284/1255/2006
f 6286/1254/2007 6288/1340/2008 6287/1255/2006
f 6289/1254/321 6291/1341/2009 6290/1340/2010
f 6292/1341/320 6294/1342/2011 6293/1340/2003
f 6295/1341/320 6297/1320/191 6296/1342/2012
f 6298/1320/191 6300/1343/1050 6299/1342/2013
f 6301/1320/238 6303/1316/2014 6302/1343/1405
f 6304/1316/1957 6306/1318/1958 6305/1343/1691
f 6307/1343/1050 6309/1318/1958 6308/1344/2015
f 6310/1318/1958 6312/1332/1983 6311/1344/2016
f 6313/1344/2017 6315/1332/1984 6314/1345/2018
f 6316/1332/1984 6318/1333/1261 6317/1345/2018
f 6319/1345/2018 6321/1333/1261 6320/1258/2019
f 6322/1333/1261 6324/1207/1986 6323/1258/2019
f 6325/1343/1050 6327/1344/2015 6326/1342/2020
f 6328/1342/2021 6330/1344/2022 6329/1339/2004
f 6331/1344/2017 6333/1345/2018 6332/1339/2023
f 6334/1339/2000 6336/1345/2024 6335/1257/2001
f 6337/1345/2018 6339/1258/2019 6338/1257/2025
f 6340/1342/2021 6342/1339/2004 6341/1340/2026
f 6343/1346/2027 6345/1347/2028 6344/1348/2029
f 6346/1346/2030 6348/1349/2031 6347/1347/2028
f 6349/1350/2032 6351/1349/2033 6350/1346/2034
f 6352/1350/2032 6354/1351/2035 6353/1349/2036
f 6355/1352/869 6357/1351/2035 6356/1350/2037
f 6358/1352/869 6360/1353/2038 6359/1351/2035
f 6361/1338/24 6363/1353/1782 6362/1352/2039
f 6364/1338/24 6366/1295/1805 6365/1353/1784
f 6367/1353/2038 6369/1295/1805 6368/1297/188
f 6370/1353/1782 6372/1297/188 6371/1354/187
f 6373/1355/2040 6375/1353/1787 6374/1354/1235
f 6376/1355/61 6378/1351/2041 6377/1353/1784
f 6379/1356/67 6381/1351/2035 6380/1355/2040
f 6382/1356/67 6384/1349/2033 6383/1351/2041
f 6385/1357/66 6387/1349/2033 6386/1356/67
f 6388/1357/66 6390/1347/2028 6389/1349/2036
f 6391/1358/2042 6393/1347/2028 6392/1357/2043
f 6394/1358/2044 6396/1359/2045 6395/1347/2028
f 6397/1348/2046 6399/1347/2047 6398/1359/2048
f 6400/1348/2046 6402/1359/2048 6401/1360/2049
f 6403/1361/2029 6405/1362/2050 6404/1363/2030
f 6406/1364/2051 6408/1362/2046 6407/1361/2046
f 6409/1364/2051 6411/1365/2051 6410/1362/2046
f 6412/1365/2051 6414/1366/2052 6413/1362/2046
f 6415/1365/2051 6417/1367/2053 6416/1366/2052
f 6418/1368/2054 6420/1369/2055 6419/1370/2056
f 6421/1368/1669 6423/1371/1755 6422/1369/2055
f 6424/1372/1758 6426/1371/1757 6425/1368/2057
f 6427/1372/1758 6429/1373/1758 6428/1371/1757
f 6430/1374/1760 6432/1373/1759 6431/1372/1759
f 6433/1374/1760 6435/1375/20 6434/1373/1759
f 6436/1376/21 6438/1375/20 6437/1374/1760
f 6439/1376/21 6441/1377/21 6440/1375/20
f 6442/1378/2039 6444/1377/24 6443/1376/24
f 6445/1378/2039 6447/1379/2039 6446/1377/24
f 6448/1380/2037 6450/1379/869 6449/1378/869
f 6451/1380/2058 6453/1381/2059 6452/1379/869
f 6454/1363/2034 6456/1381/2060 6455/1380/2032
f 6457/1363/2061 6459/1382/2062 6458/1381/2060
f 6460/1362/2029 6462/1382/2063 6461/1363/2027
f 6463/1362/2064 6465/1366/2052 6464/1382/2063
f 6466/1370/2065 6468/1369/2066 6467/1262/1732
f 6469/1370/2065 6471/1262/2067 6470/1259/2068
f 6472/1383/1990 6474/1370/2065 6473/1259/2068
f 6475/1383/2069 6477/1368/2054 6476/1370/2056
f 6478/1383/2069 6480/1384/1995 6479/1368/1669
f 6481/1385/1997 6483/1368/2057 6482/1384/2070
f 6484/1385/1997 6486/1372/1758 6485/1368/2057
f 6487/1386/811 6489/1372/1759 6488/1385/1998
f 6490/1386/811 6492/1374/1760 6491/1372/1759
f 6493/1387/21 6495/1374/2071 6494/1386/1766
f 6496/1387/21 6498/1376/21 6497/1374/1760
f 6499/1388/869 6501/1376/24 6500/1387/24
f 6502/1388/869 6504/1378/2039 6503/1376/24
f 6505/1389/2037 6507/1378/869 6506/1388/869
f 6508/1389/2037 6510/1380/2058 6509/1378/869
f 6511/1390/2034 6513/1380/2032 6512/1389/2032
f 6514/1390/2034 6516/1363/2034 6515/1380/2032
f 6517/1361/2029 6519/1363/2034 6518/1390/2034
f 6520/1383/2069 6522/1259/2068 6521/1261/1989
f 6523/1391/2072 6525/1392/2072 6524/1393/2072
f 6526/1391/2072 6528/1394/2072 6527/1392/2072
f 6529/1391/2072 6531/1395/2072 6530/1396/2072
f 6532/1391/2072 6534/1396/2072 6533/1397/2072
f 6535/1391/2072 6537/1397/2072 6536/1394/2072
f 6538/1398/2072 6540/1394/2072 6539/1397/2072
f 6541/1398/2072 6543/1399/2072 6542/1394/2072
f 6544/1398/2072 6546/1400/2072 6545/1401/2072
f 6547/1402/2072 6549/1398/2072 6548/1401/2072
f 6550/1402/2072 6552/1399/2072 6551/1398/2072
f 6553/1402/2072 6555/1403/2072 6554/1399/2072
f 6556/1402/2072 6558/1401/2072 6557/1404/2072
f 6559/1405/2073 6561/1406/2074 6560/1407/2073
f 6562/1405/2073 6564/1408/2073 6563/1409/2073
f 6565/1405/2073 6567/1409/2073 6566/1410/2073
f 6568/1405/2073 6570/1410/2073 6569/1411/2075
f 6571/1405/2073 6573/1411/2075 6572/1406/2074
f 6574/1411/2075 6576/1412/2076 6575/1406/2074
f 6577/1413/2075 6579/1414/2075 6578/1415/2075
f 6580/1413/2075 6582/1415/2075 6581/1416/2075
f 6583/1416/2075 6585/1417/2073 6584/1413/2075
f 6586/1416/2075 6588/1410/2073 6587/1417/2073
f 6589/1416/2075 6591/1411/2075 6590/1410/2073
f 6592/1418/2077 6594/1419/2078 6593/1420/2079
f 6595/1419/2078 6597/1421/2080 6596/1420/2079
f 6598/1419/2078 6600/1422/2081 6599/1421/2082
f 6601/1422/2081 6603/1423/2083 6602/1421/2082
f 6604/1424/2084 6606/1423/2085 6605/1422/2086
f 6607/1424/2084 6609/1425/2085 6608/1423/2085
f 6610/1426/2087 6612/1423/2083 6611/1425/2083
f 6613/1427/2088 6615/1426/2089 6614/1425/2083
f 6616/1427/2088 6618/1428/2090 6617/1426/2087
f 6619/1412/2091 6621/1428/2090 6620/1427/2088
f 6622/1412/2091 6624/1429/2092 6623/1428/2093
f 6625/1411/2075 6627/1429/2094 6626/1412/2095
f 6628/1430/2096 6630/1429/2094 6629/1411/2075
f 6631/1430/2097 6633/1411/2075 6632/1416/2075
f 6634/1431/2097 6636/1430/2097 6635/1416/2098
f 6637/1431/2097 6639/1416/2075 6638/1432/2099
f 6640/1432/2075 6642/1416/2075 6641/1415/2075
f 6643/1432/2075 6645/1415/2075 6644/1433/2075
f 6646/1434/1084 6648/1424/2100 6647/1422/2086
f 6649/1426/2101 6651/1435/2102 6650/1423/2083
f 6652/1435/2102 6654/1421/2103 6653/1423/2083
f 6655/1420/2079 6657/1421/2082 6656/1436/2104
f 6658/1436/2105 6660/1421/2082 6659/1437/2106
f 6661/1435/2102 6663/1437/2106 6662/1421/2103
f 6664/1438/2102 6666/1437/2107 6665/1435/2102
f 6667/1435/2102 6669/1439/2102 6668/1438/2102
f 6670/1435/2102 6672/1440/2108 6671/1439/2102
f 6673/1426/2101 6675/1440/2109 6674/1435/2102
f 6676/1440/2110 6678/1426/2111 6677/1428/2112
f 6679/1429/2094 6681/1440/2108 6680/1428/2090
f 6682/1429/2094 6684/1430/2096 6683/1440/2108
f 6685/1440/2108 6687/1430/2113 6686/1431/2113
f 6688/1440/2108 6690/1431/2113 6689/1439/2114
f 6691/1441/2115 6693/1436/2105 6692/1442/2115
f 6694/1436/2105 6696/1437/2116 6695/1442/2115
f 6697/1443/2117 6699/1442/2118 6698/1437/2117
f 6700/1438/2102 6702/1443/2117 6701/1437/2117
f 6703/1443/2117 6705/1444/2117 6704/1442/2118
f 6706/1444/2106 6708/1441/2115 6707/1442/2115
f 6709/1444/2119 6711/1445/2118 6710/1441/2118
f 6712/1441/2115 6714/1445/2115 6713/1446/880
f 6715/1447/2120 6717/1448/2121 6716/1449/2122
f 6718/1449/1942 6720/1448/2121 6719/1450/2123
f 6721/1448/2124 6723/1418/2125 6722/1450/2123
f 6724/1450/2126 6726/1418/2125 6725/1451/2127
f 6727/1418/2077 6729/1420/2079 6728/1451/2128
f 6730/1451/2128 6732/1420/2079 6731/1452/2129
f 6733/1420/2130 6735/1436/2131 6734/1452/2132
f 6736/1453/2133 6738/1452/2132 6737/1436/2131
f 6739/1441/2115 6741/1453/2133 6740/1436/2105
f 6742/1454/880 6744/1453/2133 6743/1441/2115
f 6745/1441/2118 6747/1446/882 6746/1454/882
f 6748/1454/880 6750/1446/880 6749/1455/2134
f 6751/1454/882 6753/1455/2134 6752/1456/2135
f 6754/1456/2135 6756/1455/2134 6755/1457/1513
f 6757/1456/2135 6759/1457/1513 6758/1458/2136
f 6760/1458/2136 6762/1457/2137 6761/1459/2138
f 6763/1458/2136 6765/1459/2139 6764/1460/2140
f 6766/1460/2141 6768/1459/2142 6767/1461/2143
f 6769/1450/2126 6771/1451/2127 6770/1462/2125
f 6772/1462/2077 6774/1451/2128 6773/1463/2144
f 6775/1451/2128 6777/1452/2145 6776/1463/2144
f 6778/1463/2144 6780/1452/2132 6779/1464/2146
f 6781/1453/2133 6783/1464/2146 6782/1452/2132
f 6784/1465/2085 6786/1464/2146 6785/1453/2133
f 6787/1454/880 6789/1465/2083 6788/1453/2133
f 6790/1465/2083 6792/1454/880 6791/1456/2135
f 6793/1465/2083 6795/1456/2135 6794/1466/2147
f 6796/1458/2148 6798/1466/2147 6797/1456/2135
f 6799/1458/2136 6801/1467/2149 6800/1466/2147
f 6802/1467/2149 6804/1458/2148 6803/1460/2140
f 6805/1467/2149 6807/1460/2141 6806/1468/2150
f 6808/1469/2151 6810/1468/2150 6809/1460/2140
f 6811/1462/2077 6813/1463/2144 6812/1470/1074
f 6814/1471/2084 6816/1470/1069 6815/1463/2144
f 6817/1463/2144 6819/1464/2146 6818/1471/2084
f 6820/1471/2084 6822/1464/2152 6821/1472/2082
f 6823/1465/2085 6825/1472/2082 6824/1464/2146
f 6826/1466/2147 6828/1472/2082 6827/1465/2083
f 6829/1466/2147 6831/1473/2153 6830/1472/2082
f 6832/1467/2149 6834/1473/2153 6833/1466/2147
f 6835/1467/2149 6837/1474/2149 6836/1473/2153
f 6838/1468/2150 6840/1474/2149 6839/1467/2149
f 6841/1471/2084 6843/1475/2144 6842/1470/1069
f 6844/1476/2154 6846/1475/2144 6845/1471/2084
f 6847/1471/2084 6849/1472/2082 6848/1476/2155
f 6850/1476/2155 6852/1472/2082 6851/1473/2153
f 6853/1476/2155 6855/1473/2153 6854/1477/2156
f 6856/1477/2156 6858/1473/2153 6857/1474/2149
f 6859/1476/2154 6861/1478/2157 6860/1475/2144
f 6862/1477/2156 6864/1478/2157 6863/1476/2154
f 6865/1460/2141 6867/1461/2158 6866/1469/2159
f 6868/1461/2160 6870/1479/2161 6869/1469/2162
f 6871/1469/2151 6873/1479/2163 6872/1468/2164
f 6874/1479/2163 6876/1480/2165 6875/1468/2150
f 6877/1468/2150 6879/1480/1761 6878/1474/2149
f 6880/1481/2166 6882/1474/2167 6881/1480/2165
f 6883/1477/2168 6885/1474/2149 6884/1481/2166
f 6886/1481/2166 6888/1482/2169 6887/1477/2170
f 6889/1477/2156 6891/1482/2171 6890/1478/2157
f 6892/1482/2171 6894/1483/2172 6893/1478/2157
f 6895/1478/2157 6897/1483/2173 6896/1484/1075
f 6898/1478/2157 6900/1484/1075 6899/1475/2144
f 6901/1475/2144 6903/1484/2174 6902/1485/1195
f 6904/1475/2144 6906/1485/1195 6905/1470/1069
f 6907/1486/1786 6909/1470/1069 6908/1485/1196
f 6910/1486/2175 6912/1462/2125 6911/1470/1069
f 6913/1487/2176 6915/1462/2125 6914/1486/2175
f 6916/1487/2177 6918/1450/2178 6917/1462/2125
f 6919/1449/1942 6921/1450/2178 6920/1487/2176
f 6922/1482/2171 6924/1488/2179 6923/1483/2180
f 6925/1489/2166 6927/1488/2179 6926/1482/2181
f 6928/1481/2166 6930/1489/2166 6929/1482/2171
f 6931/1490/2182 6933/1489/2166 6932/1481/2166
f 6934/1481/2183 6936/1480/2184 6935/1490/2185
f 6937/1490/2185 6939/1480/2165 6938/1491/2186
f 6940/1479/2163 6942/1491/2187 6941/1480/2165
f 6943/1492/2188 6945/1491/2187 6944/1479/2161
f 6946/1461/2143 6948/1492/2189 6947/1479/2161
f 6949/1492/2188 6951/1493/2190 6950/1491/2191
f 6952/1493/2190 6954/1494/2192 6953/1491/2191
f 6955/1490/2182 6957/1491/2187 6956/1494/2193
f 6958/1494/2193 6960/1495/2194 6959/1490/2185
f 6961/1490/2195 6963/1495/2194 6962/1489/2166
f 6964/1495/2194 6966/1496/2196 6965/1489/2166
f 6967/1489/2166 6969/1496/2196 6968/1488/2179
f 6970/1495/2197 6972/1497/2198 6971/1496/2196
f 6973/1493/2190 6975/1498/2199 6974/1494/2192
f 6976/1498/2199 6978/1499/2200 6977/1494/2192
f 6979/1494/2193 6981/1499/2201 6980/1495/2202
f 6982/1499/2201 6984/1497/2203 6983/1495/2202
f 6985/1499/2201 6987/1500/2204 6986/1497/2203
f 6988/1498/2199 6990/1501/2205 6989/1499/2200
f 6991/1501/2205 6993/1500/2204 6992/1499/2200
f 6994/1501/2205 6996/1502/2206 6995/1500/2207
f 6997/1502/2206 6999/1503/2206 6998/1504/2208
f 7000/1502/2206 7002/1504/2209 7001/1500/2207
f 7003/1500/2207 7005/1504/2210 7004/1505/2211
f 7006/1500/2207 7008/1505/2212 7007/1497/2203
f 7009/1497/2198 7011/1505/2212 7010/1506/2213
f 7012/1497/2198 7014/1506/2213 7013/1496/2196
f 7015/1496/2214 7017/1506/2213 7016/1507/2215
f 7018/1496/2214 7020/1507/2215 7019/1488/2179
f 7021/1488/2179 7023/1507/2215 7022/1508/2216
f 7024/1488/2179 7026/1508/2216 7025/1483/2217
f 7027/1483/2217 7029/1508/2218 7028/1509/2144
f 7030/1483/2173 7032/1509/2144 7031/1484/1075
f 7033/1484/1078 7035/1509/2219 7034/1510/2220
f 7036/1484/1091 7038/1510/2221 7037/1485/1195
f 7039/1511/1565 7041/1485/1195 7040/1510/2221
f 7042/1511/1565 7044/1486/2175 7043/1485/2222
f 7045/552/1945 7047/1486/1786 7046/1511/1565
f 7048/552/1945 7050/1487/2176 7049/1486/2175
f 7051/1504/2223 7053/1503/1029 7052/604/1029
f 7054/1504/2224 7056/604/1029 7055/603/1028
f 7057/603/1028 7059/1505/2225 7058/1504/2224
f 7060/603/1033 7062/607/1032 7061/1505/2226
f 7063/607/1038 7065/1506/2227 7064/1505/2228
f 7066/607/1038 7068/610/2229 7067/1506/2227
f 7069/610/2230 7071/1507/2231 7070/1506/2227
f 7072/610/2230 7074/614/1061 7073/1507/2232
f 7075/614/1061 7077/1508/2233 7076/1507/2231
f 7078/614/1061 7080/623/1070 7079/1508/2233
f 7081/623/1070 7083/1509/1069 7082/1508/2233
f 7084/623/1060 7086/628/1069 7085/1509/2234
f 7087/628/1069 7089/1510/2221 7088/1509/1069
f 7090/628/1074 7092/630/1073 7091/1510/2220
f 7093/1511/2235 7095/1510/2220 7094/630/1077
f 7096/1511/2235 7098/630/1077 7097/632/1076
f 7099/552/921 7101/1511/2235 7100/632/1076
f 7102/552/921 7104/632/1076 7103/542/896
f 7105/1512/1190 7107/1513/1190 7106/1514/1190
f 7108/1515/1190 7110/1514/1190 7109/1513/1190
f 7111/1516/1190 7113/1514/1190 7112/1515/1190
f 7114/1517/1190 7116/1514/1190 7115/1516/1190
f 7117/1518/1190 7119/1514/1190 7118/1517/1190
f 7120/1519/1190 7122/1514/1190 7121/1518/1190
f 7123/1520/1190 7125/1514/1190 7124/1519/1190
f 7126/1521/1190 7128/1514/1190 7127/1520/1190
f 7129/1522/1190 7131/1514/1190 7130/1521/1190
f 7132/1523/1190 7134/1514/1190 7133/1522/1190
f 7135/1524/1190 7137/1514/1190 7136/1523/1190
f 7138/1524/1190 7140/1525/1190 7139/1514/1190
f 7141/1525/1190 7143/1526/1190 7142/1514/1190
f 7144/1526/1190 7146/1527/1190 7145/1514/1190
f 7147/1527/1190 7149/1528/1190 7148/1514/1190
f 7150/1528/1190 7152/1529/1190 7151/1514/1190
f 7153/1529/1190 7155/1530/1190 7154/1514/1190
f 7156/1530/1190 7158/1531/1190 7157/1514/1190
f 7159/1531/1190 7161/1532/1190 7160/1514/1190
f 7162/1532/1190 7164/1512/1190 7163/1514/1190
f 7165/357/2236 7167/664/2237 7166/1533/2237
f 7168/357/2236 7170/1533/2238 7169/1534/2239
f 7171/1533/2237 7173/1535/2240 7172/1534/2239
f 7174/1533/2238 7176/1536/2205 7175/1535/2240
f 7177/1535/2240 7179/1536/2205 7178/1537/2199
f 7180/1535/2240 7182/1537/2241 7181/1538/2242
f 7183/1537/2199 7185/1539/2243 7184/1538/2242
f 7186/1537/2244 7188/1540/2245 7187/1539/2243
f 7189/1539/2243 7191/1540/2190 7190/1541/2189
f 7192/1539/2243 7194/1541/2246 7193/1542/2247
f 7195/1541/2189 7197/1543/997 7196/1542/2248
f 7198/1541/2189 7200/1544/2249 7199/1543/988
f 7201/1544/2160 7203/1545/2250 7202/1543/997
f 7204/1544/2160 7206/1546/2139 7205/1545/2251
f 7207/1546/2252 7209/1547/2253 7208/1545/2251
f 7210/1546/2252 7212/1548/2254 7211/1547/2255
f 7213/1548/1513 7215/1549/2256 7214/1547/2253
f 7216/1548/2137 7218/1550/2257 7217/1549/2256
f 7219/1550/2134 7221/1551/2258 7220/1549/2259
f 7222/1550/2134 7224/1552/2260 7223/1551/2261
f 7225/1552/2260 7227/1553/2262 7226/1551/2263
f 7228/1552/2264 7230/1554/2265 7229/1553/2266
f 7231/1553/2267 7233/1554/2268 7232/1555/2268
f 7234/1556/2269 7236/1557/2270 7235/1558/2271
f 7237/1559/2272 7239/1556/2273 7238/1558/637
f 7240/1559/2274 7242/1558/590 7241/1560/2275
f 7243/1561/2276 7245/1559/2277 7244/1560/2278
f 7246/1560/2279 7248/1562/2276 7247/1561/2280
f 7249/1562/2276 7251/1563/2281 7250/1561/2276
f 7252/1562/2263 7254/1564/2282 7253/1563/2283
f 7255/1563/2284 7257/1564/2285 7256/1398/1349
f 7258/1564/2282 7260/1400/2286 7259/1398/1362
f 7261/1564/2282 7263/1565/2286 7262/1400/2286
f 7264/1565/2287 7266/1566/2288 7265/1400/2286
f 7267/1565/2286 7269/1567/2265 7268/1566/2289
f 7270/1568/2287 7272/1567/2265 7271/1565/2286
f 7273/1568/2286 7275/1569/2290 7274/1567/2290
f 7276/1555/2290 7278/1569/2290 7277/1568/2286
f 7279/1555/2290 7281/1568/2287 7280/1570/2291
f 7282/1553/2267 7284/1555/2290 7283/1570/2266
f 7285/1571/2266 7287/1553/2266 7286/1570/2266
f 7288/1572/2266 7290/1570/2266 7289/1568/2286
f 7291/1571/2266 7293/1570/2266 7292/1572/2266
f 7294/1561/2276 7296/1573/2292 7295/1559/2277
f 7297/1398/1347 7299/1397/2293 7298/1563/2284
f 7300/1396/307 7302/1563/2284 7301/1397/2294
f 7303/1396/307 7305/1561/2276 7304/1563/2284
f 7306/1402/92 7308/1574/424 7307/1403/424
f 7309/1402/92 7311/1575/89 7310/1574/424
f 7312/1404/2295 7314/1575/92 7313/1402/89
f 7315/1404/717 7317/1576/2295 7316/1575/2296
f 7318/1401/549 7320/1576/716 7319/1404/716
f 7321/1401/548 7323/1577/548 7322/1576/2297
f 7324/1400/2298 7326/1577/549 7325/1401/548
f 7327/1400/2287 7329/1578/2299 7328/1577/549
f 7330/1400/2298 7332/1579/2113 7331/1578/2099
f 7333/1400/2287 7335/1566/2300 7334/1579/2097
f 7336/1557/2301 7338/1580/2302 7337/1581/566
f 7339/1558/580 7341/1557/2301 7340/1581/569
f 7342/1558/637 7344/1581/569 7343/1582/361
f 7345/1558/2271 7347/1582/352 7346/1560/2275
f 7348/1560/2303 7350/1582/352 7349/1562/2276
f 7351/1582/350 7353/1583/2304 7352/1562/2276
f 7354/1583/2304 7356/1564/2282 7355/1562/2263
f 7357/1583/2304 7359/1584/2282 7358/1564/2282
f 7360/1584/2282 7362/1565/2286 7361/1564/2282
f 7363/1584/2282 7365/1568/2286 7364/1565/2286
f 7366/1572/2266 7368/1568/2286 7367/1584/2282
f 7369/1584/2282 7371/1585/2305 7370/1572/2266
f 7372/1571/2266 7374/1572/2266 7373/1585/2306
f 7375/1571/2266 7377/1585/2305 7376/1586/2306
f 7378/1587/735 7380/1571/2267 7379/1586/2307
f 7381/1587/734 7383/1586/2306 7382/1588/2276
f 7384/1588/2276 7386/1589/2308 7385/1587/733
f 7387/1588/2276 7389/1590/2276 7388/1589/2308
f 7390/1590/2276 7392/1591/2309 7391/1589/2308
f 7393/1590/2276 7395/1592/2310 7394/1591/2311
f 7396/1593/2312 7398/1591/2309 7397/1592/2310
f 7399/1584/2282 7401/1583/2304 7400/1585/2305
f 7402/1594/128 7404/1580/2313 7403/1595/2314
f 7405/1594/171 7407/1596/2315 7406/1580/2313
f 7408/1596/2315 7410/1581/566 7409/1580/2302
f 7411/1596/2315 7413/1597/230 7412/1581/566
f 7414/1597/230 7416/1582/361 7415/1581/569
f 7417/1597/230 7419/1598/2316 7418/1582/361
f 7420/1598/2317 7422/1583/2304 7421/1582/350
f 7423/1598/1933 7425/1599/1480 7424/1583/2318
f 7426/1599/1480 7428/1585/2307 7427/1583/2304
f 7429/1599/1480 7431/1600/2319 7430/1585/2307
f 7432/1586/2307 7434/1585/2307 7433/1600/2319
f 7435/1586/2307 7437/1600/2319 7436/1601/530
f 7438/1588/2276 7440/1586/2307 7439/1601/530
f 7441/1588/2276 7443/1601/530 7442/1602/2304
f 7444/1590/2276 7446/1588/2276 7445/1602/2304
f 7447/1590/2276 7449/1602/2304 7448/1603/2320
f 7450/1592/2310 7452/1590/2276 7451/1603/2321
f 7453/1592/2310 7455/1603/2321 7454/1604/2310
f 7456/1605/2322 7458/1592/2310 7457/1604/2310
f 7459/1593/2312 7461/1592/2310 7460/1605/2323
f 7462/1605/2323 7464/1606/2324 7463/1593/2312
f 7465/1607/2325 7467/1608/2326 7466/1609/551
f 7468/1608/2326 7470/1594/128 7469/1609/551
f 7471/1608/2326 7473/1610/545 7472/1594/128
f 7474/1610/552 7476/1596/2327 7475/1594/128
f 7477/1610/552 7479/1611/2328 7478/1596/2327
f 7480/1611/2329 7482/1597/230 7481/1596/2315
f 7483/1611/2330 7485/1612/2331 7484/1597/230
f 7486/1612/2332 7488/1598/1932 7487/1597/230
f 7489/1612/2331 7491/1613/388 7490/1598/2316
f 7492/1613/371 7494/1599/1480 7493/1598/1932
f 7495/1613/371 7497/1614/272 7496/1599/2333
f 7498/1614/297 7500/1600/2334 7499/1599/1480
f 7501/1614/297 7503/1615/2335 7502/1600/2334
f 7504/1615/2336 7506/1601/530 7505/1600/2319
f 7507/1615/2336 7509/1616/2337 7508/1601/530
f 7510/1616/511 7512/1602/2318 7511/1601/530
f 7513/1616/2338 7515/1617/2339 7514/1602/2340
f 7516/1617/2341 7518/1603/2320 7517/1602/2304
f 7519/1616/2337 7521/1615/2335 7520/1618/2342
f 7522/1616/2337 7524/1618/2343 7523/1619/2335
f 7525/1617/2339 7527/1616/2337 7526/1619/2335
f 7528/1617/2339 7530/1619/2335 7529/1620/2344
f 7531/1621/1230 7533/1617/2339 7532/1620/2344
f 7534/1617/2341 7536/1621/1230 7535/1603/2345
f 7537/1621/1230 7539/1604/2310 7538/1603/2320
f 7540/1622/145 7542/1623/547 7541/1624/546
f 7543/1622/145 7545/1625/2346 7544/1623/547
f 7546/1622/145 7548/1626/998 7547/1625/2347
f 7549/1625/2348 7551/1626/985 7550/1607/2325
f 7552/1626/987 7554/1608/2349 7553/1607/2325
f 7555/1626/985 7557/1627/985 7556/1608/2349
f 7558/1627/998 7560/1610/545 7559/1608/2326
f 7561/1627/998 7563/1628/154 7562/1610/2350
f 7564/1628/154 7566/1611/2330 7565/1610/550
f 7567/1628/2351 7569/1629/2352 7568/1611/2352
f 7570/1629/2328 7572/1612/2353 7571/1611/2328
f 7573/1629/2328 7575/1630/2354 7574/1612/2355
f 7576/1630/2356 7578/1613/388 7577/1612/2355
f 7579/1630/2357 7581/1631/2358 7580/1613/388
f 7582/1631/2359 7584/1614/272 7583/1613/388
f 7585/1631/2358 7587/1632/2360 7586/1614/272
f 7588/1632/2361 7590/1615/2335 7589/1614/272
f 7591/1632/2362 7593/1618/2342 7592/1615/2335
f 7594/1622/148 7596/1633/2363 7595/1626/998
f 7597/1633/2363 7599/1627/998 7598/1626/998
f 7600/1633/2363 7602/1634/2364 7601/1627/998
f 7603/1634/2364 7605/1628/155 7604/1627/998
f 7606/1634/2365 7608/1635/2366 7607/1628/154
f 7609/1635/2366 7611/1629/2330 7610/1628/154
f 7612/1635/2366 7614/1636/2367 7613/1629/2330
f 7615/1636/2367 7617/1630/2354 7616/1629/2330
f 7618/1636/2367 7620/1637/2367 7619/1630/2354
f 7621/1637/2367 7623/1631/2358 7622/1630/2354
f 7624/1637/2367 7626/1638/2368 7625/1631/2358
f 7627/1638/2368 7629/1632/2360 7628/1631/2358
f 7630/1638/2369 7632/1639/2370 7631/1632/2360
f 7633/1639/2371 7635/1618/2342 7634/1632/2360
f 7636/1639/2370 7638/1640/2372 7637/1618/2342
f 7639/1619/2335 7641/1618/2373 7640/1640/2372
f 7642/1619/2335 7644/1640/2372 7643/1641/669
f 7645/1620/2374 7647/1619/2335 7646/1641/489
f 7648/1642/2375 7650/1620/2344 7649/1643/1421
f 7651/1620/2374 7653/1641/489 7652/1643/1421
f 7654/1643/2376 7656/1641/489 7655/375/489
f 7657/1641/508 7659/374/2372 7658/375/508
f 7660/1641/669 7662/1640/2372 7661/374/2372
f 7663/373/2377 7665/374/2372 7664/1640/2372
f 7666/373/2377 7668/1640/2372 7667/1639/2370
f 7669/372/175 7671/373/2378 7670/1639/2370
f 7672/372/175 7674/1639/2379 7673/1638/2369
f 7675/370/2380 7677/372/175 7676/1638/2381
f 7678/370/2382 7680/1638/2369 7679/1637/2367
f 7681/465/2380 7683/370/2380 7682/1637/2367
f 7684/465/2382 7686/1637/2367 7685/1636/2367
f 7687/464/177 7689/465/2380 7688/1636/2367
f 7690/464/177 7692/1636/2383 7691/1635/2384
f 7693/463/2385 7695/464/177 7694/1635/2384
f 7696/463/2386 7698/1635/2384 7697/1634/2364
f 7699/462/1004 7701/463/2385 7700/1634/2364
f 7702/1644/2387 7704/1542/2388 7703/1543/1329
f 7705/1645/502 7707/1542/2388 7706/1644/2389
f 7708/1644/2389 7710/1646/2390 7709/1645/490
f 7711/1647/2391 7713/1645/502 7712/1646/2392
f 7714/1648/2393 7716/1647/2391 7715/1646/2394
f 7717/1647/2391 7719/1648/2393 7718/1649/2393
f 7720/1648/2393 7722/1642/2375 7721/1649/2393
f 7723/1649/2393 7725/1642/2375 7724/1650/1483
f 7726/1642/2395 7728/1643/1421 7727/1650/1483
f 7729/1650/2396 7731/1643/1421 7730/376/2397
f 7732/1643/2398 7734/375/456 7733/376/2397
f 7735/1645/502 7737/1539/2399 7736/1542/2388
f 7738/1651/2400 7740/1539/2399 7739/1645/502
f 7741/1647/2401 7743/1651/2400 7742/1645/490
f 7744/1651/2400 7746/1647/2402 7745/1652/2403
f 7747/1647/2391 7749/1649/2393 7748/1652/2403
f 7750/1652/2403 7752/1649/2393 7751/1653/2404
f 7753/1649/2393 7755/1650/1483 7754/1653/2404
f 7756/1653/2405 7758/1650/2396 7757/377/2406
f 7759/1650/1483 7761/376/2397 7760/377/2407
f 7762/1651/2408 7764/1538/2409 7763/1539/2410
f 7765/1654/2411 7767/1538/2412 7766/1651/2408
f 7768/1651/2400 7770/1652/2413 7769/1654/2414
f 7771/1654/2411 7773/1652/2415 7772/1655/2416
f 7774/1652/2417 7776/1653/2405 7775/1655/2418
f 7777/1655/2419 7779/1653/2405 7778/378/2420
f 7780/1653/2404 7782/377/2421 7781/378/1853
f 7783/1654/2414 7785/1535/2422 7784/1538/2423
f 7786/1656/2424 7788/1535/2425 7787/1654/2414
f 7789/1654/2426 7791/1655/2427 7790/1656/2424
f 7792/1656/2424 7794/1655/2427 7793/379/2428
f 7795/1655/2427 7797/378/1853 7796/379/2428
f 7798/1656/2424 7800/1534/1676 7799/1535/2422
f 7801/358/1676 7803/1534/1676 7802/1656/2424
f 7804/1656/2424 7806/379/2429 7805/358/1676
f 7807/358/1676 7809/357/1676 7808/1534/1676
f 7810/1657/958 7812/1658/2430 7811/1659/2431
f 7813/1660/973 7815/1658/2430 7814/1657/957
f 7816/1660/973 7818/1661/2432 7817/1658/2430
f 7819/1662/702 7821/1660/973 7820/1657/957
f 7822/1659/2433 7824/1663/1518 7823/1664/2434
f 7825/1658/2430 7827/1663/1521 7826/1659/2435
f 7828/1658/2430 7830/1665/2436 7829/1663/1523
f 7831/1661/2432 7833/1665/2437 7832/1658/2430
f 7834/1661/2432 7836/1666/2438 7835/1665/2437
f 7837/1666/2438 7839/1667/2439 7838/1668/2440
f 7840/1669/2441 7842/1670/2442 7841/1671/2442
f 7843/1671/2443 7845/1670/2443 7844/1672/2444
f 7846/1671/2443 7848/1672/2445 7847/1673/2444
f 7849/1672/2446 7851/1674/705 7850/1673/2447
f 7852/1662/702 7854/1673/2446 7853/1674/705
f 7855/1675/2448 7857/1662/2449 7856/1674/711
f 7858/1675/2448 7860/1660/970 7859/1662/2449
f 7861/1675/2448 7863/1676/2450 7862/1660/970
f 7864/1676/2450 7866/1661/2451 7865/1660/970
f 7867/1676/2450 7869/1677/2452 7868/1661/2451
f 7870/1677/2453 7872/1666/2438 7871/1661/2451
f 7873/1677/2452 7875/1595/2454 7874/1666/2438
f 7876/1595/2455 7878/1667/2439 7877/1666/2456
f 7879/1595/2455 7881/1580/2302 7880/1667/2439
f 7882/1580/2302 7884/1678/2457 7883/1667/2439
f 7885/1557/2458 7887/1678/2457 7886/1580/2459
f 7888/1679/2460 7890/1678/2457 7889/1557/2461
f 7891/1556/2269 7893/1679/2460 7892/1557/2301
f 7894/1679/2460 7896/1680/2462 7895/1678/2457
f 7897/1681/2463 7899/1677/2452 7898/1676/2464
f 7900/1682/2465 7902/1681/2465 7901/1676/2464
f 7903/1682/2465 7905/1676/2464 7904/1675/2448
f 7906/1682/2465 7908/1675/2466 7907/1683/1729
f 7909/1675/2448 7911/1674/953 7910/1683/1729
f 7912/1684/711 7914/1683/1729 7913/1674/2467
f 7915/1672/2447 7917/1684/705 7916/1674/706
f 7918/1682/2468 7920/1683/1730 7919/1685/556
f 7921/1686/2469 7923/1681/2468 7922/1682/2468
f 7924/1686/2469 7926/1682/2468 7925/1685/560
f 7927/1686/2470 7929/1685/560 7928/1687/548
f 7930/1688/551 7932/1687/548 7931/1685/551
f 7933/1683/2471 7935/1688/556 7934/1685/556
f 7936/1683/1730 7938/1689/1730 7937/1688/556
f 7939/1684/2467 7941/1689/1729 7940/1683/1729
f 7942/1688/551 7944/1690/548 7943/1687/549
f 7945/1687/549 7947/1690/548 7946/1691/547
f 7948/462/136 7950/1634/2472 7949/1633/2473
f 7951/461/2474 7953/462/136 7952/1633/2475
f 7954/461/2474 7956/1633/2473 7955/1622/148
f 7957/460/2476 7959/461/2474 7958/1622/148
f 7960/460/2476 7962/1622/148 7961/1624/2477
f 7963/1624/2478 7965/459/2479 7964/460/2479
f 7966/1624/543 7968/1692/543 7967/459/2476
f 7969/1691/547 7971/1692/543 7970/1624/543
f 7972/1691/547 7974/1624/543 7973/1623/547
f 7975/1687/548 7977/1691/547 7976/1623/2480
f 7978/1625/2346 7980/1687/548 7979/1623/547
f 7981/1625/2348 7983/1686/2470 7982/1687/548
f 7984/1625/2346 7986/1607/2481 7985/1686/2470
f 7987/1686/2482 7989/1607/2325 7988/1681/2468
f 7990/1607/2325 7992/1609/551 7991/1681/2468
f 7993/1681/2483 7995/1609/556 7994/1677/2452
f 7996/1609/556 7998/1595/2454 7997/1677/2484
f 7999/1609/556 8001/1594/128 8000/1595/2314
f 8002/1659/2433 8004/1664/2434 8003/1693/2485
f 8005/1694/2486 8007/1659/2433 8006/1693/2485
f 8008/1657/958 8010/1659/2431 8009/1694/2487
f 8011/1695/959 8013/1657/958 8012/1694/2487
f 8014/1662/702 8016/1657/957 8015/1695/930
f 8017/1662/702 8019/1695/931 8018/1673/2444
f 8020/1695/930 8022/1671/2443 8021/1673/2444
f 8023/1695/930 8025/1696/929 8024/1671/2443
f 8026/1696/928 8028/1697/2441 8027/1671/2442
f 8029/1696/928 8031/1698/926 8030/1697/2488
f 8032/1696/2489 8034/1699/978 8033/1698/926
f 8035/1696/928 8037/1694/2487 8036/1699/978
f 8038/1694/2486 8040/1693/2485 8039/1699/978
f 8041/1695/930 8043/1694/2487 8042/1696/929
f 8044/1666/2438 8046/1668/2440 8045/1665/2490
f 8047/1665/2436 8049/1668/2440 8048/1700/2491
f 8050/1665/2490 8052/1700/2492 8051/1663/1523
f 8053/1663/1518 8055/1700/2493 8054/1701/2494
f 8056/1663/1518 8058/1701/2494 8057/1664/2495
f 8059/1664/2496 8061/1701/2497 8060/1702/2498
f 8062/1664/2496 8064/1702/2498 8063/1703/2499
f 8065/1693/2500 8067/1664/2501 8066/1703/2499
f 8068/1693/2502 8070/1703/2499 8069/1704/18
f 8071/1699/976 8073/1693/2500 8072/1704/18
f 8074/1699/976 8076/1704/18 8075/1705/1547
f 8077/1699/976 8079/1705/1547 8078/1706/2503
f 8080/1699/2504 8082/1706/2505 8081/1698/926
f 8083/1698/2506 8085/1706/2505 8084/1707/2507
f 8086/1698/2506 8088/1707/2507 8087/1697/2488
f 8089/1708/2507 8091/1697/2488 8090/1707/2507
f 8092/1708/2507 8094/1669/2488 8093/1697/2488
f 8095/1669/2441 8097/1671/2442 8096/1697/2441
f 8098/1701/2508 8100/1709/2509 8099/1702/2510
f 8101/1701/2508 8103/1710/2511 8102/1709/2512
f 8104/1711/1891 8106/1710/2513 8105/1701/2508
f 8107/1711/1888 8109/1701/2508 8108/1700/2514
f 8110/1712/2515 8112/1711/1888 8111/1700/2514
f 8113/1712/2516 8115/1700/2517 8114/1668/2014
f 8116/1667/1073 8118/1712/2518 8117/1668/1083
f 8119/1667/1073 8121/1713/2519 8120/1712/2515
f 8122/1678/921 8124/1713/2520 8123/1667/1077
f 8125/1678/921 8127/1680/2521 8126/1713/1265
f 8128/1714/2187 8130/1715/2522 8129/1716/2133
f 8131/1717/2523 8133/1718/230 8132/1719/2524
f 8134/1720/2525 8136/1718/253 8135/1717/681
f 8137/1720/2525 8139/1721/611 8138/1718/253
f 8140/1722/2526 8142/1721/615 8141/1720/2527
f 8143/1722/2526 8145/1723/2528 8144/1721/2529
f 8146/1724/2530 8148/1723/2531 8147/1722/2532
f 8149/1724/2533 8151/1725/1500 8150/1723/2531
f 8152/1726/1634 8154/1725/2534 8153/1724/2535
f 8155/1726/1634 8157/1724/2535 8156/1727/2536
f 8158/1728/2537 8160/1726/2538 8159/1727/2539
f 8161/1728/2537 8163/1727/2539 8162/1729/2540
f 8164/1730/977 8166/1728/2541 8165/1729/2542
f 8167/1730/977 8169/1729/2543 8168/1731/2544
f 8170/1716/2545 8172/1730/2546 8171/1731/2547
f 8173/1716/2545 8175/1731/2547 8174/1732/2548
f 8176/1714/2187 8178/1716/2133 8177/1732/2102
f 8179/1714/2187 8181/1732/2549 8180/1733/2550
f 8182/1714/2187 8184/1733/2550 8183/1734/2551
f 8185/1735/2552 8187/1714/2191 8186/1734/2553
f 8188/1734/2554 8190/1736/2555 8189/1735/2556
f 8191/1734/2554 8193/1737/2557 8192/1736/2558
f 8194/1737/2559 8196/1738/2560 8195/1736/2555
f 8197/1739/2561 8199/1740/2562 8198/1741/937
f 8200/1742/2563 8202/1740/2562 8201/1739/2564
f 8203/1743/2565 8205/1742/2566 8204/1739/2564
f 8206/1743/2567 8208/1739/2561 8207/1733/2568
f 8209/1732/2102 8211/1743/2565 8210/1733/2568
f 8212/1732/2102 8214/1731/2547 8213/1743/2565
f 8215/1731/2544 8217/1744/2569 8216/1743/2570
f 8218/1731/2544 8220/1729/2571 8219/1744/2572
f 8221/1744/2573 8223/1729/2574 8222/1727/2536
f 8224/1744/2573 8226/1727/2536 8225/1745/2575
f 8227/1745/2576 8229/1746/2577 8228/1744/2578
f 8230/1745/2579 8232/1747/2580 8231/1746/2577
f 8233/1748/2581 8235/1747/2580 8234/1745/2579
f 8236/1748/2582 8238/1745/2576 8237/1749/1498
f 8239/1727/2536 8241/1749/2583 8240/1745/2584
f 8242/1727/2536 8244/1724/2585 8243/1749/2583
f 8245/1744/2569 8247/1746/2577 8246/1742/2586
f 8248/1744/2569 8250/1742/2586 8249/1743/2567
f 8251/1739/2561 8253/1734/2587 8252/1733/2550
f 8254/1739/2561 8256/1737/2557 8255/1734/2587
f 8257/1739/2561 8259/1741/938 8258/1737/2588
f 8260/1737/2589 8262/1741/938 8261/1738/2560
f 8263/1741/938 8265/1750/2590 8264/1738/2560
f 8266/1740/2591 8268/1750/1729 8267/1741/938
f 8269/1751/951 8271/1750/1729 8270/1740/2591
f 8272/1742/2563 8274/1751/951 8273/1740/2562
f 8275/1752/2592 8277/1751/971 8276/1742/2593
f 8278/1752/2594 8280/1742/2566 8279/1746/2595
f 8281/1753/402 8283/1752/2594 8282/1746/2577
f 8284/1753/402 8286/1746/2596 8285/1747/2580
f 8287/1754/389 8289/1753/402 8288/1747/2580
f 8290/1754/389 8292/1747/2580 8291/1748/2581
f 8293/1755/2597 8295/1754/389 8294/1748/2581
f 8296/1755/2597 8298/1748/2581 8297/1749/1498
f 8299/1755/2598 8301/1749/2599 8300/1756/2600
f 8302/1724/2601 8304/1756/2602 8303/1749/2603
f 8305/1757/2604 8307/1755/2598 8306/1756/2605
f 8308/1752/2606 8310/1750/1729 8309/1751/951
f 8311/1753/2607 8313/1750/1729 8312/1752/2594
f 8314/1754/2608 8316/1750/1729 8315/1753/2607
f 8317/1758/2609 8319/1750/1729 8318/1754/2608
f 8320/1755/2597 8322/1758/2610 8321/1754/389
f 8323/1759/2611 8325/1758/2609 8324/1755/2612
f 8326/1757/2604 8328/1759/2611 8327/1755/2598
f 8329/1760/2613 8331/1759/2614 8330/1757/2615
f 8332/1760/2616 8334/1757/2604 8333/1761/2617
f 8335/1759/2611 8337/1762/2454 8336/1758/2609
f 8338/1760/2616 8340/1762/2314 8339/1759/2611
f 8341/1760/2616 8343/1763/2618 8342/1762/2314
f 8344/1763/2618 8346/1750/1729 8345/1762/2619
f 8347/1762/2619 8349/1750/1729 8348/1758/2609
f 8350/1724/2601 8352/1722/2620 8351/1756/2621
f 8353/1722/2622 8355/1757/2623 8354/1756/2602
f 8356/1722/2622 8358/1720/2624 8357/1757/2623
f 8359/1720/2624 8361/1761/2617 8360/1757/2625
f 8362/1720/2624 8364/1717/2626 8363/1761/2617
f 8365/1717/683 8367/1764/2627 8366/1761/2617
f 8368/1764/2628 8370/1760/2616 8369/1761/2629
f 8371/1764/2627 8373/1765/966 8372/1760/2616
f 8374/1765/964 8376/1763/2630 8375/1760/2616
f 8377/1765/964 8379/1766/2483 8378/1763/2618
f 8380/1766/2463 8382/1750/1729 8381/1763/2618
f 8383/1767/2631 8385/1750/1729 8384/1766/2465
f 8386/1767/2631 8388/1766/2468 8387/1765/966
f 8389/1768/2632 8391/1715/2633 8390/1714/2187
f 8392/1768/2634 8394/1714/2191 8393/1769/2635
f 8395/1735/2552 8397/1769/2636 8396/1714/2187
f 8398/1770/2637 8400/1769/2638 8399/1735/2556
f 8401/1736/2639 8403/1770/2640 8402/1735/2556
f 8404/1736/2639 8406/1771/554 8405/1770/2641
f 8407/1738/2560 8409/1771/554 8408/1736/2642
f 8410/1738/2560 8412/1772/1494 8411/1771/554
f 8413/1738/2560 8415/1750/1729 8414/1772/1497
f 8416/1772/1497 8418/1750/2590 8417/1773/2643
f 8419/1773/2643 8421/1750/1729 8420/1767/2631
f 8422/1773/2644 8424/1767/2645 8423/1774/2646
f 8425/1767/2631 8427/1765/964 8426/1774/2647
f 8428/1775/2648 8430/1774/2647 8429/1765/984
f 8431/1775/2649 8433/1765/984 8432/1764/2627
f 8434/1776/2650 8436/1775/2651 8435/1764/2652
f 8437/1717/683 8439/1776/2650 8438/1764/2627
f 8440/1717/2653 8442/1719/2524 8441/1776/2654
f 8443/1777/2655 8445/1768/2656 8444/1769/2638
f 8446/1776/2657 8448/1778/2658 8447/1775/2651
f 8449/1776/2659 8451/1779/2660 8450/1778/2661
f 8452/1776/2650 8454/1719/2363 8453/1779/2662
f 8455/1772/2663 8457/1773/2644 8456/1780/555
f 8458/1773/2644 8460/1774/2647 8459/1780/555
f 8461/1780/2664 8463/1774/2665 8462/1775/2666
f 8464/1780/2664 8466/1775/2648 8465/1781/2667
f 8467/1778/2658 8469/1781/2668 8468/1775/2651
f 8470/1778/2661 8472/1782/2669 8471/1781/2668
f 8473/1779/2662 8475/1782/2670 8474/1778/2661
f 8476/1779/2662 8478/1783/2671 8477/1782/2670
f 8479/1782/2672 8481/1783/2673 8480/1777/2674
f 8482/1782/2672 8484/1777/2674 8483/1784/2675
f 8485/1777/2655 8487/1769/2638 8486/1784/1491
f 8488/1770/2640 8490/1784/1492 8489/1769/2676
f 8491/1781/2677 8493/1784/1492 8492/1770/2640
f 8494/1770/2640 8496/1780/2678 8495/1781/2679
f 8497/1770/2640 8499/1771/2680 8498/1780/2678
f 8500/1772/2663 8502/1780/555 8501/1771/404
f 8503/1781/2677 8505/1782/2681 8504/1784/1492
f 8506/1785/1170 8508/1786/1170 8507/1787/1170
f 8509/1788/1170 8511/1787/1170 8510/1786/1170
f 8512/1789/1170 8514/1788/1170 8513/1786/1170
f 8515/1790/1170 8517/1789/1170 8516/1786/1170
f 8518/1791/1170 8520/1790/1170 8519/1786/1170
f 8521/1792/1170 8523/1791/1170 8522/1786/1170
f 8524/1793/1170 8526/1792/1170 8525/1786/1170
f 8527/1794/1170 8529/1793/1170 8528/1786/1170
f 8530/1795/1170 8532/1794/1170 8531/1786/1170
f 8533/1796/1170 8535/1795/1170 8534/1786/1170
f 8536/1797/1170 8538/1796/1170 8537/1786/1170
f 8539/1797/1170 8541/1786/1170 8540/1798/1170
f 8542/1798/1170 8544/1786/1170 8543/1799/1170
f 8545/1799/1170 8547/1786/1170 8546/1800/1170
f 8548/1800/1170 8550/1786/1170 8549/1801/1170
f 8551/1801/1170 8553/1786/1170 8552/1802/1170
f 8554/1802/1170 8556/1786/1170 8555/1803/1170
f 8557/1803/1170 8559/1786/1170 8558/1804/1170
f 8560/1804/1170 8562/1786/1170 8561/1805/1170
f 8563/1805/1170 8565/1786/1170 8564/1785/1170
f 8566/1806/2682 8568/1807/2683 8567/1808/2445
f 8569/1806/2682 8571/1808/2445 8570/1809/2443
f 8572/1810/2441 8574/1806/2684 8573/1809/2443
f 8575/1810/2441 8577/1811/2685 8576/1806/2684
f 8578/1812/2507 8580/1811/2686 8579/1810/2441
f 8581/1812/2507 8583/1813/2687 8582/1811/2686
f 8584/1814/543 8586/784/2688 8585/788/544
f 8587/1814/543 8589/1815/543 8588/784/2688
f 8590/1816/547 8592/1815/543 8591/1814/543
f 8593/1816/547 8595/1817/547 8594/1815/543
f 8596/1818/549 8598/1817/547 8597/1816/547
f 8599/1818/548 8601/1819/548 8600/1817/547
f 8602/1820/551 8604/1819/548 8603/1818/548
f 8605/1821/2689 8607/1819/549 8606/1820/551
f 8608/1822/1730 8610/1821/2690 8609/1820/551
f 8611/1822/1730 8613/1823/2581 8612/1821/2690
f 8614/1824/2467 8616/1823/2581 8615/1822/2471
f 8617/1824/2467 8619/1825/2691 8618/1823/2581
f 8620/1807/2692 8622/1825/2693 8621/1824/706
f 8623/1807/2694 8625/1824/706 8624/1808/2695
f 8626/1826/2446 8628/1808/2446 8627/1824/705
f 8629/1809/2443 8631/1808/2444 8630/1826/2444
f 8632/1809/2443 8634/1826/2444 8633/1827/2443
f 8635/1810/2441 8637/1809/2442 8636/1827/2442
f 8638/1810/2441 8640/1827/2442 8639/1828/2441
f 8641/1829/2507 8643/1810/2488 8642/1828/2488
f 8644/1829/2507 8646/1812/2507 8645/1810/2488
f 8647/1826/2447 8649/1824/706 8648/1830/706
f 8650/1830/711 8652/1824/711 8651/1822/1729
f 8653/1830/2467 8655/1822/1729 8654/1831/1729
f 8656/1822/1730 8658/1832/556 8657/1831/1730
f 8659/1822/1730 8661/1820/556 8660/1832/556
f 8662/1820/551 8664/1818/548 8663/1832/551
f 8665/1821/2689 8667/1833/2696 8666/1819/549
f 8668/1819/549 8670/1833/2697 8669/1834/2698
f 8671/1819/549 8673/1834/2698 8672/1817/2480
f 8674/1817/547 8676/1834/2699 8675/1835/580
f 8677/1817/2480 8679/1835/580 8678/1815/543
f 8680/1835/581 8682/784/2688 8681/1815/543
f 8683/1835/581 8685/785/638 8684/784/2688
f 8686/1836/12 8688/1837/2700 8687/1838/12
f 8689/1836/12 8691/1839/2701 8690/1837/2701
f 8692/1839/2700 8694/1840/1631 8693/1837/2702
f 8695/1839/2702 8697/1841/1631 8696/1840/1631
f 8698/1840/1631 8700/1841/1631 8699/1842/2539
f 8701/1840/1631 8703/1842/2539 8702/1843/2539
f 8704/1842/2536 8706/1844/2703 8705/1843/2536
f 8707/1842/2536 8709/1845/2703 8708/1844/2703
f 8710/1844/2703 8712/1845/2703 8711/1846/2704
f 8713/1844/2703 8715/1846/2704 8714/1847/2704
f 8716/1846/2704 8718/1848/2705 8717/1847/2704
f 8719/1846/2704 8721/1849/2705 8720/1848/2705
f 8722/1848/2705 8724/1849/2705 8723/1850/2706
f 8725/1848/2705 8727/1850/2706 8726/1851/2706
f 8728/1851/2526 8730/1850/2526 8729/1852/366
f 8731/1851/2526 8733/1852/366 8732/1853/366
f 8734/1852/330 8736/1854/626 8735/1853/330
f 8737/1852/366 8739/1855/2707 8738/1854/626
f 8740/1855/626 8742/846/2708 8741/1854/626
f 8743/1855/626 8745/942/2708 8744/846/2708
f 8746/1856/2709 8748/1857/2710 8747/1858/2442
f 8749/1856/2709 8751/1858/2443 8750/1859/2441
f 8752/1860/2507 8754/1856/2709 8753/1859/2488
f 8755/1861/2507 8757/1860/2507 8756/1859/2488
f 8758/1861/2507 8760/1859/2488 8759/1862/2488
f 8761/1863/2442 8763/1862/2441 8762/1859/2441
f 8764/1863/2442 8766/1859/2441 8765/1858/2442
f 8767/1863/2443 8769/1858/2443 8768/1864/2444
f 8770/1858/2443 8772/1865/2711 8771/1864/2445
f 8773/1865/2711 8775/1866/706 8774/1864/2695
f 8776/1867/705 8778/1864/2447 8777/1866/705
f 8779/1867/711 8781/1866/711 8780/1868/1729
f 8782/1867/2467 8784/1868/1729 8783/1869/1729
f 8785/1870/556 8787/1869/1730 8786/1868/1730
f 8788/1858/2443 8790/1857/2712 8789/1865/2711
f 8791/1867/705 8793/1871/2447 8792/1864/2447
f 8794/1863/2443 8796/1864/2444 8795/1871/2445
f 8797/1857/2713 8799/1840/2714 8798/1843/2715
f 8800/1856/2709 8802/1840/2716 8801/1857/2713
f 8803/1856/2709 8805/1837/2717 8804/1840/2716
f 8806/1872/2718 8808/1837/2719 8807/1856/2720
f 8809/1860/2507 8811/1872/2721 8810/1856/2709
f 8812/1872/2502 8814/1838/2722 8813/1837/2717
f 8815/1854/2723 8817/846/636 8816/840/2724
f 8818/1854/2723 8820/840/2725 8819/1873/672
f 8821/1853/2726 8823/1854/591 8822/1873/672
f 8824/1853/2726 8826/1873/672 8825/1874/2727
f 8827/1874/2728 8829/1873/2729 8828/1875/543
f 8830/1874/2730 8832/1875/543 8831/1876/2480
f 8833/1877/547 8835/1876/547 8834/1875/543
f 8836/1878/549 8838/1876/547 8837/1877/547
f 8839/1878/549 8841/1877/547 8840/1879/549
f 8842/1870/551 8844/1878/549 8843/1879/549
f 8845/1870/551 8847/1880/551 8846/1878/548
f 8848/1870/551 8850/1868/1730 8849/1880/551
f 8851/1881/2731 8853/1880/551 8852/1868/2471
f 8854/1866/2467 8856/1881/2732 8855/1868/2590
f 8857/1866/706 8859/1882/2733 8858/1881/2732
f 8860/1865/2711 8862/1882/2734 8861/1866/706
f 8863/1843/2715 8865/1882/2735 8864/1865/2736
f 8866/1857/2713 8868/1843/2737 8867/1865/2738
f 8869/1843/2715 8871/1844/2739 8870/1882/2740
f 8872/1882/2740 8874/1844/2741 8873/1847/2742
f 8875/1882/2743 8877/1847/2744 8876/1881/2745
f 8878/1847/2744 8880/1883/2746 8879/1881/2747
f 8881/1881/2731 8883/1883/2746 8882/1880/551
f 8884/1880/551 8886/1883/2748 8885/1884/2749
f 8887/1880/551 8889/1884/2749 8888/1878/549
f 8890/1884/2749 8892/1876/547 8891/1878/549
f 8893/1884/2749 8895/1874/2727 8894/1876/2480
f 8896/1851/2750 8898/1874/2727 8897/1884/2749
f 8899/1851/2751 8901/1853/2752 8900/1874/2727
f 8902/1847/2744 8904/1848/2753 8903/1883/2746
f 8905/1883/2754 8907/1848/2755 8906/1851/2751
f 8908/1883/2746 8910/1851/2751 8909/1884/2749
f 8911/1885/2507 8913/1886/2488 8912/1887/2507
f 8914/1885/2507 8916/1888/2488 8915/1886/2488
f 8917/1888/2441 8919/1889/2756 8918/1886/2441
f 8920/1888/2441 8922/1890/2442 8921/1889/2442
f 8923/1889/2443 8925/1890/2443 8924/1891/2444
f 8926/1889/2443 8928/1891/2444 8927/1892/2444
f 8929/1892/2446 8931/1891/2446 8930/1893/706
f 8932/1892/2446 8934/1893/706 8933/1894/706
f 8935/1893/711 8937/1895/1729 8936/1894/2467
f 8938/1893/711 8940/1896/1729 8939/1895/1729
f 8941/1896/1730 8943/1897/551 8942/1895/1730
f 8944/1896/1730 8946/1898/556 8945/1897/556
f 8947/1898/551 8949/1899/548 8948/1897/551
f 8950/1898/551 8952/1900/548 8951/1899/549
f 8953/1899/548 8955/1900/548 8954/1901/547
f 8956/1899/548 8958/1901/547 8957/1902/547
f 8959/1902/547 8961/1901/547 8960/1903/543
f 8962/1902/547 8964/1903/543 8963/1904/543
f 8965/1904/2478 8967/1903/2478 8966/1048/2476
f 8968/1904/2478 8970/1048/2479 8969/1049/2479
f 8971/1905/1190 8973/1906/1190 8972/1907/1190
f 8974/1907/1190 8976/1906/1190 8975/1908/1190
f 8977/1908/1190 8979/1906/1190 8978/1909/1190
f 8980/1909/1190 8982/1906/1190 8981/1910/1190
f 8983/1910/1190 8985/1906/1190 8984/1911/1190
f 8986/1911/1190 8988/1906/1190 8987/1912/1190
f 8989/1912/1190 8991/1906/1190 8990/1913/1190
f 8992/1913/1190 8994/1906/1190 8993/1914/1190
f 8995/1914/1190 8997/1906/1190 8996/1915/1190
f 8998/1915/1190 9000/1906/1190 8999/1916/1190
f 9001/1917/1190 9003/1916/1190 9002/1906/1190
f 9004/1918/1190 9006/1917/1190 9005/1906/1190
f 9007/1919/1190 9009/1918/1190 9008/1906/1190
f 9010/1920/1190 9012/1919/1190 9011/1906/1190
f 9013/1921/1190 9015/1920/1190 9014/1906/1190
f 9016/1922/1190 9018/1921/1190 9017/1906/1190
f 9019/1923/1190 9021/1922/1190 9020/1906/1190
f 9022/1924/1190 9024/1923/1190 9023/1906/1190
f 9025/1925/1190 9027/1924/1190 9026/1906/1190
f 9028/1905/1190 9030/1925/1190 9029/1906/1190
f 9031/1926/1190 9033/1927/1328 9032/1928/1322
f 9034/1928/1502 9036/1927/1502 9035/1929/1290
f 9037/1928/1502 9039/1929/1503 9038/1930/1503
f 9040/1930/2757 9042/1929/1278 9041/1931/58
f 9043/1930/1278 9045/1931/58 9044/1932/58
f 9046/1931/1304 9048/1933/1395 9047/1932/1304
f 9049/1931/1304 9051/1934/1395 9050/1933/1389
f 9052/1934/1395 9054/1935/256 9053/1933/1395
f 9055/1934/1506 9057/1936/1504 9056/1935/1504
f 9058/1936/256 9060/1937/1484 9059/1935/256
f 9061/1936/256 9063/1938/1484 9062/1937/1484
f 9064/1937/1488 9066/1938/1487 9065/1939/1486
f 9067/1937/1488 9069/1939/1170 9068/1940/1486
f 9070/1940/1490 9072/1939/1170 9071/1941/1491
f 9073/1940/1170 9075/1941/1491 9074/1942/1491
f 9076/1941/1492 9078/1943/1493 9077/1942/1492
f 9079/1941/1492 9081/1944/1493 9080/1943/1493
f 9082/1943/1496 9084/1944/1496 9083/1945/1494
f 9085/1943/1496 9087/1945/1494 9086/1946/1494
f 9088/1945/1497 9090/1947/389 9089/1946/1497
f 9091/1945/1497 9093/1948/389 9092/1947/389
f 9094/1947/2758 9096/1948/389 9095/1949/1498
f 9097/1947/389 9099/1949/1498 9098/1950/1498
f 9100/1950/2603 9102/1949/1499 9101/1951/1500
f 9103/1950/2759 9105/1951/2534 9104/1952/2760
f 9106/1951/2534 9108/1926/2761 9107/1952/1501
f 9109/1951/1501 9111/1953/2761 9110/1926/1190
f 9112/1926/1190 9114/1953/1190 9113/1927/1322
f 9115/1954/964 9117/1955/2630 9116/1956/2616
f 9118/1954/964 9120/1957/2483 9119/1955/2618
f 9121/1955/2618 9123/1958/1729 9122/1959/2454
f 9124/1956/2616 9126/1955/2618 9125/1959/2314
f 9127/1956/2616 9129/1959/2314 9128/1960/2611
f 9130/1959/2455 9132/1961/2612 9131/1960/2611
f 9133/1959/2455 9135/1962/2762 9134/1961/2612
f 9136/1961/2597 9138/1962/2609 9137/1963/389
f 9139/1962/2609 9141/1958/1730 9140/1963/389
f 9142/1959/2619 9144/1958/2590 9143/1962/2609
f 9145/1961/2597 9147/1963/389 9146/1964/2581
f 9148/1961/2598 9150/1964/2582 9149/1965/1498
f 9151/1961/2598 9153/1965/2599 9152/1966/2600
f 9154/1960/2611 9156/1961/2598 9155/1966/2763
f 9157/1960/2611 9159/1966/2763 9158/1967/2604
f 9160/1956/2613 9162/1960/2614 9161/1967/2604
f 9163/1956/2613 9165/1967/2604 9164/1968/2764
f 9166/1954/966 9168/1956/2616 9167/1968/2765
f 9169/1954/966 9171/1968/2629 9170/1969/2628
f 9172/1970/2649 9174/1954/984 9173/1969/2652
f 9175/1971/2657 9177/1970/2651 9176/1969/2627
f 9178/1971/2650 9180/1972/2658 9179/1970/2651
f 9181/1973/2363 9183/1972/2658 9182/1971/2650
f 9184/1973/2363 9186/1974/2660 9185/1972/2661
f 9187/1974/2662 9189/1975/2670 9188/1972/2661
f 9190/1974/2662 9192/1976/2671 9191/1975/2670
f 9193/1976/2673 9195/1977/2675 9194/1975/2670
f 9196/1976/2673 9198/1978/2674 9197/1977/1489
f 9199/1978/2655 9201/1979/2638 9200/1977/1491
f 9202/1980/230 9204/1973/2363 9203/1971/2654
f 9205/1981/623 9207/1980/253 9206/1982/681
f 9208/1980/230 9210/1971/2766 9209/1982/2523
f 9211/1982/683 9213/1971/2650 9212/1969/2627
f 9214/1982/683 9216/1969/2627 9215/1968/2767
f 9217/1981/623 9219/1982/2626 9218/1968/2617
f 9220/1981/2624 9222/1968/2617 9221/1967/2768
f 9223/1983/2622 9225/1981/2624 9224/1967/2623
f 9226/1983/2622 9228/1967/2623 9227/1966/2602
f 9229/1984/2601 9231/1983/2620 9230/1966/2602
f 9232/1984/2601 9234/1966/2621 9233/1965/2759
f 9235/1985/2584 9237/1984/2585 9236/1965/2583
f 9238/1965/1498 9240/1986/2580 9239/1985/2576
f 9241/1985/2579 9243/1986/2580 9242/1987/2577
f 9244/1986/2580 9246/1988/2594 9245/1987/2596
f 9247/1988/2592 9249/1989/2593 9248/1987/2577
f 9250/1990/2569 9252/1987/2577 9251/1989/2586
f 9253/1990/2569 9255/1989/2586 9254/1991/2567
f 9256/1992/2769 9258/1990/2770 9257/1991/2570
f 9259/1985/2579 9261/1987/2577 9260/1990/2569
f 9262/1986/2580 9264/1993/402 9263/1988/2594
f 9265/1992/2544 9267/1994/2571 9266/1990/2572
f 9268/1994/2574 9270/1985/2575 9269/1990/2573
f 9271/1994/2574 9273/1995/2536 9272/1985/2575
f 9274/1985/2575 9276/1995/2536 9275/1984/2585
f 9277/1978/2655 9279/1996/2656 9278/1979/2638
f 9280/1979/2635 9282/1996/2632 9281/1997/2633
f 9283/1979/2635 9285/1997/2771 9284/1998/2191
f 9286/1998/2187 9288/1997/2522 9287/1999/2133
f 9289/1998/2187 9291/1999/2133 9290/2000/2102
f 9292/2000/2772 9294/1999/2545 9293/2001/2546
f 9295/2000/2102 9297/2001/2546 9296/1992/2547
f 9298/1992/2544 9300/2001/977 9299/2002/2541
f 9301/1992/2544 9303/2002/2541 9302/1994/2542
f 9304/1994/2540 9306/2002/2537 9305/2003/2538
f 9307/1994/2540 9309/2003/2538 9308/1995/2773
f 9310/1995/2539 9312/2003/1634 9311/2004/2534
f 9313/1995/2539 9315/2004/2534 9314/1984/2535
f 9316/1984/2533 9318/2004/1500 9317/2005/2531
f 9319/1984/2533 9321/2005/2774 9320/1983/2532
f 9322/1983/2526 9324/2005/2528 9323/2006/615
f 9325/1983/2526 9327/2006/615 9326/1981/623
f 9328/1981/623 9330/2006/611 9329/1980/253
f 9331/2007/2775 9333/1992/2776 9332/1991/2777
f 9334/2007/2568 9336/2000/2772 9335/1992/2547
f 9337/1998/2187 9339/2000/2102 9338/2007/2550
f 9340/1998/2187 9342/2007/2550 9341/2008/2551
f 9343/1979/2778 9345/1998/2187 9344/2008/2553
f 9346/1979/2636 9348/2008/2553 9347/2009/2552
f 9349/1977/1492 9351/1979/2638 9350/2009/2779
f 9352/1977/1492 9354/2009/2556 9353/2010/2637
f 9355/1975/2681 9357/1977/1492 9356/2010/2780
f 9358/1975/2681 9360/2010/2640 9359/2011/2677
f 9361/1972/2661 9363/1975/2670 9362/2011/2679
f 9364/1972/2781 9366/2011/2679 9365/1970/2651
f 9367/2011/2679 9369/2012/2665 9368/1970/2666
f 9370/1970/2648 9372/2012/2782 9371/1954/984
f 9373/2013/2631 9375/1954/2783 9374/2012/2647
f 9376/2013/2631 9378/1957/2468 9377/1954/984
f 9379/2013/2631 9381/1958/1729 9380/1957/2465
f 9382/1957/2463 9384/1958/1729 9383/1955/2784
f 9385/1991/2565 9387/1989/2785 9386/2014/2786
f 9388/1991/2565 9390/2014/2786 9389/2007/2568
f 9391/2007/2568 9393/2014/2561 9392/2015/2557
f 9394/2007/2568 9396/2015/2557 9395/2008/2587
f 9397/2015/2557 9399/2009/2556 9398/2008/2551
f 9400/2015/2557 9402/2016/2555 9401/2009/2556
f 9403/2016/2639 9405/2010/2640 9404/2009/2556
f 9406/2011/2679 9408/2017/2678 9407/2012/2665
f 9409/2010/2640 9411/2017/2678 9410/2011/2787
f 9412/2010/2640 9414/2018/2680 9413/2017/2678
f 9415/2016/2639 9417/2018/554 9416/2010/2641
f 9418/2019/2560 9420/2018/554 9419/2016/2642
f 9421/2015/2589 9423/2019/2560 9422/2016/2555
f 9424/2015/2589 9426/2020/938 9425/2019/2560
f 9427/2014/2561 9429/2020/938 9428/2015/2588
f 9430/2014/2561 9432/2021/2562 9431/2020/937
f 9433/1989/2788 9435/2021/2562 9434/2014/2564
f 9436/1989/2563 9438/2022/951 9437/2021/2562
f 9439/1988/2594 9441/2022/971 9440/1989/2593
f 9442/1988/2594 9444/1958/2590 9443/2022/951
f 9445/1993/2607 9447/1958/1729 9446/1988/2594
f 9448/1963/389 9450/1958/1729 9449/1993/2607
f 9451/1963/389 9453/1993/2789 9452/1986/2580
f 9454/1963/389 9456/1986/2580 9455/1964/2581
f 9457/1965/1498 9459/1964/2581 9458/1986/2580
f 9460/2022/951 9462/1958/1729 9461/2021/2591
f 9463/2021/2591 9465/1958/1729 9464/2020/938
f 9466/2020/938 9468/1958/1729 9467/2019/2560
f 9469/2019/2560 9471/1958/1729 9470/2023/1497
f 9472/2019/2560 9474/2023/1494 9473/2018/554
f 9475/2023/2663 9477/2017/555 9476/2018/404
f 9478/2023/2663 9480/2024/2644 9479/2017/555
f 9481/2024/2643 9483/2012/2647 9482/2017/555
f 9484/2024/2643 9486/2013/2645 9485/2012/2646
f 9487/2024/2643 9489/1958/1729 9488/2013/2631
f 9490/2023/1497 9492/1958/1729 9491/2024/2790
f 9493/1877/547 9495/1875/543 9494/2025/543
f 9496/845/544 9498/2025/2478 9497/1875/2478
f 9499/845/544 9501/1875/543 9500/841/544
f 9502/1873/2729 9504/841/544 9503/1875/543
f 9505/1873/2729 9507/840/743 9506/841/544
f 9508/2026/1190 9510/2027/1190 9509/2028/1190
f 9511/2028/1190 9513/2027/1190 9512/2029/1190
f 9514/2029/2791 9516/2027/2791 9515/2030/2791
f 9517/2030/1189 9519/2027/1189 9518/2031/1189
f 9520/2031/1190 9522/2027/1190 9521/2032/1190
f 9523/2032/1190 9525/2027/1190 9524/2033/1190
f 9526/2033/1190 9528/2027/1190 9527/2034/1190
f 9529/2034/1190 9531/2027/1190 9530/2035/1190
f 9532/2035/1190 9534/2027/1190 9533/2036/1190
f 9535/2036/1190 9537/2027/1190 9536/2037/1190
f 9538/2038/1190 9540/2037/1190 9539/2027/1190
f 9541/2039/1190 9543/2038/1190 9542/2027/1190
f 9544/2040/1190 9546/2039/1190 9545/2027/1190
f 9547/2041/1190 9549/2040/1190 9548/2027/1190
f 9550/2042/1189 9552/2041/1189 9551/2027/1189
f 9553/2043/1681 9555/2042/1681 9554/2027/1681
f 9556/2044/1190 9558/2043/1190 9557/2027/1190
f 9559/2045/1190 9561/2044/1190 9560/2027/1190
f 9562/2046/1190 9564/2045/1190 9563/2027/1190
f 9565/2026/1190 9567/2046/1190 9566/2027/1190
f 9568/2047/1730 9570/2048/556 9569/2049/1730
f 9571/2050/2467 9573/2047/1729 9572/2049/1729
f 9574/2050/711 9576/2051/711 9575/2047/1729
f 9577/2052/2446 9579/2051/705 9578/2050/705
f 9580/2052/2447 9582/2050/705 9581/2053/2447
f 9583/2054/2443 9585/2052/2445 9584/2053/2444
f 9586/2054/2443 9588/2055/2443 9587/2052/2444
f 9589/2056/2441 9591/2055/2442 9590/2054/2442
f 9592/2056/2441 9594/2057/2441 9593/2055/2442
f 9595/2058/2507 9597/2057/2488 9596/2056/2488
f 9598/2058/2507 9600/2059/2507 9599/2057/2488
f 9601/2060/2792 9603/2057/2488 9602/2059/2793
f 9604/2060/2792 9606/2061/2686 9605/2057/2488
f 9607/2061/2685 9609/2055/2443 9608/2057/2488
f 9610/2061/2685 9612/2062/2684 9611/2055/2442
f 9613/2062/2682 9615/2052/2445 9614/2055/2443
f 9616/2062/2682 9618/2063/2683 9617/2052/2445
f 9619/2052/2447 9621/2063/2694 9620/2064/2693
f 9622/2052/2695 9624/2064/2693 9623/2051/2467
f 9625/2051/2467 9627/2064/2691 9626/2065/2794
f 9628/2051/2467 9630/2065/2581 9629/2047/2471
f 9631/2065/2581 9633/2066/551 9632/2047/2471
f 9634/2047/1730 9636/2066/556 9635/2048/556
f 9637/2048/551 9639/2066/551 9638/2067/548
f 9640/2048/551 9642/2067/549 9641/2068/549
f 9643/2067/549 9645/2069/547 9644/2068/549
f 9646/2067/549 9648/2070/547 9647/2069/547
f 9649/2065/2581 9651/2071/2690 9650/2066/551
f 9652/2066/551 9654/2071/2689 9653/2072/2696
f 9655/2066/551 9657/2072/2696 9656/2067/549
f 9658/2067/549 9660/2072/2697 9659/2073/2698
f 9661/2067/549 9663/2073/2698 9662/2070/2480
f 9664/2069/547 9666/2074/543 9665/2075/543
f 9667/2069/547 9669/2070/547 9668/2074/543
f 9670/2073/2699 9672/2074/543 9671/2070/2480
f 9673/2073/2699 9675/2076/580 9674/2074/543
f 9676/2074/543 9678/2076/581 9677/1056/638
f 9679/2074/543 9681/1056/638 9680/1057/2479
f 9682/2075/543 9684/2074/546 9683/1057/544
f 9685/2075/2478 9687/1057/2479 9686/1059/2479
f 9688/2077/2795 9690/2078/2796 9689/2079/2797
f 9691/2080/2796 9693/2079/2797 9692/2078/2796
f 9694/2080/2798 9696/2081/2680 9695/2079/2797
f 9697/2082/2442 9699/2083/2441 9698/2084/2799
f 9700/2082/2442 9702/2084/2799 9701/2085/2800
f 9703/2086/2444 9705/2082/2443 9704/2085/2801
f 9706/2086/2445 9708/2085/2801 9707/2077/2795
f 9709/2086/2447 9711/2077/2795 9710/2087/705
f 9712/2079/2802 9714/2087/706 9713/2077/2795
f 9715/2079/2803 9717/2088/705 9716/2087/706
f 9718/2081/404 9720/2088/706 9719/2079/2802
f 9721/2081/404 9723/2089/2555 9722/2088/705
f 9724/2088/711 9726/2089/2555 9725/2090/2804
f 9727/2088/711 9729/2090/2804 9728/2091/2805
f 9730/2087/2467 9732/2088/711 9731/2091/2805
f 9733/2087/2467 9735/2091/2805 9734/2092/2805
f 9736/2093/2467 9738/2087/711 9737/2092/2805
f 9739/2093/2467 9741/2092/2805 9740/2094/2805
f 9742/2086/2446 9744/2087/705 9743/2093/706
f 9745/2084/2799 9747/2095/2235 9746/2085/2806
f 9748/2096/816 9750/2097/2807 9749/2098/2808
f 9751/2098/2809 9753/2097/2810 9752/2099/2811
f 9754/2098/2809 9756/2099/2811 9755/2100/1781
f 9757/2100/1781 9759/2099/2811 9758/2101/1554
f 9760/2100/1781 9762/2101/1554 9761/2095/2812
f 9763/2101/2813 9765/2102/2814 9764/2095/2235
f 9766/2102/2814 9768/2085/2815 9767/2095/2235
f 9769/2102/2816 9771/2077/2795 9770/2085/2817
f 9772/2101/2818 9774/2103/1493 9773/2102/2814
f 9775/2104/2819 9777/2105/2820 9776/2106/2821
f 9778/2104/2819 9780/2107/2822 9779/2105/2820
f 9781/2108/2823 9783/2107/2824 9782/2104/2825
f 9784/2108/2823 9786/2109/2826 9785/2107/2824
f 9787/2109/2827 9789/2110/2828 9788/2107/2822
f 9790/2109/2827 9792/2096/816 9791/2110/2829
f 9793/2096/816 9795/2098/2809 9794/2110/2828
f 9796/2110/2828 9798/2098/2809 9797/2111/2830
f 9799/2111/2830 9801/2098/2809 9800/2100/1781
f 9802/2111/2830 9804/2100/1781 9803/2112/24
f 9805/2112/21 9807/2100/1781 9806/2095/2235
f 9808/2112/24 9810/2095/2235 9809/2113/24
f 9811/2084/2831 9813/2113/24 9812/2095/2235
f 9814/2107/2832 9816/2114/2833 9815/2105/2834
f 9817/2107/2822 9819/2110/2828 9818/2114/2833
f 9820/2110/2828 9822/2111/2830 9821/2114/2833
f 9823/2115/2835 9825/2104/2819 9824/2106/2836
f 9826/2115/2835 9828/2106/2836 9827/2116/2837
f 9829/2106/2821 9831/2117/2838 9830/2116/2839
f 9832/2106/2840 9834/2118/2068 9833/2117/2841
f 9835/2105/2842 9837/2118/2068 9836/2106/2821
f 9838/2105/2842 9840/2119/2843 9839/2118/2068
f 9841/2114/2844 9843/2119/2845 9842/2105/2846
f 9844/2114/2844 9846/2120/2847 9845/2119/2845
f 9847/2111/2848 9849/2120/2849 9848/2114/2850
f 9850/2111/2848 9852/2121/1184 9851/2120/2851
f 9853/2112/21 9855/2121/1181 9854/2111/2830
f 9856/2112/21 9858/1163/1781 9857/2121/1181
f 9859/1163/1780 9861/2112/24 9860/2113/24
f 9862/1163/1780 9864/2113/24 9863/1164/2852
f 9865/1164/2853 9867/2113/1765 9866/2084/2854
f 9868/1164/2853 9870/2084/2855 9869/1165/2507
f 9871/1166/2507 9873/1165/2507 9872/2084/2799
f 9874/1166/2507 9876/2084/2854 9875/2083/2488
f 9877/1144/2856 9879/2122/2857 9878/2123/2858
f 9880/2123/2859 9882/2122/2860 9881/2124/2861
f 9883/2123/2859 9885/2124/2862 9884/2125/2863
f 9886/2125/2864 9888/2124/2861 9887/2126/2865
f 9889/2125/2864 9891/2126/2865 9890/2127/2866
f 9892/2127/2866 9894/2126/2867 9893/2128/2868
f 9895/2127/2869 9897/2128/2868 9896/2129/2870
f 9898/2117/2871 9900/2127/2872 9899/2129/2873
f 9901/2117/2874 9903/2118/8 9902/2127/2875
f 9904/2125/2876 9906/2127/2866 9905/2118/8
f 9907/2125/2876 9909/2118/1 9908/2119/2877
f 9910/2123/2878 9912/2125/2879 9911/2119/2880
f 9913/2123/2878 9915/2119/2880 9914/2120/2881
f 9916/1144/1779 9918/2123/2882 9917/2120/2881
f 9919/1144/1779 9921/2120/2883 9920/2121/2884
f 9922/1145/21 9924/1144/1779 9923/2121/2884
f 9925/1145/21 9927/2121/1181 9926/1163/21
f 9928/1162/24 9930/1145/24 9929/1163/24
f 9931/2130/2885 9933/2131/2546 9932/2132/2886
f 9934/2133/2887 9936/2130/2885 9935/2132/2886
f 9937/2133/2888 9939/2132/2889 9938/2134/2491
f 9940/2133/2888 9942/2134/2890 9941/2122/2857
f 9943/2122/2860 9945/2134/2491 9944/2135/2891
f 9946/2122/2860 9948/2135/2891 9947/2124/2892
f 9949/2124/2892 9951/2135/2893 9950/2136/2894
f 9952/2124/2862 9954/2136/2894 9953/2126/2895
f 9955/2126/2896 9957/2136/2894 9956/2137/2897
f 9958/2126/2898 9960/2137/2899 9959/2128/2900
f 9961/2131/975 9963/2138/2901 9962/2139/2902
f 9964/2139/2903 9966/2140/957 9965/2141/2904
f 9967/2138/2901 9969/2140/958 9968/2139/2905
f 9970/2138/2901 9972/2142/2112 9971/2140/958
f 9973/2132/2906 9975/2143/2907 9974/2134/2890
f 9976/2132/2906 9978/2131/975 9977/2143/2907
f 9979/2131/975 9981/2139/2905 9980/2143/2907
f 9982/2143/2908 9984/2139/2909 9983/2144/2910
f 9985/2139/2909 9987/2141/2904 9986/2144/2910
f 9988/2144/2911 9990/2141/2912 9989/2145/2913
f 9991/2144/2911 9993/2145/2913 9992/2146/2914
f 9994/2147/2915 9996/2144/2916 9995/2146/2917
f 9997/2147/2918 9999/2146/2914 9998/2148/2919
f 10000/2135/2891 10002/2147/2915 10001/2148/2920
f 10003/2135/2891 10005/2148/2920 10004/2136/2921
f 10006/2136/2921 10008/2148/2922 10007/2149/333
f 10009/2136/2894 10011/2149/333 10010/2137/2923
f 10012/2134/2491 10014/2147/2924 10013/2135/2925
f 10015/2134/2491 10017/2143/2926 10016/2147/2918
f 10018/2143/2927 10020/2144/2910 10019/2147/2918
f 10021/2148/2928 10023/2150/2929 10022/2149/334
f 10024/2148/2928 10026/2146/2914 10025/2150/2929
f 10027/2146/2930 10029/2151/2931 10028/2150/2929
f 10030/2146/2914 10032/2145/2913 10031/2151/2932
f 10033/2145/2933 10035/2152/2448 10034/2151/2932
f 10036/2145/2933 10038/2153/2934 10037/2152/2448
f 10039/2141/2935 10041/2153/2936 10040/2145/2937
f 10042/2141/2935 10044/2154/934 10043/2153/2936
f 10045/2140/957 10047/2154/934 10046/2141/2938
f 10048/2140/957 10050/2155/904 10049/2154/934
f 10051/2142/2112 10053/2155/2939 10052/2140/958
f 10054/2142/2112 10056/2156/2940 10055/2155/901
f 10057/2157/2853 10059/2156/2941 10058/2142/2090
f 10060/2158/2853 10062/2157/2853 10061/2142/2090
f 10063/2158/2853 10065/2142/2090 10064/2138/2942
f 10066/2159/2943 10068/2158/2853 10067/2138/2942
f 10069/2159/2885 10071/2138/2942 10070/2131/2546
f 10072/2130/2943 10074/2159/2944 10073/2131/977
f 10075/2160/2945 10077/2153/2936 10076/2154/936
f 10078/2161/2946 10080/2153/2936 10079/2160/2945
f 10081/2161/2946 10083/2152/2448 10082/2153/2934
f 10084/2162/2051 10086/2161/2946 10085/2160/2945
f 10087/2160/2945 10089/2154/936 10088/2163/2947
f 10090/2164/2948 10092/2163/2947 10091/2154/936
f 10093/2164/2948 10095/2154/936 10094/2155/2949
f 10096/1131/2950 10098/2164/2951 10097/2155/902
f 10099/1131/2950 10101/2155/902 10100/2156/2940
f 10102/1131/896 10104/2156/2941 10103/1141/1775
f 10105/2157/2853 10107/1141/1775 10106/2156/2941
f 10108/1142/1776 10110/1141/1775 10109/2157/2852
f 10111/1153/2952 10113/1142/1776 10112/2157/2852
f 10114/1153/1192 10116/2157/2852 10115/2158/2852
f 10117/1151/1786 10119/1153/2952 10118/2158/2852
f 10120/1151/1790 10122/2158/2852 10121/2159/2885
f 10123/1148/1782 10125/1151/1786 10124/2159/2885
f 10126/1148/1784 10128/2159/2885 10127/2130/2885
f 10129/1146/1781 10131/1148/1782 10130/2130/2885
f 10132/2133/2953 10134/1146/1780 10133/2130/2885
f 10135/1144/1779 10137/1146/1780 10136/2133/2954
f 10138/1144/1779 10140/2133/2888 10139/2122/2857
f 10141/1140/1769 10143/1127/1759 10142/1129/2955
f 10144/1140/1769 10146/1129/1760 10145/2165/2956
f 10147/2165/2956 10149/1129/2071 10148/2166/21
f 10150/2165/2956 10152/2166/21 10151/2167/21
f 10153/2167/24 10155/2166/24 10154/2168/869
f 10156/2167/24 10158/2168/2039 10157/2169/888
f 10159/2169/875 10161/2168/869 10160/2170/2037
f 10162/2169/885 10164/2170/2037 10163/2171/2037
f 10165/2171/2032 10167/2170/2032 10166/2172/2034
f 10168/2171/2032 10170/2172/2034 10169/2173/2034
f 10171/2173/2030 10173/2172/2030 10172/2174/2029
f 10174/2173/2027 10176/2174/2064 10175/2175/2029
f 10177/2176/2957 10179/2173/2027 10178/2175/2064
f 10180/2176/2957 10182/2177/2958 10181/2173/2034
f 10183/2176/2957 10185/2163/2947 10184/2177/2959
f 10186/2177/2959 10188/2163/2947 10187/2164/2960
f 10189/2177/2961 10191/2164/2960 10190/1130/1761
f 10192/1130/1761 10194/2164/2960 10193/1131/2950
f 10195/1137/1769 10197/1140/1769 10196/2165/2962
f 10198/1137/1769 10200/2165/2962 10199/1136/811
f 10201/1136/811 10203/2165/2963 10202/2167/21
f 10204/1136/811 10206/2167/21 10205/1134/21
f 10207/1134/24 10209/2167/24 10208/2169/885
f 10210/1134/24 10212/2169/888 10211/1132/1762
f 10213/1132/1762 10215/2169/885 10214/2171/2037
f 10216/1132/1762 10218/2171/2058 10217/1130/2184
f 10219/1130/2165 10221/2171/2058 10220/2173/2034
f 10222/1130/2165 10224/2173/2034 10223/2177/2961
f 10225/1129/2964 10227/1128/2964 10226/2178/21
f 10228/1129/2964 10230/2178/21 10229/2166/21
f 10231/2166/24 10233/2178/24 10232/2179/2078
f 10234/2166/24 10236/2179/2078 10235/2168/869
f 10237/2168/869 10239/2179/2078 10238/2180/2059
f 10240/2168/869 10242/2180/2060 10241/2170/2965
f 10243/2170/2032 10245/2180/2060 10244/2181/2062
f 10246/2170/2032 10248/2181/2062 10247/2172/2061
f 10249/2172/2034 10251/2181/2063 10250/2182/2052
f 10252/2172/2027 10254/2182/2966 10253/2174/2029
f 10255/2174/2046 10257/2182/2967 10256/2183/2053
f 10258/2174/2046 10260/2183/2968 10259/2184/2969
f 10261/2175/2970 10263/2174/2046 10262/2184/2969
f 10264/2175/2046 10266/2184/2971 10265/2185/2971
f 10267/2175/2046 10269/2185/2971 10268/2162/2051
f 10270/2175/2046 10272/2162/2051 10271/2176/2957
f 10273/2162/2049 10275/2160/2972 10274/2176/2973
f 10276/2176/2957 10278/2160/2974 10277/2163/2947
f 10279/179/2975 10281/1113/5 10280/38/2976
f 10282/179/2975 10284/2186/2977 10283/1113/5
f 10285/1115/2978 10287/1113/33 10286/2186/2979
f 10288/1115/2978 10290/2186/2979 10289/2187/2980
f 10291/1126/35 10293/1115/34 10292/2187/2981
f 10294/1126/15 10296/2187/2982 10295/2188/35
f 10297/1128/19 10299/1126/17 10298/2188/17
f 10300/1128/19 10302/2188/17 10301/2189/19
f 10303/2178/21 10305/1128/20 10304/2189/20
f 10306/2178/21 10308/2189/2983 10307/2190/21
f 10309/2179/2078 10311/2178/24 10310/2190/24
f 10312/2179/2078 10314/2190/24 10313/2191/2078
f 10315/2180/38 10317/2179/2984 10316/2191/2984
f 10318/2180/38 10320/2191/2984 10319/2192/38
f 10321/2181/2985 10323/2180/38 10322/2192/38
f 10324/2181/2986 10326/2192/38 10325/2193/2985
f 10327/2182/40 10329/2181/39 10328/2193/39
f 10330/2182/40 10332/2193/39 10331/2194/40
f 10333/2187/2980 10335/2195/2979 10334/2196/2980
f 10336/2188/15 10338/2187/2980 10337/2196/2980
f 10339/2188/35 10341/2196/2987 10340/2197/2988
f 10342/2189/2989 10344/2188/17 10343/2197/2990
f 10345/2189/19 10347/2197/2990 10346/2198/2991
f 10348/2190/21 10350/2189/2983 10349/2198/2992
f 10351/2190/21 10353/2198/2992 10352/2199/21
f 10354/2191/2078 10356/2190/24 10355/2199/24
f 10357/2191/2078 10359/2199/24 10358/2200/2078
f 10360/2192/1680 10362/2191/2984 10361/2200/2984
f 10363/2192/1680 10365/2200/2078 10364/2201/25
f 10366/2193/2986 10368/2192/38 10367/2201/2993
f 10369/2193/2986 10371/2201/28 10370/2202/29
f 10372/2202/27 10374/2201/28 10373/2203/1057
f 10375/2202/27 10377/2203/1057 10376/2204/2994
f 10378/2205/2995 10380/2204/2994 10379/2203/1056
f 10381/2205/2995 10383/2206/2996 10382/2204/2997
f 10384/2205/2998 10386/2207/2999 10385/2206/2996
f 10387/2206/2996 10389/2208/2042 10388/2209/3000
f 10390/2206/2996 10392/2209/3001 10391/2204/2997
f 10393/2209/3002 10395/2202/32 10394/2204/2994
f 10396/2207/3003 10398/2208/2044 10397/2206/2996
f 10399/2207/2999 10401/2210/3004 10400/2208/2044
f 10402/2210/3004 10404/2207/3003 10403/2211/3005
f 10405/2210/3004 10407/2211/3005 10406/2212/3006
f 10408/2212/3007 10410/2211/3008 10409/2213/3009
f 10411/2212/3007 10413/2213/3009 10412/2214/3010
f 10414/2214/3010 10416/2213/3009 10415/2215/3011
f 10417/2214/3012 10419/2215/3011 10418/2216/3013
f 10420/2205/3014 10422/2217/3015 10421/2207/3016
f 10423/2207/2999 10425/2217/1816 10424/2218/798
f 10426/2207/2999 10428/2218/798 10427/2211/3005
f 10429/2211/3008 10431/2218/797 10430/2219/3017
f 10432/2211/3008 10434/2219/3018 10433/2213/3019
f 10435/2213/3019 10437/2220/3020 10436/2215/3021
f 10438/2213/3019 10440/2219/3022 10439/2220/3020
f 10441/2219/3017 10443/2221/3023 10442/2220/3024
f 10444/2219/3017 10446/2222/3025 10445/2221/1692
f 10447/2218/797 10449/2222/3026 10448/2219/3017
f 10450/2218/797 10452/2223/860 10451/2222/3026
f 10453/2217/1814 10455/2223/860 10454/2218/836
f 10456/2217/1814 10458/2224/3027 10457/2223/1943
f 10459/2225/3028 10461/2224/3029 10460/2217/3030
f 10462/2225/3028 10464/2217/1814 10463/2205/2995
f 10465/2225/3031 10467/2205/2995 10466/2203/1103
f 10468/2225/3032 10470/2203/1103 10469/2226/3033
f 10471/2201/37 10473/2226/3034 10472/2203/1056
f 10474/2201/37 10476/2200/2984 10475/2226/3035
f 10477/2222/3036 10479/2227/2811 10478/2221/1311
f 10480/2222/3036 10482/2228/3037 10481/2227/3037
f 10483/2223/862 10485/2228/2811 10484/2222/3036
f 10486/2223/862 10488/2229/1806 10487/2228/2811
f 10489/2224/3038 10491/2229/1806 10490/2223/862
f 10492/2224/3038 10494/2230/1806 10493/2229/1806
f 10495/2230/1806 10497/2224/3038 10496/2225/2176
f 10498/2230/1806 10500/2225/2176 10499/2231/24
f 10501/2231/24 10503/2225/2176 10502/2226/3033
f 10504/2231/24 10506/2226/3033 10505/2232/1781
f 10507/2200/2078 10509/2232/3039 10508/2226/3040
f 10510/2200/2078 10512/2199/24 10511/2232/1780
f 10513/2233/22 10515/2232/1781 10514/2199/21
f 10516/2233/3041 10518/2199/21 10517/2198/2992
f 10519/2234/2990 10521/2233/18 10520/2198/2991
f 10522/2234/2990 10524/2198/2991 10523/2197/2990
f 10525/2234/3042 10527/2197/3042 10526/2196/2980
f 10528/2234/3042 10530/2196/2987 10529/2235/3043
f 10531/2235/3044 10533/2196/2980 10532/2195/2979
f 10534/2235/3044 10536/2195/2979 10535/2236/3045
f 10537/2237/3046 10539/2235/3044 10538/2236/3045
f 10540/2237/3046 10542/2238/1631 10541/2235/3044
f 10543/2238/1631 10545/2234/3042 10544/2235/3047
f 10546/2238/1543 10548/2239/1630 10547/2234/3042
f 10549/2233/18 10551/2234/3048 10550/2239/1628
f 10552/2233/3049 10554/2239/1628 10553/2240/3050
f 10555/2232/1780 10557/2233/22 10556/2240/3051
f 10558/2232/1780 10560/2240/3050 10559/2241/2506
f 10561/2232/1780 10563/2241/2506 10562/2231/24
f 10564/2231/21 10566/2241/2506 10565/2242/3052
f 10567/2231/24 10569/2242/3053 10568/2230/1805
f 10570/2230/1805 10572/2242/3052 10571/2243/2855
f 10573/2230/1805 10575/2243/2854 10574/2229/1805
f 10576/2229/1805 10578/2243/2855 10577/2244/3054
f 10579/2229/1805 10581/2244/3055 10580/2228/2811
f 10582/2228/3056 10584/2244/3054 10583/2245/921
f 10585/2228/3056 10587/2245/921 10586/2227/3056
f 10588/2242/3052 10590/2246/2609 10589/2247/2452
f 10591/2242/3052 10593/2241/2506 10592/2246/2610
f 10594/2241/3057 10596/2248/389 10595/2246/2609
f 10597/2241/2506 10599/2240/3058 10598/2248/389
f 10600/2240/3051 10602/2249/3059 10601/2248/389
f 10603/2240/3060 10605/2239/1542 10604/2249/3059
f 10606/2239/1630 10608/2250/3061 10607/2249/3062
f 10609/2239/1542 10611/2238/1632 10610/2250/3061
f 10612/2238/1632 10614/2251/3063 10613/2250/3064
f 10615/2238/1631 10617/2237/3046 10616/2251/3063
f 10618/2237/3046 10620/184/211 10619/2251/3063
f 10621/2237/3065 10623/185/3066 10622/184/211
f 10624/185/3067 10626/2237/3046 10625/2236/3045
f 10627/185/3066 10629/2236/3045 10628/187/3068
f 10630/2236/3045 10632/178/3069 10631/187/3070
f 10633/2236/3045 10635/2195/2977 10634/178/3069
f 10636/178/3071 10638/2195/2977 10637/2186/2977
f 10639/2187/2980 10641/2186/2979 10640/2195/2979
f 10642/178/3069 10644/2186/2977 10643/179/3069
f 10645/2216/3013 10647/2109/3072 10646/2108/3073
f 10648/2216/3074 10650/2215/3075 10649/2109/3072
f 10651/2215/3021 10653/2096/816 10652/2109/3076
f 10654/2215/3021 10656/2220/3020 10655/2096/816
f 10657/2220/3024 10659/2097/3077 10658/2096/816
f 10660/2220/3020 10662/2221/1692 10661/2097/2807
f 10663/2221/1315 10665/2099/2811 10664/2097/2810
f 10666/2221/1315 10668/2227/2811 10667/2099/2811
f 10669/2227/2811 10671/2101/1567 10670/2099/3056
f 10672/2227/2811 10674/2245/3078 10673/2101/1567
f 10675/2245/921 10677/2103/536 10676/2101/1567
f 10678/2245/921 10680/2252/3079 10679/2103/1496
f 10681/2244/3080 10683/2252/534 10682/2245/3081
f 10684/2244/3082 10686/2253/554 10685/2252/534
f 10687/2243/2831 10689/2253/404 10688/2244/3082
f 10690/2243/2799 10692/2254/3083 10691/2253/535
f 10693/2242/3053 10695/2254/3083 10694/2243/2831
f 10696/2242/3052 10698/2247/2452 10697/2254/3084
f 10699/2255/883 10701/2256/1775 10700/2257/1775
f 10702/2258/3085 10704/2256/1775 10703/2255/883
f 10705/2258/3085 10707/2259/1775 10706/2256/1775
f 10708/2260/924 10710/2259/1775 10709/2258/3085
f 10711/2261/2550 10713/2260/3086 10712/2258/3087
f 10714/2261/2775 10716/2258/3087 10715/2262/3088
f 10717/2263/3089 10719/2261/2550 10718/2262/3090
f 10720/2262/3088 10722/2258/3087 10721/2255/909
f 10723/2264/3091 10725/2257/1775 10724/2265/24
f 10726/2255/883 10728/2257/3092 10727/2264/3091
f 10729/2266/3093 10731/2255/909 10730/2264/3094
f 10732/2262/3088 10734/2255/909 10733/2266/3093
f 10735/2267/3095 10737/2262/3090 10736/2266/3096
f 10738/2263/3089 10740/2262/3090 10739/2267/3097
f 10741/2268/3098 10743/2263/3089 10742/2267/3099
f 10744/2269/951 10746/2263/3100 10745/2268/3098
f 10747/2269/3101 10749/2270/970 10748/2263/3100
f 10750/2270/973 10752/2261/2568 10751/2263/3100
f 10753/2270/973 10755/2271/3102 10754/2261/2568
f 10756/2261/2568 10758/2271/3103 10757/2272/2112
f 10759/2261/2775 10761/2272/2112 10760/2260/897
f 10762/2272/2090 10764/2273/1778 10763/2260/924
f 10765/2260/897 10767/2273/1775 10766/2259/1775
f 10768/2273/1775 10770/2274/3078 10769/2259/1775
f 10771/2259/1775 10773/2274/921 10772/2275/3078
f 10774/2259/1778 10776/2275/921 10775/2256/1778
f 10777/2273/1778 10779/2276/1568 10778/2274/3078
f 10780/2272/2090 10782/2277/1778 10781/2273/1778
f 10783/2277/1775 10785/2276/1568 10784/2273/1775
f 10786/2277/1775 10788/2278/2507 10787/2276/922
f 10789/2277/1775 10791/2279/2852 10790/2278/2507
f 10792/2280/2560 10794/2268/3104 10793/2281/948
f 10795/2268/3105 10797/2280/2560 10796/2282/408
f 10798/2268/3105 10800/2282/3106 10799/2269/971
f 10801/2283/3 10803/2269/971 10802/2282/408
f 10804/2283/3 10806/2284/3107 10805/2269/971
f 10807/2270/973 10809/2269/971 10808/2284/2
f 10810/2270/973 10812/2284/2 10811/2285/13
f 10813/2271/3102 10815/2270/3108 10814/2285/13
f 10816/2271/3102 10818/2285/3109 10817/2286/3110
f 10819/2272/2112 10821/2271/3111 10820/2286/14
f 10822/2272/3112 10824/2286/16 10823/2287/3049
f 10825/2277/1778 10827/2272/2090 10826/2287/18
f 10828/2277/1778 10830/2287/18 10829/2288/3113
f 10831/2277/1775 10833/2288/24 10832/2279/2852
f 10834/2288/24 10836/2289/2813 10835/2279/2852
f 10837/2288/24 10839/2290/3114 10838/2289/2813
f 10840/2290/26 10842/2291/3115 10841/2289/1554
f 10843/2290/26 10845/2292/37 10844/2291/3115
f 10846/2293/3116 10848/2294/42 10847/2295/41
f 10849/2293/3116 10851/2296/3117 10850/2294/42
f 10852/2297/2945 10854/2296/3118 10853/2293/3116
f 10855/2297/2945 10857/2298/3119 10856/2296/3120
f 10858/2298/3119 10860/2299/3121 10859/2296/3122
f 10861/2298/3123 10863/2300/3124 10862/2299/3125
f 10864/2300/395 10866/2291/3126 10865/2299/3121
f 10867/2300/395 10869/2301/392 10868/2291/3127
f 10870/2301/3128 10872/2289/1554 10871/2291/3127
f 10873/2301/390 10875/2302/3129 10874/2289/2818
f 10876/2303/2789 10878/2289/2813 10877/2302/3129
f 10879/2303/2607 10881/2279/2852 10880/2289/3130
f 10882/2279/2852 10884/2303/2789 10883/2304/3106
f 10885/2279/2852 10887/2304/3131 10886/2278/2507
f 10888/2305/3132 10890/2278/3133 10889/2304/3134
f 10891/2305/3135 10893/2276/1568 10892/2278/2507
f 10894/2306/2680 10896/2276/922 10895/2305/405
f 10897/2306/3136 10899/2274/921 10898/2276/922
f 10900/2299/3121 10902/2291/3137 10901/2292/28
f 10903/2299/3121 10905/2292/28 10904/2307/27
f 10906/2296/3117 10908/2299/3121 10907/2307/3138
f 10909/2296/3122 10911/2307/3138 10910/2294/30
f 10912/2308/534 10914/2274/921 10913/2306/3139
f 10915/2308/534 10917/2275/921 10916/2274/921
f 10918/2309/1496 10920/2275/921 10919/2308/534
f 10921/2309/1496 10923/2310/1567 10922/2275/921
f 10924/2311/3140 10926/2310/1554 10925/2309/1493
f 10927/2311/3141 10929/2312/3142 10928/2310/2813
f 10930/2311/3140 10932/2313/3143 10931/2312/3144
f 10933/2314/1781 10935/2312/3142 10934/2313/3143
f 10936/2315/3145 10938/2312/3142 10937/2314/1781
f 10939/2315/3145 10941/2265/24 10940/2312/3142
f 10942/2315/3145 10944/2316/876 10943/2265/1765
f 10945/2264/3091 10947/2265/24 10946/2316/881
f 10948/2317/879 10950/2264/3094 10949/2316/876
f 10951/2266/3093 10953/2264/2105 10952/2317/879
f 10954/2318/3146 10956/2266/3096 10955/2317/914
f 10957/2267/3147 10959/2266/3096 10958/2318/3146
f 10960/2281/996 10962/2267/3099 10961/2318/3148
f 10963/2268/3149 10965/2267/3150 10964/2281/948
f 10966/2256/1775 10968/2275/921 10967/2310/1554
f 10969/2256/1778 10971/2310/1554 10970/2257/1778
f 10972/2265/24 10974/2257/1775 10973/2310/1554
f 10975/2265/24 10977/2310/2813 10976/2312/3142
f 10978/2319/554 10980/2316/876 10979/2315/3145
f 10981/2320/3151 10983/2321/1530 10982/2322/3152
f 10984/2320/3151 10986/2318/3153 10985/2321/1530
f 10987/2281/948 10989/2318/3154 10988/2320/3155
f 10990/2322/3156 10992/2323/3157 10991/2324/3158
f 10993/2322/3156 10995/2321/1530 10994/2323/3157
f 10996/2321/1530 10998/2325/2191 10997/2323/3157
f 10999/2318/3146 11001/2317/914 11000/2321/1530
f 11002/2321/1530 11004/2317/914 11003/2325/3159
f 11005/2317/879 11007/2316/876 11006/2325/2187
f 11008/2319/3160 11010/2325/2186 11009/2316/876
f 11011/2319/3139 11013/2323/3161 11012/2325/3162
f 11014/2326/3163 11016/2323/3164 11015/2319/535
f 11017/2326/3165 11019/2324/3166 11018/2323/3157
f 11020/2327/557 11022/2324/3167 11021/2326/555
f 11023/2327/557 11025/2328/3168 11024/2324/3167
f 11026/2329/3169 11028/2324/3167 11027/2328/3168
f 11029/2329/3169 11031/2322/3170 11030/2324/3167
f 11032/2330/3171 11034/2322/3170 11033/2329/3172
f 11035/2330/3173 11037/2320/3174 11036/2322/3152
f 11038/2331/3175 11040/2320/3174 11039/2330/3173
f 11041/2331/3175 11043/2281/948 11042/2320/3176
f 11044/2280/2560 11046/2281/3177 11045/2331/3175
f 11047/2332/24 11049/2333/24 11048/2334/24
f 11050/2334/24 11052/2333/24 11051/2335/24
f 11053/2335/24 11055/2333/24 11054/2336/24
f 11056/2336/24 11058/2333/24 11057/2337/24
f 11059/2337/24 11061/2333/24 11060/2338/24
f 11062/2338/24 11064/2333/24 11063/2339/24
f 11065/2339/21 11067/2333/21 11066/2340/21
f 11068/2340/24 11070/2333/24 11069/2341/24
f 11071/2341/24 11073/2333/24 11072/2342/24
f 11074/2342/24 11076/2333/24 11075/2343/24
f 11077/2343/21 11079/2333/21 11078/2344/21
f 11080/2344/24 11082/2333/24 11081/2345/24
f 11083/2345/24 11085/2333/24 11084/2346/24
f 11086/2346/24 11088/2333/24 11087/2332/24
f 11089/2347/3178 11091/1573/2999 11090/1561/2999
f 11092/2347/3178 11094/1561/2999 11093/1396/791
f 11095/1396/791 11097/2348/3179 11096/2347/2088
f 11098/1396/833 11100/2349/3180 11099/2348/3181
f 11101/1396/791 11103/2350/3004 11102/2349/2074
f 11104/1396/791 11106/1395/3004 11105/2350/3004
f 11107/2350/3182 11109/1395/3182 11108/1391/431
f 11110/2350/3182 11112/1391/431 11111/2351/431
f 11113/2351/3183 11115/1391/3183 11114/1393/3184
f 11116/2351/3183 11118/1393/3184 11117/2352/316
f 11119/2352/325 11121/1393/325 11120/1392/3185
f 11122/2352/316 11124/1392/3185 11123/2353/3185
f 11125/1394/2293 11127/2353/3186 11126/1392/3186
f 11128/1394/2293 11130/2354/2293 11129/2353/3185
f 11131/2354/2293 11133/1394/2293 11132/1399/2293
f 11134/2354/2294 11136/1399/2294 11135/2355/2294
f 11137/1403/524 11139/2355/2294 11138/1399/2294
f 11140/1403/524 11142/1574/524 11141/2355/2293
f 11143/2356/642 11145/2357/2275 11144/2358/3187
f 11146/2359/781 11148/2360/3188 11147/2361/3189
f 11149/2361/3190 11151/2360/3188 11150/2362/3191
f 11152/2360/1841 11154/2363/89 11153/2362/3192
f 11155/2362/3193 11157/2363/89 11156/2356/642
f 11158/2356/642 11160/2363/89 11159/2364/3194
f 11161/2356/642 11163/2364/3195 11162/2357/2275
f 11164/2364/3196 11166/2365/3197 11165/2357/2303
f 11167/2366/60 11169/2357/2303 11168/2365/3198
f 11170/2367/3199 11172/2357/2279 11171/2366/60
f 11173/2367/3199 11175/2358/3200 11174/2357/2279
f 11176/2368/648 11178/2358/3187 11177/2367/3199
f 11179/2368/648 11181/2356/642 11180/2358/3187
f 11182/2368/648 11184/2362/3201 11183/2356/642
f 11185/2361/3190 11187/2362/3191 11186/2368/648
f 11188/2361/3202 11190/2368/3203 11189/2369/3204
f 11191/2361/3205 11193/2369/3206 11192/2370/3207
f 11194/2371/3208 11196/2361/3189 11195/2370/3207
f 11197/2371/3208 11199/2370/3209 11198/2372/3210
f 11200/2368/3211 11202/2367/3212 11201/2369/3206
f 11203/2359/265 11205/2363/89 11204/2360/1841
f 11206/2373/3213 11208/2363/89 11207/2359/265
f 11209/2373/3214 11211/2359/781 11210/2371/3215
f 11212/2359/781 11214/2361/3189 11213/2371/3208
f 11215/2374/3216 11217/2363/92 11216/2373/3214
f 11218/2375/3217 11220/2363/92 11219/2376/3218
f 11221/2377/3219 11223/2363/92 11222/2375/3220
f 11224/2378/3221 11226/2363/1728 11225/2377/3219
f 11227/2364/3194 11229/2363/92 11228/2379/301
f 11230/2379/301 11232/2363/89 11231/2378/3221
f 11233/2365/3222 11235/2379/300 11234/2378/3223
f 11236/2364/3196 11238/2379/300 11237/2365/3197
f 11239/2367/3224 11241/2380/3225 11240/2369/3204
f 11242/2369/3204 11244/2380/3226 11243/2381/3227
f 11245/2369/3204 11247/2381/3227 11246/2370/3228
f 11248/2370/3229 11250/2381/3227 11249/2382/3230
f 11251/2370/3209 11253/2382/3230 11252/2372/1141
f 11254/2382/3231 11256/2383/3232 11255/2372/1141
f 11257/2383/3233 11259/2371/3208 11258/2372/1138
f 11260/2383/3233 11262/2384/3234 11261/2371/3208
f 11263/2373/3214 11265/2371/3208 11264/2384/3235
f 11266/2385/3236 11268/2373/3214 11267/2384/3235
f 11269/2385/3236 11271/2374/3237 11270/2373/3214
f 11272/2386/3238 11274/2374/3239 11273/2385/3236
f 11275/2386/3240 11277/2363/92 11276/2374/1164
f 11278/2387/526 11280/2363/92 11279/2386/3240
f 11281/2376/3218 11283/2363/89 11282/2387/526
f 11284/2388/3241 11286/2376/3242 11285/2387/526
f 11287/2375/3243 11289/2376/3242 11288/2388/3241
f 11290/2375/3243 11292/2388/3241 11291/2389/3244
f 11293/2388/3245 11295/2390/3246 11294/2391/3247
f 11296/2388/3241 11298/2387/526 11297/2390/3248
f 11299/2390/3248 11301/2387/526 11300/2386/3238
f 11302/2390/3248 11304/2386/3238 11303/2392/3249
f 11305/2386/3238 11307/2385/3250 11306/2392/3251
f 11308/2392/1001 11310/2393/3252 11309/2394/2236
f 11311/2392/1001 11313/2385/3253 11312/2393/3252
f 11314/2393/3252 11316/2385/3254 11315/2384/3255
f 11317/2393/3252 11319/2384/3255 11318/2383/3233
f 11320/2395/3256 11322/2393/3257 11321/2383/1127
f 11323/2382/3231 11325/2395/3256 11324/2383/3232
f 11326/1935/3258 11328/2395/3256 11327/2382/3231
f 11329/2381/3259 11331/1935/3260 11330/2382/3261
f 11332/2381/3227 11334/1933/3262 11333/1935/3263
f 11335/2380/3264 11337/1933/3265 11336/2381/3227
f 11338/2380/3264 11340/1932/729 11339/1933/3265
f 11341/1930/3266 11343/1932/730 11342/2380/3267
f 11344/1930/3266 11346/2380/3267 11345/2396/3268
f 11347/1928/3269 11349/1930/3270 11348/2396/3271
f 11350/1928/3269 11352/2396/3271 11351/2397/1675
f 11353/1926/3272 11355/1928/1330 11354/2397/1675
f 11356/2390/3248 11358/2392/1015 11357/2394/3273
f 11359/2390/3248 11361/2394/2236 11360/2391/1016
f 11362/2394/2236 11364/2398/3274 11363/2391/1016
f 11365/2391/1008 11367/2398/3274 11366/2399/3275
f 11368/2398/3276 11370/1946/3277 11369/2399/3278
f 11371/1946/3279 11373/2400/3280 11372/2399/3281
f 11374/1946/3279 11376/1947/2313 11375/2400/3280
f 11377/1947/2302 11379/2401/3282 11378/2400/3280
f 11380/1947/2302 11382/1950/3283 11381/2401/3282
f 11383/2401/3284 11385/1950/3285 11384/1952/2774
f 11386/2401/3286 11388/1952/2774 11387/2402/3287
f 11389/2402/366 11391/1952/2531 11390/1926/3288
f 11392/2402/366 11394/1926/3288 11393/2403/3289
f 11395/1926/1191 11397/2397/64 11396/2403/3290
f 11398/2403/3291 11400/2397/164 11399/2366/3292
f 11401/2366/63 11403/2397/1675 11402/2396/3268
f 11404/2366/63 11406/2396/3293 11405/2367/3224
f 11407/2367/3224 11409/2396/3268 11408/2380/3225
f 11410/2391/1008 11412/2399/3278 11411/2404/3294
f 11413/2404/3295 11415/2399/3281 11414/2400/3296
f 11416/2404/3297 11418/2400/3296 11417/2405/3298
f 11419/2405/3298 11421/2400/3280 11420/2401/3282
f 11422/2405/3298 11424/2401/3282 11423/2406/583
f 11425/2406/3299 11427/2401/3284 11426/2402/330
f 11428/2377/2372 11430/2375/3300 11429/2389/2377
f 11431/2377/2372 11433/2389/2377 11432/2407/3301
f 11434/2378/3223 11436/2377/2372 11435/2407/3301
f 11437/2378/3223 11439/2407/3301 11438/2408/1227
f 11440/2365/3222 11442/2378/3223 11441/2408/1227
f 11443/2409/1162 11445/2365/3302 11444/2408/1227
f 11446/2366/60 11448/2365/3303 11447/2409/1162
f 11449/2403/3304 11451/2366/163 11450/2409/1162
f 11452/2402/330 11454/2403/3291 11453/2409/1162
f 11455/2402/330 11457/2409/1162 11456/2410/368
f 11458/2406/583 11460/2402/3305 11459/2410/368
f 11461/2408/1227 11463/2406/583 11462/2410/391
f 11464/2408/1228 11466/2407/3306 11465/2406/583
f 11467/2406/583 11469/2407/3307 11468/2389/3308
f 11470/2406/583 11472/2389/3308 11471/2405/3309
f 11473/2405/3310 11475/2389/2378 11474/2388/3311
f 11476/2405/3312 11478/2388/3311 11477/2404/3297
f 11479/2388/3311 11481/2391/1018 11480/2404/3313
f 11482/2409/3314 11484/2408/1227 11483/2410/370
f 11485/2411/3023 11487/2412/836 11486/2413/3315
f 11488/2411/3023 11490/2414/797 11489/2412/797
f 11491/2414/798 11493/2415/3316 11492/2412/798
f 11494/2414/798 11496/2416/795 11495/2415/3317
f 11497/2416/1241 11499/2417/848 11498/2415/3317
f 11500/2416/1241 11502/2418/1267 11501/2417/848
f 11503/2418/1267 11505/2419/3318 11504/2417/849
f 11506/2418/1267 11508/2420/431 11507/2419/3318
f 11509/2421/3319 11511/2420/431 11510/2418/1267
f 11512/2422/1241 11514/2421/3319 11513/2418/1267
f 11515/2422/795 11517/2418/1267 11516/2416/795
f 11518/2423/798 11520/2422/795 11519/2416/795
f 11521/2423/798 11523/2416/795 11522/2414/798
f 11524/2424/3320 11526/2423/797 11525/2414/836
f 11527/2424/3320 11529/2414/836 11528/2411/3321
f 11530/584/3322 11532/2424/3323 11531/2411/1311
f 11533/584/3322 11535/2411/1311 11534/581/812
f 11536/581/843 11538/2411/1315 11537/2413/3315
f 11539/581/846 11541/2413/3324 11540/574/3325
f 11542/574/3325 11544/2425/844 11543/554/824
f 11545/574/3325 11547/2413/3315 11546/2425/844
f 11548/2413/3326 11550/2426/834 11549/2425/841
f 11551/2413/3326 11553/2412/836 11552/2426/839
f 11554/2412/797 11556/2427/1411 11555/2426/834
f 11557/2412/798 11559/2415/3327 11558/2427/1411
f 11560/2415/3327 11562/2428/3328 11561/2427/1432
f 11563/2415/3327 11565/2417/848 11564/2428/2999
f 11566/2417/848 11568/2429/1249 11567/2428/3003
f 11569/2417/849 11571/2419/3318 11570/2429/1264
f 11572/2419/3318 11574/2430/3329 11573/2429/1264
f 11575/2419/3318 11577/2431/3330 11576/2430/3331
f 11578/2420/3183 11580/2431/3330 11579/2419/3318
f 11581/2420/3183 11583/2432/1340 11582/2431/3330
f 11584/2433/3332 11586/2432/1340 11585/2420/3183
f 11587/2421/3333 11589/2433/3334 11588/2420/431
f 11590/563/1261 11592/2433/3335 11591/2421/3319
f 11593/563/1261 11595/2421/3319 11594/2422/3336
f 11596/563/1396 11598/2422/3337 11597/2423/3338
f 11599/563/1712 11601/2423/3338 11600/2424/3339
f 11602/563/3340 11604/2424/3341 11603/584/3342
f 11605/563/1712 11607/2434/3343 11606/2433/3344
f 11608/2433/3344 11610/2434/1822 11609/2432/1341
f 11611/2431/3345 11613/2435/3346 11612/2430/3331
f 11614/2431/3330 11616/2436/3347 11615/2435/3346
f 11617/2432/1345 11619/2436/3347 11618/2431/3345
f 11620/2432/1345 11622/2437/763 11621/2436/3348
f 11623/2434/1822 11625/2437/3349 11624/2432/1345
f 11626/2434/1822 11628/2438/3350 11627/2437/3349
f 11629/563/1396 11631/2438/3351 11630/2434/1822
f 11632/563/1261 11634/2439/3352 11633/2438/1145
f 11635/563/1396 11637/2440/3353 11636/2439/3354
f 11638/2439/3354 11640/2440/3355 11639/2441/3355
f 11641/2442/359 11643/2441/3355 11642/2440/3355
f 11644/2442/360 11646/2443/3214 11645/2441/3355
f 11647/563/1261 11649/2442/359 11648/2440/3353
f 11650/2438/1150 11652/2444/3356 11651/2437/764
f 11653/2438/1145 11655/2439/3356 11654/2444/3356
f 11656/2439/3354 11658/2441/3355 11657/2444/3354
f 11659/2435/3346 11661/2445/1888 11660/2446/2516
f 11662/2435/3346 11664/2447/1137 11663/2445/1888
f 11665/2436/3357 11667/2447/1137 11666/2435/3358
f 11668/2436/3357 11670/2448/3359 11669/2447/1137
f 11671/2437/764 11673/2448/3360 11672/2436/3357
f 11674/2437/764 11676/2444/3352 11675/2448/3360
f 11677/2444/3354 11679/2449/3361 11678/2448/3360
f 11680/2444/3354 11682/2441/3353 11681/2449/3234
f 11683/2441/3353 11685/2450/3362 11684/2449/3235
f 11686/2441/3353 11688/2443/3214 11687/2450/3362
f 11689/2447/3363 11691/2451/3364 11690/2445/1888
f 11692/2447/3363 11694/2452/3365 11693/2451/3364
f 11695/2448/3360 11697/2452/3366 11696/2447/3363
f 11698/2448/3360 11700/2449/3234 11699/2452/3367
f 11701/2449/3255 11703/2453/3368 11702/2452/3366
f 11704/2449/3255 11706/2450/3362 11705/2453/3369
f 11707/2452/3370 11709/2454/3371 11708/2451/3364
f 11710/2452/3366 11712/2453/3369 11711/2454/3372
f 11713/551/1573 11715/1487/2176 11714/552/1945
f 11716/551/1566 11718/1449/1944 11717/1487/2176
f 11719/553/1804 11721/1449/1944 11720/551/1573
f 11722/553/1801 11724/1447/3373 11723/1449/1944
f 11725/554/827 11727/1447/3373 11726/553/1801
f 11728/554/827 11730/2425/842 11729/1447/3373
f 11731/2425/841 11733/2455/1814 11732/1447/2120
f 11734/2425/841 11736/2426/834 11735/2455/1814
f 11737/2426/834 11739/2456/3374 11738/2455/1816
f 11740/2426/834 11742/2427/3375 11741/2456/3374
f 11743/2427/3375 11745/2457/3376 11744/2456/3377
f 11746/2427/3375 11748/2428/3328 11747/2457/3376
f 11749/2428/2999 11751/2458/1663 11750/2457/3376
f 11752/2428/3003 11754/2429/1249 11753/2458/1608
f 11755/2429/1264 11757/2459/1262 11756/2458/1663
f 11758/2429/1709 11760/2430/3331 11759/2459/1262
f 11761/2430/3331 11763/2446/2516 11762/2459/1262
f 11764/2430/3331 11766/2435/3346 11765/2446/2516
f 11767/1447/2120 11769/2455/1814 11768/1448/2121
f 11770/2455/1814 11772/2460/3378 11771/1448/3379
f 11773/2455/3015 11775/2456/3374 11774/2460/3378
f 11776/2456/3380 11778/2461/1969 11777/2460/3378
f 11779/2456/3381 11781/2457/3382 11780/2461/1973
f 11782/2457/3382 11784/2462/1106 11783/2461/1969
f 11785/2457/3383 11787/2458/1663 11786/2462/1105
f 11788/1448/2121 11790/2460/3378 11789/1418/2125
f 11791/2460/3384 11793/1419/2078 11792/1418/2077
f 11794/2460/3384 11796/2461/1961 11795/1419/3385
f 11797/2461/1961 11799/1422/23 11798/1419/3385
f 11800/2461/1961 11802/2462/1106 11801/1422/23
f 11803/2462/1106 11805/1434/1083 11804/1422/23
f 11806/2462/1105 11808/2463/3386 11807/1434/1957
f 11809/2458/1663 11811/2463/1958 11810/2462/1106
f 11812/2458/1663 11814/2464/2521 11813/2463/3387
f 11815/2458/1663 11817/2459/1262 11816/2464/2521
f 11818/2465/756 11820/2466/756 11819/2467/756
f 11821/2467/756 11823/2466/756 11822/2468/756
f 11824/2468/756 11826/2466/756 11825/2469/756
f 11827/2469/756 11829/2466/756 11828/2470/756
f 11830/2470/756 11832/2466/756 11831/2471/756
f 11833/2471/756 11835/2466/756 11834/2472/756
f 11836/2472/756 11838/2466/756 11837/2473/756
f 11839/2473/756 11841/2466/756 11840/2474/756
f 11842/2474/756 11844/2466/756 11843/2475/756
f 11845/2475/756 11847/2466/756 11846/2476/756
f 11848/2476/756 11850/2466/756 11849/2477/756
f 11851/2477/756 11853/2466/756 11852/2478/756
f 11854/2478/756 11856/2466/756 11855/2479/756
f 11857/2479/756 11859/2466/756 11858/2465/756
f 11860/2480/3388 11862/2481/3079 11861/2482/3389
f 11863/2480/3390 11865/2483/428 11864/2481/3079
f 11866/2483/529 11868/2484/537 11867/2481/3391
f 11869/2483/428 11871/2485/527 11870/2484/537
f 11872/2485/527 11874/2486/3392 11873/2484/3393
f 11875/2485/3394 11877/2487/3395 11876/2486/3396
f 11878/2486/3396 11880/2487/3397 11879/2488/3398
f 11881/2489/89 11883/2488/3399 11882/2487/3397
f 11884/2487/3400 11886/2490/3401 11885/2489/92
f 11887/2487/3400 11889/2491/274 11888/2490/3401
f 11890/2490/3401 11892/2491/274 11891/2492/3402
f 11893/2491/274 11895/2493/3403 11894/2492/3404
f 11896/2492/3405 11898/2493/3406 11897/2494/1011
f 11899/2493/3403 11901/2495/3407 11900/2494/1011
f 11902/2494/3408 11904/2495/3409 11903/2496/3410
f 11905/2495/3411 11907/2497/3412 11906/2496/3410
f 11908/2496/3413 11910/2497/3414 11909/2498/3415
f 11911/2497/3412 11913/2499/3416 11912/2498/3417
f 11914/2500/3139 11916/2490/3401 11915/2492/3405
f 11917/2485/527 11919/2501/160 11918/2502/3418
f 11920/2502/3418 11922/2501/157 11921/2503/2473
f 11923/2501/157 11925/2504/3419 11924/2503/3420
f 11926/2503/2363 11928/2504/3421 11927/2505/3422
f 11929/2504/3421 11931/2506/2627 11930/2505/3422
f 11932/2505/3423 11934/2506/2628 11933/2507/3424
f 11935/2506/2628 11937/2508/3425 11936/2507/986
f 11938/2507/965 11940/2508/3425 11939/2509/2630
f 11941/2507/965 11943/2509/2618 11942/2499/3426
f 11944/2497/3414 11946/2507/947 11945/2499/3416
f 11947/2505/3422 11949/2507/989 11948/2497/3412
f 11950/2495/3411 11952/2505/3423 11951/2497/3412
f 11953/2503/2363 11955/2505/3422 11954/2495/3407
f 11956/2493/3406 11958/2503/2363 11957/2495/3427
f 11959/2502/3428 11961/2503/2363 11960/2493/3403
f 11962/2491/3429 11964/2502/3418 11963/2493/3430
f 11965/2491/274 11967/2485/527 11966/2502/3418
f 11968/2491/274 11970/2487/3400 11969/2485/527
f 11971/2504/3431 11973/2510/3432 11972/2506/2627
f 11974/2506/2627 11976/2510/3432 11975/2511/175
f 11977/2506/2627 11979/2511/175 11978/2512/3433
f 11980/2506/2627 11982/2512/3434 11981/2508/3425
f 11983/2501/157 11985/2513/157 11984/2504/3419
f 11986/2513/157 11988/2510/3435 11987/2504/3419
f 11989/2513/157 11991/2514/89 11990/2510/3436
f 11992/2514/92 11994/2511/175 11993/2510/3436
f 11995/2514/89 11997/2515/89 11996/2511/193
f 11998/2485/3437 12000/2483/428 11999/2501/160
f 12001/2483/428 12003/2513/160 12002/2501/160
f 12004/2483/428 12006/2480/3388 12005/2513/160
f 12007/2480/3388 12009/2514/89 12008/2513/160
f 12010/2480/3388 12012/2516/3438 12011/2514/92
f 12013/2516/3242 12015/2515/89 12014/2514/89
f 12016/2516/3242 12018/2517/2476 12017/2515/89
f 12019/2515/92 12021/2517/544 12020/2518/160
f 12022/2498/3417 12024/2499/3439 12023/2280/2644
f 12025/2499/3439 12027/2282/2452 12026/2280/2643
f 12028/2499/3440 12030/2509/2784 12029/2282/2452
f 12031/2283/3441 12033/2282/2452 12032/2509/2618
f 12034/2283/3442 12036/2509/2784 12035/2519/3443
f 12037/2519/3443 12039/2509/2618 12038/2508/3444
f 12040/2519/3445 12042/2508/3425 12041/2520/3446
f 12043/2520/3446 12045/2508/3447 12044/2512/3433
f 12046/2520/3448 12048/2512/3433 12047/2521/658
f 12049/2521/657 12051/2512/3433 12050/2511/175
f 12052/2521/657 12054/2511/175 12053/2522/641
f 12055/2522/3449 12057/2511/193 12056/2515/89
f 12058/2522/3449 12060/2515/89 12059/2523/274
f 12061/2515/92 12063/2518/160 12062/2523/274
f 12064/2523/274 12066/2518/160 12065/2524/527
f 12067/2523/274 12069/2524/527 12068/2525/3450
f 12070/2525/3451 12072/2524/527 12071/2526/3452
f 12073/2525/3451 12075/2526/3452 12074/2527/357
f 12076/2527/3453 12078/2526/3454 12077/2528/3455
f 12079/2527/3453 12081/2528/3455 12080/2529/373
f 12082/2529/354 12084/2528/3455 12083/2530/3456
f 12085/2529/354 12087/2530/3457 12086/2531/3458
f 12088/2531/409 12090/2532/3459 12089/2533/414
f 12091/2531/409 12093/2530/3457 12092/2532/3460
f 12094/2534/123 12096/2532/3459 12095/2530/3461
f 12097/2534/123 12099/2530/3456 12098/2535/3462
f 12100/2535/3463 12102/2530/3456 12101/2528/3464
f 12103/2535/3063 12105/2528/3455 12104/2536/3064
f 12106/2536/3064 12108/2528/3464 12107/2526/3465
f 12109/2536/3061 12111/2526/3452 12110/2537/3059
f 12112/2537/3062 12114/2526/3466 12113/2524/527
f 12115/2537/3059 12117/2524/527 12116/2538/389
f 12118/2524/527 12120/2539/2609 12119/2538/389
f 12121/2524/527 12123/2518/160 12122/2539/2609
f 12124/2518/160 12126/2540/2452 12125/2539/2610
f 12127/2518/160 12129/2517/3467 12128/2540/3468
f 12130/2517/3469 12132/2541/3084 12131/2540/2452
f 12133/2517/2476 12135/2516/3218 12134/2541/3084
f 12136/2516/3242 12138/2482/404 12137/2541/3084
f 12139/2516/3242 12141/2480/3390 12140/2482/554
f 12142/2542/3470 12144/2543/3471 12143/4/3472
f 12145/2544/3473 12147/2543/3474 12146/2542/3475
f 12148/2544/3473 12150/2545/3476 12149/2543/3474
f 12151/2546/3477 12153/2545/3478 12152/2544/3479
f 12154/2546/3477 12156/2547/3480 12155/2545/3478
f 12157/2548/1932 12159/2547/3481 12158/2546/3482
f 12160/2548/1932 12162/2549/1932 12161/2547/3481
f 12163/2550/274 12165/2549/1932 12164/2548/1932
f 12166/2550/3483 12168/2551/89 12167/2549/1933
f 12169/2552/3450 12171/2551/92 12170/2550/274
f 12172/2552/3484 12174/2553/106 12173/2551/92
f 12175/2554/357 12177/2553/108 12176/2552/3451
f 12178/2554/357 12180/2555/357 12179/2553/108
f 12181/2556/373 12183/2557/3485 12182/2555/357
f 12184/2556/354 12186/2555/357 12185/2554/357
f 12187/2558/354 12189/2556/354 12188/2554/357
f 12190/2558/373 12192/2554/357 12191/2559/357
f 12193/2559/357 12195/2554/357 12194/2552/3451
f 12196/2559/357 12198/2552/3451 12197/2560/3451
f 12199/2560/3484 12201/2552/3484 12200/2550/274
f 12202/2560/3486 12204/2550/274 12203/2561/274
f 12205/2561/3483 12207/2550/3483 12206/2548/1932
f 12208/2561/274 12210/2548/1933 12209/2562/641
f 12211/2562/3487 12213/2548/1932 12212/2546/3481
f 12214/2562/3487 12216/2546/3482 12215/2563/657
f 12217/2563/3488 12219/2546/3489 12218/2544/3479
f 12220/2563/658 12222/2544/3479 12221/2564/3490
f 12223/2565/3491 12225/2564/3490 12224/2544/3473
f 12226/2565/3491 12228/2544/2708 12227/2542/3492
f 12229/2565/3443 12231/2542/3470 12230/1/288
f 12232/2542/3470 12234/4/3493 12233/1/288
f 12235/2565/3491 12237/1/288 12236/3/3442
f 12238/2566/3458 12240/2556/354 12239/2558/377
f 12241/2567/414 12243/2568/409 12242/2566/409
f 12244/2566/3458 12246/2568/3458 12245/2556/377
f 12247/2568/374 12249/2557/3494 12248/2556/354
f 12250/2568/376 12252/2569/3495 12251/2557/3496
f 12253/2570/3497 12255/2569/410 12254/2568/374
f 12256/2570/413 12258/2571/3498 12257/2569/410
f 12259/2567/414 12261/2570/413 12260/2568/409
f 12262/2572/1190 12264/2573/1191 12263/2005/1191
f 12265/2573/1160 12267/2006/1162 12266/2005/1160
f 12268/2573/1160 12270/2574/1162 12269/2006/1162
f 12271/2006/3314 12273/2574/3314 12272/2575/300
f 12274/2006/3314 12276/2575/300 12275/1980/300
f 12277/1980/301 12279/2575/301 12278/2576/1164
f 12280/1980/301 12282/2576/1164 12281/1973/3216
f 12283/1973/1165 12285/2576/1165 12284/2577/107
f 12286/1973/1165 12288/2577/107 12287/1974/107
f 12289/2577/110 12291/1976/1167 12290/1974/110
f 12292/2577/110 12294/2578/1167 12293/1976/1167
f 12295/2578/1169 12297/1978/1170 12296/1976/1171
f 12298/2578/1171 12300/2579/1170 12299/1978/1170
f 12301/2579/1170 12303/1996/1175 12302/1978/1170
f 12304/2579/1486 12306/2580/1175 12305/1996/1175
f 12307/1996/1655 12309/2580/1655 12308/2581/38
f 12310/1996/1176 12312/2581/38 12311/1997/38
f 12313/1997/38 12315/2581/38 12314/2582/1179
f 12316/1997/1177 12318/2582/1179 12317/1999/1179
f 12319/2582/1180 12321/2001/1181 12320/1999/1180
f 12322/2582/1180 12324/2583/1181 12323/2001/1181
f 12325/2583/1184 12327/2002/3499 12326/2001/1184
f 12328/2583/1184 12330/2584/1187 12329/2002/1183
f 12331/2002/1187 12333/2584/1187 12332/2585/1188
f 12334/2002/1187 12336/2585/1188 12335/2003/1188
f 12337/2003/1186 12339/2585/1186 12338/2572/1190
f 12340/2003/1186 12342/2572/1190 12341/2004/1158
f 12343/2572/1190 12345/2005/1191 12344/2004/1190
f 12346/1571/2267 12348/1551/2276 12347/1553/2267
f 12349/1571/2267 12351/1587/735 12350/1551/2276
f 12352/1587/733 12354/1549/2308 12353/1551/2276
f 12355/1587/733 12357/1589/2308 12356/1549/2308
f 12358/1589/2308 12360/1547/2309 12359/1549/2308
f 12361/1589/2308 12363/1591/2309 12362/1547/2309
f 12364/1591/2309 12366/1545/3500 12365/1547/2309
f 12367/1591/2309 12369/1593/3501 12368/1545/3500
f 12370/1593/2312 12372/1543/1329 12371/1545/3500
f 12373/1593/2312 12375/1606/3502 12374/1543/1335
f 12376/1644/2389 12378/1543/1363 12377/1606/3502
f 12379/1605/2323 12381/1644/2389 12380/1606/2324
f 12382/1644/2389 12384/1605/3503 12383/1646/2392
f 12385/1605/2322 12387/1604/3504 12386/1646/2392
f 12388/1648/2393 12390/1646/3505 12389/1604/2310
f 12391/1621/1211 12393/1648/2393 12392/1604/2310
f 12394/1648/2393 12396/1621/1211 12395/1642/2375
f 12397/1621/1214 12399/1620/3506 12398/1642/2395
f 12400/2194/3507 12402/2193/39 12401/2202/31
f 12403/2194/40 12405/2202/31 12404/2586/30
f 12406/2209/3002 12408/2586/30 12407/2202/32
f 12409/2587/45 12411/2586/43 12410/2209/3002
f 12412/2208/2042 12414/2587/3508 12413/2209/3000
f 12415/2208/2044 12417/2588/3509 12416/2587/45
f 12418/2210/3510 12420/2588/3509 12419/2208/2044
f 12421/2210/3511 12423/2589/722 12422/2588/3509
f 12424/2589/755 12426/2210/3004 12425/2212/3006
f 12427/2589/755 12429/2212/3006 12428/2590/3512
f 12430/2590/1280 12432/2212/3513 12431/2214/3514
f 12433/2590/1306 12435/2214/3514 12434/2591/3515
f 12436/2591/3516 12438/2214/3517 12437/2216/3013
f 12439/2591/3516 12441/2216/3013 12440/2592/72
f 12442/2592/69 12444/2216/3013 12443/2108/2823
f 12445/2592/69 12447/2108/2823 12446/2593/3518
f 12448/2593/3519 12450/2108/2823 12449/2104/3520
f 12451/2593/3519 12453/2104/2819 12452/2115/3521
f 12454/2587/45 12456/2594/3522 12455/2586/43
f 12457/2595/3522 12459/2586/43 12458/2594/3522
f 12460/2595/3522 12462/2194/44 12461/2586/43
f 12463/2183/3523 12465/2194/44 12464/2595/3522
f 12466/2183/3523 12468/2182/44 12467/2194/44
f 12469/2596/1729 12471/2597/1729 12470/2598/1729
f 12472/2597/1729 12474/2599/1729 12473/2598/1729
f 12475/2599/1729 12477/2600/1729 12476/2598/1729
f 12478/2600/1729 12480/2601/1729 12479/2598/1729
f 12481/2601/1729 12483/2602/1729 12482/2598/1729
f 12484/2602/1729 12486/2603/1729 12485/2598/1729
f 12487/2603/1729 12489/2604/1729 12488/2598/1729
f 12490/2604/1729 12492/2605/1729 12491/2598/1729
f 12493/2605/1729 12495/2606/1729 12494/2598/1729
f 12496/2606/1729 12498/2607/1729 12497/2598/1729
f 12499/2607/2590 12501/2608/2590 12500/2598/2590
f 12502/2608/1729 12504/2609/1729 12503/2598/1729
f 12505/2609/1729 12507/2610/1729 12506/2598/1729
f 12508/2610/1729 12510/2596/1729 12509/2598/1729
f 12511/2611/3524 12513/2330/3525 12512/2329/3526
f 12514/2612/3527 12516/2611/3524 12515/2329/3528
f 12517/2612/3527 12519/2329/3528 12518/2328/3529
f 12520/2327/2804 12522/2612/3530 12521/2328/3529
f 12523/2327/2804 12525/2613/2642 12524/2612/3527
f 12526/2613/2555 12528/2614/3531 12527/2612/3530
f 12529/2613/2555 12531/2500/535 12530/2614/3531
f 12532/2500/3136 12534/2615/3532 12533/2614/3533
f 12535/2500/554 12537/2492/3405 12536/2615/3534
f 12538/2492/3405 12540/2494/1011 12539/2615/3534
f 12541/2615/3532 12543/2494/1011 12542/2616/3274
f 12544/2494/1011 12546/2496/3535 12545/2616/3274
f 12547/2616/3276 12549/2496/3535 12548/2617/3536
f 12550/2496/3410 12552/2498/3415 12551/2617/3536
f 12553/2617/3536 12555/2498/3417 12554/2331/3537
f 12556/2498/3417 12558/2280/2644 12557/2331/3537
f 12559/2614/3538 12561/2611/3524 12560/2612/3530
f 12562/2615/3539 12564/2616/3274 12563/2614/3540
f 12565/2614/3538 12567/2616/3541 12566/2611/3524
f 12568/2616/3276 12570/2617/3542 12569/2611/3524
f 12571/2611/3524 12573/2617/3542 12572/2330/3525
f 12574/2617/3536 12576/2331/3537 12575/2330/3525
f 12577/2618/1170 12579/2619/1170 12578/2620/1170
f 12580/2621/1170 12582/2620/1170 12581/2619/1170
f 12583/2622/1170 12585/2621/1170 12584/2619/1170
f 12586/2623/1170 12588/2622/1170 12587/2619/1170
f 12589/2624/1170 12591/2623/1170 12590/2619/1170
f 12592/2625/1170 12594/2624/1170 12593/2619/1170
f 12595/2626/1170 12597/2625/1170 12596/2619/1170
f 12598/2627/1170 12600/2626/1170 12599/2619/1170
f 12601/2628/1170 12603/2627/1170 12602/2619/1170
f 12604/2629/1170 12606/2628/1170 12605/2619/1170
f 12607/2630/1170 12609/2629/1170 12608/2619/1170
f 12610/2630/1170 12612/2619/1170 12611/2631/1170
f 12613/2631/1170 12615/2619/1170 12614/2632/1170
f 12616/2632/1170 12618/2619/1170 12617/2633/1170
f 12619/2633/1170 12621/2619/1170 12620/2634/1170
f 12622/2634/1170 12624/2619/1170 12623/2635/1170
f 12625/2635/1170 12627/2619/1170 12626/2636/1170
f 12628/2636/1170 12630/2619/1170 12629/2637/1170
f 12631/2637/1170 12633/2619/1170 12632/2638/1170
f 12634/2638/1170 12636/2619/1170 12635/2618/1170
f 12637/2398/3276 12639/1943/3543 12638/1946/3277
f 12640/1942/3544 12642/1943/3543 12641/2398/3541
f 12643/1942/3544 12645/2398/3541 12644/2639/3545
f 12646/2394/2236 12648/2639/3546 12647/2398/3541
f 12649/2393/3547 12651/2639/3546 12650/2394/3548
f 12652/2393/3547 12654/2640/3549 12653/2639/3546
f 12655/2395/3256 12657/2640/3549 12656/2393/3547
f 12658/1937/3550 12660/2640/3549 12659/2395/3256
f 12661/1935/3263 12663/1937/3551 12662/2395/3256
f 12664/1937/3551 12666/1940/3552 12665/2640/3553
f 12667/1940/3554 12669/2639/3555 12668/2640/3549
f 12670/1940/3556 12672/1942/3557 12671/2639/3546
f 12673/2641/1168 12675/2642/1167 12674/1783/1167
f 12676/2642/1169 12678/1777/1170 12677/1783/1171
f 12679/2642/1169 12681/2643/3558 12680/1777/1170
f 12682/1777/1170 12684/2643/1490 12683/2644/1172
f 12685/1777/1170 12687/2644/1172 12686/1768/1175
f 12688/1768/1176 12690/2644/1655 12689/2645/38
f 12691/1768/1176 12693/2645/38 12692/1715/38
f 12694/1715/1177 12696/2645/1177 12695/2646/1179
f 12697/1715/1177 12699/2646/1179 12698/1716/1179
f 12700/1716/1180 12702/2646/1180 12701/2647/1181
f 12703/1716/1180 12705/2647/1181 12704/1730/1181
f 12706/1730/1184 12708/2647/1184 12707/2648/1185
f 12709/1730/1184 12711/2648/1183 12710/1728/1187
f 12712/1728/1187 12714/2648/1187 12713/2649/1188
f 12715/1728/1187 12717/2649/1186 12716/1726/1624
f 12718/1726/1186 12720/2649/1186 12719/2650/1190
f 12721/1726/1186 12723/2650/1189 12722/1725/1158
f 12724/2650/1681 12726/1723/1191 12725/1725/1681
f 12727/2650/1190 12729/2651/1191 12728/1723/1191
f 12730/2651/1191 12732/1721/1162 12731/1723/1191
f 12733/2651/1160 12735/2652/1162 12734/1721/1162
f 12736/2652/1163 12738/1718/300 12737/1721/3314
f 12739/2652/1163 12741/2653/300 12740/1718/300
f 12742/1718/301 12744/2653/301 12743/2654/3216
f 12745/1718/301 12747/2654/1164 12746/1719/3216
f 12748/1719/3237 12750/2654/3237 12749/2641/107
f 12751/1719/3237 12753/2641/107 12752/1779/107
f 12754/2641/1168 12756/1783/1167 12755/1779/110
f 12757/2655/1190 12759/2656/1190 12758/2657/1190
f 12760/2657/1190 12762/2656/1190 12761/2658/1190
f 12763/2658/1190 12765/2656/1190 12764/2659/1190
f 12766/2659/1190 12768/2656/1190 12767/2660/1190
f 12769/2660/1190 12771/2656/1190 12770/2661/1190
f 12772/2661/1190 12774/2656/1190 12773/2662/1190
f 12775/2662/1190 12777/2656/1190 12776/2663/1190
f 12778/2663/1190 12780/2656/1190 12779/2664/1190
f 12781/2664/1190 12783/2656/1190 12782/2665/1190
f 12784/2665/1190 12786/2656/1190 12785/2666/1190
f 12787/2667/1190 12789/2666/1190 12788/2656/1190
f 12790/2668/1190 12792/2667/1190 12791/2656/1190
f 12793/2669/1190 12795/2668/1190 12794/2656/1190
f 12796/2670/1190 12798/2669/1190 12797/2656/1190
f 12799/2671/1190 12801/2670/1190 12800/2656/1190
f 12802/2672/1190 12804/2671/1190 12803/2656/1190
f 12805/2673/1190 12807/2672/1190 12806/2656/1190
f 12808/2674/1190 12810/2673/1190 12809/2656/1190
f 12811/2675/1190 12813/2674/1190 12812/2656/1190
f 12814/2655/1190 12816/2675/1190 12815/2656/1190
f 12817/2676/756 12819/2677/756 12818/2678/756
f 12820/2678/756 12822/2677/756 12821/2679/756
f 12823/2679/756 12825/2677/756 12824/2680/756
f 12826/2680/756 12828/2677/756 12827/2681/756
f 12829/2681/756 12831/2677/756 12830/2682/756
f 12832/2682/792 12834/2677/792 12833/2683/792
f 12835/2683/756 12837/2677/756 12836/2684/756
f 12838/2684/756 12840/2677/756 12839/2685/756
f 12841/2685/756 12843/2677/756 12842/2686/756
f 12844/2686/792 12846/2677/792 12845/2687/792
f 12847/2687/756 12849/2677/756 12848/2688/756
f 12850/2688/756 12852/2677/756 12851/2689/756
f 12853/2689/756 12855/2677/756 12854/2690/756
f 12856/2690/756 12858/2677/756 12857/2676/756
f 12859/2691/1170 12861/2692/1170 12860/2693/1170
f 12862/2692/1170 12864/2694/1170 12863/2693/1170
f 12865/2694/1170 12867/2695/1170 12866/2693/1170
f 12868/2695/1170 12870/2696/1170 12869/2693/1170
f 12871/2696/1170 12873/2697/1170 12872/2693/1170
f 12874/2698/1170 12876/2693/1170 12875/2697/1170
f 12877/2699/1170 12879/2693/1170 12878/2698/1170
f 12880/2700/1170 12882/2693/1170 12881/2699/1170
f 12883/2701/1170 12885/2693/1170 12884/2700/1170
f 12886/2702/1170 12888/2693/1170 12887/2701/1170
f 12889/2702/1170 12891/2703/1170 12890/2693/1170
f 12892/2703/1170 12894/2704/1170 12893/2693/1170
f 12895/2704/1170 12897/2705/1170 12896/2693/1170
f 12898/2705/1170 12900/2706/1170 12899/2693/1170
f 12901/2706/1170 12903/2707/1170 12902/2693/1170
f 12904/2708/1170 12906/2693/1170 12905/2707/1170
f 12907/2709/1170 12909/2693/1170 12908/2708/1170
f 12910/2710/1170 12912/2693/1170 12911/2709/1170
f 12913/2711/1170 12915/2693/1170 12914/2710/1170
f 12916/2691/1170 12918/2693/1170 12917/2711/1170
f 12919/179/328 12921/38/3493 12920/37/3471
f 12922/179/328 12924/37/3471 12923/180/342
f 12925/180/3559 12927/37/3474 12926/39/3560
f 12928/180/342 12930/39/3560 12929/189/343
f 12931/189/346 12933/39/3560 12932/54/3477
f 12934/189/346 12936/54/3477 12935/191/347
f 12937/191/348 12939/54/3481 12938/56/350
f 12940/191/348 12942/56/350 12941/193/350
f 12943/193/352 12945/56/352 12944/72/89
f 12946/193/352 12948/72/89 12947/195/89
f 12949/195/92 12951/72/92 12950/73/106
f 12952/195/92 12954/73/106 12953/197/106
f 12955/197/108 12957/73/108 12956/74/357
f 12958/197/108 12960/74/357 12959/210/357
f 12961/210/357 12963/74/357 12962/75/3494
f 12964/210/357 12966/75/3494 12965/211/373
f 12967/211/377 12969/75/3496 12968/76/3561
f 12970/211/354 12972/76/3561 12971/212/374
