# Blender 5.1.2
# www.blender.org
mtllib SogCat.mtl
o id_1_model_1
v -9.362724 -0.247163 6.581821
v -9.450842 0.476810 6.159854
v -8.948287 1.370103 6.635837
v -9.328225 0.750497 6.246369
v -9.405848 0.167005 6.597553
v -9.327426 0.696597 6.968862
v -9.401536 0.469682 7.094475
v -8.497684 2.577602 7.055814
v -8.635165 2.195831 7.044252
v -8.770268 1.686749 7.036357
v -8.878814 1.409671 7.245645
v -9.354843 0.134360 7.344530
v -9.226444 0.926989 7.934948
v -9.346189 0.686541 7.856916
v -9.379708 0.750109 8.778204
v -9.389601 0.504400 8.543017
v -8.722390 1.804033 8.242819
v -8.755850 1.647753 7.795761
v -8.449985 2.571594 8.006791
v -8.949930 1.537156 8.726156
v -7.843102 3.775499 8.508468
v -8.133739 3.353812 8.891115
v -8.431246 2.653434 8.381469
v -8.488740 2.687091 8.929109
v -9.306880 1.048235 9.131754
v -9.424296 0.579575 9.212053
v -9.469667 0.806761 9.543889
v -8.790623 1.965022 9.115620
v -8.571812 2.873652 9.644370
v -8.782766 2.614613 9.998332
v -8.917011 1.998388 9.663881
v -9.425141 1.142550 9.796063
v -9.601939 1.100016 10.342193
v -8.984978 2.231941 10.168886
v -8.262704 3.424304 9.619445
v -8.479764 3.465805 10.396078
v -8.857511 3.012455 10.685361
v -9.922388 1.494913 11.803716
v -8.202582 3.914056 10.484009
v -9.583084 2.153032 11.723911
v -9.515974 1.962736 11.315502
v -8.798105 3.587210 11.519440
v -9.598274 2.829435 12.361392
v -10.007481 2.029288 12.557696
v -9.619068 3.101042 12.752076
v -10.395371 2.464280 13.834804
v -10.787104 2.031564 14.242716
v -11.236724 2.148299 15.446143
v -10.058062 2.738821 13.404190
v -10.329301 2.810338 14.222046
v -11.156531 2.450159 15.609348
v -9.127179 3.869229 12.993307
v -10.815358 2.782671 15.397647
v -8.334668 4.753965 13.157672
v -10.031518 3.230025 14.268260
v -9.663058 3.694214 14.343636
v -10.127508 3.441377 15.133591
v -10.235734 3.520976 15.612309
v -9.050080 4.318500 14.311786
v -9.694017 3.938981 15.311051
v -10.145001 4.157371 17.406872
v -10.127237 3.998278 16.599386
v -9.649858 4.136827 15.835649
v -9.244118 4.319757 15.199191
v -8.160636 5.103368 14.338779
v -7.662430 5.594997 16.142282
v -7.612648 5.579983 15.246458
v -7.492266 5.575752 13.813484
v -7.834514 5.233993 13.286310
v -8.770467 4.298888 13.089850
v -9.577844 3.265685 12.930830
v -8.099710 4.428277 11.452752
v -7.245827 5.389884 11.819997
v -7.629348 5.004382 11.715061
v -8.508811 4.024697 11.646327
v -7.814089 4.483441 10.672416
v -7.158338 5.158782 10.546052
v -7.622997 4.337861 9.494658
v -7.266211 4.846930 9.791785
v -7.965794 3.836680 9.450263
v -6.563143 5.471691 9.218188
v -6.887494 5.131179 9.158537
v -7.350132 4.496421 8.628016
v -7.950712 3.505030 7.812204
v -8.359621 2.764552 7.628513
v -8.535468 2.340033 7.674342
v -8.120206 3.245090 7.264154
v -6.861302 4.976048 7.536667
v -7.415262 4.287243 7.119546
v -7.820935 3.730437 7.104254
v -6.448577 5.482182 8.362040
v -7.178157 4.621502 7.853480
v -7.645874 3.977288 7.811104
v -5.980669 5.912334 8.462152
v -6.132988 5.888899 9.403697
v -5.695980 6.233287 9.417161
v -5.047499 6.656162 9.251623
v -5.235050 6.790518 10.981316
v -6.832216 5.544855 10.860147
v -6.626721 5.861133 11.567719
v -5.818321 6.361138 10.755213
v -6.131210 6.301077 11.909115
v -4.795342 7.082857 11.186136
v -4.934609 7.190964 13.484686
v -4.343993 7.483652 13.458539
v -2.946674 8.025274 12.183356
v -4.191976 7.407164 11.069653
v -3.679353 7.692018 11.476117
v -1.545149 8.380955 11.890767
v -3.662165 7.643898 10.932565
v -2.047670 8.219131 11.335249
v -2.576549 7.987395 10.599100
v -4.430163 7.199521 10.435353
v -2.140102 8.106758 10.233739
v -2.871186 7.729358 9.607658
v -3.572763 7.391442 9.315794
v -4.334598 7.055779 9.333567
v -1.823526 8.211048 9.750593
v -2.918349 7.591322 8.547634
v -3.792154 7.189669 8.514822
v -4.745544 6.729394 8.492069
v -5.429744 6.321935 8.405901
v -4.617399 6.751129 7.992297
v -5.959383 5.884158 7.550182
v -4.258115 6.913440 6.992351
v -5.430271 6.252573 7.336953
v -6.365650 5.466246 6.915731
v -4.763047 6.625490 7.017066
v -6.271933 5.500938 6.319370
v -6.754573 5.075875 6.230812
v -5.346091 6.128202 6.095312
v -5.982894 5.700230 6.116030
v -6.308035 5.440310 5.511353
v -5.757881 5.792687 4.887391
v -4.700006 6.506638 5.628717
v -4.002461 6.941070 5.796886
v -5.902407 5.712116 3.674189
v -4.654920 6.502714 4.881361
v -3.786418 7.005700 5.621941
v -6.355622 5.424894 2.705999
v -4.606625 6.519928 4.376137
v -4.287661 6.703960 4.948698
v -5.251391 6.150973 3.355154
v -3.379043 7.061688 5.251743
v -4.517459 6.521115 3.891371
v -7.471724 5.007937 0.735272
v -6.755188 5.348085 0.887543
v -5.922005 5.715694 2.040704
v -6.178909 5.599850 1.495936
v -4.936255 6.293459 2.833505
v -4.625216 6.462448 3.174173
v -5.640033 5.845970 1.495907
v -4.683950 6.449816 2.503438
v -3.359060 6.967411 4.216544
v -5.335515 6.015053 1.935013
v -4.399307 6.572241 3.116208
v -6.549678 5.474572 0.510071
v -3.943468 6.817811 2.731983
v -5.856103 5.757239 0.746037
v -5.363168 6.000612 1.213066
v -5.026329 6.216513 1.624426
v -4.714354 6.444055 1.890965
v -5.853314 5.650646 -0.404210
v -5.410378 5.908061 0.054240
v -4.477981 6.598643 2.068511
v -3.458929 7.044322 2.280587
v -5.266668 5.970071 -0.171415
v -6.020553 5.473661 -1.145346
v -5.466768 5.750380 -0.862098
v -6.486225 5.069415 -2.320520
v -4.725694 6.309214 -0.322921
v -4.093877 6.669981 0.925822
v -4.500124 6.464425 0.224964
v -5.028697 6.025186 -0.760345
v -5.988376 5.133723 -3.175399
v -4.033479 6.591002 0.127643
v -5.404998 5.514534 -2.182415
v -4.638969 6.307100 -0.810488
v -5.105495 5.673181 -2.097099
v -6.107742 4.797687 -4.292100
v -3.730533 6.607827 -0.570671
v -4.389488 6.426302 -0.907151
v -4.027019 6.518339 -1.247892
v -4.288214 6.397319 -1.404353
v -4.739344 5.937566 -1.896422
v -4.898073 5.669427 -3.038873
v -5.359253 5.349004 -3.892073
v -5.648637 5.214823 -3.730644
v -3.216977 6.775278 -0.595539
v -4.041594 6.472759 -1.689599
v -4.260747 6.285626 -1.955626
v -4.363388 6.114149 -2.477832
v -3.689633 6.631520 -1.502175
v -4.301422 6.082273 -2.766669
v -4.764878 5.659864 -4.237113
v -5.296323 5.308602 -4.416142
v -3.806565 6.506706 -2.318343
v -4.386625 5.944887 -3.237619
v -4.805285 5.578510 -4.653813
v -3.163653 6.841201 -1.710957
v -2.938091 6.884329 -1.127646
v -3.473632 6.673996 -2.230963
v -3.923067 6.107010 -3.624716
v -1.829992 7.508375 -0.935339
v -2.529303 7.087965 -0.937788
v -2.423095 7.150965 -2.297460
v -3.645259 6.333480 -3.189595
v -2.652967 7.097671 -1.987682
v -3.452064 6.395149 -3.350767
v -1.503335 7.683730 -0.715705
v -1.192774 7.811522 -0.637994
v -1.614216 7.627462 -1.542603
v -2.262711 7.280059 -1.750010
v -2.259660 7.165712 -2.600952
v -3.043216 6.675287 -2.819298
v -2.961298 6.572017 -3.403465
v -0.413338 8.044588 -0.294036
v -0.848039 7.929659 -0.405763
v -1.245834 7.791498 -1.497245
v -1.805562 7.443038 -2.166221
v -2.502362 6.843587 -3.222471
v -0.759136 7.958417 -1.172212
v -0.029364 8.130365 -0.351686
v -0.250139 8.099204 -1.210445
v 0.799541 8.314588 -0.912566
v 0.318387 8.224506 -0.847553
v -1.100876 7.724269 -2.063646
v -1.580971 7.487804 -2.548197
v 2.325402 8.387407 -1.393634
v 1.595325 8.455399 -0.652536
v -0.336287 7.924945 -2.075862
v 0.658943 8.087155 -2.017812
v 1.646654 8.198256 -2.099329
v 3.740691 8.518081 -1.753139
v 0.206067 7.950772 -2.638540
v -1.136433 7.640683 -2.620704
v -0.380626 7.839403 -2.728584
v -1.873533 7.326592 -2.888380
v -1.454592 7.503481 -3.171673
v -0.903128 7.695518 -3.019132
v -1.625516 7.370083 -3.424689
v -1.140685 7.623772 -3.587991
v -0.682709 7.775062 -3.659665
v 0.214986 7.938800 -3.098220
v -2.443480 6.792910 -3.668161
v -1.093724 7.598433 -3.988533
v -2.384268 6.776947 -4.129234
v -3.464970 6.318876 -3.982368
v -2.961632 6.511126 -3.993178
v -4.065859 5.923094 -4.732388
v -3.477670 6.290836 -4.899351
v -2.741187 6.584677 -4.840906
v -2.112170 6.882809 -4.820486
v -4.286188 5.702733 -5.315272
v -3.371554 6.236925 -5.939097
v -3.352302 6.312912 -5.497906
v -1.882745 6.915215 -5.567760
v -2.119573 6.692481 -6.391856
v -3.954461 5.906068 -5.377750
v -3.605839 6.159863 -5.541317
v -3.355864 6.114405 -6.479576
v -2.231773 6.379548 -7.473285
v -2.008494 6.628451 -6.948271
v -4.986912 4.953046 -6.459503
v -4.347861 5.385368 -6.330132
v -4.098498 5.386681 -6.957907
v -3.196591 5.925779 -7.431795
v -4.479320 4.969100 -7.329507
v -3.717412 5.568635 -7.504622
v -3.436435 5.593872 -8.057757
v -5.064388 4.445955 -7.523384
v -3.533171 5.224526 -8.889400
v -2.512146 5.572583 -9.405483
v -2.437561 5.943508 -8.508490
v -5.415593 4.349277 -7.059011
v -4.290476 4.911635 -7.892421
v -3.888713 4.968294 -8.856851
v -5.445742 3.970749 -7.727753
v -5.140728 4.097734 -8.112297
v -4.592278 4.253736 -8.900732
v -4.116480 4.524048 -9.511267
v -3.853392 4.603851 -9.814940
v -4.721416 3.976274 -9.433761
v -5.095841 3.813370 -8.893338
v -5.386813 3.716594 -8.386130
v -6.087221 3.577108 -6.957044
v -6.230632 3.739791 -6.377306
v -6.587030 3.997338 -5.231757
v -5.210375 3.588990 -9.277066
v -4.920290 3.768411 -9.820664
v -4.411306 4.168025 -9.965771
v -4.747211 3.903992 -10.258945
v -4.193035 4.280777 -10.361942
v -4.595654 4.060666 -10.764803
v -3.893259 4.345441 -10.760300
v -4.379704 4.202655 -11.312473
v -6.671142 3.249589 -6.405859
v -7.427780 3.113601 -5.298513
v -6.533309 2.910381 -7.156142
v -6.069623 3.182149 -7.645340
v -5.606157 3.352051 -8.517859
v -6.375769 2.615746 -7.796926
v -5.847434 2.827385 -8.787152
v -5.626838 3.032835 -9.174910
v -5.659202 2.901181 -9.648731
v -5.313617 3.400569 -9.713061
v -5.633186 3.011756 -10.117012
v -6.509178 2.302023 -7.860915
v -7.407828 2.424484 -6.112413
v -7.610039 2.729162 -5.487822
v -7.028706 2.116949 -6.975385
v -7.122925 1.847235 -6.873716
v -7.469795 2.066384 -6.217840
v -7.705281 3.111400 -4.877734
v -7.815032 2.243248 -5.625621
v -7.877373 2.519365 -5.335667
v -7.471616 1.636632 -6.274579
v -7.767929 1.752078 -5.844755
v -8.006335 2.031396 -5.487623
v -8.086664 2.841349 -4.752799
v -8.060462 3.295676 -4.205547
v -8.280689 2.338908 -5.036662
v -8.334605 2.636204 -4.731284
v -8.310263 3.336885 -3.837802
v -8.165840 3.700576 -3.352119
v -8.124223 1.558476 -5.434499
v -8.346343 1.866973 -5.187609
v -8.652429 2.845803 -4.215224
v -8.445782 3.755627 -2.767042
v -8.579123 2.136924 -4.892152
v -8.759095 3.382954 -3.179467
v -9.162382 2.810030 -3.774037
v -8.802521 3.824877 -2.072140
v -8.381773 4.271585 -1.369467
v -8.405009 4.393894 -0.736867
v -8.202287 4.595186 0.152366
v -6.099824 5.601430 2.193217
v -8.131515 4.639003 0.860121
v -7.604239 4.895092 1.264471
v -6.738019 5.231884 2.101822
v -8.753854 4.253568 -0.126699
v -9.412498 3.804173 -0.501827
v -8.860140 4.219184 0.614391
v -7.729565 4.720961 2.580539
v -6.882266 5.128034 2.730159
v -8.294918 4.516404 1.559216
v -6.231288 5.508063 4.099018
v -9.299234 3.920956 1.064241
v -8.756768 4.236694 1.698746
v -7.262426 4.930036 3.388882
v -6.864228 5.118448 4.241074
v -8.214629 4.438569 2.765808
v -6.533976 5.281956 5.046151
v -7.462842 4.722557 4.246625
v -8.823193 4.090904 2.408510
v -9.316988 3.667727 2.542078
v -7.054062 4.918682 4.954067
v -6.756860 5.102187 5.586638
v -7.550070 4.517969 4.876732
v -7.933913 4.377539 4.154415
v -7.228044 4.684054 5.520237
v -10.016368 3.112446 2.198475
v -10.343277 2.955174 1.584676
v -8.233924 3.996796 4.466747
v -9.411130 3.434935 2.985515
v -10.384823 2.768138 1.953972
v -10.817226 2.455820 0.981760
v -7.866219 4.137486 5.121900
v -10.539589 2.554310 1.897965
v -8.176562 3.702014 5.390087
v -9.602651 3.142800 3.185538
v -10.215161 2.682420 2.602196
v -8.591755 3.564917 4.610326
v -9.755150 2.825858 3.413583
v -10.518971 2.348517 2.285186
v -9.988093 2.572012 3.278159
v -8.959519 3.141096 4.577780
v -8.612645 3.190377 5.295464
v -9.125332 2.747621 4.817840
v -9.819631 2.262001 3.864907
v -9.042603 2.406913 5.380085
v -9.072467 2.124673 5.539508
v -8.833819 2.665486 5.600960
v -8.325953 3.333070 5.834940
v -9.226258 1.123394 5.845035
v -8.636161 2.611509 6.288443
v -8.793591 2.215634 6.266158
v -8.984138 1.505095 6.199596
v -9.471797 0.671318 5.597262
v -9.538179 0.386745 5.563867
v -8.183378 3.400699 6.202868
v -8.279221 3.084904 6.702161
v -7.872491 3.736581 6.584834
v -7.055623 4.735877 6.815714
v -7.367937 4.413354 6.312271
v -7.660174 4.157273 5.856879
v -0.235491 -0.347414 29.123198
v -0.558199 -0.853119 28.995754
v 4.954853 -0.242110 28.723890
v 5.962166 -0.352537 28.852413
v 4.400628 -0.787851 28.526104
v 3.155120 -0.509103 28.660091
v 1.244293 -0.898343 28.688488
v -3.310414 -0.444469 29.898878
v -6.245934 -0.251998 29.925932
v -5.358052 -0.211879 30.105530
v -5.461277 -0.638195 29.880352
v -4.410128 -0.238793 30.123484
v -3.183135 -0.118034 30.022522
v -0.177870 -0.058799 29.181761
v 1.576009 -0.209345 28.902964
v 6.320076 -0.030147 29.006683
v 6.625232 0.264992 29.123611
v 7.276966 0.180960 29.453007
v 1.896693 0.228725 28.950741
v 3.699882 0.110880 28.789436
v 0.047850 0.251909 29.189558
v -1.613956 0.238621 29.608397
v -3.098282 0.170002 30.041700
v -4.313337 0.100879 30.191059
v -6.191043 0.002521 29.990210
v -7.169156 -0.296168 29.565578
v -7.901977 0.009215 29.268980
v -8.066022 -0.263101 29.128616
v 5.784225 0.782486 28.856335
v 6.986533 0.648686 29.224527
v 3.983189 0.719027 28.781034
v 2.088675 0.654764 28.928873
v 0.125018 0.712252 29.180639
v -1.539041 0.524418 29.569700
v -3.033786 0.434719 29.993010
v -4.264067 0.355903 30.158085
v -5.312008 0.089171 30.163715
v 7.816276 0.798502 29.725372
v 5.400043 0.225052 28.840986
v 9.639227 0.684058 31.158707
v 9.085027 0.686513 30.839542
v 8.893285 0.854799 30.694469
v 8.354154 0.636451 30.296129
v 7.533986 0.450365 29.601101
v 7.910318 0.343340 29.897894
v 8.557345 0.472627 30.435261
v 9.233208 0.499770 30.910059
v 9.688588 0.405471 31.111107
v 9.945116 0.585119 31.257380
v 10.077860 0.395402 31.210155
v 10.345837 0.384095 31.229610
v 9.363356 0.313266 30.917999
v 8.840423 0.229951 30.558842
v 7.989405 0.061291 29.858238
v 7.687222 0.085822 29.668608
v 6.974336 -0.111373 29.257673
v 9.706635 0.039781 30.882740
v 9.116143 0.052492 30.635523
v 7.501927 -0.258177 29.419422
v 6.619568 -0.436430 29.020618
v 5.546933 -0.701240 28.665607
v 2.429452 -1.217685 28.369173
v -0.734306 -1.338266 28.732430
v 3.393819 -1.464137 28.185843
v 5.070093 -1.060964 28.439877
v 6.196937 -0.794379 28.751265
v 7.077152 -0.545176 29.101353
v 8.287358 -0.342374 29.822901
v 2.408775 -2.075925 27.751570
v 1.812909 -2.589703 27.307272
v 1.744795 -1.764904 28.080307
v -4.569403 -0.864207 29.769758
v -6.342520 -0.633541 29.675230
v -7.534384 -1.163104 28.701267
v -3.569587 -1.094522 29.480467
v -2.434323 -1.427937 28.978167
v -1.034607 -1.696245 28.520241
v 3.371111 -2.878499 26.865662
v 3.639328 -3.353368 26.411871
v -0.323347 -2.787953 27.293884
v -5.555004 -1.092735 29.544615
v -1.397660 -2.412112 27.864443
v -2.055103 -2.041993 28.359035
v -3.683399 -1.969615 28.685987
v -4.737728 -1.531751 29.230772
v -5.668362 -1.649224 29.042585
v -6.501474 -1.520179 28.876846
v -7.641988 -1.522037 28.422611
v -8.897272 -1.188721 28.219664
v -8.557527 -1.586964 28.077284
v -7.006694 -1.975855 28.343966
v -8.772649 -1.762902 27.836216
v -9.799745 -1.460915 27.753826
v -9.595486 -1.931698 27.342920
v -11.839652 -1.562249 27.309744
v -10.900745 -1.931402 27.112400
v -13.093332 -1.604105 27.039230
v -12.709595 -1.991466 26.634199
v -1.812521 -3.037915 27.032854
v -3.313105 -2.426744 28.051132
v -4.909670 -2.113596 28.642851
v -5.817908 -2.195025 28.482985
v -6.991712 -2.295645 28.031586
v -7.817536 -2.402017 27.444008
v -10.277872 -2.280916 26.932020
v -3.238095 -3.649095 26.364782
v -3.629601 -2.747219 27.546362
v -5.042786 -2.458371 28.156721
v -5.933632 -2.522960 27.986019
v -6.836976 -2.822164 27.241350
v -7.013864 -3.069025 26.916935
v -8.361487 -2.863013 26.851448
v -5.821844 -2.828287 27.429617
v -8.884232 -3.082910 26.659573
v -9.571098 -3.077092 26.489424
v -4.914272 -3.062197 27.068159
v -5.982228 -3.150224 26.946598
v -7.462009 -3.258396 26.696575
v -8.131836 -3.369267 26.540216
v -8.831727 -3.348664 26.313747
v -9.122053 -3.475908 25.911304
v -10.256883 -3.348875 25.572142
v -11.423656 -2.979922 25.520409
v -10.528556 -3.806530 24.771038
v -3.440154 -3.986280 25.676212
v -0.580673 -4.217336 25.490641
v -3.616330 -3.818009 26.103888
v -4.699204 -3.679115 26.364655
v -3.080252 -3.368778 26.651236
v -6.056602 -3.458765 26.632338
v -6.741321 -3.528477 26.549061
v -7.446877 -3.555683 26.366529
v -3.619841 -4.261819 24.850950
v -5.733065 -3.690517 26.345497
v -7.392252 -3.861434 25.699903
v -4.385831 -4.167147 25.006983
v -5.443847 -4.146065 25.057749
v -6.465536 -3.926464 25.651047
v -2.120645 -4.500770 24.544399
v -2.343322 -4.788350 23.917299
v -6.501338 -4.157582 25.118195
v -7.667078 -4.432626 24.643930
v -7.055699 -4.555932 24.339693
v -7.651021 -4.664000 24.060917
v -8.457239 -4.734563 23.627338
v -8.580573 -4.568228 24.234861
v -9.592481 -4.631771 23.393782
v -9.343215 -4.763665 22.875172
v -10.293811 -4.587193 22.551275
v -10.001658 -4.695706 22.071821
v -2.922588 -5.084664 22.936609
v -3.596020 -4.722652 23.827829
v -4.216103 -4.699728 23.781013
v -5.442595 -4.584754 24.016094
v -5.819373 -4.668771 23.797623
v -6.464012 -4.722936 23.660667
v -7.824080 -4.802916 23.336235
v -8.691622 -4.849086 22.700117
v -4.170644 -4.848535 23.328289
v -6.096627 -4.854531 22.713486
v -6.696852 -4.842970 22.787395
v -3.319002 -5.211329 22.111750
v -4.736825 -4.852656 23.131378
v -5.423452 -4.868381 22.842628
v -6.703505 -4.886354 21.983501
v -8.062343 -4.883371 22.472021
v -4.525009 -5.007228 22.387991
v -6.861300 -4.877341 21.376112
v -7.242453 -4.841235 20.932219
v -8.790362 -4.782301 20.841021
v -1.961191 -5.759720 20.348711
v -3.711031 -5.256157 21.461185
v -4.843997 -5.064378 21.575138
v -5.811390 -4.948474 21.580051
v -0.900370 -5.951297 20.249573
v -5.882472 -4.953589 20.846645
v -3.713969 -5.354629 20.636923
v -4.794109 -5.124622 20.774897
v -5.202454 -5.062911 20.087969
v -4.261567 -5.270551 20.099762
v -6.356374 -4.841167 19.746889
v -6.087164 -4.869001 19.377087
v -2.086545 -5.924237 18.532568
v -5.451970 -5.006920 19.301149
v -3.804889 -5.430542 19.344177
v -5.337455 -5.037202 18.869825
v -4.822210 -5.196331 18.495468
v -2.795320 -5.795472 18.183228
v -6.600567 -4.722567 17.254118
v -3.761623 -5.555803 17.957479
v -4.638208 -5.318037 17.693316
v -3.182682 -5.978361 15.759848
v -4.027772 -5.725014 15.726469
v -4.947503 -5.456758 15.338124
v -0.355127 -6.781755 14.273692
v -3.082189 -6.324954 13.313725
v -3.872498 -6.001093 13.966026
v -5.401080 -5.485963 13.632431
v -1.683430 -6.965484 10.967963
v -2.222073 -6.470585 13.877062
v -1.136325 -6.678314 14.051787
v -1.674316 -6.533896 14.339626
v -0.129385 -7.230052 10.757533
v 0.743002 -7.329594 10.582157
v 1.580657 -7.358004 10.673364
v 3.607304 -7.400877 9.270987
v 2.420245 -7.268920 11.596901
v 0.579806 -7.006221 13.327073
v 1.299025 -7.101399 12.969229
v 3.681769 -7.194433 11.682588
v 3.160634 -7.135714 12.691119
v 1.884901 -7.044158 13.696654
v 2.561144 -6.976173 14.341987
v 3.878584 -6.935715 14.080724
v 4.343351 -6.938566 13.573668
v 3.060917 -6.961588 14.340153
v 0.350466 -6.742213 15.327786
v 1.210253 -6.799274 15.485282
v 1.981712 -6.772338 15.943266
v -1.423020 -6.063348 18.522066
v -0.143098 -6.297436 18.282270
v -0.830868 -6.174166 18.463795
v 1.796984 -6.551750 17.510576
v 2.837865 -6.737073 16.159052
v 0.820700 -6.425527 18.049597
v -0.040475 -6.128527 19.700293
v 0.952703 -6.218897 19.571617
v -1.504372 -5.710346 21.114374
v 2.892653 -6.575018 17.295095
v 1.352784 -6.130595 20.189104
v 0.297553 -6.030025 20.519972
v -1.278307 -5.610542 21.717096
v 1.907682 -6.232262 19.576372
v -2.291473 -5.100133 23.140450
v -0.060110 -5.835137 21.349861
v -0.356553 -5.637497 22.007740
v -1.395030 -5.135632 23.307590
v 2.802008 -6.218313 19.434153
v 2.436345 -6.071309 20.347378
v 1.257288 -5.977856 20.941725
v 0.201197 -5.546908 22.432409
v 4.084384 -6.417932 17.743729
v 0.180358 -5.319766 23.088585
v 2.335987 -5.908163 21.080631
v 1.213559 -5.741284 21.851677
v -0.150156 -5.086976 23.616617
v 1.254013 -5.507219 22.588289
v 1.081222 -4.750010 24.263445
v -0.153311 -4.544016 24.669859
v -1.313773 -3.957900 26.019567
v 1.546871 -5.294378 23.129488
v 2.263958 -5.508234 22.432755
v 1.591968 -5.034236 23.677580
v -0.410922 -4.354071 25.115461
v 2.692039 -4.617602 24.309147
v 1.620851 -4.425772 24.901897
v 0.992400 -4.081241 25.831707
v 0.294854 -3.932827 26.071211
v 1.330731 -4.192803 25.569725
v -0.036420 -3.728859 26.303034
v 0.781620 -3.392611 26.587233
v 2.327629 -3.998837 25.835497
v 0.601321 -3.099332 26.877457
v 2.454736 -4.340417 24.990417
v 2.630077 -4.115251 25.586601
v 2.116515 -3.835632 26.078522
v 1.502708 -3.653209 26.322395
v 5.126010 -4.261520 24.556097
v 4.199128 -3.536873 26.151737
v 5.146617 -4.064262 25.114889
v 5.455959 -5.260350 21.962009
v 4.605386 -3.949159 25.527470
v 4.781826 -3.096072 26.605818
v 4.224312 -2.101849 27.620270
v 5.314137 -3.246021 26.399891
v 6.391709 -3.153297 26.437996
v 6.096758 -2.278606 27.515770
v 5.349618 -2.242138 27.494450
v 5.390054 -1.904496 27.819561
v 4.410754 -1.592851 28.068748
v 6.402010 -2.694520 27.057657
v 7.207476 -1.950628 28.006437
v 6.536099 -1.645386 28.186399
v 5.478637 -1.307760 28.318365
v 7.245180 -1.428174 28.536446
v 6.974611 -1.097420 28.726797
v 6.445185 -1.085913 28.608706
v 7.461085 -0.835787 29.071606
v 7.828236 -1.294049 28.835850
v 7.117963 -2.519194 27.318327
v 8.566516 -2.498585 27.379093
v 7.308632 -3.028849 26.572477
v 7.315424 -3.281866 26.011429
v 7.479930 -3.615222 25.383539
v 8.055903 -1.555595 28.608269
v 8.390597 -1.045655 29.279367
v 8.026007 -0.704521 29.415113
v 8.484411 -1.581595 28.656664
v 8.843421 -1.986359 28.060160
v 8.445129 -2.923558 26.687862
v 8.285069 -3.226100 25.930180
v 8.477096 -0.622804 29.712570
v 9.198812 -1.580801 28.666815
v 9.051599 -3.182295 25.741812
v 9.118342 -0.893939 29.698536
v 9.512481 -1.945056 27.956696
v 9.057631 -2.882916 26.564981
v 9.629221 -2.451705 27.139721
v 9.362641 -3.999080 23.508667
v 9.058681 -4.400129 22.423931
v 9.349195 -4.971925 20.285616
v 10.004869 -2.484873 26.919813
v 10.066045 -2.952277 25.627048
v 9.818786 -3.680665 24.060814
v 9.866233 -4.579781 20.952644
v 10.354589 -1.920169 27.628952
v 10.413630 -2.485158 26.647335
v 10.366565 -3.702019 23.537495
v 9.704681 -4.315485 22.117977
v 10.731032 -2.068375 27.235441
v 10.746216 -2.496976 26.340099
v 10.629120 -3.386230 24.213726
v 10.740221 -4.582133 19.771143
v 11.086585 -2.182433 26.906805
v 11.067788 -3.444808 23.691011
v 10.816336 -3.988974 21.987967
v 11.035151 -4.212989 20.723473
v 11.413683 -2.238240 26.538540
v 11.127924 -2.675447 25.579618
v 11.448273 -3.091376 24.353928
v 11.351171 -4.366963 19.610891
v 11.742551 -2.333136 26.007458
v 12.005354 -2.907758 24.353550
v 11.704311 -3.215043 23.765362
v 11.581896 -3.859269 21.210011
v 11.761378 -4.205257 19.353979
v 11.744631 -4.297263 18.632490
v 12.026951 -3.198075 23.369781
v 12.043547 -3.724011 20.665382
v 12.164626 -4.049728 18.344418
v 12.289739 -3.405519 21.667791
v 12.388276 -4.000667 17.342857
v 12.537330 -2.827330 24.065460
v 12.487932 -3.047180 23.171303
v 12.385163 -3.581610 20.225958
v 12.297911 -3.877084 19.184145
v 12.994720 -2.722518 23.767803
v 12.744460 -3.008763 22.648783
v 12.767745 -3.119087 21.603874
v 12.618236 -3.355048 20.565655
v 12.820936 -3.453663 18.882874
v 12.742703 -3.588280 17.665190
v 12.734222 -3.681547 17.184113
v 12.697515 -3.735406 16.667730
v 13.110564 -2.936767 20.873751
v 12.764637 -3.552853 18.524370
v 12.974775 -3.347823 17.605959
v 13.297109 -2.718982 22.363791
v 13.056634 -3.080696 19.626911
v 13.283962 -3.001831 17.121529
v 13.274695 -3.044014 17.866787
v 13.682729 -2.464650 21.906071
v 13.567238 -2.541388 20.697269
v 13.431170 -2.693398 19.427307
v 13.357451 -2.926894 18.343023
v 13.541406 -2.668278 16.944277
v 13.818136 -2.238629 18.937618
v 13.988047 -2.113887 20.434872
v 13.718895 -2.516625 17.685806
v 13.947345 -2.186505 17.480032
v 14.169242 -1.758636 18.559702
v 14.150978 -1.820379 17.436789
v 14.409581 -1.303463 17.761391
v 14.592447 -1.120985 18.830708
v 14.378599 -1.606501 19.814194
v 14.298870 -1.852307 20.941311
v 14.072529 -1.882717 16.493805
v 14.700554 -1.354557 20.548529
v 13.679678 -2.593889 15.919725
v 14.262609 -1.506939 16.562801
v 15.024300 -0.245233 18.213751
v 14.947298 -0.705832 19.489639
v 14.585721 -0.736188 16.447397
v 14.737227 -0.419052 16.420393
v 14.848497 -0.400746 17.357586
v 14.763425 -0.385266 15.877531
v 14.384339 -1.284322 15.837909
v 13.938768 -2.149425 15.515576
v 14.426452 -1.126726 15.068007
v 14.675310 -0.677532 15.472782
v 15.063381 0.210172 15.509040
v 14.101315 -1.814973 14.652200
v 15.193931 0.309162 14.823649
v 13.893896 -2.174901 14.555179
v 14.423396 -1.166950 14.628325
v 14.732751 -0.598864 14.285325
v 14.848207 -0.307047 14.595255
v 15.033209 0.083123 14.035559
v 14.955848 -0.205370 13.790613
v 15.331292 0.825044 13.362883
v 14.641888 -1.062307 13.576144
v 15.029365 -0.254361 13.231544
v 14.834959 -0.696643 13.470881
v 15.446453 1.014928 12.859065
v 14.152477 -1.916670 13.218184
v 13.900862 -2.313457 12.870094
v 13.587662 -2.724281 12.558617
v 13.441198 -2.837815 13.974489
v 13.143944 -3.192374 13.629274
v 13.567430 -2.637149 14.666419
v 13.033591 -3.286346 15.250088
v 13.343582 -2.926160 14.982133
v 12.582974 -3.734453 14.292425
v 13.246819 -3.134266 16.001978
v 13.538833 -2.752852 16.421751
v 12.704333 -3.629014 15.454769
v 13.183401 -3.222058 16.571371
v 13.787520 -2.332430 16.677305
v 12.151657 -4.194987 17.082005
v 12.358500 -3.965069 15.914038
v 11.890525 -4.322420 17.950260
v 12.108718 -4.157301 15.478368
v 11.782269 -4.410110 16.346140
v 11.292510 -4.619705 18.327213
v 11.710928 -4.471289 17.644163
v 11.682440 -4.498829 15.050508
v 10.655192 -4.732507 19.283375
v 10.854087 -4.907383 17.722368
v 11.133098 -4.821698 16.777142
v 11.358160 -4.717849 15.890645
v 10.035887 -4.874114 19.786602
v 11.258521 -4.734499 15.082856
v 11.592515 -4.469734 14.008662
v 10.287893 -5.062516 18.256157
v 10.364454 -5.120530 17.497482
v 10.537620 -5.086234 16.889894
v 10.905032 -4.938921 15.996187
v 9.752635 -5.218791 18.240078
v 9.861543 -5.283953 16.796162
v 11.163079 -4.603796 13.640252
v 10.414475 -5.089385 15.526635
v 10.214546 -5.175787 15.914122
v 9.189028 -5.351553 18.208298
v 8.562150 -5.276307 19.568542
v 9.587865 -5.326089 17.425283
v 10.692166 -4.923957 14.732664
v 8.688081 -5.516714 18.337667
v 7.760553 -5.008266 21.297054
v 7.179449 -4.868638 22.085135
v 9.588422 -5.462767 16.445713
v 9.918145 -5.354683 15.771727
v 7.530731 -5.238688 20.801910
v 9.783388 -5.432407 15.644815
v 9.214581 -5.572041 16.936537
v 8.745845 -5.621134 17.676218
v 8.085440 -5.577365 18.907179
v 7.340696 -5.549000 19.721291
v 7.100008 -5.365731 20.714598
v 9.964297 -5.324345 14.681823
v 9.195632 -5.600283 16.130413
v 8.450087 -5.743618 16.703482
v 7.976463 -5.799867 17.178127
v 8.988382 -5.639289 15.416821
v 8.545580 -5.757365 15.727476
v 7.673991 -5.775903 17.871489
v 8.200047 -5.829132 16.247772
v 7.560436 -5.873691 17.355173
v 5.416883 -5.868351 19.736839
v 9.164124 -5.569736 14.821269
v 8.719125 -5.728639 14.857315
v 7.443877 -6.025162 16.477449
v 8.187488 -5.944649 14.258327
v 7.814739 -5.994036 15.701451
v 6.768673 -6.181932 16.433598
v 6.683822 -6.052973 17.525272
v 7.164424 -6.174961 15.486725
v 5.435777 -6.312948 17.374815
v 7.829384 -6.051520 14.492592
v 9.221770 -5.534770 13.425232
v 6.089821 -6.455068 15.211278
v 8.979566 -5.673853 12.839586
v 8.352188 -5.925654 13.146778
v 7.171792 -6.290298 13.942958
v 9.132592 -5.663355 10.880742
v 8.411364 -5.957681 11.702769
v 6.396660 -6.506361 13.904640
v 9.815046 -5.325155 10.199145
v 7.781719 -6.203607 11.919719
v 5.537263 -6.670434 14.209808
v 8.742154 -5.886242 9.995528
v 8.016694 -6.203296 10.269683
v 7.285542 -6.365910 12.244409
v 6.759885 -6.577557 11.711904
v 9.214924 -5.641790 8.877657
v 7.258329 -6.520004 9.822128
v 8.572374 -5.962040 8.774911
v 8.094360 -6.192094 9.401036
v 5.573677 -6.892148 11.814010
v 8.971895 -5.722394 7.838601
v 7.237559 -6.535775 8.588831
v 7.782160 -6.296070 8.019639
v 6.483139 -6.794312 9.493349
v 8.770528 -5.736483 6.660435
v 6.397191 -6.828858 8.228904
v 7.246119 -6.485902 7.399207
v 8.141115 -6.081704 7.137003
v 9.379961 -5.281966 5.043302
v 8.406975 -5.718965 4.337594
v 7.454029 -6.316122 6.241911
v 6.351218 -6.803767 7.124291
v 4.512349 -7.309485 6.919177
v 6.749487 -6.569484 5.821912
v 6.048426 -6.795870 5.435647
v 3.459687 -7.487477 6.045247
v 5.361464 -7.028686 5.582225
v 2.276195 -7.634749 6.618989
v 0.673631 -7.573422 8.351343
v -0.343754 -7.557580 7.742614
v 2.229011 -7.635228 5.426550
v 1.407252 -7.690998 5.199139
v 2.849801 -7.560890 5.284858
v -0.367570 -7.641467 6.437156
v -1.613254 -7.483809 6.797389
v 0.439389 -7.688650 6.324879
v 1.027646 -7.702448 5.861797
v -2.518854 -7.291286 7.317411
v -0.682988 -7.678976 4.477854
v 0.207505 -7.706819 5.004200
v -1.277782 -7.570199 6.145434
v -1.503196 -7.608165 4.587714
v -3.865044 -7.047692 6.959537
v -3.147560 -7.294115 5.954384
v -1.279860 -7.642518 3.784100
v -0.197730 -7.698126 3.473647
v -4.443656 -7.007539 6.110651
v -5.653173 -6.391956 8.000581
v -5.179963 -6.659801 7.369053
v -6.167547 -6.121215 8.215024
v -5.629228 -6.537878 6.977219
v -4.895818 -6.835698 6.664416
v -3.883035 -7.205177 5.217403
v -6.186686 -6.309401 6.684809
v -5.338598 -6.776457 5.834280
v -4.859505 -6.982469 5.115708
v -4.465417 -7.109286 4.590106
v -7.135745 -5.709116 7.534653
v -5.222550 -6.898026 4.562456
v -7.701334 -5.310163 8.447735
v -7.402575 -5.661367 6.727629
v -6.023940 -6.505994 5.275352
v -6.536886 -6.219312 5.567971
v -5.100053 -6.966227 3.713127
v -8.260708 -5.047937 8.331008
v -7.371204 -5.745067 5.755383
v -7.123442 -5.894440 4.423431
v -7.143308 -5.888059 5.147052
v -8.350244 -4.909925 8.778832
v -8.103606 -5.336618 6.222733
v -8.592566 -4.294861 8.115593
v -8.346272 -4.967701 6.601160
v -8.184873 -5.297309 5.901167
v -8.240870 -5.219477 5.732886
v -7.474182 -5.701494 3.894565
v -8.133862 -5.370198 4.799929
v -8.367445 -4.992379 5.099555
v -7.943139 -5.491832 3.682226
v -7.462966 -5.631188 2.619922
v -7.930165 -5.433975 2.808130
v -7.166573 -5.695152 2.011511
v -6.623441 -5.840986 1.083398
v -5.572401 -6.412961 0.458372
v -7.816368 -5.460959 2.302734
v -6.389580 -5.845165 0.149392
v -5.429885 -6.286903 -0.505691
v -7.012591 -5.606968 0.838299
v -4.749274 -6.621892 -0.541860
v -5.023981 -6.428894 -0.765110
v -6.450006 -5.718456 -0.308260
v -5.499168 -6.087934 -0.987352
v -7.615212 -5.405028 1.166957
v -7.673295 -5.324112 0.975203
v -7.770795 -5.186109 0.946400
v -7.456437 -5.269693 0.138377
v -5.019050 -6.125571 -1.657527
v -7.254372 -5.236905 -0.388104
v -6.437731 -5.561262 -0.848811
v -7.189738 -5.097199 -0.871641
v -6.048106 -5.508080 -1.548015
v -4.583024 -6.335829 -1.725399
v -4.206552 -6.379550 -2.108522
v -2.145062 -6.015800 -5.140372
v -3.604896 -6.275535 -3.073334
v -0.956505 -6.016469 -5.881941
v -2.615184 -6.191680 -4.283921
v -1.366104 -6.282591 -4.919657
v -2.125658 -6.274414 -4.445176
v -2.417328 -6.720934 -2.712703
v 0.269526 -5.941394 -6.778629
v -0.246212 -6.162280 -5.847058
v -0.749519 -6.460732 -4.686360
v 0.042159 -6.646697 -4.271392
v -0.003868 -6.855402 -3.434259
v 0.916043 -6.645128 -4.370584
v 1.453102 -6.457704 -5.034315
v -1.158666 -7.110359 -1.868796
v -0.330374 -7.101242 -2.221635
v 0.569524 -6.947811 -3.090597
v 2.129329 -6.250195 -5.665412
v 1.505858 -6.811001 -3.618163
v 2.476588 -6.627419 -4.058758
v 0.246795 -7.148912 -2.037730
v 3.215030 -6.354667 -4.778736
v 1.070587 -7.128806 -2.067511
v 2.109395 -6.865241 -3.111722
v 3.102382 -6.646750 -3.561260
v 5.298169 -5.495547 -6.302925
v 6.008698 -5.339181 -6.095774
v 4.504648 -5.996053 -5.189169
v 3.569603 -6.689038 -2.861386
v 4.005975 -6.294047 -4.420499
v 4.635567 -6.232360 -4.002012
v 5.363615 -5.859051 -4.787025
v 7.042582 -4.994249 -6.026628
v 6.126242 -5.681223 -4.508945
v 4.343695 -6.536109 -2.757574
v 5.372210 -6.101522 -3.639117
v 5.046620 -6.433108 -2.185270
v 5.859313 -6.137634 -2.508407
v 6.632514 -5.733481 -3.366753
v 7.052536 -5.424052 -4.145354
v 7.945800 -5.269024 -3.101494
v 8.041686 -5.023596 -4.166166
v 6.759969 -5.853727 -2.309132
v 12.167787 -3.105840 -4.120559
v 9.404892 -4.620555 -3.209464
v 9.889047 -4.166296 -4.277680
v 9.387663 -4.458416 -4.036128
v 8.237650 -5.318739 -1.977241
v 9.344556 -4.844466 -1.995173
v 11.605766 -3.669261 -2.936072
v 11.757741 -3.716334 -2.349362
v 12.326709 -3.526107 -1.838425
v 10.306647 -4.598794 -0.563903
v 10.773690 -4.444612 0.233700
v 8.580040 -5.445726 0.507270
v 11.398875 -4.174002 1.286016
v 9.550446 -5.041569 0.958482
v 10.128446 -4.787958 1.856228
v 8.231266 -5.707281 2.895450
v 8.633352 -5.493240 2.234126
v 7.006621 -6.247462 3.167510
v 6.266653 -6.523995 3.025874
v 7.307117 -5.991568 0.921300
v 6.227372 -6.437853 1.526442
v 5.473699 -6.694967 1.577102
v 3.929121 -7.157799 1.969324
v 4.675338 -6.951333 1.811224
v 2.273673 -7.520379 2.650395
v 2.229990 -7.464283 1.800118
v 3.258071 -7.308648 2.024252
v -0.171015 -7.649570 2.238604
v 1.295166 -7.562850 1.760916
v 0.445859 -7.574162 1.327113
v -1.591239 -7.568689 2.050673
v 1.217150 -7.411620 0.135822
v 0.169231 -7.468095 0.224032
v -0.950062 -7.544759 1.098593
v -2.469505 -7.453135 1.637777
v -1.611141 -7.500270 1.074491
v -0.597034 -7.516007 0.684986
v -3.858402 -7.228970 1.715843
v -1.354822 -7.374110 -0.133921
v -2.461203 -7.353376 0.565836
v -3.092148 -7.310324 1.021625
v -0.488816 -7.304446 -0.985851
v 0.306577 -7.321574 -0.953839
v -3.676242 -7.165304 0.718426
v -4.774756 -7.005094 1.757616
v -5.158933 -6.879430 2.035307
v -5.585974 -6.690546 2.328791
v -5.658391 -6.593668 1.882793
v -4.501648 -6.992216 0.888022
v -5.063931 -6.834368 1.255235
v -3.229561 -7.106620 -0.242455
v -3.879148 -7.024909 0.090311
v -5.272022 -6.608672 0.551126
v -4.477757 -6.862880 0.069417
v -3.997425 -6.859444 -0.600550
v -3.716933 -6.697688 -1.584850
v -2.935585 -6.891342 -1.595796
v -2.049438 -7.046157 -1.637408
v -2.154347 -7.218291 -0.623412
v -1.201988 -7.250362 -1.056248
v 2.000690 -7.034092 -2.211330
v 2.840156 -6.957928 -1.979089
v 1.282675 -7.280745 -0.951702
v 2.135437 -7.241689 -0.584545
v 3.628675 -6.901590 -1.308813
v 2.935417 -7.141904 -0.379136
v 4.528147 -6.764161 -0.647262
v 3.884632 -6.972308 -0.130947
v 5.244390 -6.538353 -0.869793
v 5.943258 -6.335381 -0.695584
v 6.692187 -6.084249 -0.606173
v 7.447475 -5.769639 -0.882995
v 8.423135 -5.331831 -1.275737
v -8.832502 0.486525 28.901999
v -7.825449 0.446764 29.258202
v -10.012681 0.574760 28.619499
v -11.264919 0.531677 28.430292
v -13.072165 0.743664 28.423040
v -12.930091 0.452174 28.466993
v -15.635546 0.676354 28.588987
v -15.363062 0.440927 28.531490
v -20.306236 0.437612 28.365185
v -19.787651 0.247092 28.356718
v -21.864426 0.404196 27.277142
v -21.725113 0.203086 27.343290
v -22.068579 0.451665 26.311361
v -22.020514 0.254667 26.351994
v -21.895084 0.477560 25.328985
v -21.888115 0.283504 25.363319
v -21.440948 0.474992 24.267920
v -21.495991 0.274733 24.288731
v -6.957720 0.017171 29.711742
v -8.837528 0.033872 28.877178
v -9.906750 0.055254 28.590714
v -11.180015 0.109144 28.433105
v -12.850005 0.180460 28.398079
v -19.061546 0.047394 28.337057
v -8.843152 -0.255485 28.778456
v -9.870125 -0.231107 28.491947
v -11.069371 -0.329085 28.268148
v -12.629216 -0.113566 28.247196
v -14.494427 -0.158035 28.216171
v -18.163696 -0.173534 28.325527
v -21.468641 0.000791 27.390089
v -21.035475 -0.206340 27.428358
v -21.878963 0.058276 26.340572
v -21.618763 -0.142404 26.273779
v -21.784590 0.088263 25.333149
v -21.565594 -0.113866 25.240057
v -17.183907 -0.417643 28.166311
v -9.812256 -0.888318 28.164833
v -8.854593 -0.620681 28.528416
v -13.929319 -0.852567 27.819189
v -16.231195 -0.751399 27.730940
v -20.309278 -0.426474 27.450516
v -19.129807 -0.686361 27.436646
v -21.182785 -0.363125 26.158918
v -20.421080 -0.638573 26.113407
v -10.708885 -1.439773 27.591051
v -12.096323 -1.133678 27.662092
v -13.523856 -1.231456 27.488743
v -15.386213 -1.212055 27.351944
v -17.511770 -1.071720 27.127583
v -19.043089 -0.965146 26.197598
v -14.637717 -1.626506 26.898849
v -17.271935 -1.436634 25.954853
v -19.195152 -0.881995 24.933851
v -17.522022 -1.362285 24.939903
v -18.445528 -0.877934 23.862625
v -17.001778 -1.369767 23.889883
v -13.934962 -2.011570 26.354618
v -15.068926 -1.983472 25.923519
v -15.841324 -1.916433 25.318983
v -16.013023 -1.873456 24.482145
v -15.654857 -1.891708 23.556522
v -16.092308 -1.451922 22.913580
v -15.049212 -1.943848 22.655975
v -15.194017 -1.538878 22.020866
v -14.444213 -1.975266 21.805866
v -14.484118 -1.575369 21.181826
v -13.880189 -1.971174 20.836607
v -11.399515 -2.367531 26.620466
v -12.051916 -2.445519 26.339231
v -13.317308 -2.406455 25.875675
v -13.634347 -2.652472 24.970303
v -14.635523 -2.393827 24.676765
v -14.758478 -2.381359 23.932524
v -14.551163 -2.389157 23.126991
v -14.190435 -2.393316 22.314995
v -10.402404 -2.735556 26.584835
v -10.677510 -2.849912 26.304487
v -12.737990 -2.728961 25.348335
v -13.701049 -2.831288 24.124226
v -13.472512 -2.993840 23.227598
v -13.438937 -2.958301 22.522829
v -12.232052 -3.116094 24.831577
v -12.696773 -3.240692 24.159576
v -12.920577 -3.259913 23.545410
v -13.323258 -2.895968 21.827620
v -11.272080 -3.788172 24.297344
v -12.242029 -3.703550 22.235094
v -12.255220 -3.653176 21.571472
v -12.040228 -3.672650 20.723923
v -12.269351 -3.404479 20.394775
v -12.489264 -3.068969 20.018141
v -8.976700 -3.785082 25.445099
v -10.947362 -4.110642 23.735050
v -11.431450 -4.077909 22.941607
v -11.664804 -4.023159 22.384531
v -7.899179 -3.943215 25.461672
v -9.557488 -4.168972 24.697115
v -9.825640 -4.343975 24.202427
v -10.805559 -4.338896 23.011398
v -8.908625 -4.366174 24.591963
v -10.218106 -4.441010 23.502281
v -11.131591 -4.305472 22.055614
v -10.799133 -4.446491 21.620832
v -10.916721 -4.284363 20.526833
v -10.476522 -4.533288 21.200752
v -11.075268 -4.002234 19.603144
v -11.069608 -3.640139 18.354492
v -9.416134 -4.804957 21.983459
v -9.943949 -4.672567 21.204950
v -10.312758 -4.462752 20.381861
v -10.405208 -4.213036 19.407036
v -8.605367 -4.877002 21.792730
v -9.512725 -4.727801 20.978075
v -9.877086 -4.469227 19.905300
v -9.236309 -4.649674 20.289680
v -9.737778 -4.155540 18.498463
v -9.131759 -4.354197 18.866793
v -9.661675 -3.975534 17.538589
v -7.451595 -4.760054 20.271597
v -8.268432 -4.561361 19.377178
v -8.992589 -4.235590 18.124733
v -6.451718 -4.874231 20.539774
v -7.954500 -4.467084 18.580574
v -7.236437 -4.707927 19.663126
v -7.940551 -4.372828 17.501560
v -8.471177 -4.183669 16.425970
v -7.407391 -4.495782 17.133318
v -7.301795 -4.487567 16.299210
v -6.737470 -4.670546 16.467962
v -7.416896 -4.389852 15.168511
v -5.542640 -5.077641 17.076385
v -6.044953 -4.922410 16.589710
v -6.894962 -4.562518 15.291683
v -4.962231 -5.360479 16.167444
v -5.705792 -5.070162 16.100298
v -5.616426 -5.157944 15.354312
v -6.820500 -4.608994 14.661283
v -6.553619 -4.778714 14.302934
v -5.182635 -5.458197 14.560813
v -5.803725 -5.283689 13.629979
v -4.793458 -5.708383 13.847090
v -4.837303 -5.907678 12.463694
v -3.571690 -6.485557 11.238806
v -5.664557 -5.537869 12.568847
v -4.072762 -6.418812 10.803149
v -5.028946 -6.072502 11.109916
v -6.032264 -5.562206 11.421001
v -6.725636 -4.922131 12.755105
v -7.247595 -4.541538 13.649158
v -6.949922 -4.946532 12.025283
v -5.063067 -6.438796 9.071879
v -6.785161 -5.361109 10.486130
v -7.283489 -4.723405 12.391331
v -7.624651 -4.587941 12.474957
v -8.232411 -4.274286 13.879193
v -8.130762 -4.386950 13.005488
v -7.643143 -4.480213 13.122139
v -8.317746 -4.202995 14.749533
v -8.698205 -3.929964 14.559479
v -8.826293 -3.901802 15.059315
v -7.671869 -4.919187 10.712977
v -8.788736 -3.823053 14.031802
v -8.530577 -4.042363 14.009377
v -8.442030 -4.148700 13.347116
v -8.252097 -4.392410 12.627976
v -8.999782 -3.722234 14.549430
v -8.706066 -3.881811 13.206977
v -8.468019 -4.192895 12.632133
v -8.334105 -4.395133 12.320616
v -8.092474 -4.665106 11.328607
v -8.937846 -3.684924 13.822825
v -9.663915 -3.311116 14.502927
v -9.219341 -3.538379 14.310530
v -9.195500 -3.480060 13.821733
v -8.887445 -3.696191 12.992459
v -8.755353 -3.860790 12.498662
v -10.837373 -3.324331 16.865984
v -10.263977 -3.293040 15.535622
v -9.039731 -3.549888 13.120008
v -9.580019 -3.258523 14.071086
v -9.213995 -3.404992 13.262998
v -11.179416 -3.052170 16.748375
v -8.975460 -3.601824 12.361186
v -8.784481 -3.874172 11.829531
v -9.338078 -3.264935 12.918289
v -9.581316 -3.155951 13.507711
v -8.380901 -4.698085 10.326717
v -10.582782 -2.718614 14.581621
v -11.135880 -2.627105 15.562414
v -10.232167 -2.948032 14.461046
v -9.617579 -3.019567 12.787629
v -9.157246 -3.399579 12.376597
v -8.752936 -3.985234 10.939425
v -9.502017 -3.066325 12.414830
v -8.975760 -3.615146 11.594563
v -10.225002 -2.767745 13.797602
v -9.424467 -3.093910 11.996953
v -9.166129 -3.369753 11.714112
v -9.946396 -2.692526 12.575368
v -8.991593 -3.584535 10.858759
v -12.282635 -1.994355 16.864758
v -11.107841 -2.326453 14.897432
v -11.267860 -2.075654 14.854245
v -10.685661 -2.478332 14.209134
v -10.401941 -2.494649 13.433335
v -12.916640 -1.570983 18.102188
v -12.371875 -1.773617 16.880522
v -11.556778 -1.909970 15.286796
v -12.991945 -1.266362 18.285240
v -12.366075 -1.565390 16.830429
v -11.575040 -1.738587 15.217826
v -10.526539 -2.195253 13.228932
v -10.115618 -2.434981 12.434142
v -11.299952 -1.690831 14.621492
v -13.019004 -0.954707 18.463474
v -13.445670 -1.045389 19.062452
v -13.542865 -0.716449 19.189117
v -14.098024 -0.788096 19.839951
v -12.438270 -1.074492 17.250280
v -12.671198 -0.879066 17.828629
v -12.170090 -1.341346 16.496174
v -11.524459 -1.430054 15.112891
v -10.349241 -2.134111 12.805444
v -10.709235 -1.676217 13.594202
v -9.736748 -2.490403 11.404818
v -10.153383 -1.817196 12.391475
v -10.409019 -1.681998 13.022718
v -10.759151 -1.305982 13.860975
v -11.363885 -1.039458 14.995917
v -11.409244 -1.220514 15.056732
v -11.909563 -0.938469 16.200493
v -12.308526 -0.788605 16.985380
v -10.062473 -1.552405 12.078355
v -10.321491 -1.271658 12.852452
v -11.589793 -0.657095 15.231802
v -12.388650 -0.426669 16.667404
v -10.481956 -1.221766 13.291006
v -10.138968 -1.257748 12.111159
v -10.927342 -0.938208 14.103653
v -12.072182 -0.150221 15.711405
v -12.575286 0.042101 16.469702
v -13.293981 0.319518 17.496769
v -10.679936 -0.770472 13.368808
v -11.521892 -0.057119 14.520175
v -12.538141 0.370809 16.275490
v -13.464386 0.484480 17.750519
v -10.499155 -0.727488 12.788874
v -10.903801 -0.236597 13.322847
v -12.051455 0.233633 15.422540
v -12.366049 0.606067 16.050798
v -10.344341 -0.782345 12.287978
v -11.456608 0.147003 14.286719
v -11.926991 0.419308 15.183706
v -10.638651 -0.359893 12.807830
v -10.217235 -0.445262 11.797619
v -10.418910 -0.433830 12.301869
v -10.761770 0.072597 13.031068
v -11.118358 0.382897 13.779373
v -10.571886 0.510174 12.983753
v -10.253778 -0.142718 12.016345
v -11.362915 0.585188 14.365003
v -10.039775 -0.345386 11.411759
v -10.122608 -0.716199 11.423386
v -10.146102 -1.039095 11.760104
v -9.844316 -0.396935 10.904639
v -9.998718 -1.129486 11.110831
v -9.858617 -1.251130 10.424738
v -9.616177 -1.791050 10.415756
v -9.585815 -2.021610 10.730961
v -9.469005 -2.188939 10.132691
v -9.561818 -1.855062 9.786730
v -9.785725 -1.318558 9.816662
v -9.928539 -1.017032 10.606680
v -9.788568 -0.725498 10.241830
v -9.790680 -1.111400 9.634878
v -9.672522 -1.541381 9.083939
v -9.321298 -2.830417 9.864245
v -9.591301 -1.676788 8.553639
v -9.554030 -1.886078 9.269777
v -9.270091 -2.836808 8.819000
v -9.347193 -2.600853 8.377494
v -9.453706 -2.335868 8.128401
v -9.357973 -2.655069 7.756879
v -9.166539 -3.089526 7.707399
v -8.819040 -3.945642 6.884081
v -9.026353 -3.457297 6.479523
v -8.887860 -3.896560 5.374360
v -8.706393 -4.303946 4.676163
v -8.941304 -3.825850 4.807300
v -8.501161 -4.584113 3.657238
v -8.814362 -4.027155 4.144513
v -8.135184 -5.151142 2.769016
v -7.913385 -5.303704 2.017006
v -9.345909 -3.052832 5.349174
v -8.552821 -4.372147 3.112235
v -9.363434 -3.059191 4.899715
v -9.466963 -2.768450 5.284778
v -9.150046 -3.409795 3.664652
v -9.542295 -2.414694 5.523263
v -9.515496 -1.790601 6.417027
v -9.577081 -1.701223 5.544260
v -9.500886 -2.643264 4.040304
v -9.633232 -1.921763 4.886972
v -9.617369 -2.191331 4.396510
v -9.379778 -2.939929 3.520633
v -9.149194 -3.359058 2.710142
v -8.740710 -3.970367 2.639720
v -9.560983 -2.503222 3.426859
v -9.284590 -3.137728 3.001189
v -9.163062 -3.284593 2.185220
v -9.696932 -2.069368 3.735644
v -9.733061 -2.219545 2.970367
v -9.529351 -2.716532 2.411210
v -9.414297 -2.919834 2.127889
v -8.687293 -3.752305 1.264907
v -9.864715 -1.741882 3.537140
v -9.347747 -2.986805 1.628041
v -9.783345 -2.310930 2.306906
v -9.699223 -2.513000 1.758533
v -8.727805 -3.626944 0.474609
v -9.997084 -1.946868 2.473323
v -9.530025 -2.738060 0.624674
v -8.388367 -3.952714 -0.022586
v -9.742957 -2.495389 1.226848
v -8.909696 -3.382774 0.131969
v -8.265588 -3.930498 -0.555489
v -10.067548 -2.127571 1.295138
v -8.716385 -3.495495 -0.371150
v -10.185780 -1.944486 1.172691
v -10.061475 -2.172035 0.478051
v -9.125427 -2.639186 -1.472381
v -9.373837 -2.696464 -0.787850
v -9.845308 -2.370188 -0.060370
v -10.179954 -1.872019 0.422503
v -10.017027 -2.128898 -0.117872
v -9.762600 -2.394719 -0.415281
v -10.166485 -1.854807 -0.091857
v -9.907748 -2.101512 -0.790743
v -9.998658 -2.062444 -0.520079
v -10.005902 -1.902382 -1.055934
v -9.568704 -1.837299 -2.039850
v -9.682563 -2.085064 -1.410732
v -10.327475 -1.035207 -2.093589
v -10.398240 -1.254282 -1.633332
v -10.629498 -0.909780 -1.739280
v -11.122732 0.335087 -2.534312
v -10.711263 -1.011949 -1.359577
v -11.165523 -0.428392 -1.165383
v -11.360857 -0.252216 -0.722678
v -11.560761 0.163139 0.275857
v -11.478824 -0.082904 -0.261095
v -10.961289 -0.800715 -0.728291
v -10.728727 -1.076260 -1.078568
v -11.362529 -0.119175 0.332749
v -10.887822 -0.837031 -0.353049
v -11.340939 0.049367 0.869325
v -10.341241 -1.588819 -0.619900
v -11.276795 0.159510 1.218261
v -10.428692 -1.441669 -0.269596
v -10.725379 -0.770611 0.679664
v -10.752827 -0.312943 1.826686
v -10.876405 0.143011 2.114648
v -10.522589 -1.035196 0.847140
v -10.757381 -0.519227 1.346353
v -10.316652 -1.529246 0.509196
v -10.529893 -0.288094 2.381663
v -10.158890 0.046020 3.490208
v -10.490563 -0.813625 1.666008
v -10.292470 -1.564206 0.947038
v -10.374452 -0.538360 2.512658
v -10.394579 -0.769445 2.148001
v -10.360836 -1.228800 1.381296
v -9.928815 -0.025184 3.996326
v -10.233558 -0.657575 2.786446
v -10.315311 -1.154982 1.860304
v -10.210835 -1.747400 1.781536
v -9.787374 -0.080987 4.392014
v -10.177326 -0.849006 2.853034
v -10.247705 -1.030344 2.434259
v -10.176373 -1.569385 2.403093
v -9.848433 -0.602500 4.066190
v -10.069372 -0.982984 3.258302
v -10.123597 -1.385052 2.974414
v -9.500489 -0.093103 5.584331
v -10.032525 -1.250601 3.500864
v -9.455813 -0.544615 6.043306
v -9.717024 -0.926368 4.928823
v -9.903139 -1.127964 4.107181
v -9.780485 -1.569117 4.191927
v -9.649044 -0.936230 5.248393
v -9.678706 -1.359380 4.813602
v -9.454377 -1.058914 5.937002
v -9.714674 -1.822596 4.219162
v -9.204181 -0.445509 7.886492
v -9.297308 -0.644509 6.821304
v -9.646715 -1.585924 4.950527
v -9.220212 -0.650896 7.662615
v -9.335247 -0.973820 6.644028
v -9.473668 -1.309361 6.000802
v -9.200015 -0.372687 8.612933
v -9.396140 -1.120398 7.540276
v -9.441143 -1.355144 6.707944
v -9.436587 -0.929931 8.387804
v -9.254787 -0.314642 9.108990
v -9.506166 -2.293940 6.319919
v -9.500979 -1.668748 7.493958
v -9.470518 -1.377128 7.601113
v -9.500308 -2.075234 7.200877
v -9.430426 -2.596594 6.522528
v -9.570300 -1.468566 8.362965
v -9.530278 -1.209933 8.383520
v -9.326627 -2.835816 6.625172
v -9.509126 -2.045889 8.012746
v -9.921251 -0.804028 10.656902
v -9.618258 -0.600498 9.869907
v -9.356030 -0.237359 9.763713
v -9.501348 -0.164721 10.362668
v -9.976208 -0.018116 11.565079
v -9.668268 -0.086515 10.873326
v -10.203794 0.297758 12.115530
v -7.187417 1.139149 -6.698703
v -7.486371 1.045599 -6.195476
v -7.540751 1.332073 -6.119483
v -9.714453 1.256523 -4.098425
v -9.405442 1.504259 -4.333444
v -8.707989 1.264395 -4.877698
v -8.448726 0.935239 -5.053977
v -8.102250 1.013384 -5.395564
v -7.793905 1.127448 -5.749950
v -7.170825 0.845452 -6.810411
v -6.991046 0.707419 -7.228080
v -6.805418 0.807017 -7.710726
v -8.461127 1.454278 -5.109200
v -6.641840 1.040636 -8.289344
v -6.921381 1.069117 -7.331790
v -7.852190 0.908874 -5.711165
v -9.278581 0.817722 -4.364914
v -8.878067 0.638652 -4.636432
v -8.628779 0.376133 -4.827634
v -8.950089 0.148759 -4.433970
v -8.651386 -0.010465 -4.676152
v -8.577309 -0.507376 -4.479008
v -8.327249 0.505148 -5.195404
v -8.390758 0.140504 -5.063202
v -8.369695 -0.251517 -4.918852
v -8.199407 -0.889730 -4.698103
v -7.775328 -1.540204 -4.690583
v -7.676400 -1.965994 -4.367512
v -7.819404 -1.071125 -5.144749
v -7.617069 -1.399038 -5.089982
v -7.204195 -1.676316 -5.411999
v -7.030241 -2.019800 -5.213005
v -6.995286 -2.623778 -4.555205
v -6.404981 -2.899802 -5.137126
v -6.139152 -3.877297 -4.500475
v -6.922163 -3.176368 -4.011433
v -6.305873 -3.975553 -4.103734
v -6.261919 -4.215702 -3.810923
v -6.065634 -4.087615 -4.294963
v -6.437476 -4.415305 -3.211455
v -5.780460 -5.001070 -2.957032
v -4.625184 -5.580215 -3.450600
v -4.341502 -5.685227 -3.617056
v -4.510401 -6.112898 -2.426811
v -4.897338 -5.927283 -2.315730
v -3.743781 -6.029993 -3.580751
v -6.663590 -4.595615 -2.578739
v -6.736042 -4.466805 -2.710250
v -6.784305 -4.314142 -2.841012
v -7.342168 -3.185658 -3.342388
v -6.599618 -4.312488 -3.166962
v -7.618682 -3.978980 -1.819187
v -7.823573 -3.018939 -2.831445
v -8.788529 -1.983880 -2.933745
v -7.856952 -3.582001 -1.993923
v -8.188673 -3.137591 -2.135695
v -8.423870 -3.301745 -1.492821
v -6.873668 -4.576047 -2.329551
v -7.743040 -4.122384 -1.369866
v -8.588268 -3.438589 -0.905847
v -6.833819 -4.728099 -2.110753
v -7.051862 -4.612613 -1.960446
v -7.116686 -4.790413 -1.587065
v -6.977496 -4.896473 -1.602754
v -7.930325 -4.328692 -0.582491
v -7.322681 -4.965530 -0.881779
v -7.997211 -4.476063 0.029730
v -7.134517 -4.953356 -1.274673
v -8.329918 -4.140213 0.574532
v -7.436079 -5.135056 -0.289662
v -8.487895 -4.084428 1.550417
v -7.904858 -4.783721 0.527542
v -7.622870 -5.172623 0.338778
v -8.431376 -4.399885 2.363028
v -8.319774 -4.711778 2.655689
v -6.959518 -5.548061 0.260472
v -8.348547 -4.968595 3.835544
v -8.473086 -4.815695 4.510382
v -8.023173 -5.419125 3.559103
v -8.595494 -4.602167 5.282681
v -8.456665 -4.795364 5.810777
v -9.061342 -3.384892 8.286242
v -8.821504 -3.799611 8.833975
v -8.686961 -4.105588 7.722751
v -9.251142 -3.068234 9.849771
v -9.362226 -2.941099 10.405209
v -9.510412 -2.762466 10.865473
v -8.858925 -3.772267 10.042983
v -9.717225 -2.620134 11.428440
v -9.384043 -3.071021 11.313327
v -9.733827 -2.744584 11.873940
v -9.204912 -3.254560 10.753449
v -8.669394 -4.157053 10.016640
v -8.553440 -4.413519 9.713076
v -8.285409 -4.864120 9.673284
v -8.590838 -4.137474 11.914907
v -7.604850 -5.178136 9.494628
v -7.085843 -5.572002 8.651514
v -7.155770 -5.242544 10.195469
v -6.084321 -5.896753 9.658463
v -5.471225 -6.209733 9.511790
v -4.289286 -6.681000 8.939162
v -5.552657 -5.845023 11.182006
v -3.685277 -6.921404 8.321396
v -2.850032 -7.039565 8.860613
v -1.495857 -7.405596 7.884935
v -3.012553 -6.695842 10.823863
v -2.090922 -7.174738 8.971562
v -1.136466 -7.336405 8.943359
v -0.915865 -7.116348 10.824594
v -0.144604 -7.468322 8.804764
v 1.285796 -7.646348 7.484653
v 1.819936 -7.660508 6.759975
v 2.199324 -7.558523 8.611483
v 1.550952 -7.548561 8.826881
v 2.794977 -7.518693 8.708006
v 3.355409 -7.515108 7.297218
v 3.382600 -7.486431 8.236824
v 5.480363 -7.080516 7.341374
v 4.375348 -7.340157 8.133262
v 5.339769 -7.130922 8.470835
v 4.394920 -7.293135 9.265553
v 5.167639 -7.137334 9.446439
v 5.906591 -6.949392 9.665150
v 4.473034 -7.092255 11.803693
v 5.027646 -7.010190 11.687017
v 6.233442 -6.733642 11.734612
v 5.057629 -6.850377 13.369382
v 3.664760 -6.753797 15.682067
v 4.646079 -6.702740 15.233487
v 5.322028 -6.533870 15.783789
v 6.016532 -6.290616 16.818947
v 4.730040 -6.405108 17.405649
v 3.769446 -5.990272 20.204510
v 3.153201 -5.776280 21.310635
v 4.607016 -5.960271 19.893358
v 4.741713 -5.679698 20.964687
v 2.849374 -5.176780 23.131092
v 6.356444 -5.624550 20.040932
v 3.971420 -5.388415 22.271305
v 4.423619 -5.088720 22.871063
v 6.726408 -5.761344 19.058916
v 6.007288 -5.476488 20.886667
v 5.566426 -5.012727 22.581039
v 4.944355 -4.513047 23.968912
v 6.162522 -4.432420 23.687403
v 6.996929 -3.881758 24.933304
v 6.381127 -3.711512 25.498068
v 6.164029 -3.426246 25.988247
v 7.409376 -4.457318 23.043697
v 7.032570 -4.127077 24.150732
v 8.141823 -5.189791 20.412214
v 8.556705 -3.576970 25.102257
v 8.366229 -4.472146 22.606327
v 8.494459 -4.794223 21.650059
v 8.950568 -5.049388 20.379642
v 8.691212 -3.967479 24.016890
v 8.936049 -4.797521 21.324339
v 9.418049 -5.099783 19.566355
v 16.295357 2.631586 7.726160
v 15.502560 4.398390 8.329459
v 15.721086 3.998642 8.130102
v 16.063875 2.803330 8.627411
v 15.934616 2.814657 9.256096
v 15.843797 2.825588 9.863544
v 15.536283 3.786713 9.849454
v 15.796742 2.818210 10.454383
v 15.459149 4.140383 9.375877
v 15.442499 3.932367 10.984138
v 15.572605 4.034744 8.832091
v 15.388836 4.188072 10.047941
v 15.228544 4.547704 9.948394
v 15.281302 4.576960 9.203885
v 15.120959 4.853481 9.106185
v 14.988267 4.938687 9.930533
v 14.907292 5.182546 8.676453
v 14.767869 5.210086 10.040610
v 14.719583 5.340145 9.071163
v 14.557540 5.478325 9.362097
v 14.936218 5.199579 7.819822
v 14.376127 5.605618 10.208207
v 14.334832 5.551452 11.795967
v 14.385299 5.618427 9.373768
v 14.199546 5.753143 9.644917
v 14.198386 5.748179 10.466093
v 13.868639 5.927061 8.184018
v 14.010498 5.881861 10.094710
v 13.846454 6.004325 10.735045
v 13.602382 6.082505 8.703330
v 13.403050 6.296750 7.421563
v 13.227828 6.413000 7.816747
v 13.415185 6.219918 9.771180
v 13.066520 6.462757 10.466969
v 13.322808 6.283627 8.891569
v 12.930662 6.561510 10.016946
v 12.879340 6.662821 8.482409
v 13.051890 6.541232 8.079577
v 13.053066 6.509049 7.756818
v 12.327942 6.872272 7.317703
v 11.847311 7.208929 6.747663
v 11.929676 7.169685 6.267868
v 12.331572 6.888758 7.820669
v 12.643808 6.792606 8.616905
v 12.699346 6.789588 8.948803
v 11.619286 7.340757 7.226324
v 11.934696 7.103733 7.294907
v 11.994217 7.040493 7.966654
v 12.372141 6.902188 8.424196
v 12.463229 6.929520 9.185576
v 12.459523 6.948922 9.669263
v 12.291310 7.030528 9.848406
v 11.980580 7.071292 8.975968
v 12.158676 7.083064 10.305080
v 11.763428 7.182337 9.583244
v 11.921802 7.176872 10.713951
v 11.568687 7.266070 9.505471
v 11.629435 7.272810 10.327755
v 11.768549 7.241369 11.057675
v 11.360069 7.393143 10.280499
v 11.659255 7.283122 11.557299
v 11.566966 7.311022 12.049076
v 11.183841 7.474419 11.295275
v 11.453619 7.337723 12.390532
v 11.860845 6.983980 13.069226
v 11.462782 7.273879 12.788361
v 12.047149 6.966458 12.543829
v 10.935215 7.601449 11.109468
v 11.259755 7.366629 12.791227
v 12.158086 6.817229 13.188343
v 13.131031 6.397969 12.681851
v 12.091880 6.980080 12.146201
v 12.976552 6.355565 13.745281
v 13.291161 6.193559 13.534698
v 13.464128 6.236302 11.895543
v 13.479701 6.198903 12.499512
v 13.894238 5.690912 13.989773
v 13.044119 6.228508 14.307959
v 14.211469 5.493779 13.559230
v 14.650986 5.050107 14.160939
v 14.011244 5.507776 14.823825
v 14.495838 5.149183 14.745123
v 13.523161 5.828859 15.068129
v 14.953111 4.740558 14.078363
v 14.752258 4.916347 15.294916
v 15.057284 4.616779 14.905672
v 15.125697 4.529817 13.674189
v 15.272584 4.430021 15.835326
v 15.392722 4.249266 15.353787
v 15.204688 4.408432 14.187173
v 15.404986 4.049680 14.227861
v 15.618087 3.963678 15.728766
v 15.748940 3.705679 15.779630
v 15.571385 3.899615 14.942601
v 15.396546 3.997540 13.524466
v 15.576321 3.615265 14.252328
v 15.390586 4.018227 13.841795
v 15.563502 3.569034 13.015483
v 15.660072 3.250543 14.129435
v 15.867147 3.340157 15.924403
v 15.699992 3.552680 14.927099
v 15.728909 3.013851 14.414485
v 15.693983 3.054224 13.731906
v 15.919384 3.013455 15.997235
v 16.242910 2.934270 17.572453
v 15.248798 4.549592 18.962807
v 15.146943 4.574500 17.937235
v 15.603917 4.296553 18.634659
v 15.523694 4.296796 17.999926
v 15.881686 4.001702 18.108442
v 16.091578 3.518271 17.404629
v 15.958023 3.798809 17.553352
v 16.260677 3.825918 18.947733
v 16.268099 3.678527 18.566727
v 16.261383 3.301503 17.867376
v 16.248701 3.532885 18.184855
v 16.128767 4.057416 19.387257
v 15.673919 4.390185 19.807281
v 16.408276 3.046556 18.208420
v 16.549171 3.362676 18.859449
v 16.880064 3.426818 19.718077
v 16.801823 3.753823 20.194967
v 16.556120 4.054698 20.863758
v 16.634071 2.964560 18.835035
v 16.849276 3.093130 19.374269
v 17.205959 3.518571 20.509241
v 17.241993 3.783530 21.343142
v 16.412346 4.182369 21.684299
v 17.586430 3.802802 22.386490
v 17.885689 3.604676 22.007050
v 17.905176 3.310386 21.356853
v 17.470634 3.220392 20.586229
v 17.269583 2.995130 20.128923
v 17.013775 2.651738 19.675865
v 19.474775 3.271822 23.759689
v 17.931255 3.492732 21.719566
v 18.155329 3.102088 21.466635
v 17.742083 2.987845 20.853739
v 19.683134 3.108676 23.587067
v 19.511932 3.017803 23.078657
v 19.085861 2.947615 22.458685
v 18.627798 2.762706 21.869810
v 18.038101 2.658426 21.202545
v 19.577019 2.678053 22.860838
v 20.178391 2.686819 23.632160
v 20.663776 2.390002 24.154644
v 19.955744 2.418989 23.227772
v 20.957258 2.147898 24.606184
v 20.495411 2.720806 24.310827
v 21.020725 2.395965 25.003521
v 21.289108 2.129425 25.604033
v 21.370987 1.892102 26.083431
v 20.521194 2.823358 24.815960
v 21.068138 2.467890 25.672749
v 21.252663 2.159379 26.396626
v 21.266235 1.902749 26.970871
v 21.204969 1.697860 27.384436
v 19.033981 3.474096 24.056843
v 20.271242 3.007939 25.080563
v 20.893135 2.608987 26.090954
v 21.039856 2.028481 27.585035
v 20.936802 1.827867 28.035719
v 20.778557 1.647634 28.332264
v 19.685625 3.278357 25.068169
v 20.560432 2.827573 26.235809
v 20.950443 2.367606 27.037130
v 20.769707 2.220247 27.957371
v 20.645014 2.017142 28.461699
v 20.452072 1.832373 28.787275
v 20.220808 1.663453 28.974483
v 18.606813 3.597227 24.816471
v 20.008680 3.118255 26.090811
v 20.439211 2.718274 27.251804
v 20.474190 2.448434 28.107611
v 20.344099 2.234327 28.682226
v 20.122520 2.042608 29.038059
v 19.844864 1.867986 29.224323
v 19.531019 1.708311 29.284809
v 17.136122 3.889031 24.746336
v 19.037722 3.422835 26.041685
v 19.938133 3.024852 26.978439
v 20.121172 2.704956 28.015202
v 20.013935 2.467215 28.685347
v 19.773680 2.261873 29.078625
v 19.456186 2.076235 29.271177
v 18.646446 1.685191 29.272663
v 14.412210 4.784672 22.822832
v 19.617252 2.997606 27.622198
v 19.625671 2.719462 28.458126
v 19.402449 2.493817 28.932844
v 19.068663 2.282393 29.165716
v 18.685429 2.118605 29.216114
v 19.089014 1.906498 29.325125
v 17.826296 1.803125 29.137213
v 13.826084 4.884936 23.161928
v 15.646582 4.259629 24.183987
v 17.195318 3.750545 25.861937
v 19.115524 3.003998 27.980846
v 18.920723 2.731819 28.653036
v 18.688368 2.535595 28.920460
v 17.827295 2.186452 29.054562
v 17.316837 2.024599 29.048742
v 16.777119 1.857613 29.061041
v 12.989793 5.095413 23.039982
v 18.567108 3.332335 27.145329
v 18.306414 3.042088 28.151482
v 17.262125 2.670410 28.719904
v 17.402557 2.431515 28.899733
v 16.837952 2.260497 28.958729
v 16.250229 2.089938 29.048130
v 15.698175 1.911798 29.167814
v 10.995703 5.872688 21.742432
v 11.581272 5.512350 22.516977
v 13.795376 4.619229 24.463924
v 14.948384 4.204240 25.298700
v 16.243074 3.788055 26.335293
v 16.948759 2.931646 28.458908
v 10.202747 6.282157 21.104439
v 17.438669 3.383125 27.455549
v 9.864361 6.322525 21.300968
v 10.388733 5.957288 22.061916
v 10.737701 5.534795 23.079828
v 12.532699 4.683481 24.884586
v 15.119249 3.766939 26.879553
v 15.450727 3.275315 28.101942
v 8.660118 6.861035 20.024508
v 9.317755 6.321714 21.522900
v 10.012383 6.009431 22.246290
v 11.513018 5.158996 23.825966
v 8.672003 6.720709 20.451683
v 8.687644 6.621506 20.866104
v 9.613915 6.000826 22.370628
v 10.194447 5.643014 23.186680
v 10.915900 5.207010 24.031746
v 11.661097 4.711312 25.221745
v 12.312765 4.387991 25.863207
v 13.322639 3.973328 26.879608
v 7.289479 7.131660 19.482141
v 7.869644 6.750805 20.595966
v 8.735633 6.362849 21.729996
v 9.546883 5.673204 23.274292
v 10.427460 5.287883 24.130995
v 6.913498 7.159501 19.742699
v 7.426826 6.826257 20.555815
v 8.701336 6.227482 22.110909
v 8.795780 6.080871 22.587210
v 9.923126 5.322760 24.162727
v 10.690658 4.941925 25.099165
v 5.755036 7.852492 18.805479
v 6.495159 7.113697 20.441359
v 6.966447 6.789516 21.210827
v 8.176283 6.222162 22.411018
v 8.710255 5.794183 23.349997
v 9.416521 5.348240 24.152052
v 6.298339 7.330199 19.887594
v 4.480647 8.307574 17.325468
v 4.696444 8.208295 17.895592
v 5.080959 7.996223 18.917850
v 5.682897 7.362850 20.390024
v 6.402522 6.865735 21.507504
v 6.962592 6.488835 22.321995
v 3.565280 8.232794 16.476898
v 4.284151 8.193742 17.866491
v 5.235237 7.483231 20.340240
v 5.728316 7.090615 21.438154
v 6.109193 6.788186 22.133978
v 3.644262 8.188817 17.200638
v 4.677441 8.023817 18.900820
v 5.219141 7.142427 21.344021
v 5.506172 6.884540 22.150425
v 6.566958 6.409494 22.758482
v 4.497923 7.210190 21.118746
v 3.944095 7.774210 19.430891
v 3.378265 7.933053 18.874073
v 3.349925 8.091775 17.756918
v 2.990163 8.182213 16.615202
v 2.822970 7.817635 19.382051
v 4.649194 6.916864 22.120712
v 5.162670 6.660411 22.805393
v 5.547935 6.305775 23.416851
v 4.502233 6.456291 23.399492
v 6.631503 5.462165 24.497280
v 3.069109 7.527063 20.345158
v 3.320096 7.135769 21.790646
v 4.069008 6.776359 22.771168
v 5.165696 5.981652 24.046793
v 4.484791 5.790584 24.386261
v 6.267816 5.146296 25.058903
v 1.425945 7.948605 18.855640
v 1.793196 7.839738 19.412743
v 2.065655 7.551295 20.326229
v 2.584320 7.132525 21.945581
v 2.847443 6.871751 22.720146
v 3.111773 6.567600 23.307095
v 3.877743 6.201079 23.869955
v 0.632603 8.014941 18.185921
v 1.805391 7.072668 21.926029
v 2.016866 6.865084 22.616652
v 2.255209 6.588370 23.219498
v 0.984543 7.344327 20.630424
v 0.856063 7.814818 19.290892
v 0.546139 8.131181 17.668051
v 0.548695 8.355968 16.371536
v 4.124676 4.624388 25.770157
v 5.034656 3.888330 26.538561
v 3.036581 4.415114 26.051437
v 1.421914 5.255239 25.189667
v 2.250015 5.563424 24.767237
v 1.860619 5.959121 24.235470
v 2.842885 5.903642 24.298916
v 1.600600 6.282337 23.679029
v 2.524485 6.266509 23.776207
v 1.376671 6.559312 23.082998
v 1.228881 6.821290 22.419563
v 5.117638 4.762995 25.597794
v 5.935115 4.098457 26.372410
v 6.586040 3.657114 26.868969
v 7.249055 3.224500 27.355511
v 5.742578 3.395525 27.082441
v 7.746055 2.886918 27.876038
v 6.279823 3.000201 27.483883
v 8.055856 2.621539 28.390141
v 5.956935 4.901801 25.417242
v 6.492710 4.393765 26.050375
v 7.220643 3.913679 26.607588
v 7.926101 3.481921 27.204878
v 8.440644 3.158758 27.866047
v 8.748054 2.900535 28.499943
v 8.913352 2.652547 29.036545
v 9.039418 2.319923 29.493628
v 6.923746 4.676792 25.647856
v 7.659284 4.200556 26.284552
v 8.380905 3.772115 26.976711
v 8.929363 3.444542 27.740170
v 9.267426 3.173367 28.465994
v 9.458582 2.887430 29.052168
v 9.479939 1.966509 30.147635
v 7.248426 4.960495 25.158058
v 7.951461 4.507592 25.860096
v 8.677289 4.082646 26.621258
v 9.274719 3.739410 27.455349
v 9.676301 3.447590 28.262335
v 9.955599 3.105915 28.884911
v 10.165358 2.776090 29.449306
v 9.637382 2.553228 29.541037
v 9.993578 3.710600 27.871769
v 9.502173 4.047964 27.017429
v 8.852058 4.410031 26.138029
v 8.140424 4.824966 25.328403
v 7.485795 5.251210 24.600477
v 6.886262 5.690728 23.976124
v 6.341798 6.140613 23.391249
v 5.872238 6.565658 22.808701
v 7.097880 5.975553 23.361294
v 7.655033 5.553770 24.003529
v 8.260835 5.150395 24.721708
v 8.932271 4.750687 25.542814
v 9.618522 4.376001 26.447048
v 10.205352 4.006876 27.342421
v 10.664940 3.574554 28.108215
v 10.524915 3.264669 28.724932
v 7.773698 5.874223 23.368734
v 8.733402 5.473524 24.081583
v 8.944635 5.098124 24.870161
v 9.632839 4.721980 25.764746
v 10.291195 4.342803 26.697010
v 10.886100 3.862473 27.507261
v 11.890586 2.972809 29.509861
v 11.252326 2.833353 29.693560
v 9.553283 5.040615 24.977341
v 10.264869 4.702037 25.951071
v 10.960430 4.194679 26.795177
v 11.681142 3.792792 27.572689
v 11.386433 3.507298 28.251400
v 11.889643 2.695659 29.999979
v 10.140261 5.036772 25.087841
v 10.881225 4.560452 25.988539
v 11.637045 4.091103 26.862492
v 12.275287 3.162195 29.091774
v 11.509882 4.447190 25.986044
v 12.332908 4.029273 26.898167
v 13.333492 3.554003 28.016809
v 12.496821 2.929831 29.558290
v 12.642916 2.640363 29.976395
v 12.097161 2.364705 30.429653
v 13.218983 3.146822 28.965994
v 12.151856 2.098453 30.692894
v 15.420400 3.554236 27.445465
v 13.812654 3.386257 28.297680
v 13.458988 2.929507 29.260136
v 13.224023 2.591194 29.787479
v 12.007048 1.809893 30.963043
v 14.559085 3.101705 28.611931
v 13.952515 2.658921 29.367224
v 13.586007 2.360887 29.793699
v 12.657096 2.110657 30.482271
v 12.577660 1.693795 30.743502
v 12.174245 1.620535 30.981771
v 11.899152 1.407563 31.162947
v 15.682860 3.019616 28.487555
v 14.788172 2.849298 28.874397
v 14.762046 2.519029 29.175640
v 14.272708 2.329064 29.473310
v 13.884774 2.031446 29.803783
v 16.046686 2.761421 28.715672
v 15.646640 2.479936 28.978594
v 13.878628 1.693546 29.927742
v 16.413979 2.509645 28.862270
v 15.247027 2.150386 29.211042
v 14.766748 1.967201 29.419178
v 14.349952 1.787387 29.648525
v 15.217208 1.738093 29.319851
v 20.771347 1.124908 -3.772083
v 20.754631 1.309412 -3.732009
v 20.725510 1.482849 -3.657662
v 19.131561 2.688558 -4.803659
v 19.935339 2.230952 -5.507456
v 20.223108 2.059386 -5.324577
v 20.428644 1.954156 -4.257438
v 20.560192 1.822406 -3.995171
v 20.652369 1.615996 -4.115278
v 20.752693 1.663949 -2.220691
v 20.254740 2.101223 -3.966890
v 20.724014 1.914311 -2.070468
v 20.682045 1.861632 -1.311277
v 20.479855 2.089871 -2.637090
v 20.629595 1.979298 -2.638565
v 20.550667 2.099170 -1.816616
v 20.573441 2.051147 -1.198488
v 19.994751 2.409799 -0.228980
v 20.100933 2.106525 0.266422
v 19.738190 2.467024 0.462872
v 18.210619 3.380053 -3.261695
v 19.545975 2.504432 -3.801328
v 18.761749 3.076025 -3.044543
v 19.464243 2.641756 -2.999276
v 19.700119 2.713840 -1.333658
v 19.029226 3.237274 -0.118558
v 18.938608 3.144689 0.951519
v 18.901247 2.986107 1.477903
v 18.289190 3.442333 -2.370857
v 18.791164 3.369916 0.461137
v 18.778492 3.398378 -0.810956
v 18.293392 3.609339 1.113765
v 18.137802 3.784635 0.708674
v 18.234919 3.725324 -0.549189
v 18.355864 3.693477 0.136608
v 17.002865 4.401017 0.633435
v 16.948069 4.417511 1.038363
v 16.466040 4.696144 1.209946
v 17.027845 4.305356 1.494818
v 16.294388 4.756790 1.858631
v 16.028158 4.881246 1.967136
v 15.479525 5.158775 2.590367
v 17.979712 3.494456 2.500872
v 17.502689 3.848773 2.411225
v 16.197433 4.695559 2.679234
v 15.950893 4.929988 2.398888
v 16.959764 4.132483 2.873925
v 15.703988 5.049213 3.087095
v 15.484273 5.195036 3.200639
v 14.639668 5.582251 3.288140
v 17.015846 3.937469 3.610938
v 15.152770 5.362949 3.652246
v 16.609715 4.250335 3.771459
v 15.261522 5.286928 3.912628
v 15.459177 4.987659 4.726744
v 15.002392 5.453190 4.236354
v 14.780930 5.568027 4.370006
v 14.278399 5.790256 4.292543
v 14.010299 5.921196 4.428422
v 16.263149 4.334539 5.111916
v 16.055819 4.511520 5.084477
v 15.049864 5.254742 5.212636
v 14.699727 5.616713 4.880616
v 14.382661 5.782972 5.336356
v 14.524405 5.664723 5.547318
v 15.624164 4.749377 6.068602
v 15.029286 5.204577 5.832440
v 14.242937 5.812401 6.153245
v 14.688194 5.405295 6.772442
v 15.310892 4.947553 6.740985
v 15.699201 4.613431 6.575711
v 15.118134 5.020617 8.053895
v 15.718472 4.473003 7.031626
v 15.369545 4.827173 7.436186
v 15.877241 4.199183 7.059794
v 16.010233 3.769034 7.318774
v 15.399873 4.680235 7.948917
v 16.290329 2.822260 7.721713
v 16.327024 3.520214 6.638744
v 16.604937 2.789543 6.783409
v 16.050272 4.331114 6.079454
v 16.304749 3.949996 6.038449
v 16.939016 2.772491 5.930077
v 16.843262 3.158581 5.701959
v 17.385994 2.853291 4.854530
v 16.745049 3.622269 5.302432
v 16.611225 3.963168 5.055582
v 16.445272 4.146966 5.121312
v 17.885256 2.738237 3.999931
v 17.798616 2.811674 4.099675
v 17.359259 3.240725 4.375939
v 17.177935 3.563128 4.219544
v 17.039856 3.799001 4.053384
v 17.637156 3.026005 4.107245
v 17.672483 3.294614 3.591434
v 18.955698 2.731824 1.706908
v 18.753984 2.653420 2.189277
v 18.253853 2.694002 3.324785
v 18.310684 2.885435 3.114390
v 17.444708 3.649211 3.306421
v 19.261703 2.663646 1.206119
v 18.374126 2.978048 2.866986
v 18.324718 3.100540 2.741017
v 20.147703 0.768831 -8.021228
v 20.206385 0.483003 -8.068440
v 20.599386 0.512905 -7.720211
v 20.560806 0.711932 -7.693214
v 20.953724 0.577199 -7.151393
v 20.922245 0.783303 -7.103187
v 21.104889 0.750749 -6.610048
v 21.151907 0.751241 -6.108126
v 21.098030 0.925541 -6.141947
v 20.835331 0.987157 -7.031467
v 20.475723 0.917618 -7.625531
v 19.602310 0.877595 -8.259016
v 19.703737 0.668845 -8.313320
v 19.002211 0.869831 -8.473927
v 18.653587 0.642310 -8.648209
v 19.070963 0.591629 -8.567777
v 19.718800 0.451093 -8.353679
v 17.867050 2.064529 -7.452964
v 19.685925 1.417045 -7.673596
v 19.963799 1.426581 -7.433693
v 20.344604 1.128331 -7.520087
v 20.693735 1.191233 -6.931994
v 19.164335 1.814517 -7.355076
v 16.824654 2.616915 -7.032640
v 16.077467 2.992815 -6.802874
v 20.921793 1.131596 -6.509218
v 20.283123 1.434629 -7.068172
v 19.671518 1.797958 -6.985232
v 18.023790 2.343757 -6.872166
v 20.491207 1.615138 -6.253687
v 18.117100 2.535349 -6.381167
v 19.389465 2.018122 -6.731005
v 20.163780 2.012573 -5.849928
v 20.765751 1.354209 -4.927029
v 18.969336 2.529250 -5.691298
v 19.817965 2.208504 -5.772433
v 20.907459 1.249244 -6.113686
v 20.646847 1.576272 -5.141569
v 20.442291 1.818171 -5.638815
v 20.865265 1.057080 -4.693228
v 19.028122 2.684767 -5.200537
v 14.672702 4.256841 -5.357960
v 13.151341 4.761062 -6.290004
v 13.667620 4.620773 -5.842528
v 15.752914 3.633140 -5.741708
v 17.325077 3.027580 -5.911308
v 13.993208 4.246178 -6.283859
v 14.479777 4.139055 -5.917789
v 15.209740 3.806749 -5.869792
v 15.880227 3.338753 -6.305377
v 14.826894 3.799891 -6.277662
v 13.991527 3.967758 -6.819843
v 13.379075 3.986493 -7.431646
v 15.464079 3.263477 -6.732115
v 14.539360 3.647333 -6.818122
v 13.621199 3.615104 -7.697503
v 13.086580 3.603050 -8.359437
v 14.641590 3.414034 -7.072159
v 13.906738 3.377794 -7.705314
v 13.330542 3.260233 -8.485646
v 13.723514 3.056478 -8.231549
v 14.833505 3.154297 -7.244177
v 15.152244 3.269486 -6.914684
v 14.400578 3.020733 -7.663530
v 13.646919 2.746003 -8.603434
v 14.947882 2.809221 -7.513853
v 13.981600 2.661331 -8.320774
v 14.304703 2.410282 -8.225854
v 13.507940 2.299916 -9.063024
v 13.158021 1.923539 -9.685859
v 13.081055 2.217104 -9.674063
v 14.666127 2.167953 -8.156539
v 14.100692 1.996705 -8.637327
v 13.741776 2.070287 -8.918071
v 14.545389 1.822571 -8.454999
v 14.161871 1.778404 -8.702857
v 13.141861 2.587288 -9.371610
v 12.743546 2.351900 -10.217547
v 12.661032 1.967864 -10.595636
v 12.479765 2.179309 -10.950177
v 12.284854 1.736512 -11.679589
v 13.150922 2.903641 -9.115281
v 12.804945 2.748516 -9.803707
v 12.476537 2.558623 -10.640330
v 12.274219 2.016921 -11.743579
v 11.853011 1.626683 -13.746855
v 12.404087 2.906273 -10.436114
v 12.220601 2.762325 -11.101215
v 12.804271 3.119990 -9.430873
v 12.614979 3.396872 -9.407348
v 12.262421 3.265825 -10.275238
v 12.045707 3.099486 -11.070802
v 12.498322 3.708456 -9.118296
v 12.014834 3.599541 -10.273717
v 12.991838 4.232105 -7.496605
v 12.566814 4.187439 -8.152332
v 12.049582 3.989121 -9.419058
v 13.429622 4.415371 -6.645372
v 12.165144 4.721837 -7.753886
v 12.646805 4.574283 -7.337840
v 13.068213 5.004500 -5.800344
v 12.620825 5.086995 -6.320888
v 11.852025 5.183296 -7.239083
v 11.238417 5.010537 -8.626565
v 12.143672 5.519746 -5.968457
v 12.564881 5.402832 -5.519577
v 13.191082 5.177917 -4.969743
v 14.415153 4.806517 -4.125926
v 11.928328 5.824688 -5.402015
v 12.691471 5.594293 -4.451594
v 13.637715 5.184453 -4.078235
v 12.263155 5.953171 -3.903211
v 12.781203 5.772430 -3.490738
v 11.513899 6.414136 -3.474688
v 12.732226 5.997902 -2.725706
v 12.119691 6.186082 -3.104384
v 13.076163 6.004478 -2.195398
v 14.358829 5.486439 -1.315722
v 16.159830 4.507894 -1.959394
v 16.330709 4.492720 -1.250970
v 15.581817 4.976936 -0.086948
v 16.723919 4.511516 0.296094
v 16.112427 4.771288 0.343412
v 15.496525 5.051919 1.195135
v 15.118574 5.220130 0.948446
v 15.053601 5.325122 1.840295
v 14.144182 5.882299 1.925576
v 13.571233 6.177814 1.875368
v 14.713119 5.537727 2.150739
v 13.707319 6.158146 2.318569
v 12.817720 6.632020 2.732227
v 15.092522 5.340618 2.689130
v 13.865387 6.074660 2.622887
v 13.359116 6.374784 2.702818
v 14.211160 5.824430 3.447510
v 13.450812 6.336568 3.257547
v 13.016888 6.587891 3.191778
v 12.509659 6.830629 3.336974
v 12.995533 6.613780 3.709138
v 13.806192 6.031150 4.352731
v 13.571879 6.206891 3.986054
v 13.206088 6.452064 4.095984
v 12.887637 6.669150 4.444558
v 12.634659 6.778927 4.336104
v 13.025617 6.401992 5.346995
v 12.808023 6.685477 4.885160
v 12.619240 6.802160 4.975021
v 12.418144 6.882747 5.042480
v 11.755055 7.071669 4.760223
v 11.389905 7.245996 4.779243
v 12.151415 7.005392 5.412192
v 11.280507 7.355560 5.394609
v 13.026705 6.363708 5.870431
v 10.645857 7.706039 4.659851
v 12.557743 6.796237 5.512352
v 12.776486 6.542330 5.997484
v 12.979692 6.402218 6.480515
v 12.299903 6.956202 5.585531
v 12.686801 6.591516 6.642670
v 13.053575 6.397569 6.904312
v 12.125459 7.059316 5.848339
v 12.406951 6.819370 6.809473
v 12.645673 6.652110 7.261154
v 11.932580 7.147390 5.928018
v 11.692730 7.287641 6.391968
v 12.789492 6.671953 8.058102
v 11.279811 7.452318 6.374012
v 10.360951 7.870684 5.038973
v 9.903425 7.997108 4.611832
v 8.790177 8.366319 5.207812
v 9.953080 8.041792 5.187469
v 10.981290 7.575225 6.153717
v 9.434600 8.235470 5.502560
v 9.952766 8.090933 6.257782
v 11.435656 7.430341 7.161643
v 11.423094 7.453466 7.623398
v 11.676053 7.229393 8.034171
v 11.766447 7.155410 8.553539
v 11.445232 7.339518 9.126614
v 11.279731 7.528560 8.062524
v 11.185124 7.580606 8.601370
v 11.195716 7.510076 9.493298
v 10.966634 7.695773 8.792142
v 10.962699 7.687525 9.644737
v 11.123794 7.528183 10.410744
v 10.763099 7.790472 10.074455
v 10.676662 7.796686 10.548565
v 10.582653 7.743074 11.485417
v 10.874768 7.537349 12.166154
v 10.421036 7.725947 12.191041
v 10.347871 7.978949 9.655882
v 9.155020 8.466402 8.283525
v 9.321965 8.358118 9.506732
v 10.047330 8.045593 10.320269
v 7.263838 8.925985 8.886536
v 8.489056 8.627604 9.326626
v 8.883010 8.488512 10.329275
v 9.858279 7.982891 11.481904
v 8.492373 8.614680 10.316991
v 8.748072 8.483947 11.085817
v 9.939540 7.887032 11.995538
v 11.227213 7.320892 13.186078
v 8.337349 8.600686 11.153374
v 9.581401 7.937975 12.373090
v 10.272060 7.673341 12.891959
v 10.682652 7.528526 12.923801
v 8.750071 8.413051 11.583484
v 11.084414 7.312742 13.557058
v 8.353176 8.544865 11.468758
v 6.801838 8.832813 10.649745
v 7.643172 8.736406 10.880990
v 8.831300 8.236719 12.391710
v 9.448707 7.802950 13.261461
v 9.775952 7.773076 12.944958
v 11.570293 6.854129 14.481049
v 10.986421 7.282642 13.879518
v 10.100506 7.575921 13.642478
v 8.519176 8.265918 12.965583
v 8.458000 8.408070 12.167417
v 10.819618 7.256742 14.266041
v 8.237100 8.349985 12.707925
v 9.919849 7.455149 14.493462
v 10.670552 7.195823 14.750680
v 9.463429 7.641686 14.074520
v 9.124833 7.804229 13.861524
v 7.476582 8.431083 12.229354
v 7.208984 8.504780 11.874706
v 8.376840 8.238861 13.530407
v 8.281746 8.302684 13.207006
v 7.072440 8.453982 12.375791
v 5.880767 8.738269 11.559142
v 6.495579 8.733508 11.182959
v 11.426435 6.826530 14.991771
v 8.042960 8.290391 13.673316
v 8.456045 8.101321 14.175655
v 8.865667 7.797761 14.717664
v 9.880020 7.340823 15.211090
v 10.422008 7.159615 15.313210
v 10.846649 6.902407 15.878193
v 9.448620 7.445523 15.357408
v 8.285000 8.136829 14.508813
v 9.101988 7.558100 15.602759
v 10.128270 7.161355 16.015020
v 8.420031 8.010264 15.012170
v 12.116665 6.483202 16.281847
v 12.330831 6.322788 16.676807
v 9.416748 7.397309 15.929561
v 11.369524 6.603689 16.720745
v 12.617934 6.138851 16.962906
v 9.853250 7.211996 16.547966
v 10.625071 6.855054 16.673208
v 12.029115 6.333115 17.141026
v 9.413193 7.345220 16.731310
v 12.278236 6.205966 17.500845
v 12.945472 5.921494 17.396460
v 9.212567 7.414804 16.865566
v 9.768506 7.150166 17.188915
v 10.770265 6.624434 17.514807
v 11.194800 6.435502 17.861681
v 13.207171 5.684238 18.069387
v 10.412673 6.764694 17.537027
v 11.901622 6.207154 18.141077
v 12.786845 5.871761 18.216124
v 9.761500 7.086298 17.581287
v 12.611394 5.885332 18.678835
v 14.472719 4.983215 18.488104
v 10.172406 6.789546 18.293018
v 10.765602 6.512716 18.440779
v 14.056661 5.190514 19.207233
v 10.418435 6.579112 18.991060
v 12.341391 5.967896 18.854082
v 13.640736 5.347069 20.216251
v 14.894623 4.791155 20.103971
v 12.558996 5.775110 19.912514
v 15.592885 4.499988 21.120138
v 15.372185 4.556229 21.915482
v 13.717374 5.226818 21.280140
v 12.313068 5.718603 20.784422
v 9.475715 6.917607 19.227100
v 10.506495 6.423654 19.887709
v 9.216150 6.906978 19.483614
v 9.743250 6.619716 20.246021
v 13.590834 5.156871 22.059422
v 14.638302 4.825401 21.894636
v 16.668396 4.110007 22.356964
v 11.098054 6.007863 21.052732
v 12.279010 5.506477 21.888550
v 15.639818 4.381968 23.162151
v 16.784071 4.057859 23.410892
v 17.642754 3.844444 23.485546
v 3.470367 8.268170 16.003605
v 5.133166 8.228518 17.208839
v 5.338676 8.100958 17.815687
v 6.370980 7.667490 18.631485
v 7.689957 7.130869 19.273895
v 9.140577 6.727387 20.197145
v 4.179822 8.283856 16.094934
v 6.743865 7.568599 18.484934
v 8.060136 7.171949 19.055092
v 4.030324 8.328836 15.440404
v 5.009227 8.240190 16.641544
v 5.693783 8.108991 17.141403
v 7.197271 7.499547 18.314482
v 8.462220 7.239846 18.751940
v 8.920644 7.267703 18.402956
v 6.109593 7.987712 17.059231
v 5.429581 8.208421 16.239994
v 7.171371 7.767562 17.257921
v 6.607660 7.874451 17.077698
v 5.284148 8.265377 15.520639
v 8.501671 7.474339 17.797829
v 6.163750 8.051016 16.278288
v 8.320780 7.775430 16.902666
v 9.346383 7.176359 18.249950
v 5.058720 8.431651 14.603680
v 6.876722 7.980180 16.180471
v 9.063541 7.340626 17.697184
v 5.860635 8.242196 15.111026
v 8.610378 7.713618 16.825409
v 6.043461 8.319516 14.714782
v 8.040514 7.893419 16.387367
v 4.816670 8.801055 13.198727
v 7.631180 8.198402 15.212288
v 8.149446 8.020431 15.731812
v 8.562007 7.805562 16.084841
v 6.084843 8.639328 13.615694
v 6.908759 8.456259 14.246787
v 8.311333 8.018735 15.386754
v 5.680007 8.746178 13.186896
v 7.094683 8.471513 14.073621
v 8.068569 8.146571 15.001007
v 4.815431 8.890676 11.610387
v 5.259623 8.808526 12.388659
v 5.934336 8.716541 12.989652
v 8.167868 8.210838 14.121429
v 5.725888 8.732530 12.049710
v 7.392002 8.409683 13.622013
v 6.677625 8.517573 12.640968
v 7.882802 8.343659 13.304519
v 4.334737 8.984300 9.989193
v 5.752906 8.790956 11.136310
v 6.149794 8.818456 10.751880
v 5.205354 8.874104 10.075125
v 4.785286 8.913636 10.082108
v 4.279696 8.947387 9.161245
v 3.760940 9.071377 9.236744
v 4.465237 8.892099 8.773226
v 4.884028 8.878478 8.965595
v 5.707676 8.886288 9.821243
v 4.745268 8.854416 8.008417
v 5.439650 8.900842 8.868409
v 6.231716 8.996637 8.584151
v 6.569671 8.991305 9.119051
v 6.909276 8.963156 9.321220
v 7.465301 8.842490 10.128183
v 6.041771 8.998880 7.774828
v 6.556085 9.006362 8.021457
v 7.369752 8.899833 8.099669
v 8.810641 8.574237 8.261177
v 10.037466 8.101657 8.354411
v 9.181107 8.453204 7.708624
v 10.636757 7.849122 8.156898
v 9.644540 8.272127 7.403438
v 8.269795 8.688234 7.437238
v 8.913752 8.506225 7.099687
v 9.454527 8.318035 6.725977
v 8.545379 8.517232 6.007971
v 6.603275 8.874924 6.269667
v 7.255887 8.751722 5.966000
v 7.777451 8.680986 6.055119
v 6.190721 8.691054 4.826324
v 7.089661 8.571856 4.657862
v 8.372108 8.266850 4.047627
v 7.366996 8.460942 4.158221
v 10.328896 7.792064 4.118869
v 9.191824 8.011295 3.509229
v 7.955405 8.278421 3.429261
v 10.608069 7.644423 3.797068
v 9.228876 7.924111 2.884777
v 8.539171 8.102325 2.831231
v 7.715646 8.294829 2.806040
v 10.128613 7.661561 2.895525
v 10.047240 7.614006 2.241317
v 8.940068 7.967299 2.274291
v 7.858666 8.258853 2.239185
v 9.425005 7.806544 1.777994
v 8.037466 8.242260 1.544556
v 11.429006 7.080348 1.910525
v 10.791676 7.361238 2.279215
v 12.051669 6.973954 2.857767
v 10.921977 7.439068 3.166503
v 11.853911 7.082394 3.496117
v 10.914536 7.478281 3.479497
v 11.800784 7.055271 4.379354
v 11.232117 7.343308 3.811206
v 10.879808 7.531252 3.956539
v 15.768809 2.839334 10.920605
v 15.750134 1.901896 11.555145
v 15.790339 2.639968 10.981270
v 15.817163 2.300861 10.025306
v 15.911600 2.301938 9.374561
v 15.765186 1.924330 10.846110
v 15.444494 0.623237 11.933449
v 15.711851 1.701259 10.925653
v 15.314693 0.072334 11.904216
v 15.642336 1.279381 10.367280
v 15.463918 0.459949 10.906516
v 15.845435 1.907690 9.949956
v 15.595052 1.205090 10.825874
v 17.691849 0.450687 -8.645554
v 17.632898 0.727061 -8.680513
v 14.422500 1.241934 -8.674277
v 14.737697 1.347131 -8.553488
v 15.156049 1.428600 -8.451810
v 15.288241 1.228116 -8.467039
v 15.761400 1.439598 -8.360730
v 16.131104 1.192531 -8.484908
v 16.310524 0.973523 -8.535041
v 17.379797 0.925645 -8.639400
v 16.906258 1.161668 -8.521748
v 18.407064 0.870859 -8.600374
v 16.246485 1.443935 -8.320371
v 15.402578 1.651867 -8.260254
v 15.039989 1.624568 -8.381070
v 14.692681 1.619087 -8.514443
v 14.197317 1.496183 -8.762168
v 18.730017 1.080130 -8.404280
v 18.064129 1.298906 -8.326043
v 17.458561 1.246169 -8.444914
v 16.328482 2.058352 -7.793940
v 15.265931 2.487894 -7.644505
v 19.279875 1.082793 -8.238247
v 18.965889 1.301977 -8.148452
v 17.463755 1.732394 -7.991003
v 15.778441 2.455259 -7.512335
v 19.811171 1.097194 -7.977421
v 18.478121 1.550180 -7.986568
v 19.376165 1.413104 -7.863724
v 18.859341 1.602767 -7.821961
v 16.271912 2.457195 -7.398198
v 15.650554 2.879832 -7.138521
v 20.591820 1.002060 -2.512561
v 20.668354 1.155535 -2.571065
v 20.825848 0.852537 -4.250251
v 21.105385 0.606829 -5.706396
v 21.060089 0.438804 -6.805555
v 20.866989 0.368707 -7.290798
v 21.131844 0.449954 -6.202063
v 21.063166 0.437379 -5.606470
v 20.786201 0.685189 -4.122653
v 20.403713 0.977585 -1.860697
v 20.076828 0.828346 -1.396974
v 20.904306 0.338249 -5.052568
v 20.622559 0.621494 -3.471756
v 20.350679 0.703404 -2.339489
v 20.181257 0.529438 -2.302685
v 19.810917 0.483890 -1.633832
v 19.367466 0.482890 -0.863325
v 18.490332 0.688176 0.942744
v 17.520855 0.303390 1.914621
v 20.601826 -0.178036 -6.030778
v 20.803144 -0.025882 -6.192583
v 20.639368 -0.018022 -5.096709
v 20.917065 0.167332 -5.549841
v 20.744474 0.199536 -4.750643
v 20.463882 0.171372 -3.950205
v 20.310246 -0.255562 -7.285746
v 20.424656 -0.287872 -6.759768
v 20.129421 -0.001265 -3.574911
v 19.887882 0.268288 -2.289275
v 20.037931 -0.473256 -6.871564
v 20.184969 -0.433788 -6.128595
v 20.288006 -0.290516 -5.250108
v 20.256950 -0.148560 -4.428727
v 19.503523 -0.238374 -3.100512
v 19.321718 0.023711 -1.923236
v 18.157690 -0.134536 -0.425867
v 17.677038 -0.057554 0.745343
v 19.657028 -0.589679 -5.264330
v 19.526806 -0.472052 -4.167107
v 17.288744 -0.411565 0.554321
v 18.026848 -0.382607 -1.021281
v 16.891142 -0.549114 1.222447
v 17.610472 -0.520001 -0.670650
v 16.886229 -0.808811 0.054962
v 16.550167 -0.878137 1.014477
v 17.410835 -1.083929 -3.216069
v 17.303141 -0.962206 -2.066596
v 17.953821 -0.770666 -2.537747
v 17.298780 -0.746360 -0.888478
v 16.860773 -1.286447 -3.191282
v 16.839973 -1.173079 -1.988739
v 16.542694 -1.293643 -1.764177
v 16.702143 -1.053563 -0.644099
v 16.406975 -1.110276 0.304914
v 16.045645 -1.302415 1.001580
v 15.632040 -1.592556 1.495021
v 14.795908 -2.171802 2.784363
v 15.043745 -1.937787 3.180610
v 15.835513 -1.295887 2.478002
v 14.679161 -2.092468 4.647035
v 15.031863 -1.774394 4.767097
v 14.070504 -2.441672 6.224895
v 16.384508 -0.869920 1.840146
v 15.934659 -1.088127 3.191927
v 15.284087 -1.486131 5.086725
v 16.272409 -0.747043 3.035502
v 14.927988 -1.663786 6.616115
v 15.758114 -0.999996 4.783674
v 14.411401 -2.043504 8.051985
v 14.132855 -2.234480 8.284895
v 15.417620 -1.171307 6.189639
v 16.145411 -0.507295 4.682714
v 15.906232 -0.608647 5.658432
v 14.489530 -1.956153 8.314351
v 16.916969 0.466186 3.721462
v 17.118332 0.428500 3.085732
v 15.027289 -1.394409 7.895415
v 15.346209 -0.998619 7.713301
v 15.994883 -0.337168 6.013113
v 16.347130 -0.126932 4.760188
v 16.737322 0.621681 4.553257
v 17.075169 1.009270 4.103575
v 15.536213 -0.709767 7.694861
v 16.381104 0.285238 5.361136
v 16.058376 -0.128331 6.166328
v 16.143612 0.195345 6.291750
v 16.584042 1.104836 5.655259
v 15.770685 -0.142329 7.821864
v 15.620882 -0.414030 8.128377
v 16.405052 1.038087 6.200673
v 15.284136 -0.694061 9.543281
v 16.041693 0.376226 7.076887
v 14.967326 -1.136765 10.038141
v 15.978195 0.655668 7.724441
v 15.731271 0.268351 8.729012
v 15.334553 -0.400199 10.115081
v 15.638891 0.430374 9.498584
v 15.514812 0.009784 9.746080
v 15.022480 -0.854994 11.019233
v 14.553022 -1.295011 13.159697
v 15.324651 -0.188429 10.826365
v 15.111631 -0.596049 11.405890
v 15.390078 0.072723 10.917603
v 15.180130 -0.362437 11.739963
v 14.466496 -1.615667 12.071923
v 14.236889 -1.995728 11.710275
v 13.849284 -2.494927 11.532934
v 13.465832 -2.901247 11.357784
v 13.057866 -3.259616 11.914824
v 14.773211 -1.459582 9.783608
v 14.528449 -1.804325 9.497587
v 13.926805 -2.450554 9.888758
v 14.214713 -2.165719 9.439312
v 13.584702 -2.750138 10.144763
v 13.964487 -2.398597 9.199100
v 13.429218 -2.728366 9.015829
v 13.098096 -3.015087 9.732816
v 12.616125 -3.434705 10.216314
v 12.962034 -3.100646 9.394358
v 12.454288 -3.581483 9.889831
v 12.109947 -3.869909 10.811586
v 14.257622 -2.210092 7.651666
v 12.649162 -3.413126 9.344864
v 13.697821 -2.522396 8.170173
v 13.440838 -2.739970 8.188666
v 12.918655 -3.220200 8.750485
v 13.987712 -2.455433 7.314484
v 13.612200 -2.729767 7.393051
v 13.182953 -3.037080 8.088289
v 14.497971 -2.086340 6.419053
v 13.466871 -2.854849 7.401742
v 13.327981 -2.957188 7.414505
v 12.752896 -3.226576 7.739381
v 12.517491 -3.383423 8.111508
v 13.180933 -3.053309 6.841570
v 14.106444 -2.533381 4.423546
v 13.534271 -2.849330 5.344853
v 13.461405 -2.973593 3.893034
v 14.697081 -2.310356 1.611026
v 14.259029 -2.570503 2.511269
v 13.842630 -2.823733 2.650118
v 13.924507 -2.820112 0.084546
v 15.048037 -2.107407 -1.161523
v 15.247472 -1.979479 -0.306089
v 15.643401 -1.669641 0.359001
v 15.674049 -1.726539 -0.986137
v 16.050488 -1.569500 -2.152329
v 16.193022 -1.383527 -0.713213
v 15.786582 -1.679939 -3.801927
v 15.790064 -1.699860 -3.040213
v 15.397276 -1.674294 -5.042146
v 15.985331 -1.557508 -4.799800
v 16.362635 -1.483228 -4.355213
v 16.425518 -1.458525 -3.322778
v 14.613832 -1.647759 -5.964387
v 14.900916 -1.737793 -5.362149
v 15.377542 -1.512969 -5.908162
v 15.943846 -1.466251 -5.639480
v 17.067781 -1.295940 -4.547725
v 16.130602 -1.282977 -6.423475
v 16.791994 -1.351367 -5.205598
v 17.441797 -1.173857 -4.150205
v 13.924498 -1.743573 -6.197064
v 14.541265 -1.525015 -6.381771
v 16.696362 -1.299104 -5.958898
v 17.656643 -1.145065 -6.022183
v 13.249236 -1.841636 -6.528238
v 13.558022 -1.780009 -6.399007
v 14.896571 -1.310150 -6.799031
v 15.596884 -1.280522 -6.638015
v 16.120256 -1.034180 -7.211781
v 14.522794 -1.205444 -7.189404
v 15.234007 -1.060422 -7.284391
v 17.000603 -1.012725 -7.145552
v 15.908882 -0.845721 -7.595552
v 17.062164 -0.766071 -7.702587
v 17.925768 -0.775458 -7.627102
v 18.473299 -0.769829 -7.478070
v 18.772942 -0.817202 -7.093649
v 12.861495 -1.734096 -7.170571
v 13.192005 -1.651006 -7.041809
v 13.803625 -1.300069 -7.332485
v 14.158250 -1.244555 -7.258548
v 15.909614 -0.702791 -7.795496
v 16.252998 -0.535454 -7.978591
v 14.763759 -0.814864 -7.778445
v 17.448788 -0.549481 -8.018151
v 13.750799 -1.026900 -7.842002
v 16.453707 -0.307548 -8.178394
v 17.627836 -0.389683 -8.196044
v 17.871529 -0.169390 -8.387747
v 18.534748 -0.419240 -8.131524
v 11.335447 -2.266062 -7.845791
v 12.764171 -1.542291 -7.670650
v 13.373588 -1.116757 -7.928244
v 14.210273 -0.867471 -7.860037
v 15.488429 -0.548249 -7.992244
v 9.512511 -3.212808 -8.227811
v 12.365792 -1.605932 -7.953351
v 12.082767 -1.597953 -8.300739
v 12.938300 -1.137941 -8.215039
v 10.373023 -2.631756 -8.425679
v 11.062120 -2.042670 -8.784932
v 12.364959 -1.247697 -8.612183
v 11.732534 -1.431148 -9.105093
v 13.375710 -0.429123 -8.774716
v 14.211954 -0.076647 -8.514371
v 13.883549 -0.042208 -8.701262
v 14.416139 0.357750 -8.589300
v 14.801783 0.420303 -8.491150
v 15.324527 0.938414 -8.480097
v 14.811680 0.863624 -8.540828
v 14.461563 0.798177 -8.647440
v 14.110739 0.495335 -8.777901
v 13.801382 0.404538 -8.976104
v 13.366430 0.154393 -9.256428
v 13.439399 0.371048 -9.299207
v 14.147309 0.938991 -8.822891
v 13.785952 0.727646 -9.067372
v 13.228806 0.495803 -9.584444
v 12.709251 0.070456 -9.956725
v 13.877387 1.082297 -9.024451
v 13.403158 0.764604 -9.458934
v 12.509541 0.156894 -10.302783
v 12.569350 0.505605 -10.439043
v 12.159870 0.208659 -11.000501
v 13.114433 0.878296 -9.833580
v 13.704407 1.243873 -9.169579
v 12.010324 -0.157803 -10.951515
v 11.529670 -0.493192 -11.759229
v 13.111101 1.119310 -9.856136
v 12.957566 1.303884 -10.085752
v 13.339030 1.580221 -9.531472
v 13.723676 1.649025 -9.081077
v 12.969057 1.562709 -10.065666
v 12.547430 1.369222 -10.794120
v 12.795349 1.753127 -10.355971
v 12.466991 0.953159 -10.810200
v 11.115514 -0.900613 -12.005309
v 12.039834 0.325317 -11.411849
v 11.652213 -0.238895 -11.903072
v 11.051369 -0.824029 -12.597309
v 10.636216 -1.216598 -12.541891
v 10.308924 -1.379418 -13.016744
v 9.735725 -1.822667 -12.726975
v 8.347500 -2.261085 -14.096408
v 8.760212 -2.170812 -13.685937
v 11.232386 -0.559197 -12.794593
v 11.858778 0.305673 -12.040015
v 12.255646 1.088902 -11.373045
v 10.591938 -1.079711 -13.379913
v 11.549535 -0.142012 -12.571400
v 12.113968 1.141112 -11.944951
v 9.581542 -1.672488 -13.982142
v 10.178283 -1.312222 -13.842444
v 11.467414 0.006299 -13.242820
v 10.615677 -0.899089 -13.981673
v 11.111145 -0.444850 -13.585531
v 7.004743 -2.630244 -14.515376
v 8.138830 -2.091858 -15.027981
v 9.386646 -1.572421 -14.880717
v 9.999557 -1.239780 -14.668826
v 8.921410 -1.670149 -15.366004
v 10.703882 -0.541064 -14.708978
v 5.221838 -3.248981 -14.048449
v 6.513836 -2.627192 -14.937503
v 9.757532 -1.073221 -15.686797
v 2.915001 -3.865637 -13.274094
v 4.191541 -3.449827 -14.001109
v 5.337607 -2.882454 -14.966758
v 7.880941 -1.794981 -16.145136
v 8.439010 -1.699359 -15.884642
v 7.099816 -1.944370 -16.296728
v 4.192196 -3.130924 -14.795644
v 6.083371 -2.334800 -15.902444
v 3.179831 -3.336159 -14.532305
v 5.187831 -2.418020 -16.045172
v 6.195741 -1.919887 -16.696609
v 2.213207 -3.424539 -14.390718
v 3.676569 -2.841887 -15.493335
v 4.653327 -2.117603 -16.677050
v 2.673815 -3.067178 -15.099953
v 2.876308 -2.670752 -15.798433
v 3.603054 -2.145679 -16.643570
v 9.247401 -1.191343 -16.177214
v 8.682199 -1.271809 -16.619175
v 8.064458 -1.327542 -16.972446
v 7.364172 -1.362864 -17.226845
v 6.179383 -1.560204 -17.259083
v 5.126664 -1.516880 -17.457237
v 3.963624 -1.759961 -17.166502
v 10.345871 -0.660968 -15.428162
v 6.213604 -1.195576 -17.721680
v 11.087245 -0.209687 -14.198977
v 10.098316 -0.365648 -16.547264
v 9.609273 -0.363681 -17.229748
v 9.162187 -0.090492 -18.100260
v 8.511695 -0.133124 -18.455879
v 7.690726 -0.463308 -18.314571
v 7.675327 -0.129981 -18.707235
v 11.782542 0.595186 -12.876450
v 11.531715 0.406138 -13.727175
v 11.288493 0.271981 -14.462790
v 10.979302 0.143172 -15.291255
v 10.646194 0.044377 -16.106243
v 10.309984 0.118894 -16.971230
v 9.808404 0.077149 -17.658541
v 10.428201 0.430441 -17.151512
v 10.848909 0.537227 -16.362247
v 11.385578 0.731293 -14.951192
v 11.774223 0.983242 -13.601054
v 12.402138 1.553577 -11.197156
v 11.838134 1.309124 -13.708361
v 11.574635 1.129821 -14.699724
v 11.274409 1.005620 -15.579288
v 11.607261 1.481292 -14.681090
v 11.287811 1.371459 -15.585090
v 10.919156 0.950994 -16.439634
v 10.457941 0.777350 -17.239250
v 10.426033 1.523169 -17.259186
v 9.951882 0.697530 -17.964949
v 9.913196 1.132920 -17.993826
v 11.572833 1.851858 -14.609374
v 11.272837 1.759326 -15.541053
v 10.892112 1.682838 -16.446949
v 9.327413 1.169346 -18.586920
v 8.615250 1.162048 -18.963070
v 7.822259 1.123746 -19.134884
v 6.975563 1.089558 -19.150320
v 9.359305 0.639645 -18.549366
v 8.638687 0.596610 -18.922052
v 7.848535 0.586228 -19.103449
v 5.168058 0.593985 -19.204924
v 5.145504 0.935272 -19.230431
v 4.069946 0.603598 -19.145996
v 4.044511 0.952244 -19.175684
v 3.185123 0.574308 -18.925148
v 3.110377 0.919120 -18.964737
v 2.526420 0.463714 -18.519615
v 2.426880 0.833884 -18.555687
v 9.927578 0.373486 -17.868967
v 9.336127 0.329144 -18.459415
v 8.622463 0.283892 -18.839729
v 7.806643 0.254551 -19.021334
v 5.429290 0.256075 -19.114754
v 2.732171 0.021978 -18.407246
v 3.364625 0.138936 -18.755604
v 4.175822 0.213775 -18.996973
v 5.179852 -0.040085 -18.903282
v 6.371740 -0.094737 -18.865818
v 6.123567 -0.517271 -18.476768
v 5.233813 -0.544196 -18.470045
v 4.354209 -0.566973 -18.395136
v 3.589380 -0.726713 -18.139053
v 2.939983 -0.941980 -17.775124
v 1.947862 -0.699932 -17.433464
v 1.512525 -1.252743 -16.818188
v 3.884355 -1.367061 -17.589987
v 2.877559 -1.488348 -17.288836
v 2.290473 -1.493090 -17.066479
v 1.735522 -1.624373 -16.694386
v 1.143777 -1.703281 -16.342041
v 0.728818 -1.784711 -16.112255
v 2.465371 -1.938087 -16.710491
v 1.386599 -2.135991 -16.117039
v 0.390111 -2.260205 -15.674634
v 2.948317 -1.984477 -16.783941
v 1.221690 -2.474035 -15.727115
v 0.260880 -2.552631 -15.391782
v -0.603108 -2.358392 -15.429727
v -0.663160 -2.624222 -15.162104
v -1.904643 -3.383621 -13.681437
v -2.174506 -3.179098 -14.104975
v 0.744626 -2.783145 -15.242089
v -1.727658 -3.906595 -12.257557
v -0.429372 -3.283066 -14.241991
v -0.964984 -3.701796 -13.117447
v -0.388576 -3.544826 -13.713637
v -0.747941 -3.096236 -14.499256
v -1.128301 -4.155027 -11.746364
v 0.400063 -3.526302 -13.954645
v 1.770197 -2.811437 -15.435768
v 0.280650 -3.882689 -13.084898
v 1.334234 -3.209336 -14.727713
v 1.300628 -3.489631 -14.186604
v 1.381913 -3.821262 -13.436202
v -1.003944 -4.606349 -10.343189
v 2.265468 -3.758895 -13.614181
v 0.404008 -4.256781 -12.070804
v -0.360037 -4.821382 -9.972246
v 1.125837 -4.293514 -12.145224
v -0.753671 -5.068316 -8.965852
v 0.762056 -4.797133 -10.447409
v 1.917534 -4.290680 -12.213408
v -1.416571 -5.361658 -7.307687
v 1.595171 -4.807824 -10.538269
v 4.065507 -4.149148 -12.043915
v 5.975693 -3.157286 -13.766601
v 7.391661 -2.679852 -13.902099
v 4.967220 -3.754008 -12.683276
v 6.397653 -3.353407 -12.658940
v 4.837751 -4.143486 -11.522138
v 8.966007 -2.242234 -12.843868
v 5.638508 -3.945179 -11.461457
v 10.868361 -1.195185 -11.726474
v 9.136516 -2.303369 -12.079892
v 7.240435 -3.166616 -12.197658
v 12.021035 -0.484629 -10.429629
v 11.433519 -0.869342 -11.031573
v 10.081802 -1.766789 -11.841786
v 7.903509 -2.960159 -11.893658
v 9.310308 -2.320093 -11.534504
v 10.459116 -1.616139 -11.301267
v 12.050814 -0.623254 -10.117067
v 12.661707 -0.363541 -9.573710
v 11.662614 -0.991419 -10.149636
v 11.077293 -1.294407 -10.700735
v 10.097816 -1.983130 -10.861185
v 11.367213 -1.373844 -9.835668
v 10.738501 -1.676441 -10.338180
v 9.294504 -2.514116 -10.805961
v 6.491239 -4.078538 -9.966693
v 7.751137 -3.503403 -10.195266
v 9.644919 -2.467439 -10.229979
v 8.141706 -3.461260 -9.721293
v 8.736293 -2.994358 -10.259909
v 10.707338 -1.929267 -9.685886
v 12.113625 -0.910817 -9.511284
v 12.682718 -0.645963 -9.176077
v 13.257689 -0.139409 -9.147471
v 12.593946 -0.895268 -8.920633
v 10.240215 -2.409333 -9.252833
v 9.543674 -2.877250 -9.162107
v 7.557466 -4.133027 -8.422995
v 8.713553 -3.327956 -9.211294
v 6.136778 -4.637426 -8.527503
v 4.599713 -4.971416 -8.867636
v 2.938253 -5.653663 -7.420839
v 2.254889 -5.669794 -7.606558
v 3.799430 -5.076234 -9.056449
v 7.208679 -3.719491 -10.254433
v 5.888747 -4.186230 -10.311802
v 8.344339 -2.901226 -11.321027
v 5.086110 -4.375605 -10.475566
v 4.306668 -4.514052 -10.631616
v 2.332363 -5.171718 -9.308273
v 3.540078 -4.374918 -11.558591
v 1.501753 -5.531483 -8.198215
v 2.791537 -4.358512 -11.884586
v -1.005420 -5.812166 -6.395865
v -0.709657 -5.592644 -7.297638
v 18.183807 0.659160 -8.693298
v 20.589346 0.319865 -7.711043
v 20.051115 0.274996 -8.161220
v 18.670410 0.189356 -8.554774
v 19.104528 0.173695 -8.486894
v 19.515369 0.177697 -8.379652
v 19.789017 -0.000326 -8.167808
v 20.281464 0.109497 -7.909727
v 20.727125 0.164274 -7.402877
v 20.995024 0.253567 -6.780099
v 20.179586 -0.066404 -7.828976
v 20.526178 -0.024673 -7.455715
v 20.776176 0.031034 -7.030508
v 20.965958 0.145781 -6.299597
v 20.033733 -0.233624 -7.712421
v 20.621742 -0.134256 -6.917295
v 18.924021 -0.181950 -8.315664
v 19.310150 -0.183749 -8.216630
v 19.518764 -0.325503 -7.947978
v 19.842323 -0.390944 -7.561551
v 18.308193 -0.571125 -7.949921
v 18.966112 -0.494815 -7.921050
v 19.612747 -0.536970 -7.375926
v 19.072773 -0.627723 -7.569784
v 19.344524 -0.671040 -7.151775
v 19.760199 -0.604853 -6.643720
v 19.263884 -0.762011 -6.651527
v 19.461246 -0.718168 -5.948468
v 18.344866 -0.964923 -6.679817
v 18.647802 -0.944128 -5.652274
v 17.667471 -1.011558 -6.955363
v 19.127224 -0.750489 -4.941923
v 18.681211 -0.937967 -6.200006
v 15.862101 1.636455 16.144646
v 15.786833 2.104695 15.232026
v 15.770371 2.450089 14.653160
v 15.782053 2.629745 14.841656
v 15.976611 1.877282 16.720247
v 16.096788 1.817888 17.489502
v 16.287434 1.492839 18.708721
v 16.520414 1.548115 19.359962
v 16.888447 1.646093 20.083963
v 16.437193 2.142420 18.564837
v 16.657543 2.034105 19.247576
v 15.960030 2.527061 16.226368
v 16.159367 2.540446 17.252241
v 16.289339 2.284863 17.935312
v 17.022863 2.168682 19.917093
v 16.469440 2.603009 18.408567
v 16.704170 2.521578 19.064810
v 17.492929 2.035059 20.764936
v 18.196342 2.167289 21.562368
v 17.483747 2.549380 20.485678
v 19.213989 2.246787 22.546423
v 20.201090 2.191891 23.536324
v 20.296387 1.999851 23.773853
v 21.086195 1.953489 24.968754
v 21.062553 1.791954 25.234646
v 21.346098 1.685886 26.437977
v 21.260303 1.512789 26.665035
v 21.091890 1.521558 27.654739
v 20.587891 1.479931 28.506285
v 19.962809 1.512406 29.042883
v 20.946629 1.364786 27.808905
v 20.378086 1.328633 28.576054
v 19.692703 1.372985 29.021053
v 19.138977 1.519091 29.243668
v 17.953552 1.457350 29.111074
v 17.362272 1.645990 29.089481
v 16.879372 1.483167 29.055540
v 16.255028 1.684732 29.114332
v 15.774778 1.509466 29.191334
v 14.806933 1.562697 29.481703
v 17.536287 1.307487 29.012119
v 16.423723 1.307419 29.053778
v 15.362998 1.338443 29.283054
v 14.266618 1.413417 29.735191
v 12.765397 1.401775 30.672112
v 18.539629 1.291105 29.027100
v 19.383396 1.221309 28.878960
v 18.192915 1.153202 28.847584
v 17.113859 1.143165 28.903072
v 16.014833 1.128488 29.060644
v 15.001801 1.172566 29.365980
v 13.906689 1.249452 29.909166
v 11.705961 1.216092 31.249727
v 18.506388 0.906619 28.383232
v 17.805424 0.985997 28.663670
v 16.615086 0.902205 28.785458
v 15.645493 0.945356 29.059248
v 14.504941 0.948799 29.450947
v 13.650577 1.071921 29.967783
v 12.099434 0.944611 30.929592
v 11.481880 0.949613 31.284454
v 18.962873 0.725359 27.705706
v 17.396576 0.774072 28.462662
v 15.074751 0.681603 29.039713
v 13.397472 0.891668 30.007545
v 11.234934 1.145855 31.422527
v 10.921138 0.756504 31.378719
v 11.183271 0.567902 31.197519
v 11.904642 0.670336 30.876385
v 13.095020 0.575154 29.951597
v 13.875131 0.533347 29.448526
v 10.636621 0.382994 31.212425
v 11.665933 0.380360 30.775486
v 14.416399 0.185654 28.874220
v 13.283764 0.078277 29.328222
v 12.565325 0.151693 29.872416
v 10.962878 0.278869 31.041618
v 11.333743 0.002541 30.533140
v 10.775728 0.007899 30.817965
v 10.213142 0.008626 30.922209
v 9.191561 -0.179358 30.487589
v 9.934844 -0.409618 30.416834
v 9.435496 -0.378350 30.381790
v 13.444013 -0.440313 28.533743
v 14.217195 -0.667211 27.950377
v 12.618489 -0.558465 28.753283
v 12.756758 -0.216869 29.235464
v 11.520478 -0.341520 29.879587
v 11.012500 -0.569316 29.834789
v 10.514007 -0.394064 30.344786
v 11.878315 -0.890177 28.601282
v 11.158471 -1.183822 28.478224
v 10.773432 -0.846351 29.468439
v 10.394703 -0.943243 29.499409
v 9.964335 -0.868098 29.765587
v 9.259386 -1.164120 29.363474
v 9.761835 -1.183473 29.294989
v 12.746202 -1.844418 26.591467
v 12.423326 -2.168721 25.931845
v 12.353312 -1.695849 27.092520
v 12.065516 -2.022278 26.622389
v 11.708490 -1.905620 27.058334
v 11.536659 -1.316351 28.020248
v 11.244358 -1.596157 27.720005
v 10.540259 -1.517574 28.207205
v 9.774987 -1.505405 28.653374
v 13.064963 -2.355249 24.899338
v 14.455678 -1.850831 21.824266
v 14.093559 -2.195069 22.403000
v 13.680091 -2.278822 24.545130
v 14.961844 -1.109432 20.798603
v 14.803555 -1.610508 22.035646
v 14.036901 -2.269421 23.211046
v 13.596478 -2.470885 23.608841
v 15.294137 0.171897 18.262131
v 15.298983 -0.488173 20.303032
v 15.213199 -1.117454 21.608332
v 14.780547 -1.823118 23.009554
v 15.298171 -1.358123 22.551344
v 15.566276 -0.843098 21.780996
v 15.508392 0.280477 18.966160
v 15.657958 -0.027061 20.291008
v 14.940836 -0.053056 16.457001
v 15.025605 0.161133 15.892763
v 15.216769 0.455050 16.075830
v 15.727635 1.109662 16.414240
v 15.399944 0.840532 15.392205
v 15.623668 1.211109 15.464890
v 15.385974 0.786432 14.941957
v 15.695245 1.545103 14.855923
v 15.627807 1.320938 14.657941
v 15.772779 2.101365 14.325438
v 15.747347 1.663382 14.379761
v 15.143635 0.316034 14.280268
v 15.452930 0.850638 14.458845
v 15.710489 1.477652 14.047482
v 15.852604 2.154694 13.634912
v 15.842550 1.899621 13.838128
v 15.777909 2.780622 13.467430
v 15.610129 1.474003 13.499931
v 15.493298 1.229587 13.399230
v 15.787725 2.430372 13.044358
v 15.753614 1.927892 13.199042
v 15.783312 2.207866 12.844860
v 15.667677 1.743787 12.857464
v 15.746334 2.114972 12.389713
v 15.805379 2.559967 11.773172
v 15.568675 1.392975 12.632012
v 15.707697 1.799912 12.056035
v 15.386805 0.506447 12.401188
v 15.636375 3.198526 12.683756
v 15.424620 3.885238 12.063417
v 15.273396 4.290174 11.842533
v 15.158140 4.536704 11.759293
v 15.276274 4.332821 12.844414
v 15.028576 4.746703 12.893275
v 14.973885 4.835200 11.776991
v 14.848516 4.967869 12.848569
v 14.703877 5.194576 11.426163
v 14.593119 5.212948 13.079182
v 14.056910 5.852536 11.069842
v 13.785530 6.048726 11.465568
v 13.781295 6.008070 12.102321
v 13.613358 6.163502 11.193586
v 12.622116 6.837844 9.341593
v 12.699751 6.694504 10.799767
v 12.933190 6.528920 11.225870
v 12.266430 6.912312 11.413546
v 11.470668 1.585446 31.273174
v 11.592136 1.867946 31.041380
v 11.311247 1.396298 31.387815
v 11.305438 1.861462 31.079851
v 10.902300 1.399719 31.425480
v 10.957899 1.149136 31.470205
v 10.682064 1.151204 31.469269
v 11.570270 2.315709 30.534452
v 10.924401 1.853545 31.058613
v 10.956898 1.591028 31.323019
v 10.527532 1.407676 31.374868
v 10.953141 2.227645 30.553997
v 10.448994 1.590204 31.197454
v 10.361033 1.231875 31.395203
v 9.989279 1.414702 31.141300
v 10.135274 0.965663 31.366224
v 9.591614 0.970302 31.122818
v 10.497952 1.873334 30.883635
v 9.829401 1.240156 31.160654
v 9.646888 1.467886 30.864094
v 10.073755 1.682763 30.902786
v 9.817761 2.281896 29.963675
v 9.249771 1.114720 30.860800
v 8.950084 1.557935 30.185385
v 8.239773 2.371391 28.828968
v 8.339211 2.113285 29.173101
v 8.344166 1.738134 29.528414
v 8.177359 1.277721 29.761293
v 8.476014 0.883637 30.344776
v 6.730052 2.650727 27.870808
v 7.047897 2.355333 28.246428
v 7.257792 2.080640 28.570072
v 7.399267 1.689079 28.934511
v 7.306243 1.163103 29.194397
v 5.916639 1.380759 28.682587
v 5.724268 1.959744 28.315624
v 5.394577 2.394562 27.932163
v 5.080577 2.725647 27.623953
v 4.617964 3.141392 27.238306
v 0.002125 5.596573 24.567495
v 1.096832 5.628234 24.690733
v 1.681674 4.841992 25.672651
v 3.794319 3.867164 26.563568
v 2.968481 3.352277 27.095039
v 3.546472 2.641389 27.664276
v 3.963681 1.817998 28.304159
v 1.019723 3.863244 26.762081
v 0.696722 4.486393 26.138189
v 0.446544 4.886784 25.656681
v 0.210337 5.254881 25.128096
v -0.935823 5.347911 24.816063
v -2.027736 5.866229 23.816725
v -1.984222 6.154999 23.207783
v -2.749889 6.029258 23.013884
v -2.618789 6.247853 22.323240
v -3.296309 6.175877 21.894537
v -0.480835 4.136856 26.417812
v -0.995465 4.854764 25.515703
v -2.038059 5.543256 24.402212
v -2.858475 5.776468 23.675428
v -3.560655 5.767410 23.099253
v -4.191013 5.869509 22.477081
v -4.648548 6.137283 21.453785
v -1.781903 3.468026 27.119032
v -0.185929 3.091723 27.533169
v -1.672393 3.112517 27.684582
v -0.335238 3.526170 27.094709
v -1.647210 3.902902 26.496138
v -2.971043 5.163245 24.842100
v -2.946985 5.488577 24.320623
v -3.106698 4.224959 25.987232
v -3.081146 4.652438 25.444191
v -3.790206 5.278469 24.057522
v -4.475424 5.450929 23.361622
v -4.943794 5.822439 22.415104
v -5.183728 6.073925 21.271091
v -4.831358 6.360581 20.034290
v -5.298593 6.382831 19.211569
v -4.211709 3.838215 26.597256
v -3.197250 3.206588 27.639389
v -4.205044 3.506426 27.167044
v -3.101264 3.842413 26.563705
v -4.164234 4.141855 25.944637
v -4.075527 4.482194 25.292255
v -3.943274 4.877626 24.672291
v -5.567650 5.803273 22.194651
v -6.731704 5.543957 21.443146
v -4.812309 4.750878 24.464909
v -5.889641 5.459462 22.953976
v -5.941183 6.070323 19.668156
v -6.873419 6.000306 18.454506
v -7.012614 6.011589 17.612059
v -5.047835 4.294795 25.272255
v -6.187518 5.082666 23.593990
v -6.833752 5.226201 22.614082
v -6.059710 5.923738 20.255646
v -6.903326 5.945580 18.909912
v -8.772385 4.165233 24.778259
v -7.723283 3.632523 26.160616
v -7.541031 4.215548 25.279814
v -6.963422 3.557433 26.469446
v -6.796525 4.235043 25.568678
v -6.049469 3.757823 26.283421
v -5.966491 4.125474 25.677494
v -6.645925 4.492937 24.884871
v -6.459496 4.751994 24.244373
v -7.355374 5.194139 22.116304
v -11.081968 3.875128 24.689205
v -10.731676 3.600015 25.822292
v -11.770559 3.607291 25.562223
v -10.244942 3.881744 25.007675
v -9.660865 3.525540 26.000517
v -9.052920 3.668815 25.734478
v -6.125546 3.170900 27.037008
v -5.202814 3.384857 26.989759
v -5.175233 3.790389 26.473835
v -7.911194 3.081293 27.138371
v -7.133640 2.768820 27.676422
v -5.232529 2.980917 27.521362
v -4.188021 3.055101 27.613964
v -11.160864 3.292321 26.614058
v -9.084810 2.782742 27.517424
v -11.421700 2.923916 27.230923
v -9.041263 3.151562 26.856758
v -7.980279 2.719254 27.761793
v -6.129187 2.219454 28.499727
v -5.281665 2.468598 28.247684
v -4.177661 2.621115 28.072189
v -3.103141 2.398488 28.409435
v -7.083068 2.241279 28.403479
v -3.191917 1.981572 28.843437
v -1.471721 2.438963 28.574696
v -1.565513 2.781515 28.192167
v -7.991646 2.347755 28.257687
v -7.047895 1.731742 28.930216
v -7.964334 1.974246 28.617620
v -6.214908 1.848412 28.998047
v -5.289968 1.838341 29.091694
v -1.420702 2.071151 28.824978
v 0.293748 2.102244 28.448099
v -0.042814 2.695155 27.911533
v -2.903817 1.617316 29.220694
v -1.233957 1.797056 28.979219
v 2.126178 1.741228 28.473007
v 1.798429 2.250283 28.144987
v 1.502594 2.985815 27.558668
v -2.922895 1.304005 29.507536
v -1.164666 1.432153 29.182381
v 2.198691 1.238168 28.750679
v 4.070213 1.287086 28.616356
v -0.528890 1.156245 29.192944
v -2.950844 1.003141 29.727787
v -4.210222 0.773359 29.994225
v -5.203589 0.705121 29.966312
v -6.091425 0.660987 29.827269
v -2.988149 0.713226 29.885990
v -1.482953 0.813905 29.497005
v -6.149097 0.287460 29.946526
v -21.906919 0.606862 27.169926
v -20.617371 0.629978 28.325623
v -15.863616 0.905831 28.498198
v -13.204154 1.052170 28.352385
v -11.430251 1.056032 28.391157
v -6.982605 0.996724 29.369686
v -7.689196 1.091890 29.125927
v -8.831777 1.177040 28.775625
v -10.081379 1.239051 28.583187
v -11.520975 1.419315 28.356323
v -13.310808 1.383461 28.261534
v -16.011225 1.161278 28.357527
v -20.714359 0.833990 28.230793
v -13.365996 1.738334 28.127193
v -11.586899 1.796564 28.261074
v -10.124084 1.759391 28.391987
v -8.918900 1.685419 28.579380
v -7.919906 1.606050 28.863539
v -6.169961 1.403980 29.408808
v -5.284408 1.407995 29.529675
v -4.248492 1.349381 29.592501
v -14.523657 2.022606 27.857704
v -11.605140 2.174554 28.051764
v -10.159598 2.127134 28.161009
v -8.958409 2.052991 28.344969
v -18.931000 1.705030 24.098282
v -21.189013 1.311180 25.443008
v -20.468407 1.379205 24.433968
v -20.112953 1.579061 25.116873
v -21.264805 1.250977 26.524122
v -20.330729 1.527073 26.319653
v -20.050020 1.326547 27.898962
v -18.834175 1.752857 27.530239
v -15.408473 2.266654 27.487747
v -13.181540 2.493856 27.559614
v -11.560687 2.550288 27.712666
v -9.218007 2.434525 27.943432
v -16.957045 2.274933 23.696943
v -17.927910 2.121406 24.799099
v -18.226219 2.115672 25.962370
v -16.799671 2.423815 26.704075
v -14.642092 2.729084 26.868671
v -12.865931 2.882756 27.040701
v -13.600569 2.786373 20.623703
v -14.981153 2.469832 21.804394
v -14.258262 2.454964 20.974579
v -14.018929 2.808195 21.386543
v -15.922266 2.440599 22.712959
v -14.576491 2.834280 22.222448
v -15.254210 2.867918 23.135235
v -15.774031 2.874136 24.078810
v -15.812488 2.897570 24.998297
v -15.025161 3.026268 25.678745
v -13.723900 3.181891 26.074768
v -12.397773 3.274626 26.375622
v -13.299143 3.150897 20.965179
v -13.563835 3.172725 21.704639
v -13.852923 3.212314 22.489126
v -14.097487 3.282463 23.305931
v -14.079559 3.371968 24.086845
v -13.607267 3.473492 24.731161
v -12.762011 3.558229 25.203205
v -12.046340 3.192532 19.207954
v -12.985049 3.089511 20.245726
v -12.308531 3.025070 19.147087
v -12.317473 3.283052 19.872602
v -12.609431 3.407858 20.537430
v -12.832187 3.506708 21.217644
v -12.916091 3.543739 21.899298
v -12.866179 3.641291 22.952305
v -12.408979 3.747474 23.801792
v -11.815811 3.821312 24.285536
v -11.914969 3.578482 20.097553
v -12.088480 3.707998 20.729753
v -12.203718 3.849232 21.358654
v -12.147158 3.926474 21.967747
v -11.943830 3.986569 22.536217
v -11.599390 4.053042 23.059462
v -11.117571 4.119839 23.530720
v -10.524345 4.175940 23.949501
v -9.823262 4.195027 24.309622
v -11.204925 3.696080 19.012909
v -11.725533 3.479036 19.458652
v -11.316925 3.770130 19.623055
v -11.367577 3.958188 20.499477
v -11.423251 4.123935 21.388454
v -11.280470 4.255529 21.932568
v -11.003119 4.366206 22.440992
v -10.590990 4.445378 22.901840
v -10.073883 4.501413 23.321287
v -9.428446 4.517639 23.717951
v -10.824099 4.094368 19.900883
v -10.640949 4.347391 21.158381
v -10.358032 4.489398 21.790516
v -8.772491 4.714986 22.914236
v -7.656736 4.478184 24.517483
v -7.175928 4.770486 23.715305
v -10.308230 4.312920 19.414085
v -9.965065 4.582330 20.751545
v -9.558129 4.716884 21.685419
v -9.186811 4.771866 22.129393
v -8.044112 4.837783 22.829746
v -8.261407 5.200922 20.880903
v -8.394799 4.954251 22.021605
v -7.875852 5.499822 19.457264
v -8.141342 5.478428 18.695587
v -8.021615 5.500597 17.919340
v -7.519065 5.751809 17.982294
v -7.467429 5.822717 17.227093
v -7.776341 5.644142 17.127310
v -8.019529 5.380893 16.193975
v -8.072186 5.487747 17.095030
v -8.531612 5.268061 18.972424
v -8.714323 5.090021 20.528687
v -8.362488 5.318204 17.852978
v -8.854332 5.133308 18.596739
v -8.959570 5.017575 19.985775
v -8.488740 5.230860 17.029024
v -8.694479 5.125688 17.755533
v -8.947380 4.908947 16.834042
v -9.447989 4.659246 17.595915
v -9.351854 4.637025 16.856319
v -9.124665 4.866981 17.692913
v -9.082228 4.993075 18.587217
v -9.442842 4.801480 18.511011
v -9.442266 4.541357 16.688023
v -9.113366 4.575987 15.921963
v -9.528980 4.753175 19.831404
v -9.817695 4.573564 18.669983
v -9.946400 4.466650 18.237333
v -9.842889 4.400822 17.584213
v -10.274598 4.236419 18.195122
v -10.743662 3.765085 17.667952
v -10.703714 3.900563 18.023314
v -10.869705 3.915768 18.907707
v -10.575089 3.488880 16.326429
v -10.802732 3.537869 17.110508
v -11.101844 3.653389 18.411461
v -11.708719 3.035204 17.913189
v -11.585298 3.366165 18.735754
v -11.323950 3.075446 17.140404
v -11.809260 3.136518 18.541824
v -11.496533 2.749772 16.786240
v -11.648194 2.503276 16.634628
v -12.274504 2.521862 17.712524
v -12.760649 2.583844 18.810061
v -13.260109 2.728769 19.845650
v -11.682273 2.140505 16.284645
v -12.388743 2.201352 17.465574
v -13.169186 2.308211 19.020338
v -13.785316 2.416147 20.169884
v -13.157727 1.921770 18.672190
v -13.792452 2.031917 19.659874
v -14.304323 2.111547 20.478653
v -15.071344 2.146863 21.280792
v -16.082375 2.092122 22.149488
v -17.383762 1.912778 23.075451
v -12.561553 1.827103 17.531515
v -13.076416 1.612163 18.431355
v -13.571442 1.663964 19.156706
v -14.160852 1.761257 19.931929
v -14.909656 1.837932 20.706409
v -15.904467 1.821838 21.517387
v -17.206604 1.715594 22.379372
v -18.916111 1.530302 23.352819
v -11.362339 1.757336 15.433859
v -11.365945 1.150498 15.209805
v -11.688746 1.459137 15.944705
v -12.247250 1.349486 16.895905
v -12.796877 1.343116 17.926537
v -13.236228 1.350483 18.647316
v -13.825762 1.413845 19.375975
v -14.556953 1.510116 20.123777
v -15.531988 1.576311 20.858107
v -13.497833 1.126052 18.755842
v -14.160173 1.163057 19.476166
v -14.996651 1.266646 20.213444
v -16.059034 1.321622 20.967369
v -14.064732 0.744166 18.767929
v -14.516242 0.923876 19.488228
v -12.893009 1.129986 17.981590
v -13.042756 0.688916 17.277813
v -11.993046 1.135724 16.339005
v -11.171659 0.966888 14.639088
v -11.126769 1.147215 14.701852
v -10.742106 0.840895 13.685597
v -10.983634 0.780125 14.031539
v -12.186669 0.754544 15.945453
v -13.523309 0.697008 18.038441
v -10.076007 0.535144 11.939718
v -10.519269 0.827854 13.199600
v -9.256600 -0.104568 9.085163
v -9.301408 -0.036526 9.615909
v -9.387682 0.163727 9.941835
v -9.472386 0.183197 10.385980
v -9.650390 0.275075 10.898574
v -9.580135 0.654213 10.202592
v -9.995504 0.805028 11.491101
v -10.340921 0.882666 12.683427
v -10.421942 1.197321 13.007265
v -9.694117 0.923649 10.512396
v -10.165430 1.343269 12.324007
v -10.711797 1.571423 13.826989
v -10.341969 1.759468 13.075364
v -11.844305 1.829419 16.344395
v 15.672310 3.003873 12.327369
v 15.779459 2.435037 12.476921
v 15.761521 2.194485 14.618694
v 15.762699 2.689849 13.957401
v -11.957022 1.119110 -1.287903
v -11.926707 1.135863 -0.873339
v -10.617811 0.875186 -3.452863
v -11.235066 0.945113 -2.914502
v -11.130758 0.742757 -2.918031
v -11.431975 0.806079 -2.573789
v -11.508315 0.986029 -2.582324
v -11.749731 1.042319 -2.169329
v -11.933957 1.085594 -1.659402
v -11.938505 0.929094 -1.501757
v -10.740102 0.641126 -3.242395
v -11.720941 0.825133 -2.031936
v -10.803972 0.255883 -2.868279
v -11.329420 0.335854 -2.147954
v -11.784576 0.565497 -1.289429
v -10.560317 0.280240 -3.139646
v -11.313635 -0.025243 -1.559016
v -10.151929 -0.568493 -2.813068
v -9.588413 -0.142525 -3.693577
v -9.502299 -0.703071 -3.351422
v -9.280477 -1.160280 -3.190592
v -8.812521 -1.109547 -3.772639
v -8.271814 -1.884483 -3.698176
v -7.767108 -2.641250 -3.424107
v -7.197386 -3.608753 -3.031134
v -6.511559 -4.196631 -3.474533
v -6.416019 -4.084037 -3.784742
v -6.011584 -5.216557 -2.205601
v -12.005991 0.950672 -1.173018
v -12.017943 0.964518 -0.774438
v -11.985383 0.819950 -0.625718
v -11.892761 0.617045 -0.775785
v -11.884918 0.627686 -0.258967
v -11.903364 0.830145 -0.094395
v -11.779518 0.675825 0.273340
v -11.556571 0.406411 0.716092
v -11.511594 0.664736 0.960864
v -11.711568 0.461731 0.256070
v -10.900045 0.433155 2.314671
v -10.153704 0.254915 3.618212
v -9.593647 -0.015372 5.119611
v -10.241323 0.463930 3.460571
v -9.983672 0.368406 3.999755
v -9.387787 0.462417 8.007941
v -10.067484 1.521886 -3.790270
v -10.595339 1.110061 -3.453939
v -11.116012 1.116142 -2.986909
v -9.873700 1.054950 -3.983482
v -9.624389 0.364488 -3.967003
v -9.302279 0.507194 -4.267159
v -9.064981 -0.115981 -4.187554
v -8.570785 -1.059052 -4.084819
v -7.364005 -2.652339 -3.977708
v -9.831188 0.365367 4.401717
v -9.884675 1.361440 3.873799
v -9.717477 0.775773 4.510848
v -9.696220 0.431630 4.853769
v -9.481059 1.504245 4.892089
v -9.428222 1.125325 5.223600
v -9.634593 2.025292 4.337567
v -10.438928 1.869418 2.773169
v -10.190834 2.294022 3.092520
v -10.614299 2.076387 2.297088
v -10.774272 2.263789 1.552400
v -11.338355 1.815854 -1.336504
v -11.385309 1.769557 -0.817452
v -11.393641 1.639344 -0.072544
v -11.135402 1.735174 0.895146
v -11.040427 1.468008 1.493788
v -11.396736 1.505483 0.333339
v -11.226841 1.179993 1.258887
v -11.374846 1.396649 0.628992
v -11.701026 0.836991 0.530161
v -11.262411 0.826920 1.461684
v -11.761382 0.979940 0.230257
v -11.097063 0.638251 1.925758
v -10.837640 1.177756 2.184313
v -10.608645 1.226086 2.619424
v -10.089994 1.290793 3.465632
v -11.806103 1.231608 -1.772549
v -11.920379 0.998007 -0.317511
v -13.230906 -0.030590 17.678656
v -13.749716 0.269714 18.205301
v -14.246047 0.464169 18.812193
v -14.712982 0.703516 19.560226
v -13.586374 -0.051148 18.289648
v -14.243937 0.236005 18.877129
v -14.796501 0.460074 19.633905
v -15.538732 0.669322 20.525072
v -13.050965 -0.642189 18.368267
v -14.488623 -0.095714 19.617002
v -14.761561 0.189627 19.706385
v -16.686392 0.672981 21.304941
v -13.974789 -0.496189 19.528069
v -21.411228 0.076492 24.246794
v -21.164146 -0.122670 24.139317
v -20.256977 0.129915 23.145977
v -19.897568 -0.073931 23.042225
v -18.269243 0.227839 22.193134
v -17.980789 -0.036409 22.176626
v -16.672379 0.229992 21.389000
v -16.460770 -0.077630 21.392431
v -15.481119 0.202475 20.625048
v -15.320219 -0.121098 20.644239
v -15.055144 -0.463477 20.638811
v -16.097488 -0.412799 21.382526
v -17.487028 -0.334071 22.152700
v -19.238258 -0.296472 22.945683
v -20.580151 -0.361382 23.966158
v -21.179276 -0.332242 25.081825
v -20.491571 -0.572014 24.905155
v -18.327080 -0.579985 22.926542
v -16.821217 -0.685801 22.135521
v -15.608657 -0.781542 21.359999
v -14.737989 -0.823052 20.583712
v -13.928442 -1.120515 19.701342
v -13.339121 -1.365522 18.900642
v -17.242569 -0.971385 22.964481
v -16.019850 -1.094638 22.118927
v -15.046785 -1.177217 21.305298
v -14.412753 -1.179075 20.465136
v -13.281301 -1.626907 18.935549
v -13.818261 -1.627916 19.971062
v -12.218711 -2.242796 17.127214
v -13.191973 -2.054142 19.385057
v -12.893218 -2.037777 18.589392
v -11.781238 -2.285259 16.198694
v -13.816894 -2.370717 21.531752
v -12.736026 -2.494158 19.317278
v -13.105626 -2.855770 21.110056
v -11.985523 -2.873289 18.187904
v -11.539417 -2.720963 16.649437
v -11.923256 -3.338102 19.235720
v -11.478937 -4.119421 21.438515
v -11.593198 -3.997097 20.906769
v -11.701068 -3.635752 19.613361
v -11.535071 -3.859043 20.039692
v -10.392052 -3.568406 16.885721
v -9.925170 -3.574411 15.895838
v -9.475224 -3.491630 14.778522
v -10.572965 -3.745206 17.910646
v -10.199366 -3.916291 18.029175
v -10.005322 -3.757037 16.976801
v -9.266072 -3.664726 15.045717
v -9.066041 -3.822192 15.341157
v -9.324451 -3.950959 16.719589
v -8.633795 -4.232356 17.572107
v -8.784472 -4.152712 17.134842
v -8.856954 -3.994605 15.858494
v -8.548976 -4.091142 15.436123
v -8.085597 -4.269864 15.955092
v -8.270351 -4.216348 15.474608
v -7.969954 -4.316489 13.995946
v -7.755679 -4.322803 14.541599
v -7.587361 -4.399516 13.946442
v -7.336926 -4.426213 14.520402
v -6.752196 -4.773757 13.565486
v -9.134748 2.469089 -4.214874
v -9.426939 1.813478 -4.280002
v -9.239487 2.242311 -4.285464
v -9.645216 2.028415 -4.028346
v -9.629000 2.864632 -3.183222
v -9.419378 3.369429 -2.374726
v -9.727717 2.317921 -3.780399
v -9.720376 2.561340 -3.535554
v -9.602960 3.465951 -1.743633
v -9.914053 2.940599 -2.649931
v -9.281623 3.771220 -1.265427
v -10.018594 2.071635 -3.642972
v -10.172693 2.299050 -3.293810
v -10.136064 2.630788 -2.899032
v -9.948306 3.192844 -1.887891
v -10.405805 2.399406 -2.755366
v -10.215798 2.905332 -2.083064
v -10.090053 3.291352 -0.974309
v -10.858727 1.773188 -2.726845
v -10.465641 2.592543 -2.228928
v -10.961037 1.803014 -2.502543
v -10.405017 2.939510 -1.393095
v -9.537955 3.768497 0.178738
v -10.634363 2.614796 -1.668923
v -10.683133 2.689121 -1.201207
v -10.471276 2.999930 -0.751002
v -10.146119 3.305893 -0.482674
v -10.190871 3.294752 0.143110
v -9.956134 3.459119 0.709535
v -10.672256 2.791942 -0.454467
v -10.457726 3.061484 0.072374
v -9.326344 3.831241 1.717091
v -11.117815 2.093696 -1.313888
v -10.532816 2.950800 0.695541
v -10.682337 2.799949 0.128947
v -10.114846 3.256112 1.301134
v -11.082241 2.159728 -0.507223
v -10.658133 2.720641 1.013074
v -10.791596 2.626502 0.423012
v -11.178040 1.975199 -0.095598
v -11.142174 1.937472 0.434332
v -11.205851 1.855322 -1.840421
v -10.665456 1.495254 -3.229241
v -10.816302 1.542427 -3.016732
v -11.409825 1.157445 -2.621606
v -11.646197 1.192900 -2.235277
v -11.054829 1.833777 -2.262856
v -10.399222 1.558133 -3.475140
v -2.413362 -6.791337 11.131283
v -4.184184 -6.063221 12.848424
v 15.923805 1.777421 9.252680
v 15.838837 1.506483 9.284168
v 15.719174 1.168532 9.558845
v 16.142147 2.330786 8.299261
v 15.956038 1.961786 9.271086
v 18.199018 1.857094 21.777143
v 20.233732 1.826679 23.938709
v 20.863163 1.598169 25.446604
v 21.054438 1.357790 26.766104
v 20.762871 1.234877 27.860098
v 20.156284 1.193199 28.557133
v 18.046558 1.577358 21.864378
v 19.843565 1.528935 24.005337
v 20.490963 1.110392 27.782410
v 19.914316 1.079184 28.427580
v 17.374359 1.653665 20.904646
v 18.806263 1.463146 22.859373
v 20.031317 1.236854 25.243418
v 20.094280 1.028150 26.340618
v 17.153994 1.275293 20.987448
v 17.776344 1.130265 22.055117
v 19.102619 1.064643 23.922304
v 19.498949 0.765741 27.045538
v 17.447985 0.821647 22.046202
v 16.652222 1.206895 20.137924
v 16.092922 1.354020 18.108175
v 17.299641 0.296420 22.662918
v 16.932159 0.523288 21.760355
v 16.695795 0.779877 20.955223
v 16.247700 1.063527 19.340279
v 15.953441 1.355107 17.335480
v 16.072691 1.071949 18.706348
v 16.263275 0.749391 20.104151
v 17.713308 0.141976 23.596846
v 15.859869 1.114813 17.368681
v 15.873200 1.002605 17.976952
v 16.041500 0.143528 20.852734
v 16.112873 -0.220004 21.649305
v 16.176239 -0.493917 22.238104
v 16.294899 -0.783906 23.075172
v 17.732422 -0.128995 24.380186
v 16.139645 -1.106300 23.763945
v 17.960604 -0.122221 25.275030
v 16.387110 -0.853911 26.280193
v 16.424368 -1.012043 25.460884
v 15.746943 -1.438243 24.369572
v 15.202425 -1.699606 24.845798
v 14.795116 -1.746041 25.489803
v 14.905403 -1.371011 26.438328
v 14.719839 -0.988472 27.289967
v 13.414087 -1.211771 27.389252
v 13.934104 -1.482252 26.776340
v 14.356936 -1.660208 26.099598
v 13.276985 -2.041716 25.636282
v 13.501113 -1.719584 26.427061
v 13.082846 -1.559900 27.000593
v 12.607238 -1.303923 27.552412
v 11.934231 -1.253896 27.932768
v -9.907936 1.348057 -17.150414
v -8.205299 1.295997 -18.016632
v -8.079319 1.774432 -17.919777
v -9.930900 1.850413 -16.917912
v -10.691265 1.298554 -16.179840
v -10.786131 1.780838 -15.997772
v -5.692175 0.651821 -18.266321
v -5.614008 1.034875 -18.222374
v -8.200584 0.799651 -18.017962
v -9.823183 0.848304 -17.242228
v -10.755099 1.498617 -14.718599
v -10.649851 2.153990 -15.653528
v -10.538522 1.849147 -14.376708
v -9.845806 2.372112 -16.578323
v -7.723897 2.215464 -17.773903
v -4.980101 1.801865 -17.703728
v -5.406858 1.428626 -18.020996
v -2.689373 1.590862 -16.404604
v -3.027452 1.065714 -16.864258
v -1.222716 1.760594 -15.723047
v -1.452752 1.022454 -16.059654
v -0.555368 1.776363 -15.642426
v -0.246060 2.023066 -15.544092
v -0.309171 2.738444 -15.252400
v -0.670339 2.701500 -15.251052
v -1.149157 2.560663 -15.365455
v -2.244927 2.330528 -15.807863
v -4.336496 2.335461 -17.015373
v -6.995109 2.698996 -17.494600
v -9.568512 2.939867 -16.241611
v -10.275555 2.546333 -15.158298
v -10.078974 2.302182 -13.851977
v -9.366600 1.552949 -12.669199
v -0.537766 3.316992 -14.902695
v -0.896449 3.333253 -14.838188
v -1.263747 3.253786 -14.903121
v -1.953861 3.115137 -15.157104
v -3.495061 3.055659 -15.931463
v -5.768999 3.283757 -16.830553
v -8.562008 3.621850 -15.848116
v -9.559425 3.224859 -14.430964
v -0.075849 3.502139 -14.904365
v -0.500067 3.723207 -14.565707
v -1.034969 3.854275 -14.346883
v -1.460780 3.820500 -14.316321
v -1.928811 3.732993 -14.395594
v -2.815834 3.583775 -14.618987
v -4.301312 3.683171 -15.061774
v -5.873987 4.006126 -14.946383
v -1.200778 4.250200 -13.682124
v -0.890320 4.188561 -13.831134
v -0.488582 4.179224 -13.952634
v -0.300996 4.001254 -14.268530
v 0.103033 3.876845 -14.600922
v 0.639909 3.300819 -15.444925
v 0.950327 3.822369 -15.219085
v -1.902741 4.265119 -13.620727
v -2.221282 4.542545 -12.681650
v -1.548945 4.568038 -12.879313
v -0.963651 4.627162 -13.010401
v -0.717547 4.585111 -13.220327
v 0.012282 4.350837 -13.990156
v 0.729974 4.399509 -14.447159
v -0.375622 4.779910 -13.120306
v 0.254881 4.880448 -13.476709
v 1.490023 5.190423 -14.132778
v 2.089619 5.326907 -14.435905
v 2.179724 4.537269 -15.381186
v 2.709714 5.389388 -14.684816
v 2.791547 4.551698 -15.752860
v 1.051380 5.665682 -12.963778
v 0.536609 5.524588 -12.719994
v -0.711519 5.131808 -12.259377
v -1.405966 4.807478 -12.362797
v -1.369926 5.138011 -11.658599
v -1.773300 4.790223 -12.125578
v -2.162886 4.730743 -11.941915
v -0.660058 5.731381 -11.218562
v -0.011619 5.880158 -11.555264
v 0.425598 5.988852 -11.742842
v 0.806743 6.084471 -11.876205
v 1.228687 6.174040 -11.990124
v 1.692397 6.248963 -12.075972
v 1.537747 5.803874 -13.146912
v 2.199549 6.300395 -12.130104
v 2.074190 5.912808 -13.302788
v 2.859770 6.505482 -11.504510
v -0.488295 6.192806 -10.459156
v 0.119879 6.321395 -10.711705
v 0.635996 6.406303 -10.864266
v 1.174819 6.458421 -11.028668
v 2.062827 6.788780 -10.299869
v 2.708318 6.789806 -10.496161
v 1.612807 6.960491 -9.515477
v 3.422467 6.914410 -10.238726
v 3.883802 6.923333 -10.243416
v 3.896748 6.664349 -11.094958
v 4.353424 6.861720 -10.201029
v 4.415520 6.687405 -11.092567
v 4.737383 6.941698 -9.604645
v -0.010270 6.654058 -9.586913
v 0.587304 7.043811 -8.629182
v 0.547414 6.642483 -10.011909
v 2.627620 7.305740 -8.909939
v 3.003556 7.135429 -9.495583
v 3.425761 7.131750 -9.514562
v 1.015401 7.254514 -8.233741
v 1.987548 7.319110 -8.664293
v 2.961830 7.344871 -8.825183
v 3.624293 7.303386 -8.553403
v 1.730897 7.524732 -7.965311
v 2.106729 7.565586 -8.044076
v 2.492314 7.559127 -8.099770
v 2.903729 7.497389 -8.114349
v 4.193417 7.229676 -8.609826
v 4.607955 7.204084 -8.631648
v 4.850465 7.538238 -7.571529
v 0.653029 7.425791 -7.400379
v 1.311242 7.692618 -7.211120
v 1.663149 7.752323 -7.295188
v 2.107425 7.720975 -7.400644
v 3.265254 7.594135 -7.400758
v 3.694021 7.638033 -7.077492
v 0.923064 7.804843 -6.512825
v 1.253610 7.878269 -6.595617
v 1.648949 7.856890 -6.665540
v 2.710258 7.763729 -6.646739
v 0.206599 7.765825 -5.766909
v 0.560549 7.874173 -5.870392
v 0.882441 7.941117 -5.945681
v 1.240852 7.943645 -5.993823
v 1.833932 7.984016 -5.417179
v 2.370570 7.907601 -5.808982
v 2.794316 7.898470 -5.780958
v 0.534823 7.968848 -5.347505
v 0.883422 7.985803 -5.397438
v 1.588088 8.069836 -4.586510
v 3.345919 7.893154 -5.815585
v 2.197555 8.078455 -4.706449
v 2.888005 8.109616 -4.705248
v 4.506260 8.363890 -4.091568
v 5.208925 8.295044 -4.288309
v 2.641187 8.214165 -3.999346
v 4.849408 8.403353 -3.815359
v 4.528915 8.452980 -3.544401
v 5.597901 8.258914 -2.883544
v 5.978973 8.168554 -3.347133
v 4.495586 8.475699 -3.151931
v 7.286426 7.979156 -2.695202
v 6.594562 8.079873 -1.892448
v 7.865992 7.920284 -1.517101
v 8.380820 7.820830 -1.436360
v 6.596937 8.084115 -1.229388
v 5.681822 8.203334 -1.589496
v 8.236178 7.922361 -0.747927
v 5.629524 8.216033 -1.141354
v 6.141708 8.171380 -0.743712
v 4.837501 8.365547 -0.678106
v 4.993261 8.370710 -0.285055
v 3.861672 8.526535 -0.173832
v 3.371044 8.598761 -0.756057
v 3.015124 8.632906 -0.590134
v 4.524222 8.442921 0.055608
v 3.127962 8.627820 -0.269643
v 2.755167 8.639324 -0.251017
v 2.472248 8.604574 -0.110680
v 1.958110 8.517853 0.143250
v 3.373647 8.478097 0.404372
v 2.727903 8.577643 0.107567
v 1.326459 8.401694 0.051987
v 1.413829 8.440262 0.766353
v -0.306636 8.105042 0.419040
v 1.284653 8.461438 1.369196
v 0.193182 8.313255 1.599647
v -0.852596 8.055243 1.023937
v -1.841365 7.550621 -0.439564
v -1.428868 7.851346 0.359506
v -3.555605 6.668582 -1.926630
v -1.893283 7.700998 0.663538
v -1.466852 7.889288 0.927590
v -2.133191 7.541029 0.477259
v -2.624228 7.087310 -0.298810
v -0.062328 8.254735 2.292891
v -0.799858 8.087618 1.775506
v -2.613778 7.315256 0.850160
v -2.950328 6.926646 -0.239330
v -1.688940 7.803463 1.726027
v -1.981588 7.699791 1.212349
v -2.972880 7.163023 1.079160
v -3.356279 6.789571 -0.024782
v -2.291455 7.552562 1.581012
v -2.202028 7.583940 2.180937
v -3.451068 6.912233 0.867432
v -1.545924 7.796470 2.571072
v -2.463853 7.479302 1.969324
v -3.390632 7.012969 1.451816
v -1.606731 7.795628 3.690678
v -0.804665 8.029370 4.060050
v -1.980255 7.690173 4.031757
v -2.579895 7.456873 3.383790
v -3.119979 7.216427 3.149693
v -0.789574 8.211615 5.212411
v -1.684218 7.802867 4.618330
v -0.838119 8.199356 5.492663
v -2.902899 7.194801 4.101881
v -1.019868 8.077673 6.011497
v -1.463384 7.900666 5.462458
v -2.619065 7.309745 4.651927
v -1.542389 7.876455 5.800829
v -1.924298 7.740096 6.066891
v -2.862950 7.217944 5.022927
v -3.548916 6.921470 4.704095
v -2.424274 7.554533 6.012007
v -2.597462 7.579034 6.370107
v -3.282831 7.426557 6.575325
v -3.631103 7.268455 6.649345
v -4.356213 6.843400 6.749633
v -0.759634 8.181759 7.714084
v -2.772731 7.634816 7.140225
v -2.891609 7.596595 7.403239
v -3.769432 7.161232 7.646335
v -0.987915 8.057567 6.653635
v -1.115878 8.131495 7.915630
v -1.640522 8.050833 8.046519
v -2.142752 7.927392 7.978851
v -0.327328 8.295054 6.023932
v -0.747425 8.144094 7.267944
v -0.655117 8.375311 8.713536
v -0.284162 8.264688 6.582430
v 0.065084 8.343033 7.437068
v -0.050401 8.383118 8.183040
v -0.539923 8.298566 5.412146
v 0.675108 8.416494 6.484742
v 0.489775 8.402597 6.855509
v 0.306302 8.489673 8.601404
v 0.626435 8.670453 9.816463
v 0.651505 8.609785 9.302432
v 1.336260 8.636103 9.067689
v 1.789402 8.707139 8.959653
v 1.226804 8.520018 7.089799
v 1.228372 8.432487 6.412035
v 1.802945 8.671736 7.668318
v 1.436021 8.686972 9.992641
v 0.918995 8.720360 10.390754
v 1.900843 8.704725 10.481660
v 1.547070 8.701699 10.859500
v 1.595068 8.738098 12.148261
v 1.269979 8.767101 12.615143
v 1.457804 8.773062 13.382823
v 1.000709 8.619175 15.603427
v 1.031512 8.707719 15.114101
v -0.035585 8.392305 14.742799
v 1.087832 8.716158 14.629812
v 0.922580 8.654807 13.797877
v 0.150596 8.527418 13.151201
v 0.103298 8.457107 13.884796
v -1.250122 8.430978 12.296991
v -0.700389 8.525591 12.137943
v 0.794398 8.698961 12.749404
v -0.530661 8.417014 13.306304
v -1.705245 8.358383 12.675996
v -1.344195 8.370915 13.179167
v -0.556909 8.291801 14.645020
v 0.547269 8.535202 15.564794
v -0.968123 8.253085 14.518873
v -2.232104 8.272768 13.127419
v -1.881113 8.295738 13.651005
v -0.572397 8.192800 15.583645
v 0.031175 8.311772 16.057913
v -0.162995 8.104166 16.820896
v -3.004552 8.042164 12.937057
v -2.660070 8.154068 13.448545
v -2.308432 8.220778 13.718537
v -2.259336 8.156002 14.213469
v -1.456308 7.996140 15.527707
v -1.042774 8.056812 15.658704
v -0.906021 7.947423 16.700443
v 0.083135 8.055937 17.613026
v -3.812610 7.716492 13.236323
v -3.426204 7.878856 13.675746
v -2.738480 8.054021 14.129413
v -1.464984 7.874102 16.162525
v -0.628222 7.874050 17.539312
v -3.262778 7.896827 14.107977
v -0.006262 7.817074 18.687967
v -3.016589 7.810931 15.029803
v -2.488332 7.702620 16.060999
v -1.833346 7.728875 16.670372
v -1.581317 7.728528 17.306993
v 0.029627 7.749156 19.157791
v -0.943921 7.616536 18.312544
v -0.461338 7.656375 19.059731
v 0.116071 7.473222 19.965410
v -4.046608 7.575538 14.354409
v -3.856519 7.550923 15.005082
v -3.028312 7.520160 16.367947
v -1.944789 7.602119 17.700277
v -1.520277 7.477845 18.337044
v -0.949585 7.506568 18.936628
v -0.456962 7.392449 19.848804
v -4.491234 7.399567 14.105672
v -5.479157 6.887045 13.424983
v -4.246680 7.225795 15.932953
v -4.642473 7.230960 15.055221
v -6.209048 6.437088 13.316549
v -5.523568 6.860160 14.357402
v -5.244057 6.962027 14.950506
v -5.001731 6.914954 16.136103
v -4.749259 6.814627 17.818935
v -3.747349 7.053036 18.250048
v -3.806028 6.963274 18.787897
v -4.434992 6.995911 17.497908
v -5.495065 6.701660 16.241693
v -5.964635 6.617869 14.084671
v -5.466823 6.673419 17.065561
v -6.398062 6.348882 13.897197
v -7.253665 5.675726 13.151971
v -6.923747 5.975268 13.560560
v -6.701779 6.191552 17.337082
v -6.278426 6.363457 17.161930
v -6.960386 5.990859 15.832526
v -6.594999 6.199559 15.618074
v -7.318316 5.672925 19.551558
v -7.417275 5.794431 18.645479
v -7.137975 5.958480 16.984049
v -7.124867 5.909687 16.274576
v -6.606155 0.422223 -8.788503
v -6.525198 1.076062 -8.782227
v -7.162344 1.542728 -6.812938
v -6.564223 0.307129 -10.061141
v -6.881642 0.506827 -10.782825
v -6.588004 0.645273 -9.996644
v -6.865391 0.897552 -10.659733
v -6.484427 1.183177 -9.894960
v -6.398036 1.283755 -9.325148
v -6.547784 1.508138 -8.341526
v -6.825905 1.495273 -7.588132
v -7.782093 0.916102 -11.611612
v -7.638247 1.358953 -11.390800
v -6.723790 1.352060 -10.529255
v -6.312581 1.764238 -8.834295
v -6.751193 1.757084 -7.706841
v -8.845217 2.071609 -12.255489
v -7.238443 1.904639 -11.151977
v -6.442255 1.888178 -10.390633
v -6.198295 1.935569 -9.795602
v -6.033863 2.264257 -9.287336
v -6.400376 1.990746 -8.346732
v -9.279373 3.022666 -13.051607
v -7.904529 2.782694 -11.778574
v -6.500642 2.531625 -10.914667
v -6.072101 2.481581 -10.245763
v -5.956244 2.437394 -9.721756
v -6.076599 2.351784 -8.831446
v -6.154022 2.513635 -8.402597
v -6.804590 3.754309 -13.540820
v -6.655019 3.500756 -12.339540
v -6.002983 3.257891 -11.412379
v -5.712017 3.124429 -10.687987
v -5.198828 3.608637 -10.481309
v -5.132565 3.786353 -11.088702
v -5.022686 3.993383 -11.810340
v -4.745224 4.133680 -12.577398
v -4.090250 4.005747 -13.209769
v -3.253117 3.998367 -13.490520
v -2.507934 4.142777 -13.578574
v -3.978232 4.285127 -11.841309
v -3.452203 4.366679 -12.267180
v -2.905058 4.449935 -12.538672
v -2.865030 4.568380 -11.628376
v -1.952780 5.012112 -11.309012
v -3.597263 4.590385 -10.206373
v -2.552088 5.210481 -10.095328
v -1.416703 5.516605 -10.864779
v -1.366408 6.009510 -9.964693
v -1.244000 6.367646 -9.208499
v -0.422266 6.518377 -9.663220
v -1.317417 6.540265 -8.580095
v -0.752806 6.698819 -8.779770
v -1.559022 6.647858 -7.799784
v -0.946252 6.855474 -8.005040
v 0.161192 7.245043 -7.561028
v -1.260704 6.897325 -7.243806
v -0.785944 7.252633 -6.230469
v -0.148334 7.427585 -6.485384
v 0.371885 7.550086 -6.700920
v -1.485429 7.211832 -4.821930
v -1.051050 7.311073 -5.448818
v -0.426344 7.820765 -4.652429
v -0.090206 7.811537 -5.196780
v 0.211919 7.913363 -5.278489
v -0.757609 7.685642 -4.536193
v -0.129337 7.922355 -4.731067
v 0.255961 7.974744 -4.821863
v 1.500026 8.113464 -3.985079
v -0.629196 7.810889 -4.148033
v 0.044986 7.961536 -4.374139
v 1.289648 8.095273 -3.495809
v 2.438528 8.244103 -3.423823
v 4.187426 8.460226 -3.275057
v 4.141795 8.498067 -2.674560
v 2.479587 8.289539 -2.329962
v 3.826753 8.473034 -2.434578
v 4.440175 8.462960 -2.681485
v 4.121503 8.482221 -1.858976
v 4.067459 8.484884 -1.162456
v 3.459461 8.540129 -1.355415
v 3.714512 8.542386 -1.102609
v 3.131500 8.579918 -0.922394
v 2.189415 8.558019 -0.533848
v -6.547557 0.596661 -9.359332
v 0.263036 1.609099 -15.803862
v 0.071734 0.537367 -16.075640
v 0.017654 1.827525 -15.643075
v -0.189405 0.646771 -16.007046
v -0.822063 0.472640 -16.091812
v -1.719051 0.440100 -16.310289
v 0.752605 1.602171 -16.119190
v 0.926888 1.197112 -16.429585
v 1.217697 0.969902 -16.922653
v 1.335628 1.561669 -16.773199
v 1.974970 1.668648 -17.834230
v 1.888738 1.211362 -17.950466
v 2.433675 1.726430 -18.391298
v 2.398528 1.255639 -18.508539
v 2.539333 2.233759 -18.178602
v 2.108289 2.211706 -17.600100
v 1.752691 2.164383 -17.051666
v 1.749030 2.742191 -16.713945
v 0.735271 2.755241 -15.779210
v 0.223224 2.886023 -15.409857
v 0.007249 2.559373 -15.402712
v 3.311416 2.752884 -18.321922
v 2.700731 2.779698 -17.844612
v 2.251550 2.803641 -17.297520
v 1.393992 2.740061 -16.334887
v -0.148291 3.117942 -15.131921
v 4.184542 3.277859 -18.242737
v 3.416499 3.322960 -17.882584
v 2.809363 3.383753 -17.415947
v 2.296910 3.403179 -16.908844
v 1.480127 3.333093 -16.106535
v 1.579837 3.891036 -15.681217
v 2.243495 3.934111 -16.288965
v 2.799861 3.968167 -16.783386
v 3.427110 3.944324 -17.255342
v 4.185987 3.851357 -17.572153
v 5.027008 3.765846 -17.701445
v 5.089691 3.258557 -18.433784
v 5.914459 4.127038 -17.227230
v 5.967573 3.259762 -18.405792
v 7.087054 3.963212 -17.443718
v 7.349829 3.342135 -18.191721
v 3.470102 4.526543 -16.122734
v 4.219369 4.468699 -16.425003
v 4.987669 4.427300 -16.606480
v 6.340352 4.546120 -16.717552
v 3.401432 5.377303 -14.895279
v 4.622134 5.303401 -15.211426
v 5.555770 5.380344 -15.337275
v 6.168499 5.487675 -15.379905
v 6.669622 5.485751 -15.231326
v 6.915483 4.600806 -16.586329
v 7.189944 5.391027 -14.874511
v 7.494524 4.621834 -16.286081
v 7.728787 5.333596 -14.398986
v 8.084551 4.660611 -15.825930
v 8.274811 5.314773 -13.824985
v 8.670816 4.714477 -15.203703
v 6.419174 6.081600 -13.525870
v 5.865951 6.080368 -13.696966
v 5.300985 6.023359 -13.705947
v 4.375519 5.953370 -13.619699
v 2.689611 5.967614 -13.401520
v 3.789598 6.330351 -12.164154
v 4.522542 6.360537 -12.207103
v 5.085569 6.406050 -12.214607
v 5.682825 6.382468 -12.125479
v 6.617452 6.383155 -11.823313
v 7.852427 6.085686 -11.104966
v 4.917946 6.636523 -11.041374
v 5.554672 6.628046 -10.861627
v 6.294145 6.798728 -10.098640
v 7.987864 6.279048 -9.659832
v 5.384923 6.823355 -10.001398
v 6.685398 6.762282 -9.663919
v 7.807131 6.475667 -9.077631
v 3.996574 7.079711 -9.335941
v 5.238449 7.051558 -9.130323
v 5.941893 7.089045 -9.089128
v 6.423814 6.992156 -9.087688
v 6.006337 7.555089 -7.540730
v 6.840660 7.296496 -7.358602
v 7.613050 7.104579 -7.104712
v 4.205311 7.626099 -7.147964
v 5.535347 7.788597 -6.899369
v 5.786349 7.897859 -6.278378
v 6.585239 7.646794 -6.203388
v 7.332184 7.509369 -5.811824
v 4.027495 7.911866 -5.913963
v 4.739130 8.104695 -5.370251
v 5.310601 8.191517 -5.097030
v 6.274837 7.868388 -5.549896
v 4.980173 8.273243 -4.644654
v 5.619643 8.117887 -5.145576
v 6.098768 8.039306 -4.633364
v 6.810599 7.905747 -4.316512
v 8.445040 7.645431 -3.932951
v 6.551548 8.028873 -3.675342
v 7.715598 7.840551 -3.524135
v 8.204953 7.777962 -3.015449
v 8.843739 7.575099 -3.482917
v 8.801899 7.680300 -1.839996
v 9.917227 7.298990 -1.892419
v 10.674664 7.116214 -1.408529
v 9.035243 7.675972 -1.114362
v 9.736176 7.442380 -1.304053
v 8.981251 7.819178 -0.342939
v 7.605556 8.045905 -0.507621
v 7.829268 8.087580 -0.076617
v 5.727519 8.294913 -0.172325
v 5.669048 8.369345 0.275595
v 5.283053 8.392910 0.304978
v 4.337203 8.423804 0.341284
v 2.427130 8.525360 0.515370
v 2.084100 8.525025 0.468637
v 3.844032 8.395001 0.858869
v 1.740914 8.480471 1.001961
v 2.231807 8.483183 0.982386
v 2.568179 8.450901 1.461668
v 1.033407 8.450995 1.673960
v 1.714800 8.471899 2.240071
v 0.575154 8.395720 2.110843
v 2.725404 8.482160 2.038907
v 2.348788 8.510287 2.358468
v 2.141856 8.519773 2.804675
v 1.667313 8.457108 2.850064
v 1.032947 8.358098 3.007644
v -0.000928 8.172504 3.090760
v -0.526008 8.069762 2.886968
v 1.982032 8.513085 3.539167
v 1.560569 8.421469 3.351137
v 1.103518 8.310636 3.969790
v 0.017362 8.156204 3.640629
v -0.620031 8.033864 3.421974
v 0.167784 8.229038 4.410195
v 1.476565 8.413463 5.908118
v 0.934411 8.353650 5.676268
v 0.745014 8.302896 4.799531
v -0.460785 8.136455 4.360871
v 2.771737 8.765127 6.588489
v 3.119694 8.910644 7.517764
v 3.353838 8.855794 7.158727
v 1.942948 8.495183 5.864048
v 2.726497 8.713921 5.974983
v 2.213811 8.561819 5.303388
v 3.065251 8.780413 6.392481
v 3.949765 8.870380 7.866576
v 2.799776 8.704344 5.406340
v 3.799031 8.667125 6.097266
v 3.030821 8.703462 5.533839
v 4.294907 8.823076 7.604501
v 4.747310 8.794565 7.048377
v 5.033666 8.871155 7.780763
v 2.546444 8.661033 4.944010
v 2.765458 8.695718 4.607749
v 3.913780 8.568754 4.413738
v 2.780423 8.695983 3.857510
v 1.752310 8.448055 4.254451
v 3.773774 8.607475 3.538986
v 4.464191 8.573471 3.934321
v 2.536445 8.686388 3.895537
v 4.660373 8.621760 3.273315
v 2.794705 8.672322 3.587241
v 3.490875 8.600330 3.211604
v 5.381571 8.646983 2.653574
v 4.232234 8.586733 2.942773
v 4.664622 8.480782 2.041451
v 4.166123 8.421546 1.764981
v 3.468715 8.426186 1.781592
v 2.100194 8.470888 1.836016
v 3.779814 8.390221 1.291753
v 5.937972 8.411198 1.160942
v 4.631599 8.383150 1.216700
v 7.527922 8.370050 1.459616
v 7.142124 8.437833 1.753606
v 6.648372 8.492907 1.782131
v 6.137056 8.529365 1.940923
v 6.562127 8.530142 2.022133
v 5.754534 8.598399 2.320171
v 6.488924 8.541270 2.350757
v 6.082631 8.600247 2.390565
v 5.778958 8.639103 2.633132
v 5.214443 8.659697 2.931551
v 6.408369 8.567060 3.414946
v 5.752517 8.633808 3.395477
v 6.172729 8.620644 3.986347
v 5.755131 8.648060 4.326478
v 5.258904 8.613525 3.980873
v 5.199086 8.619680 4.591324
v 4.456836 8.560262 4.523038
v 4.663457 8.609730 5.444629
v 3.794135 8.610914 5.359864
v 4.329683 8.610233 5.604750
v 5.022349 8.661092 5.572475
v 5.703322 8.729639 5.309530
v 6.202038 8.952102 6.808486
v 5.784159 8.948488 7.090964
v 6.722456 8.932921 6.868163
v 7.647223 8.813080 7.330913
v 6.952710 8.977037 8.117282
v -9.600140 1.177931 -12.953364
v -10.696883 1.091259 -14.888549
v -9.570091 0.831941 -13.127197
v -10.590458 0.817719 -16.246485
v -10.509871 0.659153 -14.921804
v -9.311280 0.475289 -13.208713
v -7.750214 0.493948 -11.817872
v -9.695683 0.370423 -17.247566
v -8.118164 0.311613 -18.026697
v -10.445287 0.356700 -16.214722
v -10.180611 0.232277 -14.862757
v -8.875938 0.091784 -13.248405
v -7.507331 -0.115112 -12.057303
v -6.800961 0.096469 -10.938190
v -6.727228 0.330021 -8.164571
v -6.520008 0.032989 -8.804748
v -6.426847 -0.136385 -10.165445
v -6.588305 -0.453610 -11.062557
v -7.285203 -0.459510 -12.079195
v -8.393887 -0.329514 -13.226119
v -9.674889 -0.185150 -14.715616
v -7.920468 -0.762905 -13.107505
v -7.036275 -0.821184 -12.009688
v -6.459137 0.058818 -9.426653
v -6.863883 0.262848 -7.698648
v -6.365952 -0.955132 -11.046168
v -6.403078 -0.313418 -8.795093
v -6.771814 -0.032533 -7.911152
v -7.099531 0.241194 -7.155953
v -7.357573 0.465146 -6.660048
v -7.972025 0.579625 -5.664163
v -6.730605 -0.263640 -7.922531
v -7.154414 -0.166720 -7.084046
v -7.655432 0.079460 -6.268441
v -8.081932 0.277679 -5.543199
v -7.004249 -0.443123 -7.272020
v -8.099210 -0.108787 -5.428541
v -8.015398 -0.542188 -5.304259
v -7.556165 -0.344098 -6.367472
v -7.401569 -0.760086 -6.366041
v -6.512668 -0.666166 -8.118340
v -6.816094 -0.772446 -7.387105
v -6.077052 -1.027515 -8.741161
v -5.881450 -1.209748 -9.377149
v -5.728961 -1.743959 -9.984819
v -6.554718 -1.239239 -7.260905
v -7.020432 -1.200743 -6.479016
v -5.580359 -1.977461 -9.756545
v -5.751094 -1.950451 -10.581049
v -5.602327 -1.844771 -9.067480
v -6.158928 -1.369596 -7.893822
v -5.806238 -2.012502 -11.264772
v -5.945508 -2.256103 -6.620630
v -5.609786 -2.124968 -10.710135
v -5.916087 -2.058020 -12.271529
v -5.398144 -2.267450 -9.541590
v -5.413915 -2.235332 -8.744057
v -5.645886 -1.957857 -8.155516
v -5.336341 -2.358407 -9.945829
v -5.332638 -2.317538 -10.895674
v -5.469790 -2.597017 -7.017963
v -5.316877 -2.569798 -7.613780
v -5.223346 -2.525306 -9.204635
v -5.908899 -2.600834 -6.183913
v -4.998098 -2.512110 -10.757206
v -5.067440 -2.457240 -11.619292
v -5.466661 -2.316087 -12.670946
v -5.305841 -2.918541 -6.779449
v -5.109154 -2.901012 -7.288562
v -5.146200 -2.730619 -8.044278
v -5.057079 -2.640984 -9.631041
v -4.799517 -2.656137 -10.439911
v -4.524185 -2.698631 -11.789492
v -4.921784 -2.596414 -13.614896
v -4.998827 -2.355559 -14.692035
v -5.622522 -3.115681 -6.026565
v -4.993483 -3.109892 -7.062957
v -4.600487 -2.814387 -10.172199
v -4.355664 -2.796483 -13.991640
v -5.168693 -3.239226 -6.529905
v -4.791071 -3.191948 -7.511311
v -4.887367 -3.024893 -8.388064
v -4.263640 -2.853172 -11.051438
v -4.184130 -2.868264 -11.792548
v -4.308304 -2.933592 -12.893405
v -3.963741 -3.104293 -13.358316
v -3.811723 -2.816489 -14.432531
v -5.869379 -3.706781 -5.084167
v -5.324781 -3.427821 -6.083307
v -4.886101 -3.334780 -6.834167
v -4.645823 -3.366904 -7.354426
v -4.583655 -3.542658 -6.963310
v -5.117678 -3.695044 -5.934006
v -4.819452 -3.578681 -6.484668
v -5.699201 -3.947709 -4.959412
v -4.327235 -3.702033 -7.160437
v -4.129752 -3.772771 -7.611757
v -4.411341 -3.852772 -6.592238
v -3.884257 -3.818670 -8.003434
v -3.963019 -4.047225 -7.112367
v -4.755650 -4.297101 -5.349612
v -4.047901 -4.300398 -6.340040
v -4.906611 -4.754690 -4.500857
v -4.097003 -4.520838 -5.820867
v -3.651131 -4.210117 -7.320557
v -4.394434 -4.437152 -5.540116
v -5.279072 -4.881098 -3.853576
v -3.789587 -5.174315 -5.198966
v -4.364337 -5.314548 -4.271887
v -3.298031 -5.076024 -6.110455
v -3.531680 -5.498160 -4.999440
v -4.017862 -5.861248 -3.655080
v -3.060691 -5.631702 -5.318866
v -2.832274 -5.784899 -5.190525
v -1.512918 -5.679893 -6.341197
v -1.699682 -5.513525 -6.610885
v -2.108782 -5.325498 -6.728688
v -3.089020 -5.447898 -5.687764
v -2.049544 -5.031651 -7.558036
v -2.304439 -5.103298 -7.083781
v -1.211887 -4.934483 -8.993180
v -3.012684 -5.191035 -6.258980
v -2.740212 -4.849970 -7.223670
v -1.868516 -4.882723 -8.239845
v -1.350906 -4.556201 -10.274338
v -1.597012 -4.606560 -9.771731
v -3.163206 -4.606757 -7.227205
v -2.272112 -4.677208 -8.247151
v -1.976638 -4.597699 -9.066307
v -2.839194 -4.613989 -7.627402
v -2.784601 -4.398481 -8.227268
v -2.073400 -4.388181 -9.868056
v -1.621569 -4.152514 -11.507690
v -2.537176 -4.298794 -9.041830
v -2.063078 -4.076911 -11.442185
v -2.610295 -4.156360 -9.500066
v -2.332768 -4.093331 -10.988420
v -2.585930 -4.089004 -10.042965
v -3.090907 -4.090312 -8.550900
v -3.148699 -3.847483 -9.263350
v -3.627243 -3.524462 -9.450756
v -3.051056 -3.762780 -10.211521
v -2.809520 -3.860838 -11.100742
v -1.957074 -3.584545 -13.150985
v -3.329969 -3.578380 -9.945721
v -2.882141 -3.637541 -12.384997
v -2.687101 -3.476184 -13.243915
v -3.260585 -3.558786 -11.038208
v -4.579521 -3.298438 -8.534169
v -3.502112 -3.379594 -10.494008
v -3.286948 -3.511090 -12.106106
v -1.150540 -2.886763 -14.758071
v -4.382304 -3.009151 -9.872074
v -3.906493 -3.158079 -10.311264
v -3.739117 -3.160658 -11.072281
v -3.655176 -3.270459 -11.838849
v -3.255990 -3.394526 -13.130683
v -2.914520 -3.210334 -13.904505
v -2.529788 -2.753714 -14.882378
v -1.641332 -2.653635 -15.057450
v -3.689982 -3.284194 -12.825503
v -3.472498 -3.195882 -13.664330
v -3.202426 -2.778283 -14.754306
v -1.716767 -2.386385 -15.369329
v -2.685481 -2.360093 -15.465270
v -3.540713 -2.293370 -15.577170
v -4.587339 -2.111374 -15.657741
v -5.802278 -1.858619 -15.540500
v -6.701947 -1.673812 -15.032854
v -6.937198 -1.622109 -14.149035
v 0.183305 -1.986793 -15.810699
v -0.521427 -2.066980 -15.649507
v -1.642434 -2.090847 -15.617002
v -2.706033 -2.036165 -15.824884
v -3.667998 -1.928456 -16.114906
v -4.926413 -1.675666 -16.465769
v -6.624038 -1.362883 -16.548807
v 0.196162 -1.664412 -15.973573
v -0.452471 -1.749411 -15.817627
v -1.190025 -1.780637 -15.783491
v -1.810842 -1.753223 -15.849166
v -2.648617 -1.674309 -16.078840
v -3.713195 -1.514574 -16.545525
v 1.064489 -0.962339 -16.660234
v 0.701706 -1.044900 -16.408413
v 0.374869 -1.139169 -16.221136
v 0.079246 -1.208960 -16.096695
v -0.211228 -1.244992 -16.021248
v -0.538993 -1.271242 -15.978918
v -0.956678 -1.281107 -15.968494
v -1.561137 -1.272219 -16.014448
v 1.503366 -0.493403 -17.187574
v -0.003839 -0.531539 -16.187613
v 0.502063 -0.447619 -16.424793
v 0.901682 -0.089413 -16.775883
v 1.351473 -0.088266 -17.203699
v 2.072732 0.268875 -18.098772
v 1.235547 0.086870 -17.117615
v 0.463442 -0.043340 -16.418764
v 1.925873 0.729914 -18.072258
v 1.193835 0.408189 -17.077354
v 0.868818 0.439551 -16.665848
v 0.466440 0.432630 -16.308331
v -0.000575 -0.042260 -16.193604
v -0.324707 -0.058113 -16.144592
v 5.162661 1.583491 -19.174854
v 4.060528 1.582095 -19.087572
v 3.097562 1.520421 -18.867115
v 10.408410 2.048808 -17.217003
v 9.851727 1.959498 -17.933275
v 10.847963 2.114484 -16.371809
v 11.166525 2.168997 -15.425223
v 11.373344 2.467309 -14.418820
v 11.827391 2.014004 -13.596829
v 12.061836 2.170506 -12.503076
v 11.612157 2.844239 -12.935002
v 10.631907 2.741166 -16.168085
v 10.301683 2.523854 -17.073944
v 9.770820 2.447666 -17.811607
v 9.252278 1.886489 -18.534187
v 11.774020 3.465163 -11.204659
v 11.364080 3.380122 -12.755368
v 11.129747 3.244460 -13.944594
v 10.849326 3.163559 -14.904822
v 10.116533 3.031834 -16.779173
v 11.577874 3.906208 -10.758695
v 11.208658 3.849407 -12.229561
v 10.674950 3.765738 -14.344426
v 10.310631 3.676678 -15.391879
v 11.191210 4.297565 -10.833429
v 11.432255 4.412086 -9.808860
v 11.749539 4.464224 -8.975742
v 10.845013 4.709737 -10.457641
v 10.173635 4.768758 -12.591938
v 10.796783 5.098318 -9.227273
v 10.400127 5.197289 -9.823958
v 10.169580 5.565054 -9.015777
v 10.234571 5.160808 -10.440700
v 9.777136 5.584330 -9.660253
v 10.595056 5.516033 -8.432361
v 10.260755 6.040133 -7.550903
v 11.507291 5.940104 -5.830797
v 10.174679 6.433033 -6.506557
v 10.986352 6.284051 -5.631181
v 11.452043 6.166722 -5.131575
v 9.785219 6.785003 -5.919692
v 10.509229 6.616963 -5.298766
v 10.878184 6.549355 -4.760090
v 9.430346 7.050934 -5.407759
v 9.929603 6.971839 -4.910757
v 9.764470 7.137041 -4.374251
v 10.382836 6.863180 -4.313494
v 11.340091 6.604399 -2.778068
v 12.024258 6.428581 -2.213397
v 13.967209 5.674204 -2.085372
v 14.230986 5.584267 -0.716694
v 12.896306 6.298300 0.306876
v 11.739397 6.855615 0.759701
v 10.914595 7.219744 0.541161
v 10.607426 7.350198 1.102936
v 9.919888 7.628151 1.043317
v 9.308722 7.885499 0.596035
v 9.453820 7.794648 1.406298
v 13.317450 6.153692 0.832599
v 11.112547 7.157745 1.392969
v 12.235855 6.704124 1.486082
v 14.597521 5.514100 0.717291
v 14.145499 5.834592 1.334543
v 14.357275 5.576750 -0.048276
v 6.805983 1.750904 -19.093887
v 7.745543 1.790067 -19.074221
v 8.538158 1.829789 -18.912560
v 9.144797 2.379090 -18.401936
v 8.425076 2.333907 -18.788216
v 7.661640 2.294335 -18.953272
v 6.291792 2.222325 -19.007576
v 5.164864 2.227266 -19.009468
v 4.116906 2.237231 -18.890846
v 3.197325 2.237053 -18.621895
v 9.594028 2.951888 -17.534098
v 8.955067 2.878637 -18.108543
v 8.242051 2.842023 -18.502766
v 7.536033 2.815482 -18.686012
v 6.856902 2.773172 -18.729853
v 6.085055 2.759552 -18.814636
v 5.158636 2.728574 -18.788986
v 4.162554 2.734315 -18.635851
v 9.871162 3.589151 -16.288939
v 9.322803 3.482832 -17.044172
v 8.690438 3.398522 -17.617607
v 8.009637 3.354823 -18.006294
v 7.759748 3.930248 -17.301819
v 8.395447 3.989360 -16.898165
v 9.014236 4.078240 -16.297642
v 9.581206 4.192365 -15.534485
v 10.047047 4.275417 -14.657413
v 10.386579 4.304107 -13.738631
v 10.831527 4.310564 -12.199099
v 9.217552 4.780746 -14.464655
v 9.669698 4.811611 -13.661268
v 8.789575 5.308785 -13.189731
v 9.232332 5.282293 -12.537978
v 9.759916 5.197223 -11.721683
v 9.546471 5.620639 -9.962903
v 8.658306 5.682983 -11.788222
v 7.701453 5.841784 -12.573844
v 8.827145 5.899704 -10.024494
v 9.662604 5.843083 -8.930799
v 8.758585 6.103279 -9.223262
v 9.076164 6.118193 -8.792630
v 9.655933 6.461419 -7.162058
v 8.132727 6.627058 -8.178142
v 9.236309 6.780694 -6.640701
v 8.913310 7.076759 -5.929345
v 7.002002 7.748696 -5.074077
v 8.408467 7.537256 -4.583104
v 8.981042 7.409260 -4.465240
v 9.384373 7.276651 -4.439043
v 9.296066 7.393075 -3.828690
v 10.535615 6.937769 -2.911658
v 9.581279 7.370790 -2.420316
v 10.855330 6.902467 -2.197026
v 11.446294 6.802459 -1.600059
v 12.395478 6.531589 -1.271672
v 12.825030 6.268195 -1.631684
v 13.135948 6.143215 -1.476283
v 11.930618 6.730297 -1.176120
v 12.833772 6.301150 -0.611892
v 12.210829 6.627676 -0.973718
v 11.646787 6.908447 -0.846672
v 11.209426 7.073147 -0.812308
v 11.158875 7.142481 -0.554686
v 10.686547 7.313791 -0.507816
v 10.064119 7.606027 -0.009053
v 10.943824 7.233835 -0.276374
v 10.476644 7.437041 -0.241768
v 9.636244 7.743752 0.084907
v 9.097833 7.929851 0.365522
v 8.195871 8.209779 0.912199
v 6.956455 8.324924 0.619435
v 6.361248 8.381474 0.832467
v 4.810349 8.382111 0.732884
v 7.630263 8.326996 1.200556
v 7.018725 8.420225 1.439173
v 8.115459 8.245145 1.166518
v 8.713986 8.079727 0.884391
v 8.777779 8.055162 0.648086
v 9.862246 7.683353 0.321226
v 9.489411 7.829086 0.337539
v 11.692017 6.864434 0.208443
v 10.398705 7.468757 0.030560
v 12.291588 6.574989 -0.161979
v -20.190653 0.565300 23.185329
v -20.345568 0.338921 23.200993
v -18.196140 0.611063 22.113705
v -15.312241 1.042492 20.330704
v -16.407515 1.061792 21.138655
v -17.866274 0.998391 22.024055
v -19.788883 0.819706 23.084530
v -21.229176 0.684776 24.186539
v -21.804739 0.674093 25.223524
v -22.030781 0.650529 26.216259
v -21.854065 0.812533 27.008978
v -21.900028 0.852680 26.058348
v -21.595272 0.877834 25.040594
v -20.812538 0.918354 24.030029
v -19.139769 1.110204 22.865812
v -17.377352 1.267298 21.841908
v -16.703453 1.531322 21.668221
v -18.284655 1.404576 22.564924
v -20.089058 1.207497 23.734953
v -21.201475 1.099943 24.787083
v -21.648542 1.065157 25.814123
v -21.687275 1.022321 26.785971
v -20.567728 1.059390 28.098707
v -16.023285 1.465482 28.161901
v 15.719504 0.329753 28.526075
v 16.965958 0.495353 28.257660
v 17.959093 0.583448 27.958639
v 19.512192 0.765678 26.028730
v 19.256678 0.808973 24.955944
v 16.216333 -0.048092 27.924765
v 17.357586 0.141088 27.560112
v 18.086174 0.210157 27.070951
v 18.369675 0.145594 26.317152
v 14.804148 -0.254378 28.265669
v 15.905573 -0.793914 26.932421
v 15.488371 -0.529769 27.622404
v 13.872644 -0.164085 28.729969
v -1.930251 -0.022117 -16.388443
v -0.485686 -0.592627 -16.111345
v -1.012648 -0.129249 -16.198256
v -3.541281 0.225844 -17.192562
v -5.682922 0.203484 -18.194786
v -10.197666 -0.081679 -16.094345
v -9.492500 -0.077112 -17.162590
v -7.947080 -0.135576 -17.957064
v -5.576301 -0.251438 -18.035673
v -2.334489 -0.810591 -16.313244
v -2.526932 -1.287260 -16.223951
v -3.717519 -1.066365 -16.832443
v -5.379057 -0.716374 -17.724159
v -7.675354 -0.544101 -17.730064
v -9.167320 -0.487052 -16.973511
v -9.739011 -0.494211 -15.868110
v -8.993011 -0.598033 -14.474280
v -5.146324 -1.203359 -17.199387
v -7.262436 -0.947874 -17.301111
v -8.645158 -0.856357 -16.649933
v -8.946939 -0.862382 -15.480072
v -8.248000 -1.038859 -14.119746
v -7.456810 -1.172385 -12.856089
v -6.756086 -1.202838 -11.852720
v -7.828630 -1.206213 -15.995596
v -8.021127 -1.265517 -14.833056
v -7.545835 -1.464611 -13.597818
v -7.013827 -1.503882 -12.480593
v -6.464708 -1.578430 -11.637566
v -6.118309 -0.826473 -10.214949
v -6.803945 -1.685044 -13.123713
v -6.426033 -1.772234 -12.219718
v -6.125077 -1.817742 -11.461616
v -5.979104 -1.720398 -10.813793
v -8.731133 5.061542 16.961941
v -8.480739 5.048825 16.016184
v -8.585917 4.887897 15.407830
v -7.971559 5.340753 15.383075
v 10.633488 0.756539 31.408278
v 10.361221 0.764588 31.394064
v 12.182602 -4.060718 13.055539
v 12.486822 -3.831293 13.167711
v 12.246404 -3.962394 12.547760
v 11.861271 -4.166034 12.541995
v 12.491442 -3.797495 12.537770
v 13.255514 -3.089740 12.213905
v 12.346342 -3.744783 11.617561
v 12.798831 -3.299529 10.353310
v 12.045727 -3.938570 11.461067
v 12.523653 -3.553349 11.079067
v 12.941248 -3.317053 11.537534
v 16.606007 2.382252 6.731042
v 16.339703 1.993384 7.621834
v 16.288076 1.815746 7.662475
v 16.234484 1.522274 7.451984
v 15.876620 1.080649 8.646569
v 16.900932 2.302299 5.935014
v 16.644609 1.962114 6.615809
v 16.070036 1.363129 7.960527
v 17.493547 2.706544 4.729071
v 16.954027 1.979564 5.765728
v 16.638676 1.527685 6.034531
v 16.417246 1.531465 6.766096
v 17.259119 1.949618 5.047278
v 16.826183 1.804786 5.908545
v 16.217672 1.108625 7.024702
v 17.517460 1.945591 4.518191
v 18.226227 2.252129 3.364285
v 17.805803 2.066341 4.033249
v 17.069475 1.739603 5.184958
v 18.606974 2.079178 2.640941
v 19.555992 1.825643 1.333332
v 18.961878 1.959651 2.070244
v 18.587641 1.874804 2.646875
v 17.936914 1.865332 3.634678
v 17.645245 1.899736 4.190652
v 16.880638 1.330435 5.067866
v 18.311789 1.760106 2.932163
v 16.691786 0.961604 5.135606
v 20.219259 1.861706 0.239612
v 19.895947 1.824384 0.863088
v 19.344154 1.637731 1.413048
v 18.936279 1.746037 2.043031
v 17.533794 1.297441 3.486301
v 17.295073 1.390545 4.128463
v 20.092592 1.543095 0.051902
v 20.667873 1.620481 -1.473751
v 20.436796 1.580505 -0.703943
v 18.559750 1.418226 2.109991
v 20.718891 1.388669 -2.376206
v 20.527552 1.284102 -1.573352
v 20.209719 1.266804 -0.749040
v 17.849808 1.219866 2.850963
v 17.564003 1.023084 3.031869
v 17.270679 0.820874 3.335988
v 19.618250 1.450209 0.740618
v 20.505905 1.802833 -0.600374
v 19.815882 1.116940 -0.273053
v 17.273024 0.388274 2.632128
v 17.581947 0.653616 2.434421
v 17.842926 0.813465 2.231841
v 18.421364 1.056001 1.731179
v 19.357841 0.917920 0.075460
v 16.689642 0.029746 3.690798
v 16.376965 -0.403514 3.891294
v 16.902515 -0.007660 2.884281
v 18.020254 0.369790 1.074991
v 17.134935 -0.071409 2.031457
v 18.375803 0.205571 0.091178
v 17.316864 -0.149704 1.326376
v 16.578228 -0.396605 3.029550
v 16.767300 -0.427539 2.150288
v 4.604846 -7.213121 5.193053
v 5.527384 -6.800552 3.278297
v 3.827654 -7.378660 4.945500
v 3.177713 -7.466511 4.313248
v 2.163313 -7.607802 4.221813
v 0.572128 -7.706351 4.088583
v 1.275956 -7.658714 3.301448
v 0.575895 -7.673487 2.790775
v -2.271487 -7.523250 4.346715
v -2.759728 -7.431740 4.903018
v -1.933770 -7.575650 3.397793
v -0.848471 -7.649043 2.623903
v -3.720333 -7.293194 3.929435
v -2.697056 -7.475730 3.292432
v -1.851156 -7.570885 2.655962
v -3.119070 -7.395643 2.338412
v -5.813377 -6.590920 5.652571
v -4.751647 -7.072422 3.694901
v -3.780210 -7.290018 3.065231
v -4.261613 -7.176037 2.322726
v -5.796097 -6.662884 4.080664
v -4.754930 -7.072677 2.904821
v -5.491485 -6.794300 3.143853
v -5.087848 -6.956748 2.817214
v -5.962677 -6.549210 3.400616
v -8.070173 -5.411309 5.300296
v -6.866204 -6.014040 3.739175
v -8.031158 -5.453119 4.567258
v -6.501549 -6.133926 2.594689
v -7.062023 -5.846408 2.984184
v -6.452453 -6.027451 1.642393
v -4.882764 -6.760067 0.309606
v -5.348659 -6.448143 -0.055956
v -4.366772 -6.674790 -0.897630
v -2.983868 -6.676709 -2.390945
v -3.842923 -6.523450 -2.067956
v -3.018374 -6.472427 -3.042225
v 7.629468 -6.035583 3.824212
v 8.987405 -5.403688 3.892027
v 9.611798 -5.045277 2.963216
v 10.208533 -4.766076 3.835743
v 10.770820 -4.458166 2.858843
v 11.783631 -3.920550 3.503923
v 10.655723 -4.555161 4.690010
v 11.290756 -4.185104 4.033015
v 10.146007 -4.907827 5.682207
v 9.639064 -5.344608 7.541821
v 11.674128 -3.979953 5.085307
v 11.030164 -4.421387 6.195423
v 11.797163 -3.933102 5.874471
v 10.611451 -4.771981 7.484049
v 10.031293 -5.180843 8.562271
v 10.964954 -4.601863 8.275098
v 10.394096 -4.992544 9.508902
v 11.257572 -4.405892 8.610006
v 11.034899 -4.516917 9.895181
v 10.632924 -4.790355 10.703990
v 10.309466 -4.987312 11.518973
v 9.648265 -5.392782 11.273930
v 11.477753 -4.204340 10.129518
v 11.211436 -4.409047 10.781260
v 10.472824 -4.901016 11.770904
v 10.701649 -4.755904 11.293032
v 9.449157 -5.431939 13.779430
v 11.087922 -4.610184 11.786942
v 10.789707 -4.766361 11.863726
v 9.989223 -5.207471 13.438554
v 10.953613 -4.736272 12.488893
v 10.689240 -4.916362 13.116209
v 11.542929 -4.305184 12.466144
v 10.514261 -5.055414 14.011770
v 10.287764 -5.194524 14.404152
v 12.038956 -4.208439 13.969541
v -1.729807 -6.913403 -2.462854
v -1.531280 -6.479351 -4.204821
v -0.766855 -6.873315 -3.130225
v -1.202993 -6.616902 -3.903120
v -2.302386 8.245014 12.605268
v -0.979383 8.522378 11.598232
v -0.238427 8.712203 11.519964
v 0.262537 8.806895 11.553026
v -1.618163 8.337684 10.843710
v -0.965143 8.563337 10.870749
v -0.253658 8.782583 10.908696
v 0.371269 8.814610 11.161474
v -1.436659 8.398357 10.251429
v -0.943590 8.606167 10.076409
v -0.330653 8.735478 10.404646
v -0.690715 8.636723 9.941615
v -1.439578 8.377586 9.383749
v -0.112336 8.573715 9.333933
v -1.207439 8.443118 9.356332
v -2.321577 7.870990 8.076518
v -2.334661 7.539565 17.687050
v -1.460940 7.358994 18.938951
v 0.185705 7.063933 21.332556
v -3.224424 7.399819 16.881546
v -2.593819 7.146701 19.052895
v -2.042451 7.196191 19.112160
v -0.986794 7.162191 20.210333
v -0.437316 6.999096 21.426987
v -3.006375 7.410535 17.509712
v -3.009403 7.234600 18.323973
v -1.636927 6.977841 20.060446
v 0.420291 6.659092 22.595821
v -4.086575 7.118670 17.155521
v -3.661369 7.180202 17.771830
v -2.229202 6.956258 19.663843
v -1.077895 6.886727 21.345409
v -0.415892 6.761014 22.202522
v -1.124971 6.698720 22.049358
v -0.370024 6.502761 22.826092
v 0.649246 6.245956 23.534534
v -1.815055 6.616345 21.870441
v -1.158209 6.472389 22.715910
v -0.198325 6.008877 23.818773
v 0.852976 5.958418 24.130369
v -1.298991 6.094321 23.476097
v -1.914503 6.411109 22.569738
v -2.458064 6.515925 21.240610
v -2.824046 6.677562 20.254303
v -3.565133 6.586115 20.252316
v -4.015826 6.724642 19.551651
v -4.729838 6.650886 18.965658
v -4.855589 6.692454 18.287701
v -5.632611 6.599951 17.471125
v -6.082666 6.433783 16.239323
v -5.581083 6.413515 18.604910
v -6.249047 6.188145 18.802183
v -6.293437 6.233200 18.156246
v -6.113570 6.383306 17.619133
v -3.234712 7.095392 18.959431
v -2.212843 6.783388 20.262918
v -1.707295 6.767375 21.140045
v -8.909513 -2.354105 -2.284406
v -9.368831 -1.552247 -2.682563
v -10.333395 -0.698638 -2.473458
v 1.862764 8.823240 14.198885
v 2.206739 8.787622 14.188304
v 2.958774 8.465037 14.974061
v 2.833429 8.298170 15.851353
v 2.364768 8.215855 16.540997
v 2.557276 8.107190 17.276049
v 3.411141 8.326106 15.542440
v 2.397126 8.774837 13.759550
v 1.888306 8.824449 13.527998
v 2.912444 8.651687 14.117307
v 3.570085 8.454333 14.688066
v 2.730981 8.701450 12.988287
v 4.404925 8.421747 14.675893
v 3.315390 8.697202 13.695462
v 3.152225 8.717786 13.298732
v 3.880099 8.720448 13.546885
v 2.972731 8.697136 12.251981
v 3.736500 8.770414 13.262295
v 4.399911 8.802909 13.223564
v 2.402732 8.755657 10.588334
v 3.682385 8.784919 12.264874
v 1.990904 8.738460 9.834483
v 3.529810 8.879522 11.369404
v 4.346995 8.850029 12.304854
v 2.555709 8.879448 9.634914
v 2.764272 8.884549 10.193211
v 4.204620 8.939305 11.521520
v 3.293073 9.062927 10.141644
v 2.302195 8.846351 8.790895
v 3.240707 9.123182 9.658688
v 3.792455 9.107804 10.389492
v 2.803328 9.002885 8.721320
v 4.396274 8.984336 10.712146
v 3.799305 9.126060 9.999708
v 3.259647 9.130782 9.424074
v 1.851662 8.551780 6.813971
v 2.880966 8.966408 8.188323
v 3.402592 9.012334 8.257348
v 2.184858 8.633772 6.919014
v 3.557195 -4.031892 -12.621648
v 15.707458 1.502329 15.327209
v 15.811411 1.308200 16.304178
v 1.832124 8.760846 14.632982
v 2.347150 8.357039 15.832374
v 1.656460 8.406705 16.095488
v 2.047457 8.120850 17.267576
v 1.781017 8.003637 18.310057
v 1.491909 8.804425 14.204992
v 1.462819 8.808449 14.645387
v 1.421408 8.720813 15.104904
v 0.989939 8.352804 16.577301
v 0.992852 8.215068 17.159023
v -0.147321 -5.684830 -7.408219
v 0.146973 -5.580528 -7.862029
v 0.807684 -5.498674 -8.268328
v 3.064260 -5.142687 -9.192001
v 0.706530 -6.116171 -6.296996
v -0.101986 -6.421656 -5.053250
v 1.405803 -6.139275 -6.206906
v 5.305909 -4.817476 -8.778446
v 3.751539 -5.630459 -7.066209
v 4.662189 -5.405267 -7.206177
v 2.741541 -6.194922 -5.626536
v 3.609805 -6.097661 -5.504402
v 6.443182 -4.989195 -6.897698
v 9.114789 -3.670816 -7.476408
v 8.200927 -4.495062 -6.097689
v 8.525126 -4.097103 -7.021429
v 9.232792 -3.788951 -6.879478
v 7.967288 -4.728646 -5.565154
v 9.342244 -4.093530 -5.569902
v 11.143991 -3.126885 -5.755236
v 12.915192 -2.322685 -5.583269
v 10.633205 -3.658803 -4.811910
v 11.844017 -3.126941 -4.594153
v 13.539412 -2.487959 -4.172585
v 13.884542 -2.466831 -3.590104
v 12.648982 -3.194466 -2.845035
v 12.339293 -3.203692 -3.440693
v 12.811928 -3.374042 -0.963848
v 12.506914 -3.600583 0.363547
v 11.848891 -3.902425 -0.245927
v 11.813569 -3.856968 -1.062282
v 11.679326 -3.836619 -1.805475
v 12.254150 -3.725147 2.178672
v 12.770166 -3.471311 1.219249
v 13.618532 -2.992755 1.632254
v 13.592937 -2.989440 -0.423928
v 14.318431 -2.581559 0.888824
v 14.805589 -2.223030 -1.830437
v 13.973755 -2.556628 -2.812463
v 14.834476 -2.132288 -2.938579
v 14.731660 -2.072644 -3.773877
v 12.860054 -2.636567 -4.687089
v 13.282350 -2.370723 -4.977782
v 14.732209 -1.956162 -4.502451
v 13.886802 -2.117748 -5.058606
v 14.288962 -2.065176 -4.707004
v 14.229872 -1.884276 -5.492292
v 15.444523 -1.760092 -4.253857
v 13.590587 -2.025098 -5.680667
v 12.110319 -2.708894 -5.547222
v 12.602097 -2.190557 -6.340163
v 11.611343 -2.688677 -6.346544
v 12.077567 -2.238431 -6.882093
v 10.706806 -2.933103 -7.075228
v 12.043918 -2.029166 -7.434335
v 8.407187 -3.831877 -8.114137
v 7.665129 -4.323934 -7.617306
v 6.827363 -4.525539 -8.095527
v 5.822688 -4.918282 -7.882077
v -7.614382 4.913271 -0.224704
v -8.098513 4.206236 -2.099988
v -7.240020 5.140014 0.227130
v -7.929264 3.979523 -3.087134
v -7.678033 4.396218 -2.336766
v -7.069783 5.165815 -0.453747
v -7.638629 4.700919 -1.308891
v -7.399801 4.921901 -0.951567
v -7.304385 4.361887 -3.360338
v -6.904734 5.149979 -1.036919
v -7.628675 3.954334 -3.737712
v -6.919119 4.619878 -3.343107
v -7.185957 4.308321 -3.709357
v -7.230157 3.695327 -4.709857
v -6.891963 4.080137 -4.576615
v -6.677227 4.518978 -4.000490
v -6.636312 4.776828 -3.370239
v -6.295453 4.945570 -3.428188
v -6.355728 4.445559 -4.709455
v -6.132165 4.286892 -5.527864
v -5.238938 4.608519 -6.864335
v -5.916918 5.079298 -3.682368
v -6.025100 4.627744 -4.948038
v -5.396686 4.760847 -6.096191
v -5.184814 5.139751 -5.479643
v -5.680048 4.959228 -4.787416
v -4.942848 5.365788 -5.276990
v -0.154331 8.345753 5.742406
v -1.306849 7.933135 4.293715
v -0.071555 8.312884 5.168280
v 11.825890 6.852068 13.836905
v 13.952519 0.170109 -8.761420
v 12.605321 -0.161631 -9.876182
v 12.169562 -0.237573 -10.500840
v 11.615897 -0.582432 -11.254184
v 13.257421 6.377169 7.426887
v 13.287924 6.219779 5.412094
v 13.489461 6.221912 6.860601
v 13.294479 6.224779 6.117249
v 13.559907 6.086996 5.486255
v 14.022740 5.909261 4.973752
v 13.763875 6.066525 6.284171
v 13.632095 6.152927 7.081406
v 14.069018 5.915921 5.658501
v 13.768894 6.087518 6.641028
v 13.980196 5.978724 6.253209
v 14.243649 5.734677 6.936739
v 14.379330 5.606981 7.727293
v 12.749707 6.390371 14.249961
v 12.450556 6.478058 14.572943
v 12.787745 6.271755 15.050710
v 13.157590 6.113183 14.645283
v 12.284773 6.480543 15.258001
v 13.076181 6.057255 15.994232
v 12.353317 6.426585 15.892818
v 12.977730 6.143362 15.429789
v 13.577029 5.754897 15.781079
v 14.301723 5.251786 15.576217
v 12.678213 6.272015 16.114592
v 13.373569 5.776297 16.449255
v 14.733223 4.891870 15.946877
v 12.966887 5.968058 16.808792
v 14.026945 5.364666 16.246450
v 14.116934 5.274683 16.701406
v 15.006705 4.678011 16.157520
v 14.427814 5.038018 17.645855
v 14.739997 4.879201 17.110313
v 15.262789 4.498366 16.891251
v 15.735205 4.070188 17.473249
v 15.736861 3.997084 16.709839
v 14.136230 5.177779 -3.377176
v 15.730126 4.660819 -3.064624
v 15.157301 4.845572 -3.171778
v 17.727365 3.564470 -4.055753
v 16.503073 4.216502 -3.583917
v 18.358595 3.175120 -4.585326
v 15.421783 4.335826 -4.260839
v 17.904514 3.374745 -4.585678
v 14.013415 4.771099 -4.828675
v 15.233523 4.152214 -4.947828
v 16.244101 3.611456 -5.344070
v -6.665420 6.034873 12.688358
v 13.138115 -0.793021 -8.546694
v 14.058754 -0.352884 -8.413748
v 14.671505 -0.100970 -8.368405
v 15.135074 0.043153 -8.361707
v 15.354986 0.463638 -8.441340
v 16.394079 0.500648 -8.495351
v 13.905750 -0.621311 -8.259879
v 15.071307 -0.239408 -8.242160
v 15.915468 0.089651 -8.362430
v 14.439270 -0.549095 -8.135112
v 14.918708 -0.484537 -8.098610
v 16.597771 0.055972 -8.386048
v 17.612913 0.046700 -8.494992
v 18.185873 0.209908 -8.587223
v 15.892341 -0.291285 -8.181265
v 18.496675 -0.169740 -8.371957
v 20.478815 1.972804 -0.542620
v 19.811853 2.100412 0.890170
v 18.906467 2.294178 2.071213
v 19.145506 2.378506 1.673253
v 18.590382 2.414232 2.635722
v 11.939749 -4.052332 12.050137
v 13.093077 -3.273929 2.248467
v 12.446585 -3.534754 4.302957
v 12.524921 -3.472925 5.003773
v 12.230227 -3.680150 6.442727
v 13.509462 -2.846519 5.965698
v 11.684999 -4.080071 7.401712
v 12.588371 -3.432828 6.731226
v 12.140677 -3.737548 7.085850
v 11.622215 -4.118476 8.141209
v 12.297186 -3.521969 7.887949
v 12.530662 -3.361764 7.577634
v 11.769393 -3.973143 8.943405
v 11.886447 -3.889887 9.199101
v 13.094625 -3.101118 8.060553
v 12.683273 -3.374404 8.648764
v 11.910409 -3.950848 10.036056
v 11.825330 -4.024911 10.605710
v 11.461351 -4.293569 11.026341
v 15.285550 -1.896713 -3.335976
v 15.436603 -1.878381 -2.257964
v 14.357284 -2.420091 -2.378200
v 13.678229 -2.877030 -1.429605
vn -0.9824 0.0165 0.1863
vn -0.9942 -0.0254 0.1048
vn -0.9897 -0.0657 0.1276
vn -0.9853 0.0051 0.1710
vn -0.9822 0.1519 0.1100
vn -0.9824 0.0585 0.1775
vn -0.9371 0.2892 0.1955
vn -0.9001 0.4244 0.0987
vn -0.9063 0.4027 0.1280
vn -0.9946 -0.0926 0.0464
vn -0.9020 0.4311 0.0243
vn -0.9938 0.1079 0.0270
vn -0.8819 0.4708 0.0243
vn -0.9429 0.3149 0.1084
vn -0.9870 -0.1504 0.0559
vn -0.8690 0.4904 -0.0659
vn -0.9466 0.3216 -0.0212
vn -0.9997 -0.0224 -0.0005
vn -0.9710 0.2246 -0.0819
vn -0.9968 -0.0798 -0.0103
vn -0.9201 0.3912 -0.0176
vn -0.9043 0.4141 -0.1034
vn -0.9097 0.4063 -0.0852
vn -0.9052 0.4233 -0.0387
vn -0.8577 0.4947 -0.1397
vn -0.8674 0.4711 -0.1602
vn -0.8450 0.5248 -0.1029
vn -0.9000 0.4017 -0.1693
vn -0.8954 0.4014 -0.1929
vn -0.8907 0.4251 -0.1611
vn -0.9880 -0.1240 -0.0919
vn -0.9707 0.1531 -0.1852
vn -0.8955 0.3452 -0.2811
vn -0.8650 0.4405 -0.2404
vn -0.8789 0.4030 -0.2552
vn -0.8865 0.3847 -0.2572
vn -0.8808 0.3617 -0.3056
vn -0.8102 0.5196 -0.2713
vn -0.8411 0.4907 -0.2275
vn -0.8346 0.4560 -0.3091
vn -0.8610 0.4048 -0.3080
vn -0.9252 0.2689 -0.2677
vn -0.8692 0.3819 -0.3141
vn -0.8703 0.3502 -0.3463
vn -0.7752 0.5600 -0.2923
vn -0.8581 0.3776 -0.3481
vn -0.8601 0.3441 -0.3767
vn -0.8196 0.4795 -0.3135
vn -0.8232 0.4483 -0.3484
vn -0.8723 0.3135 -0.3753
vn -0.8440 0.3624 -0.3954
vn -0.8112 0.5049 -0.2950
vn -0.7793 0.5518 -0.2969
vn -0.7340 0.6010 -0.3162
vn -0.7814 0.5004 -0.3729
vn -0.7422 0.6237 -0.2455
vn -0.7498 0.6066 -0.2644
vn -0.7864 0.5536 -0.2740
vn -0.7681 0.5920 -0.2443
vn -0.7154 0.6526 -0.2497
vn -0.6831 0.6766 -0.2749
vn -0.7098 0.6719 -0.2115
vn -0.6766 0.7142 -0.1790
vn -0.6875 0.6982 -0.1996
vn -0.7264 0.6556 -0.2063
vn -0.6811 0.7148 -0.1587
vn -0.6408 0.7543 -0.1427
vn -0.6770 0.7062 -0.2070
vn -0.6303 0.7444 -0.2204
vn -0.6405 0.7525 -0.1532
vn -0.6359 0.7649 -0.1023
vn -0.5500 0.8344 -0.0357
vn -0.5097 0.8575 -0.0702
vn -0.4769 0.8780 -0.0413
vn -0.6051 0.7921 -0.0799
vn -0.5765 0.8134 -0.0775
vn -0.6079 0.7832 -0.1309
vn -0.7238 0.6484 -0.2358
vn -0.6544 0.7361 -0.1730
vn -0.7512 0.6255 -0.2110
vn -0.6941 0.6993 -0.1707
vn -0.7841 0.5713 -0.2426
vn -0.7453 0.6454 -0.1674
vn -0.6664 0.7296 -0.1536
vn -0.7864 0.5952 -0.1654
vn -0.8217 0.5389 -0.1853
vn -0.7884 0.6064 -0.1033
vn -0.7243 0.6772 -0.1296
vn -0.7808 0.6224 -0.0543
vn -0.6904 0.7145 -0.1136
vn -0.8216 0.5689 -0.0358
vn -0.8625 0.5058 -0.0148
vn -0.8942 0.4455 0.0436
vn -0.9411 0.3357 0.0402
vn -0.8622 0.5027 0.0617
vn -0.9045 0.4081 0.1240
vn -0.9459 0.2920 0.1414
vn -0.7524 0.6586 0.0136
vn -0.7895 0.6137 0.0061
vn -0.7477 0.6627 -0.0418
vn -0.8507 0.5064 0.1410
vn -0.8267 0.5603 0.0510
vn -0.6884 0.7218 -0.0710
vn -0.6912 0.7214 -0.0422
vn -0.6357 0.7691 -0.0668
vn -0.6341 0.7713 -0.0557
vn -0.5487 0.8327 -0.0744
vn -0.5180 0.8478 -0.1133
vn -0.4694 0.8771 -0.1015
vn -0.6387 0.7614 -0.1113
vn -0.5892 0.8010 -0.1063
vn -0.6228 0.7691 -0.1434
vn -0.5843 0.8021 -0.1233
vn -0.5360 0.8370 -0.1098
vn -0.5815 0.8045 -0.1208
vn -0.4651 0.8751 -0.1335
vn -0.5017 0.8602 -0.0913
vn -0.4545 0.8859 -0.0931
vn -0.4649 0.8851 -0.0225
vn -0.4248 0.9053 -0.0099
vn -0.3825 0.9157 -0.1232
vn -0.3265 0.9430 -0.0641
vn -0.3276 0.9386 -0.1079
vn -0.3923 0.9168 -0.0750
vn -0.3762 0.9180 -0.1254
vn -0.3662 0.9272 -0.0782
vn -0.2914 0.9545 -0.0628
vn -0.3918 0.9092 -0.1410
vn -0.4385 0.8877 -0.1404
vn -0.4212 0.9032 -0.0825
vn -0.4283 0.9018 -0.0570
vn -0.3851 0.9213 -0.0541
vn -0.4156 0.9088 -0.0383
vn -0.4706 0.8808 -0.0528
vn -0.4424 0.8968 -0.0046
vn -0.5462 0.8339 -0.0794
vn -0.4866 0.8733 -0.0221
vn -0.5799 0.8115 -0.0715
vn -0.5125 0.8553 -0.0761
vn -0.5146 0.8537 -0.0793
vn -0.6263 0.7777 -0.0544
vn -0.5464 0.8319 -0.0969
vn -0.6959 0.7176 0.0278
vn -0.7454 0.6461 0.1640
vn -0.7555 0.6496 0.0846
vn -0.5325 0.8444 -0.0590
vn -0.6323 0.7737 0.0394
vn -0.6941 0.7078 0.1314
vn -0.5768 0.8167 -0.0174
vn -0.5425 0.8401 -0.0020
vn -0.5036 0.8634 -0.0301
vn -0.5395 0.8420 0.0050
vn -0.4543 0.8824 -0.1225
vn -0.5168 0.8560 0.0120
vn -0.5045 0.8632 -0.0167
vn -0.4072 0.9121 -0.0475
vn -0.4051 0.9111 -0.0764
vn -0.3580 0.9176 -0.1727
vn -0.5181 0.8548 0.0300
vn -0.4865 0.8736 -0.0148
vn -0.3657 0.9301 -0.0352
vn -0.3433 0.9350 -0.0886
vn -0.3299 0.9291 -0.1672
vn -0.3174 0.9284 -0.1931
vn -0.4798 0.8772 0.0193
vn -0.4587 0.8886 0.0073
vn -0.4547 0.8903 -0.0243
vn -0.4622 0.8857 0.0445
vn -0.4491 0.8908 0.0697
vn -0.4985 0.8666 -0.0228
vn -0.4576 0.8875 0.0538
vn -0.4424 0.8968 0.0045
vn -0.4077 0.9129 -0.0187
vn -0.5218 0.8527 0.0228
vn -0.4234 0.9053 0.0340
vn -0.5531 0.8328 -0.0240
vn -0.3956 0.9184 0.0090
vn -0.4461 0.8915 0.0785
vn -0.4577 0.8850 0.0852
vn -0.3905 0.9197 -0.0408
vn -0.4814 0.8763 -0.0172
vn -0.5610 0.8278 -0.0078
vn -0.4640 0.8858 -0.0052
vn -0.4355 0.8987 0.0513
vn -0.3922 0.9122 -0.1185
vn -0.4523 0.8897 -0.0627
vn -0.4001 0.9156 -0.0395
vn -0.4979 0.8626 -0.0898
vn -0.5005 0.8613 -0.0874
vn -0.4354 0.8855 -0.1621
vn -0.3636 0.9175 -0.1610
vn -0.5423 0.8245 -0.1618
vn -0.4027 0.9037 -0.1453
vn -0.3890 0.9044 -0.1755
vn -0.4453 0.8720 -0.2033
vn -0.4035 0.9038 -0.1427
vn -0.4777 0.8454 -0.2389
vn -0.4786 0.8658 -0.1458
vn -0.3826 0.9210 -0.0739
vn -0.3599 0.9287 -0.0890
vn -0.2972 0.9477 -0.1163
vn -0.4045 0.9104 -0.0865
vn -0.3753 0.9164 -0.1393
vn -0.5315 0.8357 -0.1382
vn -0.2879 0.9563 -0.0507
vn -0.3753 0.9222 -0.0929
vn -0.5518 0.8162 -0.1711
vn -0.4649 0.8737 -0.1429
vn -0.4677 0.8622 -0.1944
vn -0.3302 0.9425 -0.0514
vn -0.4632 0.8731 -0.1518
vn -0.5503 0.8171 -0.1718
vn -0.4877 0.8672 -0.1009
vn -0.5352 0.8284 -0.1652
vn -0.4779 0.8730 -0.0974
vn -0.4381 0.8908 -0.1205
vn -0.3626 0.9308 -0.0469
vn -0.4001 0.9161 0.0277
vn -0.3568 0.9339 -0.0219
vn -0.4897 0.8491 -0.1981
vn -0.4017 0.9135 -0.0643
vn -0.4489 0.8735 -0.1885
vn -0.4655 0.8752 -0.1318
vn -0.4629 0.8802 -0.1046
vn -0.4282 0.8809 -0.2018
vn -0.5394 0.8270 -0.1587
vn -0.4822 0.8628 -0.1517
vn -0.5119 0.8317 -0.2150
vn -0.5798 0.7836 -0.2232
vn -0.3961 0.9167 0.0525
vn -0.4148 0.9074 -0.0672
vn -0.3987 0.8998 -0.1771
vn -0.4459 0.8863 -0.1253
vn -0.4801 0.8708 -0.1060
vn -0.4502 0.8928 -0.0148
vn -0.4814 0.8763 -0.0171
vn -0.4848 0.8742 -0.0267
vn -0.4296 0.8855 -0.1771
vn -0.4033 0.8805 -0.2490
vn -0.4011 0.9036 -0.1502
vn -0.4313 0.8993 -0.0720
vn -0.4074 0.9111 -0.0624
vn -0.3237 0.9447 -0.0522
vn -0.4578 0.8683 -0.1910
vn -0.3968 0.9047 -0.1549
vn -0.4230 0.9038 -0.0648
vn -0.4832 0.8521 -0.2011
vn -0.2704 0.9622 -0.0334
vn -0.2622 0.9639 -0.0457
vn -0.2265 0.9737 -0.0232
vn -0.3375 0.9355 -0.1047
vn -0.3898 0.9107 -0.1369
vn -0.2155 0.9757 0.0399
vn -0.2202 0.9712 -0.0909
vn -0.2909 0.9441 -0.1550
vn -0.3684 0.9254 -0.0892
vn -0.4757 0.8684 -0.1403
vn -0.1864 0.9825 0.0011
vn -0.1468 0.9862 -0.0763
vn -0.2067 0.9682 -0.1412
vn -0.1311 0.9796 -0.1522
vn -0.1591 0.9827 -0.0951
vn -0.1182 0.9778 -0.1730
vn -0.3020 0.9500 -0.0787
vn -0.1284 0.9844 -0.1199
vn -0.1375 0.9882 -0.0679
vn -0.0091 0.9980 -0.0623
vn -0.2173 0.9745 -0.0557
vn -0.1553 0.9854 -0.0699
vn -0.2927 0.9562 -0.0042
vn -0.1588 0.9873 -0.0016
vn -0.1206 0.9909 -0.0592
vn -0.4129 0.9080 -0.0717
vn -0.2755 0.9612 0.0118
vn -0.5081 0.8468 -0.1573
vn -0.3879 0.9198 -0.0590
vn -0.4849 0.8652 -0.1276
vn -0.4531 0.8836 -0.1178
vn -0.3252 0.9449 -0.0364
vn -0.3906 0.9185 -0.0613
vn -0.4653 0.8819 -0.0754
vn -0.4724 0.8693 -0.1453
vn -0.4081 0.9129 -0.0081
vn -0.4344 0.8989 -0.0567
vn -0.4649 0.8843 -0.0427
vn -0.4893 0.8508 -0.1917
vn -0.5729 0.8067 -0.1450
vn -0.5738 0.8095 -0.1244
vn -0.4351 0.8959 -0.0894
vn -0.4827 0.8579 -0.1763
vn -0.3878 0.9080 -0.1583
vn -0.3999 0.9076 -0.1277
vn -0.5259 0.8153 -0.2423
vn -0.6171 0.7555 -0.2199
vn -0.5055 0.8353 -0.2160
vn -0.4097 0.8897 -0.2015
vn -0.6056 0.7620 -0.2295
vn -0.4538 0.8528 -0.2585
vn -0.4353 0.8653 -0.2485
vn -0.4192 0.8772 -0.2341
vn -0.5479 0.7888 -0.2786
vn -0.5702 0.7717 -0.2818
vn -0.5100 0.8136 -0.2793
vn -0.6164 0.7257 -0.3057
vn -0.6338 0.7276 -0.2625
vn -0.6137 0.7150 -0.3349
vn -0.6187 0.7372 -0.2716
vn -0.5095 0.7980 -0.3220
vn -0.4647 0.8134 -0.3500
vn -0.4484 0.8451 -0.2912
vn -0.7103 0.6251 -0.3236
vn -0.6832 0.6555 -0.3218
vn -0.6517 0.6894 -0.3164
vn -0.6616 0.7079 -0.2474
vn -0.6245 0.7442 -0.2369
vn -0.4996 0.8171 -0.2877
vn -0.6556 0.7376 -0.1615
vn -0.6767 0.7044 -0.2140
vn -0.7235 0.6215 -0.3006
vn -0.7618 0.5481 -0.3453
vn -0.7332 0.5801 -0.3549
vn -0.6874 0.6164 -0.3841
vn -0.6347 0.6867 -0.3543
vn -0.7030 0.6269 -0.3359
vn -0.7871 0.5474 -0.2843
vn -0.7261 0.6725 -0.1431
vn -0.6556 0.7532 -0.0529
vn -0.6091 0.7881 -0.0884
vn -0.5882 0.8071 0.0515
vn -0.4811 0.8716 -0.0939
vn -0.4799 0.8744 0.0710
vn -0.3480 0.9316 -0.1050
vn -0.3347 0.9418 0.0320
vn -0.7294 0.5515 -0.4048
vn -0.6862 0.5962 -0.4167
vn -0.7903 0.4671 -0.3965
vn -0.8342 0.4867 -0.2595
vn -0.8329 0.5403 -0.1197
vn -0.7595 0.6500 -0.0270
vn -0.8340 0.4298 -0.3459
vn -0.8364 0.5480 0.0129
vn -0.7762 0.6066 0.1718
vn -0.8254 0.3813 -0.4163
vn -0.8017 0.3545 -0.4812
vn -0.7028 0.5371 -0.4666
vn -0.8721 0.1936 -0.4494
vn -0.8313 0.1821 -0.5251
vn -0.8872 0.0763 -0.4550
vn -0.6212 0.6258 -0.4717
vn -0.6193 0.6644 -0.4183
vn -0.8502 -0.0028 -0.5264
vn -0.8926 -0.0158 -0.4505
vn -0.7560 0.3481 -0.5543
vn -0.6791 0.4900 -0.5466
vn -0.5598 0.6813 -0.4716
vn -0.5812 0.7270 -0.3657
vn -0.7867 0.0428 -0.6159
vn -0.7285 0.2492 -0.6381
vn -0.5759 0.6241 -0.5281
vn -0.5371 0.7262 -0.4292
vn -0.6288 0.4513 -0.6332
vn -0.5554 0.5836 -0.5924
vn -0.8285 -0.0518 -0.5576
vn -0.7250 -0.0352 -0.6879
vn -0.6783 0.1547 -0.7183
vn -0.5097 0.6764 -0.5317
vn -0.6270 0.3269 -0.7071
vn -0.4935 0.7841 -0.3764
vn -0.5544 0.7571 -0.3456
vn -0.5083 0.8006 -0.3173
vn -0.5051 0.7116 -0.4884
vn -0.4721 0.8323 -0.2906
vn -0.4903 0.8303 -0.2651
vn -0.4821 0.8485 -0.2184
vn -0.4801 0.8733 -0.0823
vn -0.5010 0.8647 -0.0373
vn -0.5004 0.8553 -0.1344
vn -0.4677 0.8817 0.0630
vn -0.5175 0.8394 -0.1660
vn -0.5211 0.8510 -0.0654
vn -0.4898 0.8715 0.0240
vn -0.4488 0.8906 0.0737
vn -0.5410 0.8362 -0.0902
vn -0.5290 0.8486 -0.0001
vn -0.4855 0.8722 0.0597
vn -0.4618 0.8847 0.0637
vn -0.4653 0.8850 0.0173
vn -0.5192 0.8546 0.0084
vn -0.5716 0.8190 0.0498
vn -0.5368 0.8399 0.0807
vn -0.4746 0.8800 0.0193
vn -0.5168 0.8507 0.0961
vn -0.5317 0.8452 0.0552
vn -0.5604 0.8279 0.0239
vn -0.5841 0.7985 0.1458
vn -0.5780 0.8067 0.1229
vn -0.6078 0.7883 0.0956
vn -0.6327 0.7480 0.2005
vn -0.6426 0.7402 0.1976
vn -0.6059 0.7862 0.1218
vn -0.6670 0.7330 0.1337
vn -0.6631 0.7261 0.1816
vn -0.7084 0.6650 0.2364
vn -0.6789 0.6860 0.2617
vn -0.7417 0.6434 0.1893
vn -0.6785 0.6907 0.2501
vn -0.7033 0.6786 0.2116
vn -0.7878 0.5669 0.2409
vn -0.8168 0.5540 0.1607
vn -0.8802 0.4460 0.1624
vn -0.7127 0.6397 0.2877
vn -0.7197 0.6227 0.3070
vn -0.8447 0.4788 0.2393
vn -0.7404 0.6241 0.2496
vn -0.7946 0.5197 0.3139
vn -0.9001 0.3661 0.2361
vn -0.7553 0.5542 0.3497
vn -0.8704 0.3815 0.3112
vn -0.7469 0.5732 0.3370
vn -0.8181 0.4326 0.3789
vn -0.7735 0.5529 0.3099
vn -0.8706 0.2779 0.4060
vn -0.7878 0.4933 0.3687
vn -0.8827 0.1998 0.4255
vn -0.8619 0.3563 0.3608
vn -0.9053 0.2433 0.3482
vn -0.9121 0.1148 0.3935
vn -0.8274 0.4739 0.3013
vn -0.7867 0.5729 0.2301
vn -0.9183 0.1580 0.3631
vn -0.9313 0.1788 0.3173
vn -0.9368 0.1639 0.3090
vn -0.9085 0.3385 0.2449
vn -0.8726 0.4298 0.2323
vn -0.9226 0.2875 0.2571
vn -0.9257 0.2940 0.2381
vn -0.9688 0.0634 0.2397
vn -0.9754 -0.0174 0.2196
vn -0.8047 0.5645 0.1835
vn -0.8036 0.5871 0.0977
vn 0.1780 -0.2763 0.9444
vn 0.1861 -0.4663 0.8648
vn 0.1886 -0.3117 0.9313
vn -0.0818 -0.2308 0.9696
vn -0.0246 -0.3975 0.9173
vn -0.2136 -0.2512 0.9441
vn 0.0458 -0.3357 0.9409
vn 0.1109 -0.2550 0.9606
vn 0.1181 -0.4104 0.9042
vn 0.1489 -0.4776 0.8659
vn -0.2595 -0.3341 0.9061
vn -0.1064 -0.5223 0.8461
vn -0.0980 -0.3109 0.9454
vn 0.0385 -0.3510 0.9356
vn 0.2220 -0.2027 0.9537
vn 0.0306 -0.1244 0.9918
vn -0.1206 -0.0348 0.9921
vn -0.2955 -0.1127 0.9487
vn -0.3462 0.0129 0.9381
vn -0.4776 -0.0768 0.8752
vn 0.1056 -0.0879 0.9905
vn 0.1841 -0.0661 0.9807
vn 0.2643 -0.0070 0.9644
vn 0.1988 -0.0086 0.9800
vn 0.0470 -0.0237 0.9986
vn -0.1146 0.0575 0.9917
vn -0.2651 -0.0012 0.9642
vn -0.3749 0.0149 0.9269
vn -0.3819 -0.3673 0.8481
vn -0.4039 -0.0679 0.9123
vn -0.3931 -0.3950 0.8303
vn -0.1811 0.2132 0.9601
vn -0.3961 0.2122 0.8934
vn -0.4221 0.3910 0.8179
vn 0.1706 0.1236 0.9776
vn 0.1087 0.1456 0.9833
vn 0.2358 0.1221 0.9641
vn 0.1854 0.2043 0.9612
vn 0.0350 0.2548 0.9664
vn 0.0106 0.1473 0.9890
vn -0.1075 0.4212 0.9006
vn 0.0300 0.4609 0.8870
vn -0.4709 0.1680 0.8660
vn -0.4251 -0.0901 0.9006
vn -0.3086 0.0428 0.9502
vn -0.5495 -0.0138 0.8353
vn -0.5927 0.1824 0.7845
vn -0.6405 0.0637 0.7653
vn -0.6256 0.3454 0.6995
vn -0.6100 0.3314 0.7197
vn -0.5703 0.1231 0.8122
vn -0.5916 -0.1317 0.7954
vn -0.5852 -0.1707 0.7927
vn -0.5021 -0.1962 0.8423
vn -0.3313 -0.3800 0.8636
vn -0.2686 -0.2484 0.9307
vn -0.1445 -0.4824 0.8640
vn -0.1321 -0.2276 0.9648
vn -0.0237 -0.5268 0.8497
vn -0.4117 -0.3990 0.8194
vn -0.5294 -0.3497 0.7730
vn -0.5196 -0.3310 0.7877
vn -0.4915 -0.2658 0.8293
vn -0.3684 -0.2385 0.8986
vn -0.4180 -0.5023 0.7569
vn -0.2055 -0.6280 0.7506
vn -0.3925 -0.4321 0.8119
vn -0.2646 -0.3566 0.8960
vn -0.1336 -0.3787 0.9158
vn 0.0705 -0.4812 0.8738
vn 0.1388 -0.5593 0.8172
vn 0.0194 -0.5483 0.8361
vn -0.0692 -0.4903 0.8688
vn -0.1658 -0.4773 0.8629
vn -0.2690 -0.4734 0.8387
vn -0.4434 -0.4995 0.7443
vn 0.1182 -0.6180 0.7772
vn 0.0664 -0.6626 0.7460
vn 0.0901 -0.5925 0.8005
vn 0.0285 -0.5730 0.8191
vn -0.3314 -0.5389 0.7744
vn -0.2758 -0.5549 0.7849
vn 0.1238 -0.6246 0.7711
vn 0.1353 -0.6389 0.7573
vn 0.0917 -0.7126 0.6956
vn 0.0670 -0.7206 0.6901
vn 0.0469 -0.7136 0.6990
vn 0.0467 -0.7020 0.7106
vn 0.0357 -0.6793 0.7330
vn 0.0572 -0.7065 0.7054
vn 0.0445 -0.7737 0.6320
vn 0.0607 -0.7769 0.6267
vn -0.1362 -0.6158 0.7761
vn 0.0891 -0.7311 0.6764
vn 0.0129 -0.6747 0.7379
vn -0.1446 -0.6606 0.7367
vn -0.2715 -0.5940 0.7573
vn -0.2920 -0.5310 0.7954
vn -0.2488 -0.4862 0.8377
vn -0.2836 -0.5754 0.7671
vn -0.2627 -0.6416 0.7207
vn -0.2456 -0.6872 0.6837
vn -0.1989 -0.6200 0.7590
vn -0.1850 -0.6672 0.7216
vn -0.1410 -0.6313 0.7626
vn -0.1378 -0.6695 0.7299
vn -0.1072 -0.6897 0.7161
vn -0.0815 -0.7739 0.6281
vn -0.1432 -0.7626 0.6308
vn 0.0560 -0.8159 0.5755
vn 0.0220 -0.8531 0.5213
vn 0.0245 -0.7914 0.6108
vn 0.0058 -0.7621 0.6474
vn -0.1185 -0.7548 0.6451
vn -0.2390 -0.7607 0.6035
vn -0.2487 -0.7579 0.6031
vn -0.0045 -0.8221 0.5693
vn 0.0080 -0.7457 0.6662
vn 0.0049 -0.8503 0.5263
vn -0.0881 -0.8458 0.5262
vn -0.1503 -0.7909 0.5932
vn -0.0967 -0.6961 0.7114
vn -0.1517 -0.5966 0.7881
vn -0.0372 -0.8536 0.5196
vn -0.0498 -0.7699 0.6362
vn -0.1060 -0.6975 0.7088
vn -0.1484 -0.7455 0.6498
vn -0.1694 -0.6694 0.7233
vn -0.1665 -0.8387 0.5185
vn -0.2021 -0.7820 0.5896
vn -0.2105 -0.8552 0.4735
vn -0.2397 -0.8156 0.5266
vn -0.2623 -0.8238 0.5025
vn -0.2802 -0.8506 0.4449
vn -0.2775 -0.8338 0.4771
vn -0.0186 -0.8962 0.4433
vn -0.0479 -0.9401 0.3375
vn -0.0282 -0.9291 0.3688
vn -0.0067 -0.8441 0.5361
vn -0.0038 -0.7703 0.6377
vn 0.0352 -0.7420 0.6695
vn -0.0671 -0.7974 0.5997
vn -0.1005 -0.8455 0.5245
vn -0.0489 -0.9263 0.3736
vn -0.0636 -0.9046 0.4215
vn -0.0247 -0.9340 0.3565
vn -0.0019 -0.8604 0.5096
vn -0.0703 -0.8919 0.4468
vn -0.0809 -0.9090 0.4090
vn -0.0805 -0.9316 0.3546
vn -0.0300 -0.9060 0.4222
vn -0.0220 -0.9415 0.3363
vn -0.0068 -0.9308 0.3655
vn -0.0163 -0.9269 0.3751
vn 0.0316 -0.9118 0.4095
vn -0.0306 -0.9055 0.4231
vn -0.1027 -0.8631 0.4945
vn -0.1440 -0.8828 0.4471
vn -0.0986 -0.9344 0.3424
vn 0.0397 -0.9375 0.3458
vn -0.0031 -0.9588 0.2839
vn -0.0741 -0.9765 0.2021
vn -0.1964 -0.9572 0.2127
vn -0.1535 -0.9809 0.1192
vn -0.2902 -0.9518 0.0998
vn -0.2352 -0.9717 0.0202
vn -0.0473 -0.9377 0.3441
vn -0.1183 -0.9595 0.2556
vn -0.0595 -0.9268 0.3708
vn 0.0224 -0.9386 0.3442
vn 0.0247 -0.9641 0.2644
vn 0.0270 -0.9765 0.2139
vn -0.0037 -0.9895 0.1445
vn -0.0692 -0.9942 0.0829
vn -0.0747 -0.9607 0.2674
vn -0.0367 -0.9942 0.1008
vn -0.0042 -0.9985 0.0537
vn -0.0119 -0.9988 0.0472
vn -0.1412 -0.9720 0.1878
vn -0.0648 -0.9743 0.2158
vn -0.0465 -0.9863 0.1584
vn -0.0218 -0.9993 0.0293
vn -0.0548 -0.9979 -0.0334
vn -0.1162 -0.9826 0.1449
vn -0.0453 -0.9987 -0.0235
vn -0.0455 -0.9961 -0.0763
vn -0.0687 -0.9899 -0.1243
vn -0.1832 -0.9742 0.1319
vn -0.1461 -0.9714 0.1873
vn -0.1622 -0.9770 0.1382
vn -0.1328 -0.9869 0.0918
vn -0.0969 -0.9945 0.0397
vn -0.2035 -0.9748 0.0914
vn -0.1815 -0.9824 0.0438
vn -0.1273 -0.9919 0.0041
vn -0.1908 -0.9816 -0.0004
vn -0.1176 -0.9916 -0.0540
vn -0.1650 -0.9843 -0.0624
vn -0.2230 -0.9735 0.0509
vn -0.1962 -0.9795 -0.0457
vn -0.1531 -0.9805 -0.1234
vn -0.2226 -0.9730 -0.0607
vn -0.2317 -0.9728 -0.0003
vn -0.2501 -0.9660 0.0653
vn -0.2159 -0.9705 0.1071
vn -0.2602 -0.9654 0.0176
vn -0.2777 -0.9588 0.0598
vn -0.2441 -0.9638 0.1069
vn -0.2732 -0.9557 0.1096
vn -0.2987 -0.9503 0.0880
vn -0.1575 -0.9803 0.1191
vn -0.1419 -0.9825 0.1209
vn -0.1090 -0.9862 0.1248
vn -0.1857 -0.9759 0.1147
vn -0.2753 -0.9543 0.1159
vn -0.1793 -0.9760 0.1240
vn -0.3009 -0.9469 0.1137
vn -0.3391 -0.9363 0.0918
vn -0.3888 -0.9205 0.0382
vn -0.3661 -0.9245 0.1057
vn -0.4283 -0.9001 0.0796
vn -0.2030 -0.9709 0.1267
vn -0.2951 -0.9466 0.1299
vn -0.2310 -0.9649 0.1251
vn -0.3912 -0.9122 0.1218
vn -0.3382 -0.9316 0.1332
vn -0.2610 -0.9563 0.1316
vn -0.1500 -0.9806 0.1259
vn -0.3027 -0.9427 0.1401
vn -0.3315 -0.9311 0.1525
vn -0.2595 -0.9544 0.1474
vn -0.4290 -0.8932 0.1348
vn -0.3319 -0.9281 0.1687
vn -0.4424 -0.8834 0.1544
vn -0.2366 -0.9604 0.1472
vn -0.2143 -0.9671 0.1373
vn -0.1844 -0.9740 0.1313
vn -0.1102 -0.9867 0.1194
vn -0.1386 -0.9830 0.1204
vn -0.0925 -0.9896 0.1097
vn -0.0438 -0.9953 0.0865
vn -0.0666 -0.9915 0.1119
vn -0.0034 -0.9958 0.0916
vn -0.0222 -0.9944 0.1029
vn 0.0371 -0.9968 0.0707
vn 0.0173 -0.9950 0.0984
vn -0.0928 -0.9886 0.1182
vn 0.0733 -0.9953 0.0639
vn -0.0558 -0.9922 0.1118
vn 0.1632 -0.9850 0.0558
vn 0.0918 -0.9919 0.0882
vn 0.1146 -0.9909 0.0707
vn -0.0248 -0.9933 0.1126
vn 0.0531 -0.9934 0.1013
vn 0.0095 -0.9931 0.1171
vn -0.0649 -0.9899 0.1258
vn 0.0480 -0.9920 0.1170
vn 0.1387 -0.9868 0.0840
vn 0.0937 -0.9891 0.1134
vn 0.1252 -0.9869 0.1023
vn -0.0190 -0.9910 0.1322
vn -0.1221 -0.9847 0.1243
vn 0.0320 -0.9903 0.1353
vn -0.0752 -0.9882 0.1332
vn -0.0220 -0.9896 0.1418
vn -0.0971 -0.9854 0.1401
vn -0.1346 -0.9793 0.1512
vn 0.0414 -0.9878 0.1502
vn -0.0445 -0.9876 0.1504
vn 0.0824 -0.9879 0.1317
vn 0.0153 -0.9860 0.1662
vn -0.0679 -0.9811 0.1811
vn -0.0074 -0.9835 0.1806
vn -0.0730 -0.9713 0.2265
vn -0.1234 -0.9647 0.2325
vn -0.0024 -0.9744 0.2250
vn -0.0817 -0.9591 0.2710
vn -0.1022 -0.9446 0.3120
vn 0.0095 -0.9610 0.2764
vn -0.0409 -0.9528 0.3008
vn 0.0566 -0.9775 0.2032
vn 0.0908 -0.9822 0.1646
vn 0.0990 -0.9719 0.2135
vn 0.0593 -0.9661 0.2513
vn -0.0265 -0.9319 0.3618
vn 0.0193 -0.9448 0.3270
vn 0.0741 -0.9424 0.3261
vn 0.0960 -0.9581 0.2700
vn 0.0436 -0.9199 0.3898
vn -0.0166 -0.9059 0.4232
vn 0.0221 -0.8936 0.4483
vn -0.0227 -0.8517 0.5235
vn 0.0402 -0.9231 0.3824
vn 0.0993 -0.9113 0.3996
vn 0.0483 -0.8952 0.4430
vn 0.0853 -0.9032 0.4206
vn 0.0303 -0.9214 0.3874
vn 0.0205 -0.8661 0.4994
vn 0.0136 -0.7958 0.6055
vn 0.0050 -0.7100 0.7042
vn 0.0678 -0.9284 0.3654
vn 0.0692 -0.8371 0.5427
vn 0.0620 -0.7624 0.6441
vn 0.0461 -0.6945 0.7180
vn 0.0778 -0.9044 0.4195
vn 0.0974 -0.8763 0.4718
vn 0.1111 -0.9321 0.3447
vn 0.1274 -0.9147 0.3835
vn 0.0807 -0.7763 0.6252
vn 0.1011 -0.9260 0.3638
vn 0.1373 -0.9133 0.3835
vn 0.1704 -0.9158 0.3637
vn 0.1613 -0.9355 0.3143
vn 0.0361 -0.7288 0.6838
vn 0.0555 -0.7929 0.6068
vn 0.0227 -0.6907 0.7228
vn -0.0712 -0.7030 0.7077
vn -0.0520 -0.6658 0.7443
vn 0.0083 -0.6264 0.7795
vn 0.0887 -0.8522 0.5156
vn 0.0402 -0.8388 0.5429
vn -0.0205 -0.7762 0.6301
vn -0.0549 -0.7290 0.6823
vn -0.0755 -0.5882 0.8052
vn -0.1120 -0.7332 0.6707
vn -0.1245 -0.6530 0.7471
vn -0.1609 -0.5713 0.8048
vn -0.1936 -0.6511 0.7339
vn -0.1910 -0.6215 0.7598
vn -0.2884 -0.5374 0.7924
vn -0.2219 -0.6705 0.7080
vn -0.1389 -0.7445 0.6531
vn -0.0289 -0.7994 0.6001
vn 0.0438 -0.8703 0.4906
vn 0.0769 -0.8367 0.5423
vn 0.0962 -0.8893 0.4472
vn 0.1303 -0.8953 0.4261
vn 0.1288 -0.9081 0.3984
vn 0.1031 -0.8883 0.4475
vn -0.0699 -0.7942 0.6037
vn -0.2503 -0.6952 0.6739
vn -0.3613 -0.5645 0.7422
vn -0.3719 -0.6017 0.7068
vn 0.0735 -0.8294 0.5539
vn -0.3250 -0.6313 0.7041
vn -0.1439 -0.7596 0.6342
vn -0.0340 -0.8272 0.5609
vn 0.0608 -0.8596 0.5073
vn 0.1677 -0.9051 0.3907
vn 0.2135 -0.9054 0.3669
vn -0.1817 -0.7312 0.6575
vn 0.1711 -0.8432 0.5096
vn 0.2074 -0.8367 0.5068
vn 0.2514 -0.8655 0.4333
vn 0.2507 -0.9004 0.3556
vn 0.2416 -0.9071 0.3445
vn 0.2346 -0.9235 0.3036
vn 0.2187 -0.9287 0.2996
vn 0.2818 -0.9211 0.2686
vn 0.2755 -0.9336 0.2292
vn 0.3414 -0.9067 0.2476
vn 0.2411 -0.8270 0.5078
vn 0.2672 -0.9191 0.2894
vn 0.2458 -0.8840 0.3977
vn 0.2772 -0.8944 0.3511
vn 0.3314 -0.9150 0.2300
vn 0.3620 -0.9029 0.2320
vn 0.3672 -0.9013 0.2298
vn 0.2482 -0.8348 0.4915
vn 0.2433 -0.9019 0.3568
vn 0.2566 -0.9005 0.3510
vn 0.2820 -0.9137 0.2927
vn 0.2562 -0.8549 0.4511
vn 0.4261 -0.8851 0.1871
vn 0.2565 -0.8885 0.3806
vn 0.2617 -0.8991 0.3509
vn 0.3255 -0.9044 0.2759
vn 0.3568 -0.9068 0.2244
vn 0.4159 -0.8873 0.1993
vn 0.4934 -0.8580 0.1429
vn 0.5257 -0.8421 0.1207
vn 0.2577 -0.9023 0.3456
vn 0.2993 -0.8966 0.3264
vn 0.3998 -0.9001 0.1732
vn 0.4935 -0.8593 0.1343
vn 0.5088 -0.8439 0.1700
vn 0.6045 -0.7870 0.1237
vn 0.6049 -0.7916 0.0866
vn 0.2616 -0.9037 0.3388
vn 0.3315 -0.9049 0.2669
vn 0.5839 -0.7986 0.1460
vn 0.4648 -0.8775 0.1186
vn 0.6005 -0.7924 0.1071
vn 0.6813 -0.7302 0.0507
vn 0.7065 -0.7040 0.0724
vn 0.6550 -0.7527 0.0667
vn 0.7198 -0.6908 0.0686
vn 0.3850 -0.9018 0.1965
vn 0.5403 -0.8368 0.0886
vn 0.7035 -0.7033 0.1020
vn 0.4255 -0.8997 0.0979
vn 0.5252 -0.8501 0.0395
vn 0.6357 -0.7702 0.0514
vn 0.7162 -0.6925 0.0867
vn 0.7365 -0.6758 0.0302
vn 0.7680 -0.6397 0.0313
vn 0.6808 -0.7322 -0.0181
vn 0.7647 -0.6415 0.0607
vn 0.7424 -0.6700 0.0009
vn 0.7928 -0.6084 0.0370
vn 0.5792 -0.8147 -0.0283
vn 0.6821 -0.7313 -0.0006
vn 0.7503 -0.6594 0.0467
vn 0.7987 -0.6017 0.0054
vn 0.7983 -0.6021 0.0147
vn 0.7167 -0.6954 -0.0522
vn 0.7938 -0.6078 0.0212
vn 0.7721 -0.6288 -0.0923
vn 0.8353 -0.5495 -0.0180
vn 0.8449 -0.5347 -0.0150
vn 0.8861 -0.4629 -0.0211
vn 0.8498 -0.5175 -0.0998
vn 0.8856 -0.4627 -0.0408
vn 0.8708 -0.4824 -0.0943
vn 0.7124 -0.6950 -0.0976
vn 0.8303 -0.5573 0.0072
vn 0.8728 -0.4879 -0.0138
vn 0.9059 -0.4233 -0.0143
vn 0.9094 -0.4155 -0.0173
vn 0.8880 -0.4582 -0.0385
vn 0.8490 -0.5186 -0.1013
vn 0.8215 -0.5484 -0.1560
vn 0.7549 -0.6404 -0.1415
vn 0.8234 -0.5674 -0.0004
vn 0.8184 -0.5608 -0.1254
vn 0.8745 -0.4848 -0.0123
vn 0.9015 -0.4327 0.0059
vn 0.8617 -0.5017 -0.0763
vn 0.9102 -0.4116 0.0452
vn 0.9012 -0.4333 0.0133
vn 0.8786 -0.4757 0.0421
vn 0.8947 -0.4466 -0.0060
vn 0.9021 -0.4279 0.0560
vn 0.8725 -0.4885 -0.0086
vn 0.8909 -0.4463 0.0845
vn 0.8986 -0.4388 0.0029
vn 0.9025 -0.4306 -0.0121
vn 0.9077 -0.4174 0.0439
vn 0.9115 -0.3986 0.1011
vn 0.8802 -0.4620 0.1084
vn 0.8401 -0.5421 0.0166
vn 0.8949 -0.4412 -0.0673
vn 0.9249 -0.3784 0.0357
vn 0.9353 -0.3311 0.1251
vn 0.9120 -0.3889 0.1300
vn 0.8581 -0.5062 0.0861
vn 0.9226 -0.3823 -0.0512
vn 0.9400 -0.3382 0.0446
vn 0.9396 -0.3142 0.1357
vn 0.9614 -0.2418 0.1311
vn 0.9551 -0.2953 -0.0228
vn 0.9618 -0.2669 0.0602
vn 0.9586 -0.2609 0.1145
vn 0.9539 -0.2866 0.0894
vn 0.9270 -0.3627 0.0955
vn 0.9045 -0.4167 0.0914
vn 0.8817 -0.4625 0.0929
vn 0.8301 -0.5538 0.0655
vn 0.8346 -0.5449 0.0803
vn 0.8010 -0.5954 0.0627
vn 0.7950 -0.6042 0.0541
vn 0.7559 -0.6538 0.0358
vn 0.7741 -0.6327 0.0223
vn 0.7292 -0.6843 0.0096
vn 0.6988 -0.7153 0.0031
vn 0.8030 -0.5959 -0.0029
vn 0.6829 -0.7305 -0.0004
vn 0.6527 -0.7574 -0.0165
vn 0.6961 -0.7175 -0.0273
vn 0.7274 -0.6857 -0.0278
vn 0.7610 -0.6482 -0.0257
vn 0.7448 -0.6661 -0.0384
vn 0.8185 -0.5711 0.0630
vn 0.6316 -0.7746 -0.0331
vn 0.5841 -0.8117 -0.0017
vn 0.5650 -0.8178 0.1095
vn 0.5168 -0.8543 0.0551
vn 0.5670 -0.8237 -0.0084
vn 0.6254 -0.7803 -0.0078
vn 0.4562 -0.8799 0.1329
vn 0.4678 -0.8835 0.0239
vn 0.5511 -0.8339 -0.0289
vn 0.3769 -0.9082 0.1822
vn 0.4066 -0.9088 0.0933
vn 0.5058 -0.8626 -0.0048
vn 0.3262 -0.9181 0.2252
vn 0.3266 -0.9354 0.1356
vn 0.4239 -0.9028 -0.0724
vn 0.4392 -0.8935 -0.0934
vn 0.3104 -0.9484 0.0651
vn 0.3528 -0.9354 0.0219
vn 0.3896 -0.9207 -0.0219
vn 0.2486 -0.9537 0.1692
vn 0.2524 -0.9610 0.1127
vn 0.3900 -0.9207 0.0170
vn 0.2240 -0.9666 -0.1245
vn 0.4740 -0.8794 -0.0452
vn 0.3120 -0.9458 0.0898
vn 0.3423 -0.9383 0.0485
vn 0.2853 -0.9433 0.1696
vn 0.2429 -0.9500 0.1964
vn 0.2944 -0.9509 0.0958
vn 0.3077 -0.9365 0.1681
vn 0.2214 -0.9568 0.1887
vn 0.1980 -0.9480 0.2491
vn 0.1872 -0.9321 0.3101
vn 0.2271 -0.9332 0.2784
vn 0.1527 -0.9301 0.3341
vn 0.2014 -0.9191 0.3386
vn 0.3787 -0.9228 0.0709
vn 0.3655 -0.9308 0.0085
vn 0.4853 -0.8737 0.0342
vn 0.2774 -0.9506 0.1390
vn 0.1827 -0.9464 0.2665
vn 0.2489 -0.9683 0.0197
vn 0.1684 -0.9633 0.2089
vn 0.2046 -0.9769 0.0621
vn 0.1913 -0.9771 0.0931
vn 0.1742 -0.9756 0.1339
vn 0.2402 -0.9700 -0.0371
vn 0.2988 -0.9538 -0.0323
vn 0.3154 -0.9469 -0.0629
vn 0.2698 -0.9625 0.0297
vn 0.2612 -0.9621 0.0786
vn 0.2222 -0.9664 0.1290
vn 0.1668 -0.9694 0.1800
vn 0.3456 -0.9379 0.0291
vn 0.3677 -0.9292 -0.0373
vn 0.2491 -0.9619 0.1127
vn 0.2047 -0.9656 0.1607
vn 0.4393 -0.8983 0.0107
vn 0.2734 -0.9595 0.0675
vn 0.3219 -0.9462 0.0343
vn 0.2125 -0.9707 0.1119
vn 0.3011 -0.9520 0.0546
vn 0.2436 -0.9668 0.0772
vn 0.1833 -0.9746 0.1288
vn 0.1296 -0.9696 0.2074
vn 0.1550 -0.9755 0.1561
vn 0.1630 -0.9644 0.2082
vn 0.3656 -0.9300 0.0381
vn 0.4837 -0.8748 0.0283
vn 0.4172 -0.9083 0.0312
vn 0.5054 -0.8628 0.0112
vn 0.2830 -0.9571 0.0628
vn 0.2420 -0.9670 0.0798
vn 0.2042 -0.9738 0.0999
vn 0.1599 -0.9801 0.1172
vn 0.3927 -0.9189 0.0388
vn 0.4383 -0.8984 0.0286
vn 0.3542 -0.9339 0.0485
vn 0.3252 -0.9434 0.0659
vn 0.1926 -0.9761 0.1005
vn 0.4357 -0.8999 0.0180
vn 0.4893 -0.8720 0.0115
vn 0.3850 -0.9221 0.0399
vn 0.4668 -0.8841 -0.0211
vn 0.2626 -0.9622 0.0723
vn 0.3985 -0.9171 0.0022
vn 0.4317 -0.9017 -0.0248
vn 0.3434 -0.9386 0.0317
vn 0.3024 -0.9509 0.0651
vn 0.2982 -0.9541 0.0278
vn 0.4550 -0.8890 -0.0519
vn 0.3982 -0.9164 -0.0399
vn 0.3559 -0.9344 -0.0137
vn 0.4189 -0.9059 -0.0630
vn 0.3087 -0.9510 -0.0148
vn 0.4667 -0.8819 -0.0660
vn 0.4856 -0.8721 -0.0595
vn 0.4519 -0.8892 -0.0715
vn 0.3692 -0.9279 -0.0521
vn 0.2374 -0.9713 0.0119
vn 0.4314 -0.8996 -0.0676
vn 0.3913 -0.9175 -0.0718
vn 0.3222 -0.9455 -0.0477
vn 0.3579 -0.9311 -0.0703
vn 0.4463 -0.8932 -0.0552
vn 0.4004 -0.9135 -0.0716
vn 0.3243 -0.9434 -0.0691
vn 0.2822 -0.9576 -0.0572
vn 0.3748 -0.9247 -0.0660
vn 0.2453 -0.9679 -0.0552
vn 0.2121 -0.9770 -0.0226
vn 0.2011 -0.9783 -0.0496
vn 0.1633 -0.9863 -0.0216
vn 0.3426 -0.9369 -0.0692
vn 0.3099 -0.9480 -0.0728
vn 0.1690 -0.9842 -0.0520
vn 0.1378 -0.9901 -0.0276
vn -0.0290 -0.9988 0.0386
vn -0.0878 -0.9928 0.0820
vn -0.0724 -0.9961 0.0502
vn 0.0502 -0.9987 -0.0089
vn 0.0454 -0.9986 0.0278
vn 0.0160 -0.9998 0.0143
vn 0.0845 -0.9963 0.0126
vn 0.0938 -0.9955 -0.0130
vn 0.1114 -0.9931 -0.0374
vn -0.0205 -0.9997 0.0096
vn 0.0725 -0.9965 -0.0404
vn -0.0599 -0.9981 0.0141
vn 0.0182 -0.9997 -0.0134
vn -0.1127 -0.9923 0.0520
vn -0.1041 -0.9941 0.0304
vn -0.1805 -0.9804 0.0793
vn -0.1828 -0.9782 0.0982
vn -0.2162 -0.9703 0.1086
vn -0.1590 -0.9862 0.0466
vn -0.1399 -0.9873 0.0752
vn 0.0314 -0.9983 -0.0485
vn -0.0252 -0.9995 -0.0185
vn -0.0790 -0.9969 -0.0019
vn -0.2321 -0.9685 0.0901
vn -0.1352 -0.9904 0.0277
vn -0.2042 -0.9769 0.0628
vn -0.1134 -0.9935 -0.0056
vn -0.2756 -0.9551 0.1086
vn -0.3883 -0.9150 0.1093
vn -0.3823 -0.9138 0.1370
vn -0.4359 -0.8891 0.1398
vn -0.3105 -0.9420 0.1276
vn -0.4456 -0.8901 0.0957
vn -0.3421 -0.9362 0.0803
vn -0.2709 -0.9606 0.0630
vn -0.2296 -0.9723 0.0440
vn -0.1903 -0.9814 0.0234
vn -0.4215 -0.9044 0.0655
vn -0.3457 -0.9376 0.0386
vn -0.2541 -0.9670 0.0177
vn -0.4765 -0.8780 0.0464
vn -0.4552 -0.8896 0.0383
vn -0.4649 -0.8815 0.0826
vn -0.4539 -0.8841 0.1107
vn -0.4303 -0.8936 0.1281
vn -0.6273 -0.7751 0.0755
vn -0.4498 -0.8931 0.0037
vn -0.3424 -0.9395 0.0100
vn -0.2729 -0.9618 -0.0211
vn -0.4688 -0.8819 0.0488
vn -0.4768 -0.8789 0.0122
vn -0.5396 -0.8395 0.0639
vn -0.4752 -0.8797 -0.0141
vn -0.8269 -0.5604 0.0461
vn -0.8539 -0.5204 0.0085
vn -0.5500 -0.8347 0.0285
vn -0.9110 -0.4118 0.0210
vn -0.9184 -0.3957 0.0089
vn -0.7212 -0.6919 0.0345
vn -0.8965 -0.4417 0.0348
vn -0.8891 -0.4577 0.0007
vn -0.7449 -0.6671 -0.0076
vn -0.5550 -0.8318 -0.0100
vn -0.8866 -0.4607 0.0417
vn -0.4311 -0.9018 -0.0301
vn -0.5250 -0.8504 -0.0341
vn -0.4557 -0.8868 -0.0765
vn -0.8600 -0.5103 0.0047
vn -0.7280 -0.6824 -0.0668
vn -0.8732 -0.4822 -0.0711
vn -0.3956 -0.9151 -0.0775
vn -0.4182 -0.9023 -0.1052
vn -0.5591 -0.8218 -0.1100
vn -0.5855 -0.8079 -0.0672
vn -0.4832 -0.8665 -0.1253
vn -0.4201 -0.8991 -0.1233
vn -0.5038 -0.8507 -0.1498
vn -0.5154 -0.8475 -0.1269
vn -0.5198 -0.8413 -0.1488
vn -0.5069 -0.8509 -0.1377
vn -0.4741 -0.8587 -0.1947
vn -0.3695 -0.8804 -0.2971
vn -0.3259 -0.9135 -0.2436
vn -0.3815 -0.8953 -0.2300
vn -0.4157 -0.8623 -0.2891
vn -0.4375 -0.8606 -0.2608
vn -0.4813 -0.8425 -0.2421
vn -0.4961 -0.8414 -0.2143
vn -0.4561 -0.8771 -0.1505
vn -0.4890 -0.8228 -0.2896
vn -0.4782 -0.8208 -0.3125
vn -0.4956 -0.8170 -0.2948
vn -0.5774 -0.7862 -0.2202
vn -0.6699 -0.7195 -0.1832
vn -0.7573 -0.6123 -0.2269
vn -0.8292 -0.5294 -0.1793
vn -0.5300 -0.8052 -0.2661
vn -0.5748 -0.7500 -0.3272
vn -0.5092 -0.7832 -0.3568
vn -0.5029 -0.7911 -0.3483
vn -0.4484 -0.8283 -0.3361
vn -0.3265 -0.8926 -0.3110
vn -0.2827 -0.9067 -0.3131
vn -0.2624 -0.9212 -0.2873
vn -0.2313 -0.9229 -0.3079
vn -0.2499 -0.9006 -0.3556
vn -0.1879 -0.9287 -0.3198
vn -0.1790 -0.9431 -0.2801
vn -0.1424 -0.9438 -0.2984
vn -0.0906 -0.9504 -0.2975
vn -0.0806 -0.9580 -0.2753
vn -0.1250 -0.9515 -0.2811
vn -0.2028 -0.9446 -0.2580
vn -0.1379 -0.9561 -0.2585
vn -0.0302 -0.9590 -0.2819
vn -0.0952 -0.9680 -0.2323
vn -0.0568 -0.9655 -0.2542
vn -0.0464 -0.9720 -0.2304
vn 0.0028 -0.9689 -0.2473
vn 0.0014 -0.9784 -0.2069
vn 0.0410 -0.9664 -0.2538
vn 0.0528 -0.9750 -0.2160
vn 0.0796 -0.9614 -0.2635
vn -0.0484 -0.9805 -0.1906
vn -0.0933 -0.9772 -0.1909
vn -0.0042 -0.9849 -0.1731
vn 0.1078 -0.9685 -0.2244
vn 0.1024 -0.9776 -0.1841
vn 0.0469 -0.9850 -0.1660
vn 0.1498 -0.9598 -0.2374
vn 0.1592 -0.9684 -0.1918
vn 0.2029 -0.9556 -0.2136
vn 0.2264 -0.9442 -0.2394
vn 0.2550 -0.9346 -0.2479
vn 0.2748 -0.9366 -0.2174
vn 0.2974 -0.9258 -0.2333
vn 0.2421 -0.9508 -0.1934
vn 0.1915 -0.9677 -0.1640
vn 0.2829 -0.9426 -0.1772
vn 0.3142 -0.9272 -0.2039
vn 0.2350 -0.9595 -0.1555
vn 0.3345 -0.9277 -0.1657
vn 0.3506 -0.9164 -0.1931
vn 0.3799 -0.9045 -0.1940
vn 0.3819 -0.8984 -0.2169
vn 0.4050 -0.8920 -0.2008
vn 0.3065 -0.9416 -0.1393
vn 0.2708 -0.9534 -0.1331
vn 0.3427 -0.9304 -0.1301
vn 0.3742 -0.9140 -0.1567
vn 0.3995 -0.9014 -0.1668
vn 0.3961 -0.9090 -0.1298
vn 0.3752 -0.9183 -0.1263
vn 0.4190 -0.8810 -0.2197
vn 0.4157 -0.8891 -0.1915
vn 0.4165 -0.8954 -0.1576
vn 0.4228 -0.8889 -0.1766
vn 0.4377 -0.8911 -0.1200
vn 0.4138 -0.9023 -0.1211
vn 0.4275 -0.9000 -0.0849
vn 0.4062 -0.9096 -0.0878
vn 0.4378 -0.8976 -0.0518
vn 0.4240 -0.9045 -0.0469
vn 0.4426 -0.8967 -0.0059
vn 0.4141 -0.9094 -0.0382
vn 0.3895 -0.9186 -0.0676
vn 0.4334 -0.9012 -0.0074
vn 0.4220 -0.9061 -0.0298
vn 0.4133 -0.9093 -0.0486
vn 0.3616 -0.9296 -0.0707
vn 0.3812 -0.9183 -0.1070
vn 0.3620 -0.9265 -0.1027
vn 0.3392 -0.9357 -0.0971
vn 0.3322 -0.9405 -0.0716
vn 0.3140 -0.9441 -0.1008
vn 0.3004 -0.9507 -0.0774
vn 0.2853 -0.9527 -0.1051
vn 0.2670 -0.9604 -0.0794
vn 0.2519 -0.9622 -0.1037
vn 0.2204 -0.9707 -0.0958
vn 0.2308 -0.9698 -0.0783
vn 0.1902 -0.9787 -0.0772
vn 0.1730 -0.9793 -0.1051
vn 0.1361 -0.9871 -0.0838
vn 0.0301 -0.9957 -0.0879
vn -0.0096 -0.9980 -0.0618
vn 0.0818 -0.9934 -0.0799
vn 0.0744 -0.9916 -0.1061
vn 0.1243 -0.9856 -0.1151
vn -0.0258 -0.9939 -0.1073
vn -0.0455 -0.9950 -0.0891
vn 0.0157 -0.9934 -0.1137
vn -0.0523 -0.9978 -0.0398
vn -0.0828 -0.9950 -0.0559
vn 0.0702 -0.9891 -0.1295
vn -0.0850 -0.9919 -0.0943
vn -0.1281 -0.9895 -0.0667
vn 0.0126 -0.9905 -0.1369
vn -0.1320 -0.9835 -0.1238
vn -0.0773 -0.9880 -0.1333
vn -0.0373 -0.9883 -0.1477
vn -0.1333 -0.9777 -0.1623
vn -0.0835 -0.9834 -0.1612
vn -0.2039 -0.9762 -0.0734
vn -0.2250 -0.9734 -0.0427
vn -0.3067 -0.9480 -0.0848
vn -0.1639 -0.9812 -0.1020
vn -0.2024 -0.9712 -0.1256
vn -0.2853 -0.9499 -0.1277
vn -0.1869 -0.9674 -0.1707
vn -0.4884 -0.8687 -0.0824
vn -0.4994 -0.8646 -0.0556
vn -0.5275 -0.8436 -0.1002
vn -0.4151 -0.9009 -0.1270
vn -0.5150 -0.8490 -0.1185
vn -0.4081 -0.9092 -0.0823
vn -0.2274 -0.9595 -0.1663
vn -0.3899 -0.9044 -0.1735
vn -0.3013 -0.9357 -0.1838
vn -0.1496 -0.9687 -0.1983
vn -0.2058 -0.9540 -0.2180
vn -0.2542 -0.9444 -0.2085
vn -0.2662 -0.9327 -0.2431
vn -0.2394 -0.9353 -0.2605
vn -0.1473 -0.9620 -0.2299
vn 0.1038 -0.9820 -0.1577
vn 0.1557 -0.9772 -0.1441
vn 0.2066 -0.9707 -0.1225
vn -0.0298 0.1706 0.9849
vn 0.0170 -0.1121 0.9935
vn -0.0340 0.0246 0.9991
vn 0.0017 0.0695 0.9976
vn 0.0115 -0.2212 0.9752
vn -0.2881 -0.2007 0.9363
vn -0.1840 -0.4662 0.8654
vn -0.8018 -0.3131 0.5090
vn -0.6194 -0.6246 0.4756
vn -0.9976 -0.0649 0.0238
vn -0.8926 -0.4477 0.0525
vn -0.9545 0.1239 -0.2712
vn -0.9373 -0.2616 -0.2304
vn -0.7855 0.3113 -0.5348
vn -0.8536 -0.0674 -0.5165
vn -0.2579 0.2752 0.9262
vn -0.3479 0.1768 0.9207
vn -0.2879 0.0653 0.9554
vn -0.3200 -0.1609 0.9337
vn -0.1719 0.0096 0.9851
vn -0.1991 -0.2083 0.9576
vn -0.0831 -0.2442 0.9662
vn -0.0003 -0.2788 0.9603
vn -0.1299 -0.5331 0.8360
vn -0.3113 -0.4103 0.8572
vn -0.1875 -0.4132 0.8911
vn -0.1316 -0.4713 0.8721
vn -0.0836 -0.5051 0.8590
vn 0.0128 -0.4215 0.9067
vn -0.0790 -0.5425 0.8363
vn -0.4500 -0.7705 0.4514
vn -0.3233 -0.8373 0.4410
vn -0.7004 -0.7115 0.0575
vn -0.5114 -0.8575 0.0567
vn -0.7901 -0.5852 -0.1823
vn -0.5941 -0.7925 -0.1376
vn -0.0402 -0.6472 0.7613
vn -0.2131 -0.5134 0.8313
vn -0.2538 -0.5106 0.8215
vn -0.0209 -0.6097 0.7923
vn -0.0602 -0.7417 0.6680
vn -0.2257 -0.8874 0.4020
vn -0.1660 -0.8978 0.4080
vn -0.3689 -0.9277 0.0580
vn -0.2663 -0.9614 0.0687
vn -0.0832 -0.6229 0.7778
vn -0.0458 -0.7018 0.7109
vn -0.0887 -0.7835 0.6150
vn -0.1574 -0.8943 0.4189
vn -0.2326 -0.9676 0.0980
vn -0.0970 -0.8453 0.5254
vn -0.2657 -0.9550 0.1316
vn -0.2508 -0.9626 -0.1027
vn -0.3032 -0.9496 -0.0791
vn -0.2811 -0.9271 -0.2481
vn -0.3531 -0.9085 -0.2236
vn -0.1482 -0.8606 0.4873
vn -0.2135 -0.9249 0.3147
vn -0.2917 -0.9485 0.1232
vn -0.3655 -0.9290 -0.0588
vn -0.4329 -0.8774 -0.2070
vn -0.4211 -0.8394 -0.3435
vn -0.5009 -0.8059 -0.3157
vn -0.5055 -0.7536 -0.4201
vn -0.5757 -0.7300 -0.3683
vn -0.6167 -0.6743 -0.4063
vn -0.6499 -0.6844 -0.3305
vn -0.7322 -0.5683 -0.3754
vn -0.7083 -0.6421 -0.2934
vn -0.1516 -0.6267 0.7643
vn -0.1945 -0.7139 0.6727
vn -0.2030 -0.7989 0.5662
vn -0.1880 -0.8792 0.4379
vn -0.2856 -0.9181 0.2748
vn -0.3309 -0.9368 0.1136
vn -0.4161 -0.9087 -0.0344
vn -0.4907 -0.8536 -0.1748
vn -0.5588 -0.7831 -0.2731
vn -0.2252 -0.6894 0.6885
vn -0.2174 -0.8941 0.3916
vn -0.3829 -0.9137 0.1364
vn -0.4720 -0.8815 -0.0079
vn -0.5440 -0.8299 -0.1236
vn -0.2892 -0.8662 0.4074
vn -0.3572 -0.8939 0.2707
vn -0.4340 -0.8934 0.1159
vn -0.3361 -0.8599 0.3843
vn -0.5089 -0.8608 -0.0115
vn -0.5558 -0.8258 -0.0958
vn -0.6083 -0.7657 -0.2091
vn -0.5824 -0.7958 -0.1660
vn -0.6609 -0.7052 -0.2569
vn -0.6385 -0.7402 -0.2107
vn -0.6897 -0.6762 -0.2590
vn -0.1609 -0.8321 0.5308
vn -0.3662 -0.8913 0.2673
vn -0.4126 -0.8990 0.1468
vn -0.4598 -0.8867 0.0495
vn -0.2184 -0.8471 0.4845
vn -0.2489 -0.8969 0.3656
vn -0.3615 -0.9184 0.1608
vn -0.2901 -0.9275 0.2359
vn -0.4076 -0.9125 0.0358
vn -0.3601 -0.9325 -0.0286
vn -0.4680 -0.8816 -0.0610
vn -0.3878 -0.9083 -0.1570
vn -0.4967 -0.8584 -0.1286
vn -0.3022 -0.9493 -0.0866
vn -0.1382 -0.9904 -0.0025
vn -0.2122 -0.9732 -0.0886
vn -0.2652 -0.9483 -0.1741
vn -0.2997 -0.9259 -0.2299
vn -0.4224 -0.8772 -0.2282
vn -0.1458 -0.9822 -0.1182
vn -0.1991 -0.9583 -0.2051
vn -0.1214 -0.9759 -0.1812
vn -0.2232 -0.9505 -0.2160
vn -0.1539 -0.9675 -0.2004
vn -0.3086 -0.9257 -0.2188
vn -0.2661 -0.9485 -0.1716
vn -0.3604 -0.9139 -0.1868
vn -0.0705 -0.9902 -0.1209
vn -0.1007 -0.9804 -0.1696
vn -0.1879 -0.9682 -0.1654
vn -0.1164 -0.9863 -0.1170
vn -0.2109 -0.9712 -0.1108
vn -0.2467 -0.9647 -0.0918
vn -0.2810 -0.9577 -0.0628
vn -0.3730 -0.9211 -0.1113
vn -0.4414 -0.8947 -0.0684
vn -0.2574 -0.9660 -0.0253
vn -0.2746 -0.9604 -0.0479
vn -0.2915 -0.9564 0.0192
vn -0.3130 -0.9492 -0.0315
vn -0.2386 -0.9706 -0.0316
vn -0.2611 -0.9652 -0.0125
vn -0.2997 -0.9540 0.0014
vn -0.1955 -0.9800 0.0381
vn -0.3204 -0.9446 0.0713
vn -0.3489 -0.9370 0.0150
vn -0.3496 -0.9369 -0.0052
vn -0.3950 -0.9165 0.0638
vn -0.4519 -0.8857 0.1066
vn -0.4565 -0.8765 0.1529
vn -0.4387 -0.8890 0.1311
vn -0.4498 -0.8796 0.1549
vn -0.2767 -0.9471 0.1627
vn -0.2542 -0.9557 0.1486
vn -0.2102 -0.9685 0.1335
vn -0.4019 -0.8989 0.1746
vn -0.4518 -0.8751 0.1736
vn -0.3090 -0.9380 0.1568
vn -0.3769 -0.9109 0.1679
vn -0.4435 -0.8761 0.1890
vn -0.4309 -0.8845 0.1791
vn -0.4335 -0.8847 0.1714
vn -0.3712 -0.9137 0.1653
vn -0.4150 -0.8917 0.1810
vn -0.3368 -0.9232 0.1854
vn -0.2934 -0.9427 0.1589
vn -0.4391 -0.8860 0.1489
vn -0.2701 -0.9538 0.1314
vn -0.2387 -0.9648 0.1104
vn -0.6316 -0.7753 -0.0002
vn -0.4303 -0.9026 -0.0073
vn -0.5653 -0.8225 -0.0621
vn -0.3960 -0.9161 0.0633
vn -0.4088 -0.9027 0.1340
vn -0.7634 -0.6456 0.0209
vn -0.3220 -0.9320 0.1666
vn -0.6428 -0.7571 0.1165
vn -0.7141 -0.6999 0.0137
vn -0.6291 -0.7757 -0.0501
vn -0.7697 -0.6350 0.0654
vn -0.6348 -0.7709 -0.0527
vn -0.5449 -0.8283 -0.1308
vn -0.5332 -0.8353 -0.1343
vn -0.7204 -0.6874 0.0927
vn -0.7643 -0.6438 0.0368
vn -0.8004 -0.5946 0.0759
vn -0.5373 -0.8347 0.1208
vn -0.3912 -0.9060 0.1616
vn -0.4688 -0.8565 -0.2159
vn -0.5060 -0.8341 -0.2196
vn -0.5857 -0.8044 -0.0997
vn -0.6931 -0.7205 0.0220
vn -0.6899 -0.7227 -0.0412
vn -0.5479 -0.8175 -0.1777
vn -0.6412 -0.7631 -0.0809
vn -0.8095 -0.5861 0.0358
vn -0.5078 -0.8227 -0.2554
vn -0.5066 -0.8262 -0.2463
vn -0.5813 -0.7685 -0.2673
vn -0.5561 -0.7970 -0.2357
vn -0.5840 -0.7994 -0.1413
vn -0.7556 -0.6550 0.0004
vn -0.6516 -0.7554 -0.0685
vn -0.7205 -0.6926 -0.0353
vn -0.8077 -0.5896 0.0076
vn -0.8611 -0.5079 0.0236
vn -0.9046 -0.4260 0.0145
vn -0.6335 -0.7294 -0.2583
vn -0.6516 -0.6956 -0.3025
vn -0.6213 -0.7531 -0.2165
vn -0.6454 -0.7547 -0.1181
vn -0.9078 -0.4193 -0.0081
vn -0.6855 -0.7224 -0.0908
vn -0.7767 -0.6291 -0.0321
vn -0.7245 -0.6021 -0.3356
vn -0.7003 -0.6661 -0.2568
vn -0.7446 -0.6604 -0.0973
vn -0.8387 -0.5442 -0.0210
vn -0.7281 -0.6378 -0.2509
vn -0.7065 -0.6846 -0.1795
vn -0.7973 -0.5997 -0.0684
vn -0.8784 -0.4775 -0.0205
vn -0.8086 -0.4589 -0.3682
vn -0.7353 -0.5847 -0.3427
vn -0.8260 -0.4337 -0.3602
vn -0.7677 -0.6196 -0.1633
vn -0.8449 -0.5303 -0.0704
vn -0.8916 -0.2075 -0.4024
vn -0.9073 -0.1003 -0.4084
vn -0.8437 -0.3284 -0.4246
vn -0.8670 -0.3689 -0.3350
vn -0.8494 -0.4476 -0.2795
vn -0.9118 0.0349 -0.4092
vn -0.8858 0.0705 -0.4587
vn -0.8750 -0.1520 -0.4597
vn -0.8899 -0.0767 -0.4497
vn -0.8949 -0.0031 -0.4463
vn -0.8854 0.2086 -0.4153
vn -0.8954 0.2318 -0.3803
vn -0.9174 0.1642 -0.3624
vn -0.8557 -0.0570 -0.5144
vn -0.8196 -0.0694 -0.5688
vn -0.7573 -0.3338 -0.5613
vn -0.7173 -0.3582 -0.5977
vn -0.8418 0.1676 -0.5132
vn -0.9135 0.1026 -0.3937
vn -0.8841 -0.3873 -0.2616
vn -0.9291 -0.0979 -0.3566
vn -0.9284 0.0035 -0.3715
vn -0.8886 0.0475 -0.4562
vn -0.8554 0.1754 -0.4873
vn -0.8916 -0.0709 -0.4471
vn -0.9179 -0.0364 -0.3950
vn -0.9472 -0.1455 -0.2857
vn -0.9396 -0.1448 -0.3102
vn -0.9205 -0.1070 -0.3759
vn -0.8752 -0.2364 -0.4220
vn -0.8594 -0.3316 -0.3891
vn -0.8745 -0.2407 -0.4211
vn -0.7828 -0.4839 -0.3912
vn -0.8293 -0.3693 -0.4195
vn -0.8140 -0.3555 -0.4594
vn -0.9331 -0.2760 -0.2304
vn -0.9016 -0.3225 -0.2882
vn -0.8743 -0.3463 -0.3402
vn -0.8628 -0.2900 -0.4140
vn -0.9419 -0.2594 -0.2136
vn -0.9313 -0.2477 -0.2672
vn -0.8727 -0.1570 -0.4624
vn -0.8601 -0.0448 -0.5081
vn -0.8281 -0.2242 -0.5137
vn -0.8199 0.2091 -0.5330
vn -0.8772 -0.2072 -0.4331
vn -0.8519 0.1902 -0.4879
vn -0.8009 0.3766 -0.4655
vn -0.9121 -0.1701 -0.3731
vn -0.8836 -0.0355 -0.4669
vn -0.8317 0.3011 -0.4666
vn -0.9637 0.0223 -0.2661
vn -0.9238 -0.0563 -0.3788
vn -0.8917 0.0545 -0.4494
vn -0.9140 0.1816 -0.3628
vn -0.8859 0.1805 -0.4273
vn -0.8901 0.2722 -0.3655
vn -0.9517 -0.2578 -0.1667
vn -0.9506 -0.2360 -0.2015
vn -0.9191 -0.3221 -0.2270
vn -0.9463 0.2105 -0.2455
vn -0.8489 0.4009 -0.3444
vn -0.9837 -0.0605 -0.1691
vn -0.9448 -0.3118 -0.1005
vn -0.9335 -0.3443 -0.1001
vn -0.9678 -0.2372 -0.0845
vn -0.9673 -0.2389 -0.0856
vn -0.9234 -0.3687 -0.1062
vn -0.9162 -0.3964 -0.0592
vn -0.9106 -0.4132 -0.0046
vn -0.9404 -0.3396 -0.0188
vn -0.9653 -0.2449 -0.0904
vn -0.9760 0.1154 -0.1847
vn -0.9539 0.2449 -0.1735
vn -0.8840 0.4029 -0.2373
vn -0.9772 -0.1917 -0.0916
vn -0.9509 -0.3094 0.0005
vn -0.9524 -0.3042 -0.0209
vn -0.9877 0.0576 -0.1452
vn -0.9891 -0.0881 -0.1181
vn -0.9625 -0.2706 0.0173
vn -0.9447 -0.3271 0.0250
vn -0.9247 -0.3807 0.0051
vn -0.9912 -0.1280 -0.0350
vn -0.9059 -0.4224 0.0290
vn -0.9284 -0.3692 0.0415
vn -0.9121 -0.4079 0.0400
vn -0.9026 -0.4293 0.0306
vn -0.9539 -0.2961 0.0493
vn -0.9101 -0.4106 0.0554
vn -0.9017 -0.4276 0.0634
vn -0.9085 -0.4164 -0.0349
vn -0.8849 -0.4658 -0.0002
vn -0.8812 -0.4707 -0.0443
vn -0.9008 -0.4245 -0.0910
vn -0.8726 -0.4797 -0.0918
vn -0.8910 -0.4330 -0.1369
vn -0.8762 -0.4812 -0.0286
vn -0.9114 -0.4114 0.0079
vn -0.8619 -0.4875 -0.1394
vn -0.8388 -0.5360 -0.0956
vn -0.9114 -0.4114 0.0035
vn -0.8723 -0.4889 -0.0066
vn -0.9505 -0.3106 0.0070
vn -0.9505 -0.3084 0.0370
vn -0.9728 -0.2275 0.0433
vn -0.9816 -0.1832 0.0547
vn -0.9916 -0.1189 0.0516
vn -0.9926 -0.0917 0.0791
vn -0.9929 0.0465 0.1095
vn -0.9976 0.0552 0.0413
vn -0.8537 -0.5191 -0.0421
vn -0.9256 -0.3737 0.0606
vn -0.8138 -0.5775 -0.0643
vn -0.9641 -0.2293 0.1336
vn -0.9306 -0.3510 0.1041
vn -0.8665 -0.4964 0.0530
vn -0.8815 -0.4553 0.1248
vn -0.8311 -0.5561 -0.0042
vn -0.8273 -0.5482 -0.1229
vn -0.7915 -0.6051 -0.0865
vn -0.7848 -0.6189 -0.0326
vn -0.9116 -0.3657 0.1876
vn -0.8703 -0.4660 0.1597
vn -0.8366 -0.5342 0.1214
vn -0.7990 -0.5987 0.0568
vn -0.7617 -0.6439 -0.0716
vn -0.7404 -0.6718 -0.0216
vn -0.7608 -0.6305 -0.1538
vn -0.8061 -0.5815 -0.1094
vn -0.8196 -0.5686 0.0696
vn -0.7596 -0.6499 0.0237
vn -0.7373 -0.6688 -0.0953
vn -0.9195 -0.3905 0.0453
vn -0.7210 -0.6675 -0.1862
vn -0.7277 -0.6394 -0.2484
vn -0.8409 -0.5390 -0.0488
vn -0.7585 -0.6449 -0.0941
vn -0.6864 -0.6649 -0.2944
vn -0.7224 -0.5903 -0.3602
vn -0.9255 -0.3780 -0.0253
vn -0.7474 -0.6425 -0.1692
vn -0.6998 -0.6704 -0.2467
vn -0.7098 -0.5811 -0.3981
vn -0.6453 -0.6714 -0.3644
vn -0.6639 -0.6592 -0.3532
vn -0.8483 -0.5164 -0.1172
vn -0.8725 -0.4878 -0.0265
vn -0.6405 -0.6415 -0.4223
vn -0.6385 -0.6347 -0.4353
vn -0.7986 -0.5872 -0.1322
vn -0.7452 -0.6365 -0.1989
vn -0.6805 -0.6539 -0.3306
vn -0.6535 -0.6122 -0.4451
vn -0.7144 -0.6539 -0.2491
vn -0.6472 -0.6329 -0.4250
vn -0.6977 -0.6345 -0.3325
vn -0.6702 -0.5924 -0.4471
vn -0.7421 -0.5661 -0.3589
vn -0.7613 -0.5389 -0.3606
vn -0.7123 -0.5282 -0.4623
vn -0.7648 -0.5953 -0.2465
vn -0.7959 -0.5389 -0.2757
vn -0.8123 -0.5519 -0.1884
vn -0.8426 -0.5051 -0.1868
vn -0.8265 -0.5586 -0.0689
vn -0.7774 -0.6162 -0.1266
vn -0.7975 -0.6034 0.0008
vn -0.8281 -0.5573 0.0607
vn -0.7898 -0.5909 0.1647
vn -0.8558 -0.4875 0.1731
vn -0.7869 -0.6057 0.1176
vn -0.7905 -0.6122 -0.0167
vn -0.8247 -0.5043 0.2561
vn -0.7909 -0.5901 0.1617
vn -0.8206 -0.5665 0.0756
vn -0.8239 -0.4800 0.3012
vn -0.8383 -0.3902 0.3807
vn -0.8594 -0.3811 0.3408
vn -0.7992 -0.5615 0.2144
vn -0.8615 -0.4918 0.1264
vn -0.9296 -0.3686 -0.0012
vn -0.8411 -0.4000 0.3641
vn -0.8739 -0.2732 0.4020
vn -0.8711 -0.4531 0.1896
vn -0.9417 -0.3195 0.1055
vn -0.9631 -0.2676 0.0294
vn -0.8955 -0.3721 0.2443
vn -0.8876 -0.3237 0.3277
vn -0.9516 -0.2695 0.1476
vn -0.9203 -0.2205 0.3232
vn -0.9277 -0.1536 0.3402
vn -0.9601 -0.1949 0.2003
vn -0.9298 -0.3491 0.1166
vn -0.9607 -0.1104 0.2546
vn -0.9533 -0.0810 0.2911
vn -0.9463 -0.2811 0.1595
vn -0.9708 0.0243 0.2387
vn -0.9725 0.0009 0.2328
vn -0.9575 -0.2114 0.1960
vn -0.9714 -0.1004 0.2151
vn -0.9775 -0.0200 0.2101
vn -0.9758 -0.0548 0.2116
vn -0.9550 -0.2262 0.1920
vn -0.9747 -0.0478 0.2185
vn -0.9768 -0.0838 0.1971
vn -0.9860 0.0227 0.1651
vn -0.9978 -0.0551 0.0368
vn -0.9875 -0.0426 0.1515
vn -0.9839 0.1787 -0.0051
vn -0.9838 0.1537 0.0917
vn -0.9850 0.1265 0.1170
vn -0.9781 0.2079 0.0129
vn -0.9923 0.1048 -0.0661
vn -0.9889 -0.1361 -0.0594
vn -0.9467 0.3127 -0.0777
vn -0.9091 0.3815 -0.1674
vn -0.9586 0.2415 -0.1507
vn -0.9882 -0.0648 -0.1390
vn -0.9979 0.0544 -0.0341
vn -0.9777 0.1956 -0.0758
vn -0.9987 -0.0485 0.0149
vn -0.8362 0.5014 -0.2223
vn -0.9114 0.2957 -0.2862
vn -0.9228 0.3151 -0.2216
vn -0.8936 0.2535 -0.3704
vn -0.8755 0.2354 -0.4220
vn -0.9625 -0.1050 -0.2500
vn -0.9331 0.0005 -0.3595
vn -0.8774 0.2085 -0.4320
vn -0.9627 -0.2420 -0.1206
vn -0.8402 0.1014 -0.5327
vn -0.8897 0.0237 -0.4560
vn -0.8786 0.1549 -0.4518
vn -0.5997 0.0074 -0.8002
vn -0.6244 0.0514 -0.7794
vn -0.6340 -0.1047 -0.7662
vn -0.7872 0.1567 -0.5965
vn -0.7406 0.0133 -0.6718
vn -0.7865 -0.0104 -0.6175
vn -0.8406 0.1740 -0.5130
vn -0.6657 -0.0953 -0.7401
vn -0.6879 -0.0577 -0.7235
vn -0.9573 0.0474 -0.2852
vn -0.9605 0.1330 -0.2443
vn -0.9694 -0.0204 -0.2445
vn -0.9076 0.1134 -0.4043
vn -0.9325 0.0296 -0.3600
vn -0.8097 0.1368 -0.5707
vn -0.5917 -0.1548 -0.7912
vn -0.6396 -0.1503 -0.7538
vn -0.7819 -0.0044 -0.6234
vn -0.7261 -0.1360 -0.6740
vn -0.6668 -0.2884 -0.6871
vn -0.7284 -0.2867 -0.6223
vn -0.7140 -0.3868 -0.5837
vn -0.7951 -0.1648 -0.5836
vn -0.7817 -0.3162 -0.5376
vn -0.7364 -0.4370 -0.5165
vn -0.8435 -0.2059 -0.4960
vn -0.8164 -0.3626 -0.4495
vn -0.7629 -0.4902 -0.4216
vn -0.7274 -0.5297 -0.4363
vn -0.7018 -0.5193 -0.4876
vn -0.6860 -0.6001 -0.4114
vn -0.6829 -0.5732 -0.4529
vn -0.6678 -0.5546 -0.4964
vn -0.6901 -0.5522 -0.4678
vn -0.6586 -0.5929 -0.4632
vn -0.7116 -0.5376 -0.4523
vn -0.7118 -0.5113 -0.4816
vn -0.6889 -0.5836 -0.4299
vn -0.5763 -0.6894 -0.4389
vn -0.5779 -0.7007 -0.4184
vn -0.5277 -0.7405 -0.4162
vn -0.5508 -0.7321 -0.4008
vn -0.5213 -0.7623 -0.3837
vn -0.5322 -0.7529 -0.3871
vn -0.4967 -0.7792 -0.3822
vn -0.3867 -0.8577 -0.3388
vn -0.5180 -0.7666 -0.3796
vn -0.5255 -0.7489 -0.4037
vn -0.7011 -0.5766 -0.4195
vn -0.6463 -0.6567 -0.3887
vn -0.6231 -0.6610 -0.4181
vn -0.7115 -0.5551 -0.4308
vn -0.6838 -0.5790 -0.4440
vn -0.6517 -0.6006 -0.4632
vn -0.6788 -0.6091 -0.4102
vn -0.6378 -0.5960 -0.4879
vn -0.6438 -0.6485 -0.4062
vn -0.5626 -0.7252 -0.3969
vn -0.6933 -0.5938 -0.4083
vn -0.6666 -0.6349 -0.3906
vn -0.5378 -0.7461 -0.3925
vn -0.7600 -0.5866 -0.2800
vn -0.7077 -0.6235 -0.3325
vn -0.6050 -0.7082 -0.3639
vn -0.8000 -0.5661 -0.1989
vn -0.6879 -0.6695 -0.2802
vn -0.8428 -0.5117 -0.1670
vn -0.7911 -0.5910 -0.1579
vn -0.8584 -0.4999 -0.1147
vn -0.8822 -0.4690 -0.0428
vn -0.8908 -0.4542 0.0139
vn -0.2280 -0.9650 0.1293
vn -0.1441 -0.9844 0.1011
vn -0.1786 -0.9754 0.1292
vn 0.0023 -0.9985 0.0538
vn 0.1309 -0.9913 0.0111
vn 0.1143 -0.9928 0.0369
vn 0.2655 -0.9637 -0.0294
vn 0.1808 -0.9833 0.0185
vn 0.2066 -0.9772 0.0492
vn 0.2530 -0.9664 0.0454
vn 0.1772 -0.9812 0.0768
vn 0.2187 -0.9725 0.0796
vn 0.1745 -0.9796 0.0993
vn 0.1342 -0.9836 0.1207
vn 0.1198 -0.9808 0.1539
vn 0.0786 -0.9796 0.1848
vn 0.1435 -0.9546 0.2610
vn 0.1214 -0.9367 0.3284
vn 0.1595 -0.9626 0.2190
vn 0.1565 -0.9549 0.2521
vn 0.1559 -0.9200 0.3595
vn 0.1315 -0.9388 0.3184
vn 0.1314 -0.9244 0.3582
vn 0.1148 -0.8729 0.4742
vn 0.1553 -0.9338 0.3225
vn 0.1774 -0.9387 0.2955
vn 0.2159 -0.9503 0.2242
vn 0.1695 -0.9288 0.3296
vn 0.1735 -0.9088 0.3793
vn 0.2383 -0.9321 0.2726
vn 0.8165 0.5518 0.1700
vn 0.8820 0.4458 0.1527
vn 0.8593 0.4637 0.2159
vn 0.9062 0.3736 0.1981
vn 0.8893 0.3892 0.2402
vn 0.9604 0.1784 0.2138
vn 0.9399 0.2095 0.2696
vn 0.9599 0.0185 0.2796
vn 0.9258 0.3481 0.1477
vn 0.9715 0.1669 0.1686
vn 0.9817 0.1539 0.1119
vn 0.9500 0.3058 0.0629
vn 0.9882 0.1433 0.0545
vn 0.9771 0.2094 0.0382
vn 0.9477 0.3170 0.0365
vn 0.9496 0.3136 -0.0029
vn 0.9259 0.3629 0.1049
vn 0.9266 0.3727 0.0500
vn 0.8807 0.4701 0.0579
vn 0.8746 0.4730 0.1065
vn 0.8252 0.5482 0.1359
vn 0.8411 0.5327 0.0937
vn 0.8173 0.5732 0.0590
vn 0.7342 0.6716 0.0991
vn 0.7156 0.6949 0.0715
vn 0.7178 0.6938 0.0581
vn 0.7516 0.6577 0.0498
vn 0.6295 0.7765 0.0288
vn 0.6986 0.7139 0.0481
vn 0.6677 0.7438 0.0292
vn 0.5907 0.8068 -0.0067
vn 0.6747 0.7376 0.0277
vn 0.5481 0.8361 0.0242
vn 0.5717 0.8203 0.0175
vn 0.5625 0.8267 -0.0127
vn 0.6131 0.7900 0.0058
vn 0.5567 0.8306 0.0127
vn 0.5411 0.8408 -0.0152
vn 0.5388 0.8423 -0.0176
vn 0.5504 0.8347 -0.0191
vn 0.5584 0.8295 -0.0095
vn 0.5169 0.8556 -0.0267
vn 0.6053 0.7957 0.0207
vn 0.5963 0.8025 0.0234
vn 0.5327 0.8463 -0.0005
vn 0.5409 0.8407 -0.0252
vn 0.5402 0.8412 -0.0227
vn 0.5430 0.8394 -0.0259
vn 0.4584 0.8847 -0.0853
vn 0.4491 0.8871 -0.1071
vn 0.4347 0.8967 -0.0837
vn 0.4223 0.9021 -0.0883
vn 0.5522 0.8325 0.0440
vn 0.5284 0.8490 -0.0075
vn 0.5851 0.8108 0.0166
vn 0.4872 0.8733 -0.0005
vn 0.5563 0.8308 0.0167
vn 0.4488 0.8919 -0.0557
vn 0.5141 0.8555 -0.0615
vn 0.4333 0.8989 -0.0649
vn 0.4017 0.9134 -0.0655
vn 0.5220 0.8527 0.0214
vn 0.4062 0.9128 -0.0418
vn 0.4546 0.8907 0.0011
vn 0.3848 0.9218 -0.0475
vn 0.4003 0.9155 -0.0402
vn 0.3585 0.9326 -0.0416
vn 0.4934 0.8698 0.0020
vn 0.4080 0.9130 0.0061
vn 0.3652 0.9303 -0.0347
vn 0.4365 0.8994 0.0228
vn 0.4705 0.8824 0.0016
vn 0.3785 0.9249 -0.0369
vn 0.4149 0.9094 0.0287
vn 0.5463 0.8374 0.0198
vn 0.4399 0.8980 0.0110
vn 0.4318 0.9017 0.0235
vn 0.4605 0.8877 -0.0048
vn 0.4496 0.8927 0.0300
vn 0.4307 0.9010 0.0519
vn 0.5002 0.8638 0.0596
vn 0.5198 0.8534 0.0391
vn 0.3913 0.9197 0.0325
vn 0.4067 0.9095 0.0862
vn 0.4735 0.8687 0.1451
vn 0.4673 0.8698 0.1581
vn 0.4747 0.8732 0.1104
vn 0.3532 0.9320 0.0811
vn 0.3463 0.9309 0.1164
vn 0.4525 0.8894 0.0650
vn 0.4183 0.8966 0.1456
vn 0.5153 0.8553 0.0542
vn 0.4720 0.8728 0.1241
vn 0.4928 0.8669 0.0755
vn 0.5484 0.8281 0.1160
vn 0.5158 0.8562 0.0299
vn 0.4946 0.8689 0.0217
vn 0.4789 0.8684 0.1286
vn 0.5258 0.8441 0.1052
vn 0.5634 0.8229 0.0734
vn 0.5991 0.7946 0.0990
vn 0.6344 0.7677 0.0906
vn 0.6143 0.7865 0.0633
vn 0.3967 0.9109 0.1132
vn 0.4285 0.8913 0.1481
vn 0.5533 0.8303 0.0665
vn 0.5865 0.8066 0.0732
vn 0.6804 0.7310 0.0509
vn 0.6218 0.7819 0.0436
vn 0.6550 0.7550 0.0315
vn 0.7241 0.6897 0.0038
vn 0.6884 0.7225 0.0644
vn 0.7580 0.6518 0.0263
vn 0.7464 0.6644 0.0381
vn 0.8180 0.5745 0.0279
vn 0.8379 0.5447 -0.0349
vn 0.8527 0.5214 0.0316
vn 0.7053 0.7079 -0.0379
vn 0.7914 0.6090 -0.0522
vn 0.9017 0.4322 0.0087
vn 0.9021 0.4226 -0.0876
vn 0.9181 0.3941 -0.0419
vn 0.9258 0.3775 0.0173
vn 0.8728 0.4765 -0.1057
vn 0.9025 0.4158 -0.1120
vn 0.9274 0.3539 -0.1212
vn 0.9412 0.3070 -0.1412
vn 0.9564 0.2918 -0.0142
vn 0.9526 0.2774 -0.1252
vn 0.9678 0.2516 0.0085
vn 0.9641 0.2516 -0.0849
vn 0.9703 0.1888 -0.1511
vn 0.9853 0.0667 -0.1572
vn 0.9902 0.1156 -0.0787
vn 0.9848 0.1735 -0.0094
vn 0.9886 0.1441 0.0433
vn 0.4878 0.8728 0.0167
vn 0.5023 0.8630 -0.0543
vn 0.5582 0.8297 -0.0054
vn 0.5691 0.8172 -0.0911
vn 0.6314 0.7736 -0.0541
vn 0.6902 0.7131 -0.1234
vn 0.7310 0.6794 -0.0637
vn 0.8203 0.5568 -0.1306
vn 0.8164 0.5694 -0.0970
vn 0.8991 0.4051 -0.1658
vn 0.4734 0.8761 -0.0912
vn 0.5697 0.8063 -0.1590
vn 0.7026 0.6796 -0.2110
vn 0.7937 0.5621 -0.2327
vn 0.8683 0.4374 -0.2341
vn 0.9740 0.0355 -0.2236
vn 0.9402 0.2474 -0.2341
vn 0.9528 0.0987 -0.2872
vn 0.8785 0.3347 -0.3408
vn 0.7931 0.4889 -0.3632
vn 0.6173 0.7453 -0.2520
vn 0.4548 0.8825 -0.1195
vn 0.4242 0.9053 -0.0204
vn 0.3883 0.9215 -0.0058
vn 0.9262 0.0867 -0.3669
vn 0.8929 0.1952 -0.4057
vn 0.6744 0.6565 -0.3380
vn 0.4622 0.8648 -0.1962
vn 0.3639 0.9301 -0.0504
vn 0.3130 0.9497 -0.0088
vn 0.3543 0.9295 -0.1019
vn 0.4388 0.8745 -0.2066
vn 0.5373 0.7786 -0.3240
vn 0.6584 0.6138 -0.4355
vn 0.7646 0.4314 -0.4789
vn 0.8466 0.1563 -0.5088
vn 0.8829 -0.0920 -0.4604
vn 0.4375 0.8861 -0.1530
vn 0.7106 0.4346 -0.5534
vn 0.7955 0.2288 -0.5611
vn 0.5437 0.7964 -0.2648
vn 0.6271 0.6551 -0.4213
vn 0.7051 0.4068 -0.5809
vn 0.7438 0.1040 -0.6602
vn 0.7724 -0.0841 -0.6296
vn 0.7442 0.2076 -0.6349
vn 0.7412 0.4708 -0.4785
vn 0.8374 0.2455 -0.4883
vn 0.7526 -0.0465 -0.6569
vn 0.8925 -0.0383 -0.4494
vn 0.6797 0.6802 -0.2746
vn 0.8229 0.5166 -0.2366
vn 0.9328 0.3293 -0.1461
vn 0.9970 0.0298 -0.0709
vn 0.5874 0.7986 -0.1309
vn 0.7327 0.6790 -0.0449
vn 0.8269 0.5555 0.0875
vn 0.9291 0.3207 0.1843
vn 0.9645 0.0036 0.2641
vn 0.3165 0.9481 -0.0298
vn 0.4831 0.8741 -0.0503
vn 0.6269 0.7774 0.0524
vn 0.6987 0.6945 0.1716
vn 0.8461 0.4518 0.2827
vn 0.8886 0.1906 0.4173
vn 0.8357 -0.1401 0.5309
vn 0.2512 0.9677 -0.0200
vn 0.3556 0.9346 0.0025
vn 0.5179 0.8522 0.0749
vn 0.7452 0.5925 0.3061
vn 0.7843 0.3700 0.4980
vn 0.7318 0.0511 0.6796
vn 0.5686 -0.2770 0.7746
vn 0.2512 0.9671 0.0412
vn 0.2425 0.9689 0.0499
vn 0.3850 0.9201 0.0726
vn 0.5306 0.8285 0.1791
vn 0.5962 0.7399 0.3117
vn 0.6121 0.5933 0.5228
vn 0.5437 0.3445 0.7653
vn 0.3747 0.0385 0.9263
vn 0.1868 -0.2418 0.9522
vn 0.2621 0.9608 0.0908
vn 0.1930 0.9760 0.1010
vn 0.2280 0.9663 0.1198
vn 0.3625 0.9188 0.1563
vn 0.4199 0.8610 0.2871
vn 0.4025 0.7785 0.4816
vn 0.3089 0.6211 0.7203
vn 0.1491 0.3789 0.9134
vn -0.0088 0.1252 0.9921
vn -0.1015 -0.1292 0.9864
vn 0.2716 0.9530 0.1343
vn 0.2094 0.9683 0.1365
vn 0.2667 0.9335 0.2397
vn 0.2389 0.8836 0.4027
vn 0.1544 0.7815 0.6045
vn 0.0137 0.5870 0.8094
vn -0.1122 0.3904 0.9138
vn -0.1250 0.1107 0.9860
vn 0.2272 0.9567 0.1818
vn 0.1504 0.9752 0.1625
vn 0.1557 0.9613 0.2271
vn 0.1595 0.9315 0.3268
vn 0.0858 0.8599 0.5032
vn 0.0053 0.7512 0.6601
vn -0.1028 0.3784 0.9199
vn -0.0592 0.2433 0.9681
vn 0.0204 0.1364 0.9904
vn 0.2293 0.9512 0.2065
vn 0.1889 0.9575 0.2178
vn 0.1667 0.9649 0.2031
vn 0.0900 0.9136 0.3965
vn 0.0071 0.6659 0.7460
vn -0.0471 0.5199 0.8529
vn 0.0109 0.3720 0.9282
vn 0.0918 0.2787 0.9560
vn 0.1856 0.1922 0.9637
vn 0.2620 0.9356 0.2366
vn 0.2176 0.9440 0.2478
vn 0.1762 0.9532 0.2458
vn 0.1210 0.9667 0.2256
vn 0.0990 0.9513 0.2920
vn 0.0532 0.7885 0.6127
vn 0.1557 0.9535 0.2581
vn 0.1963 0.9441 0.2650
vn 0.2706 0.9373 0.2195
vn 0.2322 0.9294 0.2869
vn 0.2125 0.9412 0.2625
vn 0.1731 0.9471 0.2701
vn 0.1291 0.9489 0.2881
vn 0.1015 0.9518 0.2893
vn 0.0777 0.9363 0.3426
vn 0.0920 0.8901 0.4464
vn 0.1242 0.9586 0.2561
vn 0.1029 0.9593 0.2630
vn 0.1311 0.9506 0.2815
vn 0.1805 0.9365 0.3008
vn 0.1142 0.9527 0.2816
vn 0.1046 0.9473 0.3028
vn 0.1396 0.9382 0.3166
vn 0.1647 0.9341 0.3169
vn 0.1815 0.9392 0.2916
vn 0.1609 0.9363 0.3122
vn 0.1121 0.9463 0.3034
vn 0.0899 0.9417 0.3242
vn 0.1960 0.9443 0.2643
vn 0.1159 0.9603 0.2537
vn 0.1062 0.9496 0.2950
vn 0.1367 0.9464 0.2926
vn 0.1146 0.9387 0.3252
vn 0.1473 0.9414 0.3034
vn 0.3134 0.9310 0.1870
vn 0.2757 0.9321 0.2350
vn 0.1890 0.9494 0.2510
vn 0.1733 0.9280 0.3298
vn 0.1131 0.9455 0.3055
vn 0.1408 0.9374 0.3186
vn 0.2194 0.9648 0.1449
vn 0.2750 0.9389 0.2068
vn 0.2853 0.9206 0.2667
vn 0.2643 0.9314 0.2503
vn 0.2242 0.9478 0.2269
vn 0.1660 0.9385 0.3028
vn 0.1149 0.9249 0.3625
vn 0.0848 0.9324 0.3514
vn 0.2534 0.9366 0.2419
vn 0.2010 0.9190 0.3392
vn 0.0166 0.9972 0.0723
vn 0.0729 0.9839 0.1631
vn 0.1492 0.9590 0.2408
vn 0.2414 0.9334 0.2654
vn -0.1016 0.9776 0.1842
vn -0.0094 0.9663 0.2572
vn 0.1072 0.9491 0.2961
vn 0.1719 0.9430 0.2849
vn 0.2214 0.9213 0.3198
vn -0.0614 0.9959 0.0659
vn -0.1151 0.9893 0.0899
vn -0.0895 0.9872 0.1318
vn -0.0228 0.9463 0.3224
vn 0.0163 0.9477 0.3186
vn 0.0951 0.9385 0.3320
vn 0.2220 0.8939 0.3894
vn 0.0271 0.9552 0.2949
vn 0.0662 0.9553 0.2880
vn -0.0240 0.9801 0.1972
vn -0.0153 0.9916 0.1288
vn 0.0196 0.9653 0.2604
vn 0.0426 0.9621 0.2695
vn 0.0719 0.9327 0.3535
vn 0.1058 0.9206 0.3759
vn 0.1420 0.8667 0.4781
vn 0.0844 0.8840 0.4598
vn 0.1545 0.8565 0.4924
vn 0.0689 0.9615 0.2660
vn 0.0158 0.8236 0.5669
vn 0.1086 0.8412 0.5297
vn 0.0376 0.7938 0.6071
vn 0.0747 0.8137 0.5765
vn 0.0078 0.9936 0.1126
vn -0.0227 0.9867 0.1607
vn -0.0186 0.9662 0.2573
vn -0.0383 0.9544 0.2961
vn -0.0158 0.9575 0.2881
vn 0.0023 0.9253 0.3792
vn 0.0031 0.8677 0.4971
vn -0.0947 0.9777 0.1873
vn -0.0899 0.9764 0.1963
vn -0.1020 0.9603 0.2597
vn -0.0961 0.9489 0.3004
vn -0.1095 0.9499 0.2926
vn -0.0956 0.9191 0.3822
vn -0.0605 0.8802 0.4708
vn -0.1650 0.9619 0.2179
vn 0.0329 0.9767 0.2120
vn -0.0077 0.9698 0.2437
vn -0.0452 0.9730 0.2262
vn 0.0224 0.7435 0.6683
vn 0.0409 0.7254 0.6871
vn -0.0037 0.7263 0.6874
vn -0.0156 0.7720 0.6354
vn 0.0186 0.7910 0.6115
vn -0.0283 0.8331 0.5524
vn 0.0182 0.8115 0.5841
vn -0.0711 0.8700 0.4880
vn -0.0186 0.8454 0.5338
vn -0.1145 0.8914 0.4386
vn -0.1212 0.9301 0.3467
vn 0.0305 0.7896 0.6129
vn 0.0069 0.7583 0.6519
vn -0.0321 0.7282 0.6846
vn -0.0485 0.7375 0.6737
vn -0.1225 0.7438 0.6571
vn -0.0523 0.6892 0.7226
vn -0.2350 0.7492 0.6192
vn -0.0801 0.7063 0.7034
vn -0.3329 0.7271 0.6004
vn 0.0027 0.7768 0.6297
vn -0.0528 0.7682 0.6381
vn -0.1696 0.7664 0.6196
vn -0.2974 0.7710 0.5631
vn -0.3674 0.7638 0.5306
vn -0.3907 0.7215 0.5717
vn -0.3976 0.6657 0.6314
vn 0.0457 0.8267 0.5608
vn -0.0480 0.8030 0.5940
vn -0.1805 0.7946 0.5797
vn -0.2934 0.8011 0.5217
vn -0.3175 0.8010 0.5075
vn -0.2853 0.7892 0.5439
vn -0.2779 0.7477 0.6031
vn -0.3782 0.7022 0.6032
vn -0.4049 0.6899 0.6001
vn 0.0768 0.8553 0.5124
vn -0.0273 0.8432 0.5369
vn -0.1521 0.8290 0.5381
vn -0.2358 0.8364 0.4947
vn -0.2133 0.8444 0.4915
vn -0.1825 0.8134 0.5524
vn -0.1971 0.8098 0.5526
vn -0.0707 0.8880 0.4544
vn -0.1173 0.8711 0.4768
vn -0.1719 0.8609 0.4788
vn -0.1138 0.8587 0.4996
vn -0.0072 0.8715 0.4904
vn 0.0963 0.8770 0.4708
vn 0.1489 0.8623 0.4840
vn 0.1933 0.8649 0.4633
vn 0.1644 0.8968 0.4107
vn 0.1633 0.8771 0.4517
vn 0.0883 0.8821 0.4627
vn -0.0000 0.8828 0.4698
vn -0.0803 0.8799 0.4683
vn -0.1203 0.8794 0.4607
vn -0.0497 0.8864 0.4602
vn -0.0135 0.8891 0.4575
vn 0.1092 0.9043 0.4128
vn 0.0669 0.9049 0.4202
vn -0.0248 0.9054 0.4239
vn -0.0617 0.9053 0.4203
vn -0.0026 0.8957 0.4446
vn 0.0589 0.9033 0.4248
vn 0.0115 0.9184 0.3955
vn -0.0141 0.8911 0.4535
vn -0.1008 0.8587 0.5025
vn 0.0096 0.9282 0.3720
vn 0.0487 0.9181 0.3933
vn 0.1047 0.9094 0.4026
vn 0.0473 0.9217 0.3851
vn 0.0258 0.9144 0.4039
vn 0.0036 0.8384 0.5450
vn 0.0914 0.9418 0.3235
vn 0.1345 0.9179 0.3733
vn 0.0805 0.9163 0.3924
vn 0.0863 0.8670 0.4908
vn 0.1319 0.9283 0.3476
vn 0.0740 0.9356 0.3452
vn 0.0714 0.9255 0.3720
vn 0.1153 0.8848 0.4515
vn 0.1887 0.7641 0.6169
vn 0.1202 0.7567 0.6426
vn -0.0184 0.7965 0.6044
vn 0.1133 0.9033 0.4137
vn 0.2074 0.8019 0.5603
vn 0.2300 0.6474 0.7266
vn 0.1519 0.8302 0.5364
vn 0.3077 0.6790 0.6665
vn 0.3672 0.5413 0.7564
vn 0.3060 0.4968 0.8121
vn 0.1924 0.7122 0.6751
vn 0.2887 0.6475 0.7053
vn 0.3966 0.5127 0.7615
vn 0.4646 0.2719 0.8427
vn 0.4323 0.2736 0.8592
vn 0.1034 0.8039 0.5857
vn 0.2692 0.5516 0.7895
vn 0.3401 0.4590 0.8208
vn 0.4514 0.3494 0.8211
vn 0.0867 0.6564 0.7494
vn 0.1535 0.4860 0.8604
vn 0.5094 0.2026 0.8364
vn 0.0669 0.5259 0.8479
vn 0.2430 0.3390 0.9089
vn 0.3284 0.2754 0.9035
vn 0.4161 0.2245 0.8812
vn 0.2788 0.1308 0.9514
vn 0.9662 0.2382 0.0985
vn 0.9910 0.1319 0.0227
vn 0.9958 0.0489 0.0774
vn 0.2861 0.9019 -0.3237
vn 0.3913 0.8881 -0.2412
vn 0.3728 0.8825 -0.2867
vn 0.4886 0.8679 -0.0895
vn 0.4587 0.8758 -0.1501
vn 0.6140 0.7856 -0.0766
vn 0.6949 0.7165 -0.0612
vn 0.7080 0.6983 -0.1051
vn 0.8358 0.5490 -0.0064
vn 0.8328 0.5483 -0.0766
vn 0.9050 0.4243 -0.0308
vn 0.9711 0.2329 -0.0520
vn 0.9990 -0.0018 0.0437
vn 0.4495 0.8765 -0.1721
vn 0.5260 0.8483 -0.0610
vn 0.9004 0.4349 0.0098
vn 0.9797 0.1280 0.1545
vn 0.7826 0.6115 0.1168
vn 0.5067 0.8597 -0.0647
vn 0.5538 0.8281 -0.0869
vn 0.7330 0.6742 -0.0900
vn 0.6575 0.7534 -0.0099
vn 0.6962 0.6969 0.1721
vn 0.8874 0.3692 0.2759
vn 0.7997 0.5004 0.3318
vn 0.7327 0.6231 0.2738
vn 0.8186 0.3438 0.4601
vn 0.7640 0.5298 0.3682
vn 0.7985 0.3463 0.4924
vn 0.4768 0.8749 -0.0851
vn 0.5158 0.8507 -0.1010
vn 0.5177 0.8493 -0.1038
vn 0.6078 0.7930 0.0411
vn 0.5580 0.8269 -0.0699
vn 0.4574 0.8816 -0.1163
vn 0.6071 0.7867 0.1117
vn 0.6679 0.7145 0.2083
vn 0.5293 0.8453 -0.0727
vn 0.5672 0.8055 0.1715
vn 0.5180 0.8494 0.1015
vn 0.4258 0.8993 -0.1002
vn 0.4534 0.8872 -0.0851
vn 0.5140 0.8577 0.0134
vn 0.4232 0.9060 -0.0060
vn 0.4089 0.9089 -0.0814
vn 0.4876 0.8714 0.0549
vn 0.4417 0.8972 -0.0032
vn 0.3857 0.9196 -0.0751
vn 0.4012 0.9144 -0.0530
vn 0.4653 0.8837 -0.0506
vn 0.4819 0.8749 -0.0488
vn 0.5271 0.8406 0.1246
vn 0.5085 0.8585 0.0670
vn 0.3815 0.9239 -0.0289
vn 0.4345 0.8998 -0.0386
vn 0.6036 0.7630 0.2313
vn 0.5549 0.8138 0.1727
vn 0.5963 0.7944 0.1161
vn 0.5084 0.8606 0.0309
vn 0.5710 0.8085 0.1423
vn 0.5861 0.8081 0.0586
vn 0.4993 0.8664 -0.0004
vn 0.4382 0.8983 -0.0327
vn 0.6471 0.7169 0.2595
vn 0.6415 0.7476 0.1717
vn 0.6125 0.7819 0.1161
vn 0.4404 0.8978 -0.0105
vn 0.5960 0.7992 0.0777
vn 0.6149 0.7824 0.0990
vn 0.5441 0.8381 0.0399
vn 0.4595 0.8879 -0.0210
vn 0.4291 0.9029 -0.0249
vn 0.4253 0.9049 -0.0145
vn 0.6661 0.7320 0.1432
vn 0.6199 0.7778 0.1034
vn 0.6361 0.7650 0.1002
vn 0.5467 0.8361 0.0453
vn 0.4631 0.8859 0.0276
vn 0.6270 0.7750 0.0789
vn 0.6131 0.7870 0.0695
vn 0.6107 0.7866 0.0908
vn 0.5696 0.8201 0.0542
vn 0.6033 0.7964 0.0423
vn 0.6230 0.7804 0.0537
vn 0.7241 0.6782 0.1256
vn 0.7740 0.6072 0.1798
vn 0.8693 0.4046 0.2841
vn 0.9277 0.1820 0.3259
vn 0.8329 0.4893 0.2586
vn 0.8179 0.4910 0.2999
vn 0.8365 0.4328 0.3362
vn 0.9096 0.1772 0.3759
vn 0.7388 0.6437 0.1996
vn 0.7809 0.5752 0.2437
vn 0.8451 0.3686 0.3871
vn 0.8887 0.0772 0.4519
vn 0.7543 0.5487 0.3603
vn 0.7603 0.5697 0.3121
vn 0.7651 0.5869 0.2650
vn 0.7917 0.4309 0.4331
vn 0.8630 0.1435 0.4844
vn 0.7132 0.6663 0.2176
vn 0.6765 0.6506 0.3451
vn 0.8401 0.3749 0.3920
vn 0.8112 0.4344 0.3916
vn 0.8695 0.2440 0.4296
vn 0.8797 0.1273 0.4581
vn 0.7978 0.4998 0.3371
vn 0.6923 0.6617 0.2879
vn 0.7333 0.6097 0.3009
vn 0.5289 0.4105 -0.7428
vn 0.7522 0.0841 -0.6535
vn 0.5976 0.0721 -0.7985
vn 0.7032 0.3395 -0.6247
vn 0.9050 0.0674 -0.4199
vn 0.8368 0.3607 -0.4119
vn 0.9558 0.2205 -0.1943
vn 0.9154 0.4018 -0.0257
vn 0.9922 0.1196 0.0356
vn 0.7418 0.5529 -0.3796
vn 0.6163 0.5471 -0.5664
vn 0.3537 0.4911 -0.7961
vn 0.4103 0.2957 -0.8627
vn 0.2470 0.4702 -0.8473
vn 0.2528 0.0921 -0.9631
vn 0.0969 0.4540 -0.8857
vn 0.1730 0.1180 -0.9778
vn 0.1970 0.8261 -0.5280
vn 0.2714 0.8475 -0.4562
vn 0.2012 0.7939 -0.5738
vn 0.2949 0.7416 -0.6025
vn 0.3725 0.7641 -0.5267
vn 0.4239 0.7768 -0.4658
vn 0.5337 0.6745 -0.5101
vn 0.6294 0.6958 -0.3458
vn 0.5059 0.7744 -0.3801
vn 0.2514 0.8648 -0.4347
vn 0.2220 0.8061 -0.5485
vn 0.7786 0.5902 -0.2132
vn 0.3809 0.8397 -0.3869
vn 0.3140 0.8523 -0.4182
vn 0.2671 0.8131 -0.5172
vn 0.6188 0.7447 -0.2501
vn 0.3137 0.8808 -0.3547
vn 0.2925 0.8816 -0.3703
vn 0.5288 0.8120 -0.2470
vn 0.7955 0.6010 -0.0776
vn 0.9060 0.4213 0.0401
vn 0.3036 0.8740 -0.3795
vn 0.4955 0.7739 -0.3945
vn 0.5073 0.7895 -0.3455
vn 0.4807 0.8220 -0.3054
vn 0.4711 0.7965 -0.3790
vn 0.4304 0.8318 -0.3504
vn 0.4056 0.8577 -0.3161
vn 0.3770 0.8562 -0.3533
vn 0.3460 0.8667 -0.3593
vn 0.3077 0.8828 -0.3550
vn 0.3937 0.8212 -0.4131
vn 0.4630 0.7656 -0.4467
vn 0.3324 0.7880 -0.5182
vn 0.4187 0.7677 -0.4851
vn 0.5364 0.6795 -0.5005
vn 0.5228 0.7164 -0.4621
vn 0.6125 0.6523 -0.4465
vn 0.3501 0.7110 -0.6099
vn 0.4019 0.7191 -0.5669
vn 0.5224 0.6430 -0.5600
vn 0.6334 0.5945 -0.4953
vn 0.6125 0.5461 -0.5715
vn 0.4759 0.6042 -0.6392
vn 0.4035 0.6661 -0.6272
vn 0.2466 0.7197 -0.6490
vn 0.3673 0.6248 -0.6890
vn 0.5947 0.4866 -0.6400
vn 0.6642 0.4703 -0.5811
vn 0.7745 0.3568 -0.5223
vn 0.7341 0.4521 -0.5066
vn 0.5178 0.4962 -0.6969
vn 0.7301 0.3154 -0.6062
vn 0.8200 0.2451 -0.5172
vn 0.4240 0.5121 -0.7470
vn 0.6678 0.3067 -0.6783
vn 0.8135 0.1920 -0.5490
vn 0.8839 0.0479 -0.4653
vn 0.5677 0.3798 -0.7304
vn 0.7759 0.1290 -0.6176
vn 0.5291 0.3204 -0.7857
vn 0.4014 0.4787 -0.7809
vn 0.6794 0.1850 -0.7101
vn 0.5062 0.1651 -0.8465
vn 0.6885 0.0584 -0.7229
vn 0.8582 0.2796 -0.4306
vn 0.9048 0.1233 -0.4075
vn 0.9193 0.2098 -0.3329
vn 0.9649 -0.0812 -0.2496
vn 0.8020 0.3960 -0.4472
vn 0.8653 0.3508 -0.3581
vn 0.9670 0.0767 -0.2430
vn 0.9361 0.2539 -0.2436
vn 0.9693 0.0447 -0.2418
vn 0.8488 0.4415 -0.2909
vn 0.8182 0.4409 -0.3690
vn 0.7379 0.5086 -0.4436
vn 0.7126 0.5737 -0.4039
vn 0.7741 0.5232 -0.3565
vn 0.8272 0.4833 -0.2867
vn 0.6593 0.6470 -0.3831
vn 0.7482 0.5819 -0.3189
vn 0.5425 0.7213 -0.4305
vn 0.5970 0.7010 -0.3902
vn 0.6528 0.6832 -0.3271
vn 0.6072 0.7261 -0.3225
vn 0.5611 0.7432 -0.3644
vn 0.5494 0.7310 -0.4047
vn 0.5046 0.7993 -0.3263
vn 0.5032 0.8173 -0.2807
vn 0.5267 0.7790 -0.3403
vn 0.5519 0.7724 -0.3143
vn 0.5004 0.8164 -0.2882
vn 0.5061 0.8265 -0.2465
vn 0.4814 0.8424 -0.2421
vn 0.3905 0.8728 -0.2928
vn 0.3377 0.8798 -0.3345
vn 0.3649 0.8711 -0.3288
vn 0.4741 0.8384 -0.2691
vn 0.4950 0.8385 -0.2277
vn 0.4868 0.8517 -0.1940
vn 0.4418 0.8525 -0.2794
vn 0.4634 0.8685 -0.1759
vn 0.4252 0.8663 -0.2623
vn 0.3644 0.8812 -0.3012
vn 0.4733 0.8578 -0.2002
vn 0.4383 0.8734 -0.2124
vn 0.4477 0.8791 -0.1637
vn 0.4351 0.8899 -0.1372
vn 0.4193 0.8880 -0.1886
vn 0.3948 0.8867 -0.2404
vn 0.3695 0.8916 -0.2618
vn 0.3422 0.8868 -0.3105
vn 0.4241 0.8926 -0.1530
vn 0.4688 0.8825 -0.0377
vn 0.4093 0.8978 -0.1625
vn 0.4494 0.8904 -0.0727
vn 0.4455 0.8932 -0.0604
vn 0.4228 0.9038 -0.0665
vn 0.5083 0.8573 -0.0819
vn 0.4117 0.9057 -0.1013
vn 0.4280 0.8971 -0.1097
vn 0.4678 0.8796 -0.0860
vn 0.5010 0.8636 -0.0556
vn 0.5116 0.8591 -0.0150
vn 0.4810 0.8743 -0.0656
vn 0.3892 0.9150 -0.1063
vn 0.4021 0.9092 -0.1075
vn 0.5282 0.8491 -0.0058
vn 0.4650 0.8829 -0.0654
vn 0.5171 0.8558 0.0165
vn 0.5314 0.8470 0.0110
vn 0.4490 0.8920 -0.0518
vn 0.3696 0.9232 -0.1054
vn 0.3887 0.9201 -0.0487
vn 0.4857 0.8741 0.0088
vn 0.4579 0.8890 0.0079
vn 0.4862 0.8725 0.0480
vn 0.5475 0.8338 0.0711
vn 0.5836 0.8096 0.0632
vn 0.5218 0.8510 0.0598
vn 0.3716 0.9284 0.0003
vn 0.3677 0.9299 0.0107
vn 0.3715 0.9281 0.0234
vn 0.6083 0.7875 0.0993
vn 0.6101 0.7896 0.0651
vn 0.4586 0.8884 0.0218
vn 0.3565 0.9339 -0.0249
vn 0.3710 0.9274 -0.0476
vn 0.4703 0.8818 -0.0351
vn 0.3503 0.9326 -0.0870
vn 0.4640 0.8838 -0.0593
vn 0.4615 0.8841 -0.0737
vn 0.5886 0.8057 0.0668
vn 0.6322 0.7735 0.0449
vn 0.5387 0.8423 0.0163
vn 0.4953 0.8679 -0.0390
vn 0.4767 0.8790 -0.0125
vn 0.5785 0.8155 -0.0153
vn 0.4673 0.8839 -0.0197
vn 0.3646 0.9267 -0.0910
vn 0.4454 0.8939 -0.0512
vn 0.3333 0.9351 -0.1205
vn 0.4094 0.9106 -0.0558
vn 0.2929 0.9481 -0.1238
vn 0.3364 0.9388 -0.0736
vn 0.2157 0.9673 -0.1332
vn 0.2844 0.9547 -0.0880
vn 0.3973 0.9166 -0.0439
vn 0.4176 0.9073 -0.0495
vn 0.5616 0.8262 0.0457
vn 0.5079 0.8613 0.0129
vn 0.4181 0.9082 -0.0175
vn 0.5191 0.8544 0.0232
vn 0.5462 0.8375 0.0180
vn 0.5824 0.8127 0.0205
vn 0.4669 0.8841 0.0199
vn 0.5451 0.8382 0.0193
vn 0.4610 0.8861 0.0482
vn 0.4321 0.8992 0.0694
vn 0.3730 0.9275 0.0242
vn 0.3703 0.9241 0.0949
vn 0.3234 0.9386 0.1200
vn 0.3801 0.9249 0.0065
vn 0.3476 0.9348 0.0735
vn 0.3442 0.9384 0.0322
vn 0.3341 0.9424 0.0168
vn 0.2648 0.9643 0.0038
vn 0.1974 0.9801 -0.0222
vn 0.1763 0.9842 0.0183
vn 0.2475 0.9686 0.0213
vn 0.3285 0.9434 0.0466
vn 0.3382 0.9328 0.1243
vn 0.1257 0.9918 -0.0233
vn 0.2591 0.9651 0.0379
vn 0.3257 0.9403 0.0990
vn 0.2793 0.9515 0.1288
vn 0.3234 0.9344 0.1491
vn 0.3173 0.9411 0.1168
vn 0.3994 0.9014 0.1673
vn 0.3348 0.9267 0.1709
vn 0.2546 0.9547 0.1539
vn 0.1435 0.9868 0.0747
vn 0.0994 0.9817 0.1624
vn 0.2091 0.9695 0.1279
vn 0.2416 0.9556 0.1689
vn 0.3767 0.9087 0.1801
vn 0.3594 0.9183 0.1662
vn 0.1599 0.9713 0.1759
vn 0.0346 0.9892 0.1424
vn 0.0649 0.9795 0.1909
vn 0.1846 0.9694 0.1621
vn 0.3039 0.9350 0.1829
vn 0.3303 0.9206 0.2082
vn 0.3977 0.9011 0.1728
vn 0.3589 0.9119 0.1990
vn 0.3181 0.9385 0.1345
vn 0.2411 0.9534 0.1812
vn 0.3914 0.9061 0.1604
vn 0.1081 0.9886 0.1045
vn 0.0634 0.9913 0.1158
vn 0.0867 0.9785 0.1871
vn 0.2496 0.9523 0.1757
vn 0.3265 0.9232 0.2025
vn 0.2892 0.9426 0.1669
vn 0.3112 0.9397 0.1422
vn 0.1792 0.9775 0.1109
vn 0.1335 0.9888 0.0663
vn 0.1335 0.9876 0.0822
vn 0.1358 0.9889 0.0597
vn 0.1958 0.9748 0.1065
vn 0.4171 0.9019 0.1119
vn 0.4436 0.8878 0.1229
vn 0.2798 0.9489 0.1458
vn 0.3265 0.9317 0.1592
vn 0.3614 0.9202 0.1506
vn 0.3342 0.9341 0.1257
vn 0.2776 0.9580 0.0725
vn 0.3343 0.9338 0.1274
vn 0.3629 0.9252 0.1107
vn 0.4263 0.8992 0.0983
vn 0.3385 0.9332 0.1202
vn 0.3209 0.9359 0.1453
vn 0.3660 0.9286 0.0604
vn 0.4330 0.8954 0.1039
vn 0.3510 0.9333 0.0765
vn 0.2867 0.9421 0.1738
vn 0.3738 0.9112 0.1730
vn 0.3569 0.9274 0.1123
vn 0.3485 0.9190 0.1845
vn 0.2998 0.9406 0.1595
vn 0.4226 0.8972 0.1285
vn 0.3599 0.9280 0.0969
vn 0.3253 0.9341 0.1474
vn 0.4597 0.8806 0.1151
vn 0.3933 0.9127 0.1109
vn 0.3806 0.9107 0.1603
vn 0.4001 0.9039 0.1513
vn 0.3350 0.9323 0.1362
vn 0.2896 0.9482 0.1306
vn 0.3986 0.9079 0.1297
vn 0.4645 0.8769 0.1240
vn 0.3024 0.9429 0.1397
vn 0.3900 0.9098 0.1421
vn 0.3642 0.9261 0.0985
vn 0.5095 0.8592 0.0457
vn 0.4094 0.9036 0.1261
vn 0.3401 0.9346 0.1043
vn 0.3268 0.9391 0.1061
vn 0.4411 0.8973 0.0181
vn 0.3520 0.9266 0.1325
vn 0.3136 0.9421 0.1185
vn 0.3790 0.9238 0.0553
vn 0.3389 0.9396 0.0487
vn 0.3218 0.9404 0.1096
vn 0.2729 0.9483 0.1622
vn 0.3136 0.9367 0.1555
vn 0.2826 0.9375 0.2031
vn 0.3369 0.9291 0.1526
vn 0.3227 0.9410 0.1019
vn 0.1768 0.9518 0.2507
vn 0.2218 0.9463 0.2351
vn 0.2763 0.9380 0.2092
vn 0.2784 0.9476 0.1564
vn -0.0125 0.9950 0.0993
vn 0.0081 0.9989 0.0465
vn 0.1589 0.9853 0.0622
vn 0.2750 0.9403 0.2004
vn 0.0743 0.9552 0.2865
vn 0.0197 0.9907 0.1346
vn 0.0917 0.9957 0.0092
vn 0.2575 0.9629 0.0811
vn 0.1869 0.9528 0.2393
vn 0.1007 0.9573 0.2711
vn 0.0636 0.9799 0.1891
vn 0.0327 0.9934 0.1096
vn 0.1502 0.9874 0.0498
vn 0.2542 0.9605 0.1136
vn 0.1035 0.9710 0.2154
vn 0.2114 0.9546 0.2097
vn 0.1698 0.9547 0.2444
vn 0.1639 0.9722 0.1672
vn 0.1602 0.9808 0.1112
vn 0.0965 0.9892 0.1101
vn 0.0264 0.9803 0.1958
vn 0.0778 0.9822 0.1712
vn 0.0518 0.9755 0.2136
vn 0.0925 0.9799 0.1766
vn 0.1723 0.9631 0.2067
vn 0.3224 0.9334 0.1573
vn 0.0912 0.9756 0.1999
vn 0.0336 0.9888 0.1452
vn 0.0391 0.9691 0.2434
vn 0.3355 0.9290 0.1563
vn 0.2362 0.9569 0.1689
vn 0.0617 0.9773 0.2028
vn 0.0378 0.9776 0.2070
vn 0.1088 0.9750 0.1939
vn 0.3830 0.9114 0.1507
vn 0.0974 0.9900 0.1021
vn 0.1714 0.9793 0.1075
vn 0.2584 0.9573 0.1300
vn 0.3797 0.9170 0.1224
vn 0.0977 0.9949 0.0239
vn -0.0315 0.9962 0.0816
vn 0.1097 0.9927 0.0504
vn 0.1701 0.9854 0.0124
vn 0.1886 0.9818 0.0235
vn 0.2028 0.9780 0.0483
vn 0.2020 0.9794 -0.0041
vn 0.2023 0.9782 -0.0462
vn 0.1982 0.9799 0.0241
vn 0.1322 0.9912 -0.0112
vn 0.0210 0.9936 0.1114
vn 0.0477 0.9986 0.0243
vn 0.1865 0.9797 -0.0730
vn 0.1529 0.9839 -0.0930
vn 0.0202 0.9937 0.1098
vn -0.0281 0.9979 0.0576
vn 0.0069 0.9998 -0.0189
vn 0.0907 0.9935 -0.0686
vn 0.1146 0.9870 -0.1128
vn 0.0181 0.9962 -0.0857
vn -0.0580 0.9979 -0.0278
vn -0.0707 0.9972 0.0225
vn -0.0025 0.9988 0.0498
vn 0.0868 0.9944 0.0607
vn -0.1126 0.9932 -0.0297
vn -0.0619 0.9976 0.0294
vn -0.0975 0.9908 -0.0933
vn -0.0601 0.9981 -0.0145
vn 0.0376 0.9991 -0.0203
vn 0.1880 0.9801 -0.0632
vn 0.2256 0.9732 -0.0453
vn 0.2661 0.9623 -0.0554
vn 0.3141 0.9491 -0.0215
vn 0.3795 0.9249 -0.0233
vn 0.3336 0.9411 -0.0556
vn 0.1784 0.9773 -0.1139
vn 0.2258 0.9696 -0.0944
vn 0.0427 0.9931 -0.1092
vn 0.0740 0.9888 -0.1294
vn 0.1301 0.9821 -0.1364
vn 0.1408 0.9807 -0.1353
vn 0.1651 0.9793 -0.1169
vn 0.1925 0.9718 -0.1362
vn 0.2381 0.9630 -0.1261
vn 0.0877 0.9946 -0.0555
vn 0.2001 0.9762 -0.0836
vn 0.1445 0.9888 -0.0383
vn 0.2930 0.9479 -0.1248
vn 0.3678 0.9231 -0.1121
vn 0.2705 0.9575 -0.1004
vn 0.2406 0.9687 -0.0605
vn 0.2061 0.9782 -0.0272
vn 0.3101 0.9482 -0.0695
vn 0.3459 0.9306 -0.1199
vn 0.3377 0.9338 -0.1185
vn 0.2833 0.9585 -0.0306
vn 0.2300 0.9730 0.0160
vn 0.3251 0.9456 -0.0088
vn 0.2489 0.9679 0.0344
vn 0.1830 0.9820 -0.0463
vn 0.3732 0.9277 -0.0087
vn 0.3565 0.9342 0.0133
vn 0.3679 0.9278 -0.0622
vn 0.3733 0.9268 0.0398
vn 0.2990 0.9543 0.0005
vn 0.3568 0.9279 -0.1081
vn 0.4025 0.9114 -0.0853
vn 0.4291 0.9032 0.0034
vn 0.4542 0.8895 -0.0499
vn 0.9972 0.0685 0.0302
vn 1.0000 0.0075 -0.0005
vn 0.9859 -0.1653 0.0249
vn 0.9944 0.0135 0.1045
vn 0.9841 0.0315 0.1750
vn 0.9927 -0.1096 0.0512
vn 0.9878 -0.0983 0.1209
vn 0.9715 -0.2330 0.0429
vn 0.9825 -0.1825 0.0360
vn 0.9778 -0.2030 0.0510
vn 0.9739 -0.2207 0.0519
vn 0.9749 -0.2015 0.0943
vn 0.9811 -0.1738 0.0847
vn 0.9666 -0.2354 0.1010
vn 0.9743 -0.1715 0.1462
vn 0.9457 -0.3068 0.1074
vn 0.9542 -0.2377 0.1817
vn 0.9563 -0.2366 0.1719
vn 0.9706 0.0463 0.2362
vn 0.9805 -0.0548 0.1888
vn -0.0834 -0.1857 -0.9790
vn -0.0588 0.0437 -0.9973
vn -0.0657 -0.2350 -0.9698
vn 0.2708 0.1228 -0.9548
vn 0.1774 0.3442 -0.9220
vn 0.0982 0.1337 -0.9862
vn 0.0745 0.5297 -0.8449
vn -0.0107 0.3451 -0.9385
vn 0.0296 0.6054 -0.7953
vn -0.0644 0.0585 -0.9962
vn -0.0427 0.2954 -0.9544
vn -0.0117 0.4611 -0.8873
vn 0.0579 0.6050 -0.7941
vn 0.1631 0.5867 -0.7932
vn 0.2455 0.4915 -0.8356
vn 0.3492 0.3575 -0.8662
vn 0.4060 0.0422 -0.9129
vn 0.6346 -0.0141 -0.7727
vn 0.1702 0.5996 -0.7819
vn 0.1104 0.6617 -0.7416
vn 0.0760 0.6798 -0.7294
vn 0.1097 0.7186 -0.6867
vn 0.2832 0.6086 -0.7412
vn 0.2800 0.5983 -0.7508
vn 0.2127 0.6966 -0.6852
vn 0.1664 0.6761 -0.7177
vn 0.4085 0.6351 -0.6556
vn 0.1434 0.7503 -0.6454
vn 0.1688 0.7256 -0.6671
vn 0.9896 -0.0350 0.1394
vn 0.9342 -0.3306 0.1339
vn 0.8745 -0.4414 0.2009
vn 0.9868 -0.0323 0.1589
vn 0.9630 -0.2691 0.0117
vn 0.9581 -0.1783 -0.2242
vn 0.8765 -0.2143 -0.4310
vn 0.7398 -0.2471 -0.6258
vn 0.8617 -0.4784 -0.1693
vn 0.9408 -0.3037 0.1505
vn 0.9607 -0.2057 0.1862
vn 0.8676 -0.4502 0.2112
vn 0.7638 -0.5879 0.2666
vn 0.7492 -0.6117 0.2542
vn 0.6753 -0.6627 0.3238
vn 0.8086 -0.5883 -0.0101
vn 0.7939 -0.5933 0.1332
vn 0.8880 -0.4083 0.2116
vn 0.6828 -0.6782 0.2717
vn 0.5961 -0.7364 0.3199
vn 0.5609 -0.7591 0.3304
vn 0.7768 -0.5864 0.2296
vn 0.5783 -0.7295 0.3652
vn 0.5525 -0.7685 0.3227
vn 0.6049 -0.7208 0.3384
vn 0.6177 -0.7742 -0.1380
vn 0.6766 -0.7361 0.0170
vn 0.5817 -0.8115 0.0547
vn 0.6550 -0.7382 0.1614
vn 0.7084 -0.6630 0.2422
vn 0.5823 -0.7617 0.2843
vn 0.4971 -0.8261 -0.2656
vn 0.5190 -0.8515 -0.0754
vn 0.3996 -0.9081 -0.1250
vn 0.4476 -0.8937 0.0296
vn 0.5001 -0.8567 0.1265
vn 0.5500 -0.8107 0.2006
vn 0.5758 -0.7789 0.2483
vn 0.3455 -0.9360 -0.0673
vn 0.4967 -0.8196 0.2856
vn 0.3830 -0.9175 0.1075
vn 0.4013 -0.8992 0.1744
vn 0.4499 -0.8623 0.2326
vn 0.4931 -0.8252 0.2757
vn 0.5916 -0.7551 0.2824
vn 0.4495 -0.8633 0.2295
vn 0.5766 -0.7875 0.2177
vn 0.6370 -0.7499 0.1786
vn 0.7010 -0.6903 0.1788
vn 0.6773 -0.7229 0.1366
vn 0.7349 -0.6632 0.1420
vn 0.4659 -0.8617 0.2008
vn 0.3767 -0.9096 0.1750
vn 0.3214 -0.9406 0.1099
vn 0.3455 -0.9307 0.1205
vn 0.4893 -0.8530 0.1818
vn 0.5667 -0.8076 0.1633
vn 0.6309 -0.7627 0.1420
vn 0.6298 -0.7708 0.0958
vn 0.6883 -0.7184 0.1012
vn 0.4125 -0.8992 0.1459
vn 0.5888 -0.7998 0.1166
vn 0.2776 -0.9579 0.0734
vn 0.3468 -0.9346 0.0788
vn 0.2524 -0.9675 0.0158
vn 0.5165 -0.8456 0.1346
vn 0.3471 -0.9373 0.0317
vn 0.4289 -0.8962 0.1133
vn 0.4504 -0.8880 0.0927
vn 0.5322 -0.8427 0.0814
vn 0.5885 -0.8065 0.0569
vn 0.6379 -0.7666 0.0733
vn 0.6446 -0.7609 0.0748
vn 0.6027 -0.7957 0.0596
vn 0.6247 -0.7778 0.0692
vn 0.5640 -0.8239 0.0557
vn 0.6757 -0.7325 0.0831
vn 0.7262 -0.6792 0.1061
vn 0.7225 -0.6848 0.0951
vn 0.7155 -0.6943 0.0771
vn 0.7683 -0.6284 0.1218
vn 0.6544 -0.7537 0.0606
vn 0.6456 -0.7608 0.0667
vn 0.6190 -0.7815 0.0781
vn 0.7724 -0.6268 0.1023
vn 0.5853 -0.8105 0.0222
vn 0.5945 -0.8017 0.0614
vn 0.8091 -0.5606 0.1765
vn 0.8258 -0.5415 0.1578
vn 0.8731 -0.4448 0.1995
vn 0.8359 -0.5300 0.1423
vn 0.7944 -0.5255 0.3047
vn 0.8455 -0.4563 0.2774
vn 0.8426 -0.4846 0.2349
vn 0.8156 -0.5685 0.1077
vn 0.8900 -0.4293 0.1536
vn 0.8790 -0.3925 0.2707
vn 0.7832 -0.5216 0.3384
vn 0.8270 -0.4638 0.3178
vn 0.9120 -0.3467 0.2194
vn 0.8585 -0.4968 0.1269
vn 0.9178 -0.3596 0.1685
vn 0.8868 -0.3630 0.2859
vn 0.9362 -0.2943 0.1922
vn 0.9008 -0.3401 0.2700
vn 0.9403 -0.3030 0.1551
vn 0.9076 -0.3979 0.1341
vn 0.9240 -0.2884 0.2511
vn 0.8855 -0.4479 0.1237
vn 0.9542 -0.2338 0.1868
vn 0.9431 -0.2450 0.2247
vn 0.9657 -0.1848 0.1827
vn 0.9639 -0.2171 0.1545
vn 0.8425 -0.5309 0.0916
vn 0.9586 -0.2514 0.1335
vn 0.9276 -0.3542 0.1186
vn 0.9755 -0.1622 0.1488
vn 0.9687 -0.1713 0.1799
vn 0.8062 -0.5866 0.0767
vn 0.7676 -0.6383 0.0585
vn 0.7518 -0.6583 0.0374
vn 0.7173 -0.6963 0.0234
vn 0.6829 -0.7304 -0.0071
vn 0.6802 -0.7330 -0.0054
vn 0.7722 -0.6298 0.0843
vn 0.5958 -0.8008 -0.0623
vn 0.6464 -0.7619 -0.0413
vn 0.5838 -0.8076 -0.0828
vn 0.6905 -0.7215 0.0516
vn 0.6068 -0.7942 -0.0328
vn 0.5815 -0.8103 -0.0721
vn 0.5847 -0.8107 -0.0301
vn 0.6564 -0.7544 0.0062
vn 0.6082 -0.7930 -0.0353
vn 0.5501 -0.8338 -0.0459
vn 0.5501 -0.8345 -0.0332
vn 0.6825 -0.7262 0.0832
vn 0.6322 -0.7747 0.0102
vn 0.6112 -0.7878 0.0766
vn 0.6958 -0.7127 0.0890
vn 0.6141 -0.7154 0.3333
vn 0.6624 -0.7472 0.0541
vn 0.6167 -0.7846 0.0630
vn 0.5006 -0.8638 -0.0573
vn 0.6000 -0.7988 0.0437
vn 0.5528 -0.8330 0.0235
vn 0.5367 -0.8432 0.0313
vn 0.5440 -0.8390 0.0121
vn 0.4657 -0.8847 -0.0207
vn 0.5177 -0.8550 0.0312
vn 0.5473 -0.8368 -0.0160
vn 0.5451 -0.8352 0.0728
vn 0.5512 -0.8332 0.0445
vn 0.5746 -0.8178 0.0336
vn 0.5144 -0.8562 0.0485
vn 0.5161 -0.8564 0.0146
vn 0.5171 -0.8548 0.0450
vn 0.4916 -0.8705 0.0223
vn 0.5352 -0.8447 0.0110
vn 0.5051 -0.8629 0.0171
vn 0.5135 -0.8580 -0.0112
vn 0.5042 -0.8635 -0.0153
vn 0.4858 -0.8735 0.0317
vn 0.4752 -0.8786 -0.0472
vn 0.5538 -0.8324 0.0202
vn 0.5225 -0.8520 0.0322
vn 0.4478 -0.8933 0.0392
vn 0.4489 -0.8934 -0.0178
vn 0.3274 -0.9439 -0.0427
vn 0.3790 -0.9253 -0.0114
vn 0.2415 -0.9466 -0.2137
vn 0.2422 -0.9583 -0.1517
vn 0.3154 -0.9341 -0.1676
vn 0.2378 -0.9676 -0.0845
vn 0.3054 -0.9472 -0.0971
vn 0.2640 -0.9642 -0.0237
vn 0.1719 -0.9590 -0.2254
vn 0.1722 -0.9726 -0.1565
vn 0.2108 -0.9372 -0.2778
vn 0.1453 -0.9797 -0.1379
vn 0.2108 -0.9762 -0.0517
vn 0.2544 -0.9134 -0.3179
vn 0.2109 -0.9340 -0.2884
vn 0.1130 -0.9479 -0.2977
vn 0.1113 -0.9639 -0.2418
vn 0.1700 -0.9822 -0.0792
vn 0.4012 -0.8573 -0.3227
vn 0.3365 -0.8755 -0.3468
vn 0.3743 -0.8778 -0.2988
vn 0.2973 -0.8947 -0.3334
vn 0.1330 -0.9187 -0.3719
vn 0.0549 -0.9205 -0.3868
vn 0.0605 -0.9419 -0.3304
vn 0.1590 -0.8831 -0.4414
vn 0.0919 -0.8919 -0.4429
vn 0.0084 -0.8447 -0.5352
vn 0.0122 -0.8635 -0.5042
vn 0.0658 -0.9083 -0.4131
vn 0.1133 -0.9680 -0.2239
vn 0.1371 -0.9370 -0.3212
vn 0.1736 -0.9749 -0.1395
vn 0.1886 -0.9635 -0.1898
vn 0.3440 -0.8576 -0.3823
vn 0.2451 -0.8560 -0.4551
vn 0.2093 -0.8727 -0.4411
vn 0.0198 -0.7874 -0.6161
vn 0.0004 -0.7108 -0.7034
vn 0.1227 -0.7873 -0.6042
vn -0.0357 -0.5711 -0.8201
vn -0.0059 -0.7810 -0.6244
vn 0.3806 -0.8424 -0.3815
vn 0.2897 -0.7923 -0.5370
vn 0.0535 -0.6847 -0.7268
vn -0.0109 -0.5700 -0.8215
vn -0.0128 -0.6929 -0.7209
vn 0.0859 -0.7604 -0.6438
vn 0.4663 -0.8342 -0.2943
vn 0.4850 -0.8081 -0.3343
vn 0.4582 -0.8174 -0.3493
vn 0.4110 -0.8119 -0.4147
vn 0.3482 -0.7936 -0.4989
vn 0.2028 -0.7740 -0.5999
vn 0.4687 -0.8378 -0.2800
vn 0.4512 -0.7970 -0.4014
vn 0.4880 -0.7796 -0.3925
vn 0.4199 -0.7696 -0.4811
vn 0.5006 -0.8124 -0.2989
vn 0.5239 -0.7860 -0.3282
vn 0.4980 -0.7496 -0.4360
vn 0.4419 -0.7073 -0.5517
vn 0.5237 -0.8007 -0.2908
vn 0.5526 -0.7457 -0.3722
vn 0.4827 -0.6128 -0.6258
vn 0.3604 -0.5710 -0.7376
vn 0.3548 -0.4028 -0.8437
vn 0.4869 -0.4067 -0.7730
vn 0.3609 -0.2349 -0.9026
vn 0.1871 -0.1889 -0.9640
vn 0.1862 -0.4068 -0.8944
vn 0.0280 -0.1587 -0.9869
vn 0.0335 -0.0064 -0.9994
vn 0.2084 -0.0535 -0.9766
vn 0.3874 -0.0878 -0.9177
vn 0.4997 -0.1959 -0.8438
vn 0.6554 -0.4204 -0.6274
vn 0.6830 -0.3079 -0.6623
vn 0.6103 -0.2619 -0.7476
vn 0.5301 -0.0467 -0.8467
vn 0.6620 -0.1446 -0.7354
vn 0.7202 -0.2349 -0.6528
vn 0.7192 -0.4521 -0.5277
vn 0.7755 -0.3709 -0.5109
vn 0.7345 -0.1217 -0.6677
vn 0.8095 -0.2755 -0.5185
vn 0.7655 -0.0783 -0.6386
vn 0.8208 -0.4460 -0.3570
vn 0.8601 -0.3409 -0.3794
vn 0.7898 -0.5671 -0.2337
vn 0.8732 -0.1914 -0.4482
vn 0.7948 -0.0337 -0.6059
vn 0.8261 -0.0003 -0.5635
vn 0.8473 0.0332 -0.5301
vn 0.9248 -0.2107 -0.3167
vn 0.9320 -0.1416 -0.3336
vn 0.8964 -0.1357 -0.4219
vn 0.9045 -0.2929 -0.3100
vn 0.8445 -0.4887 -0.2191
vn 0.7134 -0.6776 -0.1785
vn 0.7020 -0.6917 -0.1697
vn 0.6280 -0.7590 -0.1720
vn 0.5290 -0.8330 -0.1622
vn 0.5921 -0.7931 -0.1429
vn 0.4621 -0.8684 -0.1798
vn 0.4842 -0.8565 -0.1787
vn 0.7806 -0.5959 -0.1884
vn 0.8649 -0.4588 -0.2036
vn 0.9236 -0.3060 -0.2308
vn 0.6631 -0.7293 -0.1685
vn 0.9498 -0.2257 -0.2164
vn 0.5889 -0.7873 -0.1825
vn 0.6944 -0.6871 -0.2136
vn 0.7960 -0.5651 -0.2168
vn 0.8747 -0.4356 -0.2124
vn 0.9279 -0.3222 -0.1875
vn 0.2511 -0.9236 -0.2898
vn 0.2819 -0.9143 -0.2908
vn 0.3074 -0.9158 -0.2587
vn 0.3247 -0.9124 -0.2491
vn 0.3318 -0.9018 -0.2769
vn 0.3825 -0.8959 -0.2260
vn 0.4768 -0.8458 -0.2395
vn 0.4278 -0.8815 -0.1999
vn 0.5009 -0.8453 -0.1858
vn 0.5946 -0.7698 -0.2322
vn 0.4182 -0.8635 -0.2820
vn 0.7519 -0.6092 -0.2523
vn 0.1952 -0.9255 -0.3246
vn 0.2341 -0.9125 -0.3356
vn 0.5614 -0.7641 -0.3178
vn 0.0731 -0.9493 -0.3057
vn 0.0678 -0.9336 -0.3518
vn 0.1197 -0.9387 -0.3234
vn 0.1309 -0.9276 -0.3498
vn 0.1652 -0.9405 -0.2968
vn 0.1707 -0.9120 -0.3729
vn 0.2809 -0.8826 -0.3770
vn 0.3512 -0.8731 -0.3381
vn 0.2135 -0.8825 -0.4191
vn 0.1074 -0.9106 -0.3991
vn 0.1773 -0.8979 -0.4029
vn 0.0539 -0.9118 -0.4070
vn 0.1152 -0.8845 -0.4520
vn 0.1445 -0.8576 -0.4937
vn 0.0140 -0.9268 -0.3753
vn 0.0448 -0.8817 -0.4698
vn -0.0089 -0.9030 -0.4295
vn 0.0488 -0.8385 -0.5428
vn -0.0116 -0.8803 -0.4744
vn -0.0398 -0.8446 -0.5339
vn -0.0308 -0.8188 -0.5733
vn 0.4738 -0.7977 -0.3731
vn 0.3856 -0.8142 -0.4340
vn 0.2857 -0.8227 -0.4915
vn 0.1923 -0.8170 -0.5436
vn 0.1169 -0.8098 -0.5749
vn 0.0342 -0.7681 -0.6395
vn -0.0334 -0.7694 -0.6379
vn 0.6995 -0.6569 -0.2813
vn 0.0983 -0.7642 -0.6375
vn 0.8268 -0.5049 -0.2480
vn 0.6377 -0.6738 -0.3733
vn 0.5271 -0.7250 -0.4433
vn 0.4347 -0.7195 -0.5416
vn 0.2828 -0.7360 -0.6151
vn 0.1669 -0.7670 -0.6196
vn 0.1313 -0.7022 -0.6997
vn 0.8974 -0.3823 -0.2204
vn 0.8666 -0.4451 -0.2257
vn 0.8285 -0.4910 -0.2694
vn 0.7815 -0.5459 -0.3020
vn 0.7081 -0.5827 -0.3988
vn 0.5972 -0.6411 -0.4821
vn 0.8024 -0.3813 -0.4591
vn 0.8609 -0.3631 -0.3565
vn 0.9012 -0.3499 -0.2559
vn 0.9375 -0.2898 -0.1928
vn 0.9641 -0.1646 -0.2085
vn 0.9495 -0.1844 -0.2539
vn 0.9273 -0.1665 -0.3351
vn 0.9560 0.0295 -0.2919
vn 0.9293 0.0251 -0.3686
vn 0.8969 -0.0946 -0.4320
vn 0.8495 -0.0934 -0.5193
vn 0.8375 0.0648 -0.5425
vn 0.7648 -0.1117 -0.6345
vn 0.7595 0.0492 -0.6487
vn 0.9226 0.2463 -0.2969
vn 0.9176 0.1866 -0.3511
vn 0.8896 0.1091 -0.4436
vn 0.5912 -0.1390 -0.7944
vn 0.5909 0.0485 -0.8053
vn 0.3470 -0.1557 -0.9248
vn 0.3421 0.0349 -0.9390
vn 0.1268 -0.1567 -0.9795
vn 0.1152 0.0226 -0.9931
vn 0.0268 0.0268 -0.9993
vn -0.0263 -0.1828 -0.9828
vn -0.0082 0.0091 -0.9999
vn -0.1443 -0.2434 -0.9591
vn -0.1446 0.0113 -0.9894
vn -0.3393 -0.2905 -0.8947
vn -0.3727 -0.0208 -0.9277
vn -0.5199 -0.3112 -0.7956
vn -0.5974 -0.0569 -0.8000
vn 0.7039 -0.4271 -0.5676
vn 0.5436 -0.4674 -0.6971
vn 0.3260 -0.4805 -0.8141
vn 0.1263 -0.4564 -0.8808
vn -0.0045 -0.4228 -0.9062
vn -0.1286 -0.4956 -0.8590
vn -0.0398 -0.6076 -0.7932
vn 0.0405 -0.6180 -0.7851
vn 0.0474 -0.7125 -0.7000
vn -0.0126 -0.6885 -0.7252
vn -0.0854 -0.6558 -0.7501
vn -0.1669 -0.6385 -0.7513
vn -0.2553 -0.5226 -0.8135
vn -0.2796 -0.6009 -0.7488
vn -0.4111 -0.4854 -0.7716
vn -0.3771 -0.5485 -0.7463
vn -0.3228 -0.5963 -0.7350
vn -0.4709 -0.4416 -0.7637
vn -0.5207 -0.4393 -0.7321
vn -0.0780 -0.7084 -0.7015
vn -0.2010 -0.6713 -0.7134
vn -0.3699 -0.4923 -0.7879
vn -0.1202 -0.7627 -0.6355
vn -0.2121 -0.7118 -0.6696
vn -0.2756 -0.6350 -0.7216
vn -0.1993 -0.6043 -0.7715
vn -0.3397 -0.4425 -0.8300
vn -0.1963 -0.4998 -0.8436
vn -0.1822 -0.7304 -0.6583
vn -0.1445 -0.6952 -0.7042
vn -0.0802 -0.7467 -0.6603
vn -0.0770 -0.6491 -0.7568
vn -0.0833 -0.9214 -0.3795
vn -0.0705 -0.9030 -0.4238
vn -0.1009 -0.8558 -0.5073
vn -0.0696 -0.8300 -0.5534
vn -0.1052 -0.9382 -0.3298
vn -0.1091 -0.8792 -0.4637
vn -0.1408 -0.7707 -0.6215
vn -0.1099 -0.9360 -0.3345
vn -0.1165 -0.9086 -0.4010
vn -0.1318 -0.9437 -0.3035
vn -0.1646 -0.9399 -0.2991
vn -0.0853 -0.9013 -0.4246
vn -0.0746 -0.8649 -0.4964
vn -0.0953 -0.9290 -0.3575
vn -0.1041 -0.8176 -0.5663
vn -0.0553 -0.9010 -0.4303
vn -0.1038 -0.9430 -0.3162
vn -0.0402 -0.9255 -0.3766
vn -0.1688 -0.9457 -0.2777
vn -0.1314 -0.9454 -0.2983
vn -0.0511 -0.9452 -0.3223
vn -0.2153 -0.9334 -0.2870
vn 0.0086 -0.9462 -0.3235
vn -0.0750 -0.9509 -0.3003
vn -0.1673 -0.9398 -0.2980
vn -0.1044 -0.9461 -0.3067
vn -0.0127 -0.9552 -0.2957
vn -0.3098 -0.8919 -0.3295
vn -0.3149 -0.9013 -0.2975
vn -0.2454 -0.9234 -0.2950
vn -0.0427 -0.9524 -0.3018
vn 0.2178 -0.9303 -0.2951
vn 0.2769 -0.9233 -0.2664
vn 0.3588 -0.9026 -0.2378
vn 0.2239 -0.9346 -0.2764
vn 0.3977 -0.8897 -0.2241
vn 0.6410 -0.7489 -0.1679
vn 0.5621 -0.8083 -0.1753
vn 0.4345 -0.8711 -0.2291
vn 0.3287 -0.9056 -0.2679
vn 0.2461 -0.9314 -0.2681
vn 0.1927 -0.9418 -0.2756
vn 0.5966 -0.7802 -0.1883
vn 0.2946 -0.9181 -0.2651
vn 0.6819 -0.6868 -0.2517
vn 0.4976 -0.8446 -0.1975
vn 0.5117 -0.8303 -0.2207
vn 0.5557 -0.8049 -0.2081
vn 0.6196 -0.7462 -0.2435
vn 0.6705 -0.6492 -0.3591
vn 0.6359 -0.6974 -0.3306
vn 0.5557 -0.6664 -0.4970
vn 0.6286 -0.6053 -0.4884
vn 0.5876 -0.5158 -0.6234
vn 0.6008 -0.6996 -0.3869
vn 0.5876 -0.7413 -0.3244
vn 0.5783 -0.7727 -0.2618
vn 0.5180 -0.8161 -0.2562
vn 0.4254 -0.8672 -0.2587
vn 0.4677 -0.8481 -0.2491
vn 0.3922 -0.8810 -0.2646
vn 0.5513 -0.7804 -0.2950
vn 0.3680 -0.8930 -0.2592
vn 0.3375 -0.9048 -0.2597
vn 0.3831 -0.8834 -0.2700
vn 0.4480 -0.8535 -0.2660
vn 0.4899 -0.8268 -0.2764
vn 0.5129 -0.7070 -0.4869
vn 0.3821 -0.8898 -0.2497
vn 0.4236 -0.8649 -0.2693
vn 0.2138 -0.9425 -0.2569
vn 0.2125 -0.9404 -0.2654
vn 0.2572 -0.9291 -0.2656
vn 0.1695 -0.9496 -0.2638
vn 0.2997 -0.9158 -0.2672
vn 0.2793 -0.9256 -0.2553
vn 0.1620 -0.9489 -0.2707
vn 0.1204 -0.9552 -0.2705
vn 0.1300 -0.9488 -0.2877
vn 0.1103 -0.9544 -0.2772
vn 0.0527 -0.9565 -0.2869
vn -0.2635 -0.9084 -0.3247
vn 0.0143 -0.9566 -0.2910
vn 0.0421 0.0565 -0.9975
vn 0.5207 -0.2284 -0.8226
vn 0.4012 0.0136 -0.9159
vn 0.3046 -0.3303 -0.8934
vn 0.1965 -0.3428 -0.9186
vn 0.0986 -0.3430 -0.9341
vn 0.0215 -0.3517 -0.9359
vn 0.3945 -0.5577 -0.7303
vn 0.6027 -0.4475 -0.6607
vn 0.7692 -0.4765 -0.4257
vn 0.1484 -0.6270 -0.7648
vn 0.2390 -0.6572 -0.7148
vn 0.5062 -0.6737 -0.5384
vn 0.6195 -0.6761 -0.3989
vn 0.7344 -0.6425 -0.2189
vn 0.4349 -0.7824 -0.4458
vn 0.0499 -0.5877 -0.8076
vn 0.1803 -0.8459 -0.5019
vn 0.3032 -0.8018 -0.5150
vn 0.3571 -0.8737 -0.3305
vn 0.0722 -0.8453 -0.5293
vn 0.2187 -0.9173 -0.3329
vn 0.3149 -0.9123 -0.2619
vn 0.2696 -0.9448 -0.1862
vn 0.2655 -0.9606 -0.0826
vn 0.3242 -0.9456 0.0288
vn 0.2301 -0.9722 -0.0435
vn 0.2564 -0.9660 0.0335
vn 0.9967 -0.0039 -0.0805
vn 0.9989 -0.0340 -0.0336
vn 0.9772 -0.1497 -0.1509
vn 0.9748 -0.1774 -0.1356
vn 0.9886 -0.1033 -0.1095
vn 0.9854 -0.0521 -0.1623
vn 0.9238 -0.2303 -0.3057
vn 0.8953 -0.3656 -0.2547
vn 0.9550 -0.1617 -0.2488
vn 0.8864 -0.2848 -0.3650
vn 0.8612 -0.3943 -0.3206
vn 0.8033 -0.4282 -0.4139
vn 0.9765 -0.0897 -0.1962
vn 0.9622 -0.2060 -0.1784
vn 0.8415 -0.2872 -0.4576
vn 0.7663 -0.3545 -0.5359
vn 0.9466 -0.0874 -0.3105
vn 0.9099 -0.1457 -0.3884
vn 0.8102 -0.1665 -0.5620
vn 0.7032 -0.3432 -0.6227
vn 0.6697 -0.3159 -0.6721
vn 0.8106 -0.1274 -0.5716
vn 0.6373 -0.5652 -0.5239
vn 0.8467 -0.3797 -0.3728
vn 0.6663 -0.6800 -0.3060
vn 0.9323 -0.3599 -0.0350
vn 0.7512 -0.6598 -0.0207
vn 0.8905 -0.3283 0.3150
vn 0.6838 -0.4548 0.5706
vn 0.3740 -0.5289 0.7619
vn 0.7012 -0.6506 0.2916
vn 0.4925 -0.6897 0.5308
vn 0.2131 -0.7000 0.6816
vn 0.0507 -0.4900 0.8703
vn -0.0673 -0.3706 0.9263
vn -0.0549 -0.0472 0.9974
vn 0.0323 -0.1723 0.9845
vn 0.1125 0.0380 0.9929
vn 0.2038 -0.0510 0.9777
vn 0.3672 0.0724 0.9273
vn 0.0041 -0.5066 0.8622
vn 0.1237 -0.3062 0.9439
vn 0.2839 -0.1522 0.9467
vn 0.4422 -0.0390 0.8961
vn 0.5226 -0.0891 0.8479
vn 0.4246 0.1002 0.8998
vn 0.0171 -0.7390 0.6735
vn 0.0379 -0.7934 0.6076
vn 0.1036 -0.8454 0.5240
vn 0.0847 -0.5977 0.7972
vn 0.1996 -0.4308 0.8801
vn 0.3301 -0.3203 0.8879
vn 0.4665 -0.3258 0.8223
vn 0.4208 -0.1200 0.8992
vn 0.1067 -0.7831 0.6126
vn 0.1319 -0.8908 0.4349
vn 0.1665 -0.6553 0.7368
vn 0.2336 -0.4952 0.8368
vn 0.3467 -0.5073 0.7890
vn 0.4497 -0.4222 0.7871
vn 0.4861 -0.3834 0.7853
vn 0.3770 -0.3485 0.8581
vn 0.1623 -0.7897 0.5916
vn 0.2596 -0.6058 0.7521
vn 0.4519 -0.5344 0.7143
vn 0.2495 -0.1076 0.9624
vn 0.1742 -0.3777 0.9094
vn 0.3119 -0.5382 0.7830
vn 0.4455 -0.5375 0.7160
vn 0.4363 -0.6072 0.6641
vn 0.3606 -0.6131 0.7029
vn 0.0169 -0.3090 0.9509
vn 0.1163 -0.5809 0.8057
vn 0.3971 -0.6502 0.6477
vn 0.4049 -0.7035 0.5840
vn 0.3442 -0.7163 0.6069
vn 0.2569 -0.6646 0.7017
vn 0.3293 -0.7547 0.5674
vn 0.2050 -0.7522 0.6263
vn 0.0083 -0.7106 0.7035
vn -0.0044 -0.7846 0.6200
vn 0.3263 -0.7862 0.5248
vn 0.2695 -0.8263 0.4946
vn 0.2373 -0.8030 0.5467
vn 0.3290 -0.8080 0.4887
vn 0.2775 -0.8292 0.4852
vn 0.1755 -0.8101 0.5593
vn 0.2773 -0.8465 0.4544
vn 0.2785 -0.8529 0.4416
vn 0.2763 -0.8545 0.4398
vn 0.2139 -0.8543 0.4737
vn 0.0999 -0.8332 0.5438
vn 0.1095 -0.8646 0.4904
vn 0.2301 -0.8909 0.3916
vn 0.2836 -0.9099 0.3029
vn 0.2226 -0.9232 0.3133
vn 0.2278 -0.8415 0.4898
vn 0.2508 -0.8836 0.3955
vn 0.2450 -0.8239 0.5110
vn 0.2451 -0.8430 0.4789
vn 0.2613 -0.8269 0.4979
vn 0.2579 -0.8198 0.5113
vn 0.2603 -0.8429 0.4710
vn 0.1759 -0.8719 0.4569
vn 0.5747 -0.8153 -0.0710
vn 0.4812 -0.8766 -0.0083
vn 0.2985 -0.9282 0.2220
vn 0.6154 -0.7763 -0.1365
vn 0.7528 -0.6280 -0.1970
vn 0.6320 -0.7527 -0.1846
vn 0.5335 -0.8357 -0.1303
vn 0.3151 -0.9178 0.2416
vn 0.7874 -0.5873 -0.1870
vn 0.7682 -0.5985 -0.2271
vn 0.6698 -0.7024 -0.2409
vn 0.5904 -0.7742 -0.2281
vn 0.4956 -0.8677 -0.0386
vn 0.5512 -0.8154 -0.1771
vn 0.6569 -0.6922 -0.2989
vn 0.7414 -0.6128 -0.2737
vn 0.8396 -0.5372 -0.0805
vn 0.8217 -0.5523 -0.1406
vn 0.7963 -0.5428 -0.2671
vn 0.6566 -0.6629 -0.3598
vn 0.7088 -0.6197 -0.3369
vn 0.8654 -0.4860 -0.1218
vn 0.8530 -0.5062 -0.1270
vn 0.8658 -0.4979 -0.0496
vn 0.8982 -0.4255 -0.1107
vn 0.9423 -0.3345 0.0109
vn 0.9792 -0.2027 -0.0094
vn 0.9671 -0.2304 -0.1082
vn 0.9087 -0.4144 -0.0506
vn 0.9819 -0.1777 0.0658
vn 0.9890 -0.1065 0.1023
vn 0.9304 -0.3589 -0.0746
vn 0.9818 -0.1890 0.0211
vn 1.0000 0.0040 -0.0074
vn 0.9064 -0.4053 -0.1194
vn 0.9443 -0.3136 -0.0999
vn 0.9938 0.0926 -0.0609
vn 0.9941 -0.0946 -0.0522
vn 0.9741 0.2209 -0.0494
vn 0.9727 0.2317 0.0113
vn 0.9991 0.0425 -0.0077
vn 0.9898 -0.1424 -0.0077
vn 0.9207 0.3901 0.0069
vn 0.8772 0.4799 0.0173
vn 0.8205 0.5713 0.0215
vn 0.7470 0.6637 0.0386
vn 0.6853 0.7264 0.0515
vn 0.6337 0.7731 0.0258
vn 0.5823 0.8123 0.0332
vn 0.5153 0.8570 -0.0040
vn 0.5437 0.8378 0.0497
vn 0.5800 0.8145 0.0103
vn 0.2168 0.4459 0.8685
vn 0.2136 0.2429 0.9462
vn 0.1418 0.6544 0.7428
vn 0.0231 0.7020 0.7118
vn -0.0400 0.5869 0.8087
vn -0.0101 0.3450 0.9385
vn 0.0876 -0.0234 0.9959
vn -0.0867 0.0586 0.9945
vn -0.1336 0.7495 0.6484
vn -0.2137 0.4612 0.8612
vn -0.1563 0.8122 0.5620
vn -0.2639 0.6717 0.6922
vn -0.2552 0.7658 0.5902
vn -0.3876 0.5605 0.7318
vn -0.2835 0.2569 0.9239
vn -0.4374 0.3847 0.8128
vn -0.3542 0.7145 0.6033
vn -0.4621 0.6204 0.6337
vn -0.5425 0.4045 0.7363
vn -0.5013 0.6085 0.6151
vn -0.4044 0.6643 0.6287
vn -0.4386 0.6034 0.6660
vn -0.4946 0.5549 0.6690
vn -0.5527 0.4907 0.6736
vn -0.1465 0.7103 0.6885
vn -0.2214 0.6808 0.6983
vn -0.2944 0.6125 0.7336
vn -0.3740 0.5161 0.7706
vn -0.1840 0.4266 0.8855
vn -0.1113 0.5849 0.8034
vn -0.0717 0.6555 0.7518
vn -0.0491 0.6555 0.7536
vn -0.0212 0.6782 0.7346
vn 0.0214 0.6959 0.7178
vn -0.0822 0.8446 0.5291
vn -0.0444 0.8219 0.5679
vn 0.0252 0.7432 0.6686
vn 0.0546 0.6837 0.7278
vn 0.0235 0.6416 0.7667
vn 0.0010 0.5623 0.8269
vn 0.0212 0.7107 0.7032
vn -0.0029 0.7451 0.6670
vn -0.0348 0.7773 0.6282
vn -0.0629 0.8112 0.5814
vn -0.0709 0.8318 0.5506
vn -0.0719 0.8929 0.4444
vn -0.1132 0.8897 0.4422
vn -0.1614 0.9159 0.3675
vn -0.2524 0.9195 0.3013
vn -0.2687 0.9335 0.2374
vn -0.1894 0.9502 0.2473
vn -0.0764 0.7428 0.6651
vn -0.1002 0.7817 0.6156
vn -0.0737 0.8596 0.5056
vn -0.2321 0.8985 0.3726
vn -0.2370 0.9125 0.3335
vn -0.1278 0.9382 0.3216
vn -0.1226 0.9522 0.2797
vn -0.1402 0.9590 0.2463
vn -0.2467 0.9392 0.2390
vn -0.2976 0.9377 0.1791
vn 0.0047 0.8167 0.5770
vn 0.0385 0.7969 0.6029
vn 0.0531 0.7424 0.6678
vn -0.0084 0.7450 0.6670
vn -0.0634 0.7866 0.6142
vn -0.2162 0.8093 0.5462
vn -0.2280 0.8657 0.4456
vn -0.1520 0.7958 0.5862
vn -0.0715 0.8264 0.5585
vn -0.2862 0.8542 0.4341
vn -0.1647 0.8865 0.4325
vn -0.1126 0.9361 0.3332
vn -0.2447 0.9532 0.1778
vn -0.2922 0.9440 0.1532
vn -0.2893 0.9367 0.1972
vn -0.3157 0.9265 0.2048
vn -0.0744 0.8704 0.4867
vn -0.0761 0.8008 0.5940
vn -0.0254 0.7592 0.6504
vn -0.0110 0.8472 0.5312
vn -0.1212 0.8824 0.4546
vn -0.1957 0.8517 0.4861
vn -0.2664 0.8306 0.4891
vn -0.2234 0.9005 0.3731
vn -0.2273 0.9406 0.2524
vn -0.2950 0.9389 0.1775
vn -0.1550 0.8689 0.4701
vn -0.3310 0.9304 0.1577
vn -0.2974 0.9426 0.1522
vn -0.3395 0.9380 0.0701
vn -0.3367 0.9350 0.1117
vn -0.4238 0.9030 0.0704
vn -0.4043 0.9143 0.0255
vn -0.1925 0.8942 0.4041
vn -0.1252 0.9210 0.3688
vn -0.1041 0.8991 0.4252
vn -0.3074 0.9116 0.2729
vn -0.3047 0.9395 0.1566
vn -0.1739 0.8980 0.4042
vn -0.1338 0.8560 0.4994
vn -0.1792 0.8856 0.4286
vn -0.0684 0.8307 0.5524
vn -0.0759 0.8838 0.4616
vn -0.0625 0.8335 0.5490
vn -0.0094 0.8925 0.4509
vn -0.0592 0.9333 0.3543
vn -0.2596 0.9384 0.2281
vn -0.1412 0.9619 0.2340
vn -0.1057 0.9609 0.2558
vn -0.0406 0.9441 0.3273
vn -0.0874 0.9414 0.3258
vn -0.0266 0.9204 0.3901
vn -0.0852 0.9046 0.4177
vn -0.0716 0.8108 0.5810
vn -0.1511 0.7889 0.5956
vn -0.1271 0.8538 0.5048
vn -0.0365 0.8925 0.4495
vn -0.0454 0.8708 0.4896
vn -0.0010 0.8361 0.5485
vn -0.1299 0.7957 0.5916
vn -0.0937 0.7503 0.6544
vn -0.0436 0.9064 0.4201
vn -0.0550 0.8393 0.5408
vn -0.0452 0.8319 0.5531
vn -0.0464 0.8273 0.5599
vn -0.0735 0.8128 0.5779
vn -0.0517 0.8069 0.5884
vn -0.0456 0.7508 0.6590
vn -0.0368 0.7300 0.6825
vn -0.0382 0.7733 0.6329
vn -0.0172 0.7179 0.6959
vn 0.0748 0.6701 0.7385
vn 0.0572 0.7442 0.6655
vn -0.0699 0.7475 0.6605
vn -0.1213 0.6232 0.7726
vn -0.1438 0.6057 0.7826
vn -0.1074 0.7230 0.6824
vn -0.0308 0.7522 0.6582
vn 0.0679 0.6188 0.7826
vn 0.1117 0.6374 0.7624
vn 0.0999 0.7147 0.6922
vn 0.0658 0.6697 0.7397
vn 0.1482 0.5201 0.8412
vn 0.0886 0.5540 0.8278
vn 0.0770 0.6394 0.7650
vn 0.0514 0.6713 0.7394
vn 0.0921 0.5918 0.8008
vn 0.1267 0.4657 0.8759
vn 0.1110 0.3836 0.9168
vn -0.0036 0.3929 0.9196
vn 0.1577 0.3352 0.9289
vn 0.1259 0.4905 0.8623
vn 0.0099 0.6643 0.7474
vn -0.0681 0.6235 0.7788
vn 0.1325 0.3903 0.9111
vn 0.2006 0.2574 0.9452
vn -0.2293 0.3903 0.8917
vn -0.8699 0.1717 0.4623
vn -0.4122 0.1388 0.9005
vn -0.0183 0.3254 0.9454
vn 0.0055 0.2500 0.9682
vn -0.0784 0.1212 0.9895
vn -0.1402 0.2111 0.9674
vn -0.2016 0.2583 0.9448
vn -0.2587 0.3023 0.9174
vn -0.2290 0.4424 0.8671
vn -0.1775 0.5625 0.8075
vn -0.0352 0.1759 0.9838
vn -0.0269 0.3277 0.9444
vn -0.0345 0.4514 0.8916
vn -0.4238 0.5333 0.7321
vn -0.0604 0.4510 0.8905
vn -0.0750 0.3997 0.9136
vn -0.0965 0.4102 0.9069
vn -0.1620 0.4374 0.8846
vn -0.1831 0.4676 0.8648
vn -0.0841 0.6474 0.7575
vn -0.0649 0.5954 0.8008
vn -0.0593 0.5953 0.8013
vn -0.1302 0.6062 0.7846
vn -0.2749 0.9413 -0.1960
vn -0.3587 0.8862 -0.2934
vn -0.4062 0.9055 -0.1225
vn -0.2596 0.9619 -0.0859
vn -0.3582 0.9269 0.1124
vn -0.2617 0.9623 0.0748
vn -0.2006 0.8458 0.4944
vn -0.1867 0.8996 0.3948
vn -0.1178 0.8069 0.5789
vn -0.0959 0.7705 0.6301
vn -0.0611 0.7438 0.6656
vn -0.0727 0.7400 0.6687
vn -0.3594 0.9011 -0.2426
vn -0.3063 0.9457 -0.1088
vn -0.2721 0.9613 0.0441
vn -0.2039 0.9413 0.2691
vn -0.1420 0.9006 0.4109
vn -0.1095 0.8642 0.4910
vn -0.5631 0.7533 -0.3398
vn -0.5188 0.7528 -0.4051
vn -0.4231 0.8212 -0.3830
vn -0.4887 0.8089 -0.3269
vn -0.3896 0.8580 -0.3348
vn -0.3972 0.8692 -0.2944
vn -0.3540 0.9065 -0.2300
vn -0.3354 0.9325 -0.1337
vn -0.2873 0.9577 0.0187
vn -0.2144 0.9606 0.1768
vn -0.1584 0.9426 0.2939
vn -0.1121 0.9228 0.3686
vn -0.5171 0.8073 -0.2844
vn -0.4587 0.8597 -0.2250
vn -0.3715 0.9093 -0.1874
vn -0.2996 0.9470 -0.1161
vn -0.2556 0.9667 -0.0154
vn -0.2054 0.9740 0.0957
vn -0.1551 0.9705 0.1845
vn -0.5386 0.7899 -0.2932
vn -0.4869 0.8150 -0.3141
vn -0.4988 0.8044 -0.3228
vn -0.4588 0.8314 -0.3137
vn -0.4426 0.8489 -0.2888
vn -0.4601 0.8616 -0.2143
vn -0.4295 0.8940 -0.1273
vn -0.3207 0.9466 -0.0331
vn -0.2329 0.9700 0.0702
vn -0.1873 0.9706 0.1510
vn -0.4413 0.8542 -0.2748
vn -0.3922 0.8871 -0.2435
vn -0.3836 0.9098 -0.1585
vn -0.3858 0.9204 -0.0639
vn -0.3524 0.9355 0.0259
vn -0.3109 0.9439 0.1115
vn -0.2674 0.9439 0.1936
vn -0.2140 0.9369 0.2763
vn -0.1561 0.9206 0.3579
vn -0.5363 0.8260 -0.1738
vn -0.5060 0.8234 -0.2570
vn -0.5038 0.8387 -0.2070
vn -0.4111 0.8909 -0.1929
vn -0.3304 0.9358 -0.1229
vn -0.3201 0.9460 -0.0510
vn -0.3001 0.9530 0.0409
vn -0.2617 0.9564 0.1293
vn -0.2025 0.9572 0.2067
vn -0.1468 0.9512 0.2715
vn -0.4256 0.8943 -0.1378
vn -0.3362 0.9359 -0.1051
vn -0.2731 0.9611 -0.0416
vn -0.2732 0.9610 0.0424
vn -0.2087 0.9703 0.1222
vn -0.1326 0.9748 0.1795
vn -0.1561 0.9372 0.3120
vn -0.1785 0.9540 0.2410
vn -0.1925 0.9395 0.2834
vn -0.4815 0.8735 -0.0716
vn -0.3801 0.9243 -0.0336
vn -0.2073 0.9587 0.1946
vn -0.2794 0.9503 0.1374
vn -0.3526 0.9305 0.0990
vn -0.4236 0.9056 0.0235
vn -0.4232 0.9051 0.0423
vn -0.4563 0.8897 -0.0139
vn -0.4710 0.8800 -0.0620
vn -0.4398 0.8980 -0.0116
vn -0.5313 0.8407 -0.1046
vn -0.4959 0.8662 -0.0615
vn -0.4128 0.9104 0.0293
vn -0.3398 0.9374 0.0768
vn -0.4703 0.8820 -0.0300
vn -0.4065 0.9131 0.0313
vn -0.5454 0.8341 -0.0829
vn -0.5017 0.8624 -0.0672
vn -0.4565 0.8894 -0.0240
vn -0.5390 0.8327 -0.1268
vn -0.5650 0.8143 -0.1328
vn -0.5335 0.8386 -0.1102
vn -0.5088 0.8567 -0.0844
vn -0.5434 0.8344 -0.0925
vn -0.4915 0.8705 -0.0252
vn -0.5140 0.8543 -0.0769
vn -0.5900 0.7882 -0.1754
vn -0.4329 0.9013 -0.0153
vn -0.5266 0.8482 -0.0570
vn -0.5083 0.8551 -0.1016
vn -0.5512 0.8205 -0.1512
vn -0.5671 0.7997 -0.1971
vn -0.5995 0.7808 -0.1759
vn -0.6245 0.7503 -0.2167
vn -0.5784 0.8009 -0.1550
vn -0.6380 0.7331 -0.2356
vn -0.6278 0.7482 -0.2146
vn -0.5864 0.7930 -0.1649
vn -0.5705 0.8088 -0.1428
vn -0.6678 0.6913 -0.2758
vn -0.5989 0.7832 -0.1670
vn -0.5966 0.7610 -0.2548
vn -0.5834 0.7776 -0.2346
vn -0.6523 0.6987 -0.2939
vn -0.5410 0.8208 -0.1832
vn -0.7435 0.6201 -0.2501
vn -0.7059 0.5825 -0.4030
vn -0.6695 0.6542 -0.3518
vn -0.6070 0.7140 -0.3490
vn -0.5646 0.7412 -0.3631
vn -0.7975 0.3997 -0.4518
vn -0.7765 0.4454 -0.4457
vn -0.7058 0.5458 -0.4516
vn -0.6245 0.6668 -0.4068
vn -0.8302 0.2531 -0.4966
vn -0.8579 0.1916 -0.4768
vn -0.8136 0.3050 -0.4951
vn -0.7090 0.4725 -0.5236
vn -0.5707 0.6589 -0.4901
vn -0.4517 0.7616 -0.4647
vn -0.3950 0.8185 -0.4172
vn -0.3333 0.8911 -0.3080
vn -0.8571 0.1200 -0.5010
vn -0.7739 0.2371 -0.5873
vn -0.6460 0.4782 -0.5950
vn -0.4930 0.6599 -0.5671
vn -0.4009 0.7787 -0.4826
vn -0.3369 0.8525 -0.3997
vn -0.3118 0.8915 -0.3286
vn -0.9067 0.1558 -0.3921
vn -0.8503 0.3129 -0.4233
vn -0.8786 0.2266 -0.4203
vn -0.8634 0.1771 -0.4724
vn -0.8667 0.1423 -0.4780
vn -0.8544 0.1695 -0.4912
vn -0.7743 0.2863 -0.5644
vn -0.6594 0.4299 -0.6168
vn -0.5277 0.5602 -0.6385
vn -0.4356 0.6770 -0.5933
vn -0.7693 0.4720 -0.4305
vn -0.7094 0.5404 -0.4525
vn -0.5968 0.6203 -0.5090
vn -0.5271 0.6250 -0.5758
vn -0.4991 0.5629 -0.6588
vn -0.5013 0.4929 -0.7112
vn -0.6342 0.5528 -0.5406
vn -0.5950 0.5464 -0.5894
vn -0.6209 0.6261 -0.4716
vn -0.6774 0.6191 -0.3973
vn -0.7545 0.5107 -0.4121
vn -0.8914 0.1832 -0.4145
vn -0.8181 0.3926 -0.4202
vn -0.8955 0.2240 -0.3847
vn -0.6934 0.5838 -0.4224
vn -0.6638 0.6308 -0.4018
vn -0.7593 0.4797 -0.4398
vn -0.7442 0.4969 -0.4465
vn -0.9415 -0.1084 -0.3190
vn -0.9546 -0.2205 -0.2002
vn -0.9516 -0.0906 -0.2936
vn -0.9507 0.0219 -0.3093
vn -0.9353 0.1188 -0.3333
vn -0.9562 0.0835 -0.2805
vn -0.9084 0.2741 -0.3157
vn -0.8887 0.2534 -0.3822
vn 0.9988 -0.0481 0.0063
vn -0.6187 -0.3977 -0.6775
vn -0.7406 -0.0706 -0.6682
vn -0.6223 -0.1448 -0.7693
vn -0.6777 -0.4173 -0.6055
vn -0.7596 -0.4342 -0.4842
vn -0.8293 -0.0267 -0.5582
vn -0.9077 0.0315 -0.4183
vn -0.8370 -0.4343 -0.3329
vn -0.9567 0.1848 -0.2249
vn -0.9409 -0.2791 -0.1917
vn -0.5732 -0.3641 -0.7341
vn -0.5860 -0.2573 -0.7684
vn -0.5988 -0.4469 -0.6646
vn -0.6036 -0.4958 -0.6244
vn -0.6467 -0.5164 -0.5613
vn -0.6181 -0.5416 -0.5698
vn -0.6396 -0.5308 -0.5561
vn -0.6217 -0.4965 -0.6058
vn -0.6458 -0.5711 -0.5067
vn -0.6390 -0.5828 -0.5020
vn -0.6631 -0.4613 -0.5895
vn -0.6741 -0.5644 -0.4764
vn -0.6835 -0.5909 -0.4287
vn -0.6682 -0.6148 -0.4190
vn -0.9939 -0.0688 -0.0858
vn -0.9713 -0.2227 0.0841
vn -0.9849 0.1612 0.0623
vn -0.8838 -0.4645 -0.0563
vn -0.9231 -0.3675 0.1130
vn -0.9707 0.0032 0.2403
vn -0.9419 -0.1789 0.2844
vn -0.9015 -0.3745 0.2169
vn -0.8997 -0.3048 0.3126
vn -0.9136 -0.0654 0.4012
vn -0.8815 -0.1282 0.4544
vn -0.8774 -0.1615 0.4518
vn -0.9188 0.0072 0.3946
vn -0.8729 0.0760 0.4819
vn -0.9077 0.0414 0.4176
vn -0.8758 0.1043 0.4713
vn -0.6404 0.1491 -0.7534
vn -0.6386 0.1794 -0.7483
vn -0.5721 -0.0421 -0.8191
vn -0.6804 0.2807 -0.6770
vn -0.6863 0.3456 -0.6399
vn -0.7039 0.4520 -0.5478
vn -0.7294 0.4141 -0.5445
vn -0.6431 -0.3793 -0.6652
vn -0.6951 -0.4174 -0.5853
vn -0.9464 0.0278 0.3217
vn -0.9080 0.0914 0.4089
vn -0.8841 0.1488 0.4429
vn -0.9004 0.2601 0.3487
vn -0.8936 0.3804 0.2382
vn -0.8868 0.4387 0.1454
vn -0.8319 0.5518 0.0594
vn -0.8203 0.5552 0.1374
vn -0.7783 0.6269 0.0352
vn -0.8281 0.5222 0.2040
vn -0.9066 0.2738 0.3210
vn -0.8519 0.4394 0.2849
vn -0.9030 0.4243 -0.0681
vn -0.8751 0.3232 0.3601
vn -0.8774 0.3801 0.2929
vn -0.9118 0.3662 0.1859
vn -0.9189 0.1478 0.3657
vn -0.8909 0.2338 0.3894
vn -0.8919 0.2014 0.4049
vn -0.8659 0.1400 0.4803
vn -0.7770 0.5872 -0.2268
vn -0.7685 0.4929 -0.4079
vn -0.7431 -0.5127 -0.4302
vn -0.7678 -0.3301 -0.5491
vn -0.8096 0.0672 -0.5832
vn -0.7472 0.2431 -0.6186
vn -0.6791 -0.5836 -0.4452
vn -0.7601 -0.3643 -0.5381
vn -0.8016 -0.0792 -0.5926
vn -0.6532 -0.0723 -0.7538
vn -0.7807 -0.4538 -0.4296
vn -0.6475 -0.6031 -0.4658
vn -0.7518 -0.3642 -0.5496
vn -0.6283 -0.5619 -0.5381
vn -0.8899 -0.0538 -0.4530
vn -0.7544 -0.4409 -0.4862
vn -0.5579 -0.7116 -0.4270
vn -0.5483 -0.2820 -0.7873
vn -0.4224 -0.5478 -0.7222
vn -0.4269 -0.2064 -0.8804
vn -0.3895 -0.4585 -0.7988
vn -0.4787 -0.2666 -0.8365
vn -0.4691 -0.4282 -0.7724
vn -0.6304 -0.3078 -0.7127
vn -0.5943 -0.4564 -0.6622
vn -0.5852 -0.5196 -0.6225
vn -0.4728 -0.5507 -0.6879
vn -0.3725 -0.6389 -0.6731
vn -0.3242 -0.7335 -0.5974
vn -0.3508 -0.8648 -0.3593
vn -0.4164 -0.9016 -0.1171
vn -0.2820 -0.9524 -0.1163
vn -0.2953 -0.8389 -0.4572
vn -0.3860 -0.7380 -0.5536
vn -0.5030 -0.6265 -0.5954
vn -0.6390 -0.4901 -0.5929
vn -0.7932 -0.2245 -0.5661
vn -0.8562 -0.1447 -0.4960
vn -0.3402 -0.8624 -0.3749
vn -0.4315 -0.7702 -0.4697
vn -0.5577 -0.6637 -0.4985
vn -0.7066 -0.4977 -0.5030
vn -0.8376 -0.3335 -0.4327
vn -0.7710 -0.5651 -0.2937
vn -0.7473 -0.5967 -0.2925
vn -0.6187 -0.7186 -0.3175
vn -0.7098 -0.6494 -0.2729
vn -0.6414 -0.7115 -0.2871
vn -0.6859 -0.6794 -0.2605
vn -0.6338 -0.7305 -0.2543
vn -0.5598 -0.7947 -0.2348
vn -0.5078 -0.8383 -0.1985
vn -0.4681 -0.8467 -0.2530
vn -0.4253 -0.8787 -0.2170
vn -0.4223 -0.8818 -0.2099
vn -0.3779 -0.8979 -0.2255
vn -0.4460 -0.8739 -0.1932
vn -0.4176 -0.8954 -0.1546
vn -0.3027 -0.9431 -0.1378
vn -0.4214 -0.9039 -0.0734
vn -0.2093 -0.9751 0.0736
vn -0.2523 -0.9634 0.0905
vn -0.3546 -0.9276 0.1177
vn -0.2982 -0.9530 0.0536
vn -0.5513 0.5644 -0.6144
vn -0.6373 0.1567 -0.7545
vn -0.6008 0.3918 -0.6968
vn -0.6471 0.2953 -0.7029
vn -0.5163 0.7437 -0.4247
vn -0.4868 0.8120 -0.3219
vn -0.6205 0.4921 -0.6106
vn -0.5755 0.6398 -0.5094
vn -0.5238 0.8229 -0.2203
vn -0.5671 0.7523 -0.3353
vn -0.6793 0.3581 -0.6405
vn -0.6877 0.5198 -0.5068
vn -0.6450 0.6604 -0.3845
vn -0.5818 0.7795 -0.2321
vn -0.7314 0.5796 -0.3594
vn -0.6548 0.7113 -0.2554
vn -0.5968 0.7915 -0.1321
vn -0.7291 0.5207 -0.4442
vn -0.7164 0.6401 -0.2776
vn -0.5611 0.8274 -0.0239
vn -0.7244 0.5758 -0.3792
vn -0.6763 0.7140 -0.1812
vn -0.6146 0.7866 -0.0588
vn -0.7207 0.6114 -0.3268
vn -0.7346 0.6438 -0.2141
vn -0.7393 0.6364 -0.2199
vn -0.7628 0.6335 -0.1297
vn -0.7054 0.7034 -0.0874
vn -0.6343 0.7730 0.0064
vn -0.6206 0.7823 0.0528
vn -0.7877 0.6091 -0.0924
vn -0.7897 0.6123 -0.0394
vn -0.7055 0.7087 0.0053
vn -0.7408 0.6665 0.0837
vn -0.8019 0.5974 0.0055
vn -0.8336 0.5521 0.0188
vn -0.7583 0.6474 -0.0763
vn -0.8508 0.5218 0.0623
vn -0.8512 0.5202 0.0701
vn -0.6713 0.2687 -0.6908
vn 0.9455 -0.0200 0.3251
vn 0.9286 -0.0518 0.3675
vn 0.8651 -0.2902 0.4091
vn 0.9588 -0.0898 0.2696
vn 0.9333 -0.2769 0.2286
vn 0.9470 -0.2498 0.2019
vn 0.6319 -0.4917 -0.5991
vn 0.5495 -0.7195 -0.4248
vn 0.4980 -0.8249 -0.2673
vn 0.5049 -0.8603 -0.0704
vn 0.4827 -0.8503 0.2100
vn 0.3076 -0.8503 0.4271
vn 0.6296 -0.5643 -0.5341
vn 0.5179 -0.7724 -0.3676
vn 0.3251 -0.9399 0.1039
vn 0.1970 -0.9257 0.3230
vn 0.7247 -0.4825 -0.4919
vn 0.6206 -0.5778 -0.5301
vn 0.4892 -0.8388 -0.2390
vn 0.4178 -0.9022 -0.1069
vn 0.6953 -0.5669 -0.4418
vn 0.6242 -0.6265 -0.4669
vn 0.5570 -0.7545 -0.3471
vn 0.3547 -0.9308 0.0881
vn 0.2341 -0.9335 0.2715
vn 0.6180 -0.6535 -0.4371
vn 0.7640 -0.5413 -0.3512
vn 0.9112 -0.3670 -0.1872
vn 0.6099 -0.6794 -0.4080
vn 0.6324 -0.6608 -0.4043
vn 0.6811 -0.6250 -0.3815
vn 0.9404 -0.3070 -0.1465
vn 0.8253 -0.5279 -0.2006
vn 0.7229 -0.6244 -0.2960
vn 0.6333 -0.6870 -0.3563
vn 0.5877 -0.7418 -0.3230
vn 0.5917 -0.7559 -0.2803
vn 0.5700 -0.7950 -0.2075
vn 0.5267 -0.8480 -0.0589
vn 0.4610 -0.8801 0.1137
vn 0.4103 -0.9062 0.1020
vn 0.4013 -0.8739 0.2745
vn 0.3289 -0.8479 0.4157
vn 0.2857 -0.8827 0.3731
vn 0.2321 -0.8321 0.5038
vn 0.2027 -0.8238 0.5293
vn 0.2093 -0.7973 0.5661
vn 0.2062 -0.8753 0.4375
vn 0.2357 -0.9108 0.3389
vn 0.2062 -0.9151 0.3465
vn 0.2139 -0.8545 0.4734
vn 0.2178 -0.8201 0.5291
vn -0.6195 0.1332 -0.7736
vn -0.2251 0.4325 -0.8731
vn -0.2635 0.1966 -0.9444
vn -0.5795 0.4061 -0.7066
vn -0.9267 -0.0705 -0.3691
vn -0.9174 0.2501 -0.3096
vn 0.1566 -0.0472 -0.9865
vn 0.3472 0.1095 -0.9314
vn 0.4398 -0.1491 -0.8856
vn 0.1852 0.1543 -0.9705
vn -0.2764 -0.0134 -0.9609
vn -0.6273 -0.0842 -0.7742
vn -0.9625 -0.0057 0.2712
vn -0.8734 0.2923 0.3894
vn -0.8280 0.5473 -0.1221
vn -0.5266 0.6389 -0.5608
vn -0.1386 0.5782 -0.8040
vn 0.3081 0.4353 -0.8459
vn 0.2304 0.3324 -0.9145
vn 0.4240 0.3719 -0.8258
vn 0.4537 0.2543 -0.8541
vn 0.2317 0.3838 -0.8939
vn 0.2897 0.3072 -0.9065
vn 0.0732 0.3582 -0.9308
vn -0.0423 0.3563 -0.9334
vn -0.0544 0.2682 -0.9618
vn -0.2308 0.3150 -0.9206
vn -0.1680 0.4073 -0.8977
vn -0.0051 0.4683 -0.8836
vn 0.1490 0.4930 -0.8572
vn 0.3447 0.4891 -0.8012
vn 0.3569 0.5024 -0.7876
vn -0.0117 0.6774 -0.7355
vn -0.4700 0.7804 -0.4125
vn -0.7345 0.6784 0.0158
vn -0.8014 0.4074 0.4379
vn -0.7145 0.0085 0.6996
vn -0.1282 0.5815 -0.8034
vn -0.2917 0.4673 -0.8346
vn -0.0574 0.6196 -0.7828
vn 0.0453 0.6529 -0.7561
vn 0.1829 0.7032 -0.6871
vn 0.2993 0.7273 -0.6176
vn 0.1410 0.7838 -0.6047
vn -0.2469 0.9298 -0.2731
vn -0.5379 0.8350 0.1162
vn -0.1528 0.7210 -0.6758
vn -0.3225 0.6044 -0.7284
vn -0.0691 0.7880 -0.6118
vn -0.0349 0.7874 -0.6154
vn 0.0010 0.8224 -0.5690
vn 0.0792 0.8925 -0.4440
vn 0.1380 0.9350 -0.3266
vn -0.0251 0.9862 -0.1635
vn -0.1197 0.8895 -0.4409
vn -0.0729 0.8850 -0.4598
vn -0.1129 0.8477 -0.5184
vn -0.2290 0.7952 -0.5614
vn -0.2494 0.7540 -0.6077
vn -0.3635 0.6797 -0.6370
vn -0.4940 0.4832 -0.7229
vn -0.4905 0.6024 -0.6298
vn -0.5976 0.4710 -0.6489
vn -0.2039 0.9292 -0.3081
vn -0.1134 0.9278 -0.3555
vn -0.2469 0.8581 -0.4501
vn -0.2711 0.8274 -0.4919
vn -0.3628 0.7381 -0.5688
vn -0.4481 0.6768 -0.5840
vn -0.3619 0.7855 -0.5020
vn -0.4217 0.7378 -0.5271
vn -0.4228 0.7341 -0.5313
vn -0.5031 0.6314 -0.5901
vn -0.3396 0.7820 -0.5226
vn -0.4156 0.7006 -0.5801
vn -0.2242 0.8271 -0.5154
vn -0.3110 0.7832 -0.5384
vn -0.3985 0.7962 -0.4554
vn -0.3883 0.8148 -0.4304
vn -0.3815 0.8083 -0.4486
vn -0.2804 0.8746 -0.3955
vn -0.3764 0.8358 -0.3998
vn -0.2632 0.9104 -0.3191
vn -0.4081 0.8525 -0.3267
vn -0.2798 0.9262 -0.2525
vn -0.3935 0.8181 -0.4194
vn -0.3708 0.8291 -0.4184
vn -0.3472 0.8525 -0.3907
vn -0.3116 0.8776 -0.3644
vn -0.2591 0.9033 -0.3419
vn -0.1975 0.9321 -0.3037
vn -0.3204 0.8568 -0.4040
vn -0.0971 0.9521 -0.2898
vn -0.2182 0.9002 -0.3769
vn -0.0331 0.9602 -0.2772
vn -0.3588 0.8561 -0.3721
vn -0.2889 0.8896 -0.3537
vn -0.2361 0.9186 -0.3170
vn -0.1848 0.9415 -0.2820
vn -0.1163 0.9512 -0.2857
vn -0.0733 0.9566 -0.2820
vn -0.1914 0.9393 -0.2846
vn -0.1572 0.9439 -0.2903
vn -0.0093 0.9611 -0.2761
vn 0.0526 0.9710 -0.2332
vn -0.0123 0.9608 -0.2770
vn 0.0892 0.9756 -0.2004
vn 0.0294 0.9704 -0.2396
vn 0.0670 0.9717 -0.2265
vn -0.2182 0.9309 -0.2929
vn -0.1990 0.9408 -0.2743
vn -0.0624 0.9544 -0.2919
vn -0.0100 0.9550 -0.2964
vn 0.0629 0.9680 -0.2429
vn -0.2127 0.9287 -0.3038
vn -0.1400 0.9341 -0.3285
vn 0.0500 0.9665 -0.2519
vn 0.1075 0.9683 -0.2255
vn -0.1663 0.9345 -0.3147
vn -0.0762 0.9522 -0.2958
vn 0.0391 0.9670 -0.2518
vn 0.1117 0.9705 -0.2137
vn 0.0847 0.9778 -0.1916
vn 0.0257 0.9634 -0.2669
vn -0.0496 0.9534 -0.2976
vn -0.0074 0.9617 -0.2741
vn -0.2692 0.9193 -0.2871
vn -0.2101 0.9342 -0.2883
vn -0.0951 0.9626 -0.2537
vn 0.0274 0.9810 -0.1920
vn 0.0132 0.9775 -0.2104
vn -0.0291 0.9686 -0.2471
vn -0.3161 0.9093 -0.2707
vn -0.2541 0.9348 -0.2483
vn -0.1262 0.9703 -0.2066
vn 0.0131 0.9882 -0.1526
vn 0.0678 0.9857 -0.1541
vn -0.3226 0.9164 -0.2368
vn -0.3391 0.9082 -0.2452
vn -0.2587 0.9401 -0.2219
vn -0.1567 0.9730 -0.1693
vn -0.0297 0.9926 -0.1178
vn 0.0261 0.9929 -0.1162
vn 0.0421 0.9882 -0.1475
vn 0.0157 0.9844 -0.1754
vn -0.0290 0.9792 -0.2007
vn -0.1579 0.9777 -0.1382
vn -0.0689 0.9936 -0.0893
vn -0.0392 0.9946 -0.0962
vn -0.0353 0.9882 -0.1491
vn -0.0537 0.9816 -0.1832
vn -0.0634 0.9730 -0.2220
vn -0.0639 0.9689 -0.2391
vn -0.0458 0.9837 -0.1739
vn 0.0103 0.9862 -0.1655
vn -0.0866 0.9883 -0.1255
vn 0.1299 0.9876 -0.0878
vn 0.1817 0.9791 -0.0917
vn -0.0695 0.9941 -0.0835
vn -0.0047 0.9946 -0.1041
vn 0.1817 0.9833 -0.0012
vn 0.1932 0.9794 -0.0591
vn 0.0678 0.9977 0.0018
vn 0.1883 0.9778 -0.0922
vn 0.1700 0.9845 -0.0425
vn 0.1396 0.9902 0.0043
vn 0.1600 0.9857 -0.0519
vn 0.2280 0.9718 -0.0609
vn 0.2315 0.9699 -0.0760
vn 0.1560 0.9877 0.0096
vn 0.1210 0.9916 -0.0459
vn 0.1866 0.9753 -0.1180
vn 0.1499 0.9881 -0.0351
vn 0.1202 0.9880 -0.0968
vn 0.1213 0.9822 -0.1437
vn 0.1459 0.9883 -0.0449
vn 0.1561 0.9877 -0.0097
vn 0.1139 0.9842 -0.1353
vn 0.1013 0.9925 -0.0681
vn 0.1166 0.9914 0.0594
vn 0.1214 0.9921 -0.0331
vn 0.0841 0.9948 -0.0577
vn -0.0657 0.9846 -0.1621
vn -0.0170 0.9957 -0.0909
vn 0.0831 0.9963 0.0198
vn 0.0723 0.9933 0.0898
vn -0.0294 0.9986 0.0448
vn -0.1390 0.9842 -0.1093
vn -0.1019 0.9928 0.0624
vn -0.1401 0.9899 0.0196
vn -0.1853 0.9826 -0.0097
vn 0.1006 0.9889 0.1090
vn 0.0337 0.9875 0.1538
vn -0.1319 0.9899 -0.0514
vn -0.1870 0.9794 -0.0763
vn -0.2291 0.9715 -0.0604
vn -0.1856 0.9814 -0.0498
vn -0.3208 0.9415 -0.1033
vn -0.4723 0.8745 -0.1101
vn -0.4258 0.8993 -0.1002
vn -0.4836 0.8677 -0.1153
vn -0.3086 0.9501 -0.0454
vn -0.2668 0.9634 0.0257
vn -0.4972 0.8564 -0.1389
vn -0.4775 0.8673 -0.1407
vn -0.4266 0.8971 -0.1149
vn -0.4123 0.9105 -0.0305
vn -0.3472 0.9276 -0.1376
vn -0.3366 0.9411 0.0323
vn -0.2942 0.9553 0.0303
vn -0.4241 0.9054 -0.0188
vn -0.4346 0.8915 -0.1282
vn -0.3563 0.9343 0.0108
vn -0.3993 0.9166 -0.0189
vn -0.2792 0.9595 -0.0380
vn -0.2186 0.9756 -0.0194
vn -0.3499 0.9366 -0.0186
vn -0.3924 0.9198 0.0055
vn -0.2963 0.9522 -0.0745
vn -0.2647 0.9586 -0.1047
vn -0.4473 0.8941 0.0238
vn -0.3464 0.9374 0.0348
vn -0.4216 0.9068 0.0032
vn -0.3470 0.9358 0.0619
vn -0.4382 0.8989 0.0020
vn -0.3738 0.9273 -0.0205
vn -0.3273 0.9409 -0.0869
vn -0.3048 0.9524 0.0066
vn -0.2503 0.9666 -0.0543
vn -0.3796 0.9201 -0.0963
vn -0.2671 0.9519 -0.1499
vn -0.2161 0.9687 -0.1223
vn -0.3625 0.9243 -0.1196
vn -0.4585 0.8863 -0.0660
vn -0.3061 0.9488 -0.0780
vn -0.4152 0.9095 -0.0207
vn -0.2026 0.9619 -0.1834
vn -0.1887 0.9757 -0.1114
vn -0.2889 0.9483 -0.1315
vn -0.2241 0.9727 0.0596
vn -0.2343 0.9717 0.0295
vn -0.1622 0.9667 -0.1978
vn -0.2087 0.9777 -0.0221
vn -0.0975 0.9951 0.0132
vn -0.1858 0.9814 -0.0478
vn -0.1773 0.9765 -0.1228
vn -0.0899 0.9945 -0.0538
vn -0.1455 0.9891 -0.0216
vn -0.0949 0.9868 -0.1310
vn -0.0821 0.9823 -0.1684
vn -0.0561 0.9919 -0.1138
vn -0.1280 0.9886 -0.0797
vn -0.1176 0.9911 -0.0625
vn -0.2058 0.9785 -0.0113
vn -0.0709 0.9922 -0.1029
vn -0.0533 0.9967 -0.0620
vn -0.1332 0.9894 -0.0575
vn -0.1677 0.9803 -0.1041
vn -0.2035 0.9760 -0.0772
vn -0.1567 0.9873 0.0267
vn -0.0396 0.9987 -0.0316
vn 0.0078 0.9986 -0.0516
vn -0.0505 0.9987 0.0062
vn 0.0731 0.9966 -0.0389
vn 0.0348 0.9966 -0.0745
vn 0.0344 0.9994 -0.0081
vn -0.0102 0.9929 -0.1184
vn -0.0509 0.9984 0.0243
vn -0.1624 0.9814 0.1023
vn -0.1542 0.9878 0.0209
vn -0.2506 0.9587 0.1345
vn -0.1464 0.9859 0.0813
vn -0.2446 0.9687 0.0421
vn -0.2328 0.9725 0.0099
vn -0.2271 0.9738 0.0122
vn -0.1735 0.9798 0.0999
vn -0.1918 0.9792 0.0655
vn -0.1675 0.9790 0.1163
vn -0.1143 0.9888 0.0958
vn -0.1483 0.9876 0.0512
vn -0.1491 0.9887 0.0165
vn -0.0806 0.9940 0.0739
vn -0.1585 0.9834 0.0878
vn -0.1215 0.9838 0.1321
vn -0.2439 0.9689 -0.0413
vn -0.2053 0.9786 0.0166
vn -0.1134 0.9884 0.1008
vn -0.2561 0.9587 0.1238
vn -0.2705 0.9457 0.1803
vn -0.2374 0.9585 0.1578
vn -0.3345 0.9422 -0.0218
vn -0.2786 0.9591 0.0512
vn -0.2161 0.9696 0.1143
vn -0.1772 0.9692 0.1712
vn -0.1747 0.9668 0.1863
vn -0.2286 0.9621 0.1488
vn -0.2237 0.9652 0.1353
vn -0.2113 0.9644 0.1591
vn -0.3989 0.9168 -0.0206
vn -0.3568 0.9331 0.0458
vn -0.2627 0.9549 0.1385
vn -0.2130 0.9659 0.1475
vn -0.2330 0.9549 0.1837
vn -0.3111 0.9435 0.1142
vn -0.1867 0.9658 0.1799
vn -0.2595 0.9464 0.1920
vn -0.1985 0.9604 0.1956
vn -0.2082 0.9710 0.1178
vn -0.1966 0.9704 0.1400
vn -0.1731 0.9544 0.2433
vn -0.2381 0.9510 0.1974
vn -0.2673 0.9364 0.2275
vn -0.1459 0.9402 0.3079
vn -0.3773 0.9212 0.0947
vn -0.3293 0.9291 0.1682
vn -0.2474 0.9556 0.1602
vn -0.1715 0.9661 0.1929
vn -0.1910 0.9469 0.2588
vn -0.2770 0.9352 0.2205
vn -0.2185 0.9347 0.2803
vn -0.4212 0.9056 0.0504
vn -0.4988 0.8656 -0.0438
vn -0.3253 0.9289 0.1770
vn -0.3930 0.9105 0.1286
vn -0.5405 0.8379 -0.0759
vn -0.4730 0.8804 0.0352
vn -0.4365 0.8957 0.0844
vn -0.3618 0.9221 0.1370
vn -0.3221 0.9318 0.1671
vn -0.2680 0.9480 0.1720
vn -0.2725 0.9483 0.1625
vn -0.3105 0.9419 0.1280
vn -0.3859 0.9186 0.0850
vn -0.5067 0.8621 -0.0011
vn -0.2866 0.9550 0.0771
vn -0.3375 0.9399 0.0510
vn -0.5387 0.8420 -0.0285
vn -0.4763 0.8778 0.0512
vn -0.4295 0.9025 0.0324
vn -0.5822 0.8032 -0.1260
vn -0.3861 0.9221 0.0263
vn -0.4945 0.8692 -0.0033
vn -0.4264 0.9027 -0.0578
vn -0.3954 0.9163 0.0640
vn -0.9854 -0.0544 -0.1613
vn -0.9613 0.2068 -0.1822
vn -0.9533 -0.2227 0.2040
vn -0.8304 -0.2476 0.4992
vn -0.8119 -0.3824 0.4411
vn -0.9727 -0.0021 0.2320
vn -0.8286 -0.0410 0.5583
vn -0.9429 0.2293 0.2416
vn -0.9993 0.0228 -0.0280
vn -0.9602 0.2778 -0.0280
vn -0.9275 0.2102 -0.3092
vn -0.9283 0.0448 -0.3692
vn -0.6536 -0.2451 0.7161
vn -0.6448 -0.4144 0.6423
vn -0.6434 -0.0289 0.7650
vn -0.8022 0.1721 0.5717
vn -0.9186 0.3209 -0.2308
vn -0.9065 0.1519 -0.3938
vn -0.6509 0.1445 0.7453
vn -0.6104 0.1945 0.7678
vn -0.7898 0.3547 0.5004
vn -0.9072 0.3776 0.1853
vn -0.9012 0.4278 -0.0699
vn -0.8779 0.3169 -0.3588
vn -0.5761 0.6627 0.4784
vn -0.4713 0.5496 0.6898
vn -0.5741 0.5412 0.6144
vn -0.7734 0.5314 0.3457
vn -0.8611 0.4949 0.1164
vn -0.8764 0.4155 -0.2435
vn -0.2029 0.9720 0.1188
vn -0.3033 0.9010 0.3101
vn -0.4520 0.7710 0.4485
vn -0.6424 0.6860 0.3417
vn -0.6418 0.7503 0.1587
vn -0.5261 0.8187 0.2303
vn -0.3626 0.9154 0.1748
vn -0.1886 0.9821 -0.0009
vn -0.0541 0.9840 -0.1700
vn -0.0551 0.9518 -0.3016
vn -0.1198 0.9123 -0.3917
vn -0.2177 0.9736 -0.0681
vn -0.1891 0.9660 -0.1766
vn -0.2128 0.9471 -0.2404
vn -0.2976 0.9402 -0.1656
vn -0.4208 0.8653 -0.2725
vn -0.4632 0.8031 -0.3748
vn -0.4335 0.8047 -0.4057
vn -0.4296 0.8250 -0.3670
vn -0.4017 0.8610 -0.3119
vn -0.2906 0.9004 -0.3238
vn -0.4063 0.8726 -0.2711
vn -0.2918 0.9177 -0.2697
vn -0.3146 0.9211 -0.2291
vn -0.2468 0.9360 -0.2511
vn -0.3580 0.9162 -0.1799
vn -0.3601 0.9142 -0.1857
vn -0.4102 0.8900 -0.1994
vn -0.3644 0.9186 -0.1529
vn -0.4094 0.8732 -0.2642
vn -0.2748 0.9423 -0.1913
vn -0.4444 0.8777 -0.1794
vn -0.2771 0.9536 -0.1180
vn -0.1584 0.9846 -0.0745
vn -0.0940 0.9946 -0.0432
vn -0.1728 0.9850 0.0017
vn -0.1207 0.9925 0.0188
vn 0.0082 0.9997 -0.0249
vn -0.0897 0.9952 -0.0385
vn 0.1318 0.9911 0.0188
vn 0.1141 0.9935 0.0049
vn -0.0479 0.9929 -0.1086
vn -0.9599 -0.2798 -0.0157
vn -0.9065 -0.3757 0.1928
vn -0.3011 0.2608 -0.9173
vn -0.4345 0.2693 -0.8595
vn -0.5397 0.2402 -0.8068
vn 0.1350 0.2103 -0.9683
vn -0.6014 0.2506 -0.7586
vn -0.7074 0.2644 -0.6555
vn -0.7768 0.3051 -0.5509
vn -0.8034 0.2267 -0.5506
vn -0.7909 0.1891 -0.5820
vn -0.7743 0.3426 -0.5321
vn -0.6285 0.3274 -0.7056
vn -0.6242 0.1585 -0.7650
vn -0.7475 0.4150 -0.5187
vn -0.6098 0.4591 -0.6461
vn -0.7817 0.3328 -0.5274
vn -0.7065 0.3454 -0.6177
vn -0.5605 0.3004 -0.7718
vn -0.4625 0.3391 -0.8192
vn -0.3464 0.2793 -0.8955
vn -0.5743 0.5285 -0.6252
vn -0.3805 0.5545 -0.7401
vn -0.6919 0.4435 -0.5697
vn -0.6692 0.3129 -0.6740
vn -0.3529 0.6419 -0.6807
vn -0.1818 0.6726 -0.7173
vn -0.5224 0.5849 -0.6205
vn -0.6152 0.5223 -0.5906
vn -0.5046 0.6705 -0.5439
vn -0.4105 0.7377 -0.5360
vn -0.2641 0.7838 -0.5621
vn -0.1126 0.8138 -0.5701
vn -0.0444 0.8272 -0.5601
vn -0.0573 0.6922 -0.7195
vn -0.0411 0.8194 -0.5718
vn 0.0195 0.7156 -0.6982
vn 0.1011 0.8076 -0.5810
vn 0.0986 0.7409 -0.6643
vn -0.1785 0.8403 -0.5118
vn -0.0874 0.8572 -0.5075
vn -0.0744 0.8403 -0.5369
vn -0.0128 0.8112 -0.5846
vn -0.1212 0.8635 -0.4895
vn -0.1014 0.8753 -0.4728
vn -0.1330 0.8688 -0.4769
vn -0.0224 0.8842 -0.4665
vn 0.2127 0.8903 -0.4026
vn 0.1637 0.8287 -0.5353
vn 0.3314 0.8832 -0.3318
vn 0.2772 0.8438 -0.4596
vn 0.3235 0.8985 -0.2966
vn 0.3095 0.8637 -0.3978
vn 0.3193 0.9081 -0.2709
vn 0.3310 0.8766 -0.3493
vn -0.0031 0.9608 -0.2772
vn 0.1748 0.9526 -0.2491
vn -0.0888 0.9463 -0.3108
vn -0.0687 0.9428 -0.3262
vn -0.1014 0.9344 -0.3414
vn -0.0364 0.9599 -0.2781
vn -0.0442 0.9641 -0.2618
vn -0.0098 0.9739 -0.2267
vn 0.0604 0.9815 -0.1815
vn 0.2061 0.9603 -0.1879
vn 0.3289 0.9204 -0.2117
vn 0.3216 0.9327 -0.1632
vn 0.0625 0.9772 -0.2030
vn 0.0213 0.9801 -0.1973
vn 0.1717 0.9615 -0.2144
vn 0.3332 0.9246 -0.1846
vn 0.0210 0.9725 -0.2322
vn 0.3350 0.9163 -0.2197
vn 0.3294 0.9149 -0.2334
vn 0.3268 0.9133 -0.2430
vn 0.1071 0.9690 -0.2225
vn 0.0792 0.9578 -0.2763
vn 0.2758 0.9321 -0.2350
vn 0.0711 0.9679 -0.2411
vn 0.2110 0.9437 -0.2547
vn 0.3207 0.9182 -0.2326
vn 0.0363 0.9666 -0.2538
vn 0.2028 0.9602 -0.1920
vn 0.2964 0.9345 -0.1971
vn 0.2545 0.9426 -0.2163
vn 0.2830 0.9250 -0.2535
vn 0.0918 0.9825 -0.1622
vn 0.2767 0.9483 -0.1556
vn 0.2429 0.9628 -0.1183
vn 0.2338 0.9572 -0.1706
vn 0.2441 0.9643 -0.1027
vn 0.2074 0.9701 -0.1259
vn 0.2398 0.9628 -0.1248
vn 0.2330 0.9524 -0.1968
vn 0.1881 0.9774 -0.0971
vn 0.2959 0.9523 -0.0742
vn 0.3478 0.9347 -0.0729
vn 0.3464 0.9334 -0.0937
vn 0.2862 0.9555 -0.0712
vn 0.3310 0.9360 -0.1199
vn 0.3194 0.9286 -0.1891
vn 0.3607 0.9197 -0.1553
vn 0.2604 0.9573 -0.1255
vn 0.2946 0.9438 -0.1499
vn 0.3227 0.9315 -0.1681
vn 0.2190 0.9608 -0.1701
vn 0.3171 0.9440 -0.0913
vn 0.1427 0.9755 -0.1672
vn 0.0682 0.9914 -0.1118
vn 0.0353 0.9992 -0.0168
vn 0.0493 0.9940 0.0980
vn 0.0070 0.9943 0.1064
vn -0.0372 0.9991 0.0210
vn 0.0432 0.9972 0.0605
vn -0.0532 0.9985 0.0107
vn -0.0924 0.9950 -0.0378
vn -0.0149 0.9986 -0.0511
vn 0.0097 0.9996 0.0250
vn 0.0173 0.9970 0.0748
vn 0.0258 0.9994 -0.0220
vn 0.0355 0.9993 -0.0091
vn -0.1042 0.9943 -0.0233
vn -0.0028 0.9996 -0.0285
vn -0.0576 0.9983 -0.0021
vn -0.1534 0.9874 0.0397
vn -0.0424 0.9960 -0.0785
vn 0.0211 0.9954 -0.0938
vn -0.2257 0.9721 0.0632
vn -0.1406 0.9889 -0.0484
vn -0.1332 0.9908 0.0242
vn -0.1515 0.9847 0.0866
vn -0.1916 0.9789 0.0714
vn -0.2522 0.9658 0.0609
vn -0.2437 0.9698 -0.0140
vn -0.1880 0.9817 0.0315
vn -0.1652 0.9863 0.0018
vn -0.1600 0.9870 -0.0135
vn -0.0952 0.9902 -0.1023
vn -0.0730 0.9956 -0.0590
vn -0.1587 0.9799 -0.1208
vn -0.2404 0.9658 -0.0970
vn -0.2195 0.9748 -0.0397
vn -0.2622 0.9650 -0.0001
vn -0.1686 0.9843 -0.0525
vn -0.1862 0.9786 -0.0878
vn 0.0037 0.9946 -0.1033
vn -0.0378 0.9918 -0.1218
vn 0.1131 0.9844 -0.1348
vn -0.2396 0.9708 0.0102
vn -0.2157 0.9765 0.0031
vn -0.0483 0.9986 -0.0213
vn 0.0511 0.9978 -0.0423
vn 0.0650 0.9929 -0.0993
vn -0.0091 1.0000 -0.0018
vn 0.0676 0.9963 -0.0534
vn -0.1016 0.9921 -0.0742
vn -0.0707 0.9948 -0.0735
vn -0.0070 0.9969 -0.0783
vn -0.1656 0.9857 -0.0296
vn 0.0135 0.9992 -0.0379
vn 0.0582 0.9983 -0.0018
vn 0.0353 0.9994 0.0056
vn -0.0047 0.9947 -0.1028
vn -0.0365 0.9991 0.0200
vn -0.0167 0.9989 0.0444
vn 0.0235 0.9953 -0.0941
vn -0.0391 0.9931 -0.1103
vn -0.0215 0.9998 -0.0059
vn -0.0786 0.9918 -0.1003
vn -0.0235 0.9946 -0.1016
vn -0.0081 0.9853 -0.1705
vn -0.0174 0.9943 -0.1049
vn 0.0270 0.9959 -0.0859
vn 0.0813 0.9885 -0.1276
vn 0.1551 0.9877 -0.0210
vn 0.0654 0.9874 -0.1443
vn -0.0007 0.9942 -0.1077
vn 0.0150 0.9894 -0.1447
vn 0.0713 0.9954 -0.0640
vn 0.1381 0.9900 0.0274
vn 0.0964 0.9919 -0.0825
vn 0.0595 0.9977 -0.0333
vn 0.0482 0.9988 -0.0036
vn -0.0250 0.9985 -0.0482
vn -0.1168 0.9899 0.0810
vn -0.0246 0.9996 -0.0142
vn -0.0868 0.9952 -0.0442
vn -0.1239 0.9879 -0.0937
vn -0.0845 0.9911 -0.1028
vn -0.0171 0.9955 -0.0930
vn 0.1029 0.9912 -0.0835
vn -0.7466 -0.2031 0.6335
vn -0.9273 -0.3152 0.2019
vn -0.7078 -0.4293 0.5610
vn -0.9061 -0.2677 -0.3276
vn -0.8520 -0.4720 0.2264
vn -0.6386 -0.5548 0.5332
vn -0.6143 -0.2871 -0.7350
vn -0.2715 -0.1927 -0.9429
vn -0.8476 -0.4687 -0.2486
vn -0.7488 -0.5997 0.2824
vn -0.6076 -0.6047 0.5149
vn -0.6493 -0.5149 0.5597
vn -0.9344 0.0251 -0.3553
vn -0.9530 -0.2417 -0.1829
vn -0.8071 -0.4104 0.4244
vn -0.6987 -0.4676 0.5415
vn -0.6240 -0.5984 0.5025
vn -0.6541 -0.6797 0.3320
vn -0.6705 -0.5684 0.4768
vn -0.7474 -0.4101 0.5227
vn -0.8335 -0.3638 0.4160
vn -0.8987 -0.3862 0.2080
vn -0.9077 -0.3613 -0.2135
vn -0.9272 -0.1120 -0.3574
vn -0.8801 0.0829 -0.4675
vn -0.9098 -0.4150 -0.0044
vn -0.8930 -0.2198 -0.3929
vn -0.8582 -0.4630 -0.2218
vn -0.8426 -0.4186 -0.3389
vn -0.8710 -0.0821 -0.4844
vn -0.8595 -0.0018 -0.5111
vn -0.8377 -0.0224 -0.5457
vn -0.8588 -0.2568 -0.4433
vn -0.8581 -0.2145 -0.4665
vn -0.7938 -0.4432 -0.4164
vn -0.7954 -0.4303 -0.4269
vn -0.7753 -0.5514 -0.3081
vn -0.7323 -0.5723 -0.3691
vn -0.7124 -0.5762 -0.4007
vn -0.8806 -0.4729 -0.0291
vn -0.9044 -0.4100 0.1182
vn -0.8147 -0.5566 -0.1624
vn -0.8574 -0.5069 0.0888
vn -0.7577 -0.6312 0.1657
vn -0.7037 -0.6055 -0.3717
vn -0.6600 -0.7487 0.0621
vn -0.6545 -0.7445 0.1315
vn -0.8315 -0.5551 0.0211
vn -0.8515 -0.5219 -0.0510
vn -0.7276 -0.6205 -0.2927
vn -0.4848 -0.8719 0.0690
vn -0.6803 -0.7317 -0.0425
vn -0.6996 -0.5696 -0.4314
vn -0.7789 -0.6053 -0.1639
vn -0.7963 -0.5996 -0.0799
vn -0.7865 -0.6152 -0.0542
vn -0.5286 -0.8488 0.0073
vn -0.6127 -0.7781 -0.1387
vn -0.5005 -0.8638 -0.0579
vn -0.4180 -0.9084 0.0131
vn -0.4439 -0.8959 0.0189
vn -0.6873 -0.5493 -0.4752
vn -0.6975 -0.6171 -0.3642
vn -0.7258 -0.6559 -0.2073
vn -0.7369 -0.6704 -0.0866
vn -0.4726 -0.8730 -0.1209
vn -0.5107 -0.8452 -0.1577
vn -0.4445 -0.8957 0.0159
vn -0.4290 -0.9003 -0.0733
vn -0.6470 -0.5882 -0.4852
vn -0.6739 -0.5972 -0.4350
vn -0.7102 -0.6451 -0.2819
vn -0.7290 -0.6735 -0.1219
vn -0.5788 -0.7963 -0.1759
vn -0.4896 -0.8468 -0.2077
vn -0.4649 -0.8818 -0.0794
vn -0.5191 -0.8533 0.0503
vn -0.5028 -0.8643 0.0119
vn -0.3471 -0.9114 -0.2212
vn -0.3227 -0.9112 -0.2562
vn -0.2147 -0.9070 -0.3622
vn -0.6175 -0.6197 -0.4844
vn -0.6345 -0.6901 -0.3480
vn -0.3985 -0.9050 -0.1491
vn -0.6590 -0.7306 -0.1787
vn -0.5395 -0.6961 -0.4736
vn -0.5363 -0.7046 -0.4647
vn -0.5714 -0.7172 -0.3989
vn -0.6321 -0.7224 -0.2804
vn -0.5943 -0.7796 -0.1975
vn -0.6537 -0.7210 -0.2301
vn -0.4883 -0.8345 -0.2552
vn -0.6142 -0.7137 -0.3368
vn -0.4999 -0.7288 -0.4679
vn -0.5535 -0.7075 -0.4395
vn -0.5225 -0.7179 -0.4600
vn -0.6202 -0.7331 -0.2791
vn -0.5989 -0.6992 -0.3905
vn -0.5583 -0.7680 -0.3138
vn -0.6269 -0.7039 -0.3339
vn -0.5613 -0.7334 -0.3836
vn -0.5671 -0.7024 -0.4300
vn -0.5327 -0.7334 -0.4223
vn -0.5181 -0.7536 -0.4046
vn -0.4405 -0.8028 -0.4018
vn -0.4506 -0.8156 -0.3629
vn -0.4108 -0.8303 -0.3767
vn -0.3228 -0.8735 -0.3644
vn -0.2730 -0.8940 -0.3554
vn -0.2112 -0.9178 -0.3361
vn -0.3086 -0.8792 -0.3631
vn -0.3095 -0.9157 -0.2562
vn -0.3838 -0.8682 -0.3145
vn -0.3655 -0.8586 -0.3594
vn -0.4516 -0.7948 -0.4054
vn -0.4195 -0.8561 -0.3019
vn -0.4160 -0.8243 -0.3841
vn -0.2433 -0.9365 -0.2526
vn -0.4402 -0.8528 -0.2810
vn -0.3389 -0.9160 -0.2146
vn -0.5001 -0.7812 -0.3736
vn -0.4385 -0.8296 -0.3456
vn -0.4768 -0.8487 -0.2288
vn -0.4925 -0.8161 -0.3025
vn -0.4837 -0.8505 -0.2066
vn -0.4245 -0.8895 -0.1691
vn -0.1771 -0.9452 -0.2742
vn -0.2327 -0.9434 -0.2364
vn -0.5026 -0.8216 -0.2690
vn -0.5108 -0.8450 -0.1585
vn -0.3451 -0.9252 -0.1575
vn -0.5068 -0.8551 -0.1092
vn -0.5182 -0.8272 -0.2175
vn -0.4690 -0.8538 -0.2260
vn -0.5776 -0.8126 -0.0782
vn -0.4862 -0.8690 -0.0924
vn -0.5443 -0.8271 -0.1401
vn -0.3038 -0.9355 -0.1807
vn -0.1426 -0.9432 -0.3002
vn -0.6008 -0.7989 -0.0286
vn -0.5900 -0.8018 -0.0947
vn -0.4573 -0.8869 -0.0654
vn -0.0327 -0.7845 -0.6193
vn -0.4851 -0.8590 -0.1638
vn -0.5732 -0.8189 -0.0297
vn -0.5726 -0.8191 0.0337
vn -0.2633 -0.9412 -0.2119
vn -0.1235 -0.9184 -0.3760
vn -0.0401 -0.8556 -0.5161
vn -0.4074 -0.9106 -0.0694
vn -0.2460 -0.9242 -0.2922
vn -0.1069 -0.8843 -0.4545
vn 0.0078 -0.7209 -0.6930
vn 0.0298 -0.7952 -0.6056
vn -0.0433 -0.8528 -0.5204
vn -0.1599 -0.8987 -0.4083
vn -0.2503 -0.9277 -0.2769
vn -0.3182 -0.9391 -0.1297
vn -0.3455 -0.9378 -0.0352
vn -0.0791 -0.5261 -0.8467
vn 0.0494 -0.5967 -0.8010
vn 0.1178 -0.6868 -0.7173
vn 0.0572 -0.7834 -0.6189
vn -0.0693 -0.8695 -0.4890
vn -0.1863 -0.9222 -0.3388
vn -0.2552 -0.3704 -0.8931
vn -0.0982 -0.3861 -0.9172
vn 0.0164 -0.4150 -0.9097
vn 0.1344 -0.4657 -0.8747
vn 0.2173 -0.5335 -0.8174
vn 0.2008 -0.6423 -0.7397
vn -0.5294 -0.3163 -0.7872
vn -0.4624 -0.2668 -0.8456
vn -0.3797 -0.2434 -0.8925
vn -0.2697 -0.2451 -0.9312
vn -0.1616 -0.2431 -0.9564
vn -0.0597 -0.2642 -0.9626
vn 0.0249 -0.2933 -0.9557
vn 0.1280 -0.3106 -0.9419
vn -0.6099 -0.3289 -0.7210
vn -0.2804 -0.0977 -0.9549
vn -0.4907 -0.1274 -0.8620
vn -0.6620 -0.0592 -0.7472
vn -0.6964 -0.1813 -0.6943
vn -0.6213 -0.2996 -0.7241
vn -0.6491 -0.0227 -0.7604
vn -0.5397 0.0734 -0.8387
vn -0.7464 -0.0407 -0.6642
vn -0.7809 0.0641 -0.6214
vn -0.7064 0.1729 -0.6863
vn -0.2994 0.1062 -0.9482
vn -0.0497 0.0828 -0.9953
vn -0.0237 0.1682 -0.9855
vn -0.1580 0.2142 -0.9639
vn -0.3755 0.2308 -0.8976
vn 0.7248 0.2035 -0.6582
vn 0.8121 0.2243 -0.5388
vn 0.8711 0.2859 -0.3993
vn 0.8743 0.3715 -0.3124
vn 0.8693 0.4113 -0.2740
vn 0.9247 0.2882 -0.2489
vn 0.8512 0.4527 -0.2656
vn 0.8068 0.4716 -0.3560
vn 0.7605 0.4279 -0.4884
vn 0.6525 0.4292 -0.6246
vn 0.5680 0.2122 -0.7952
vn 0.7980 0.5450 -0.2572
vn 0.8350 0.4970 -0.2361
vn 0.8530 0.4638 -0.2395
vn 0.8160 0.4927 -0.3024
vn 0.6715 0.5948 -0.4418
vn 0.7283 0.6367 -0.2535
vn 0.7828 0.5809 -0.2232
vn 0.7527 0.5953 -0.2812
vn 0.7011 0.6264 -0.3406
vn 0.6876 0.6954 -0.2088
vn 0.6342 0.7276 -0.2614
vn 0.7031 0.6836 -0.1958
vn 0.5570 0.8077 -0.1933
vn 0.6082 0.7682 -0.1999
vn 0.5488 0.7936 -0.2626
vn 0.5186 0.8269 -0.2177
vn 0.4631 0.8419 -0.2769
vn 0.5220 0.8343 -0.1775
vn 0.4397 0.8714 -0.2176
vn 0.5069 0.8069 -0.3033
vn 0.4446 0.8442 -0.2995
vn 0.3635 0.8841 -0.2935
vn 0.4229 0.8645 -0.2718
vn 0.4510 0.8575 -0.2474
vn 0.3704 0.8955 -0.2469
vn 0.4254 0.8789 -0.2158
vn 0.3173 0.9221 -0.2215
vn 0.3810 0.9061 -0.1836
vn 0.3848 0.9130 -0.1353
vn 0.4234 0.8975 -0.1238
vn 0.3935 0.9132 -0.1057
vn 0.3943 0.9055 -0.1570
vn 0.3701 0.9031 -0.2179
vn 0.3952 0.8979 -0.1937
vn 0.4464 0.8930 -0.0574
vn 0.4600 0.8879 0.0043
vn 0.4414 0.8973 -0.0056
vn 0.4260 0.9027 -0.0603
vn 0.4403 0.8952 -0.0693
vn 0.4261 0.9047 -0.0038
vn 0.4033 0.9140 -0.0454
vn 0.4053 0.9141 0.0127
vn 0.3624 0.9320 0.0032
vn 0.3090 0.9509 0.0156
vn 0.0271 0.1591 -0.9869
vn 0.1049 0.1740 -0.9791
vn 0.3244 0.2018 -0.9241
vn 0.5030 0.4359 -0.7463
vn 0.2960 0.4144 -0.8606
vn 0.1027 0.3637 -0.9258
vn 0.0209 0.2908 -0.9565
vn -0.0521 0.3257 -0.9440
vn -0.1823 0.3828 -0.9057
vn -0.3790 0.4353 -0.8166
vn 0.5438 0.6295 -0.5550
vn 0.4086 0.6451 -0.6456
vn 0.2571 0.6295 -0.7332
vn 0.0969 0.5904 -0.8013
vn 0.0501 0.5420 -0.8389
vn 0.0269 0.5054 -0.8625
vn -0.0699 0.4932 -0.8671
vn -0.2017 0.5216 -0.8290
vn 0.5741 0.7029 -0.4200
vn 0.4454 0.7465 -0.4944
vn 0.3351 0.7606 -0.5561
vn 0.2233 0.7571 -0.6140
vn 0.2240 0.8090 -0.5435
vn 0.3045 0.8183 -0.4876
vn 0.3765 0.8186 -0.4338
vn 0.4671 0.8014 -0.3736
vn 0.5691 0.7663 -0.2982
vn 0.6481 0.7261 -0.2295
vn 0.3788 0.8763 -0.2977
vn 0.4631 0.8541 -0.2367
vn 0.3405 0.9102 -0.2359
vn 0.4099 0.8901 -0.1994
vn 0.4688 0.8667 -0.1704
vn 0.4070 0.8924 -0.1947
vn 0.3558 0.9168 -0.1815
vn 0.3562 0.9187 -0.1706
vn 0.3920 0.8770 -0.2779
vn 0.3300 0.9019 -0.2787
vn 0.2956 0.9147 -0.2755
vn 0.3034 0.9126 -0.2739
vn 0.2666 0.9322 -0.2448
vn 0.2867 0.9417 -0.1759
vn 0.3415 0.9258 -0.1619
vn 0.3395 0.9164 -0.2118
vn 0.4027 0.9078 -0.1168
vn 0.3712 0.9097 -0.1860
vn 0.4280 0.9034 -0.0248
vn 0.3862 0.9170 -0.1002
vn 0.3251 0.9218 -0.2112
vn 0.3688 0.9259 -0.0820
vn 0.3898 0.9209 -0.0029
vn 0.3259 0.9372 -0.1243
vn 0.2833 0.9444 -0.1671
vn 0.2408 0.9605 -0.1392
vn 0.0917 0.9862 -0.1376
vn 0.1809 0.9766 -0.1165
vn 0.0391 0.9956 -0.0846
vn 0.1481 0.9844 -0.0945
vn 0.2159 0.9764 0.0029
vn 0.2514 0.9632 -0.0949
vn 0.3014 0.9509 -0.0702
vn 0.3938 0.9190 0.0166
vn -0.5470 0.3323 -0.7683
vn -0.6068 0.0683 -0.7919
vn -0.4726 0.0742 -0.8781
vn -0.6179 0.2743 -0.7368
vn -0.5140 -0.0627 -0.8555
vn -0.5480 0.1649 -0.8200
vn -0.4943 0.2660 -0.8276
vn -0.5049 0.4706 -0.7236
vn -0.6468 0.5471 -0.5313
vn -0.8387 0.4544 -0.3000
vn -0.9435 0.3302 -0.0278
vn -0.7438 0.5861 0.3215
vn -0.7818 0.6189 -0.0756
vn -0.6783 0.6596 -0.3239
vn -0.5425 0.6528 -0.5287
vn -0.4775 0.5542 -0.6818
vn -0.4801 0.4783 -0.7353
vn -0.3944 0.7456 -0.5372
vn -0.3939 0.7430 -0.5412
vn -0.4479 0.7410 -0.5003
vn -0.5419 0.7642 -0.3497
vn -0.5872 0.8029 -0.1031
vn -0.5493 0.8154 0.1825
vn -0.2838 0.7549 0.5913
vn -0.0554 0.5561 0.8293
vn 0.2438 -0.6843 0.6873
vn 0.2320 -0.7525 0.6163
vn 0.2301 -0.8548 0.4652
vn 0.4792 -0.8743 -0.0771
vn 0.5469 -0.8061 -0.2263
vn 0.2904 -0.6724 0.6808
vn 0.2781 -0.7633 0.5831
vn 0.3156 -0.8277 0.4641
vn 0.3625 -0.8804 0.3057
vn 0.4421 -0.8892 0.1175
vn 0.2468 -0.7425 0.6227
vn 0.2725 -0.7951 0.5419
vn 0.2651 -0.7508 0.6050
vn 0.1274 -0.0335 -0.9913
vn 0.3141 -0.1066 -0.9434
vn -0.0376 -0.1443 -0.9888
vn 0.3055 -0.2798 -0.9102
vn 0.1473 -0.2274 -0.9626
vn -0.7316 -0.6679 -0.1364
vn -0.5539 -0.5490 -0.6259
vn -0.2402 -0.4465 -0.8619
vn 0.1700 -0.3739 -0.9118
vn 0.2980 -0.3706 -0.8797
vn 0.3329 -0.4540 -0.8265
vn 0.1536 -0.5742 -0.8042
vn -0.1914 -0.6907 -0.6973
vn -0.4369 -0.7780 -0.4516
vn -0.5744 -0.8183 -0.0225
vn -0.5945 -0.7396 0.3156
vn 0.0609 -0.7586 -0.6487
vn -0.1609 -0.8523 -0.4976
vn -0.3252 -0.9008 -0.2877
vn -0.4499 -0.8928 0.0196
vn -0.5927 -0.7655 0.2504
vn -0.7179 -0.5411 0.4379
vn -0.7855 -0.3578 0.5049
vn -0.2793 -0.9446 -0.1723
vn -0.3948 -0.9188 0.0015
vn -0.5007 -0.8526 0.1499
vn -0.6397 -0.6920 0.3346
vn -0.7275 -0.5808 0.3653
vn -0.8134 -0.5224 0.2556
vn -0.3892 -0.9195 0.0546
vn -0.4863 -0.8620 0.1434
vn -0.6469 -0.7256 0.2346
vn -0.5653 0.8134 -0.1374
vn -0.5742 0.8164 -0.0617
vn -0.6064 0.7879 -0.1075
vn 0.5876 -0.8087 -0.0273
vn 0.5324 -0.8436 -0.0702
vn 0.4361 -0.8919 -0.1200
vn 0.6089 -0.7891 -0.0810
vn 0.5136 -0.8502 -0.1157
vn 0.5593 -0.8216 -0.1100
vn 0.4791 -0.8709 -0.1095
vn 0.5785 -0.8124 -0.0732
vn 0.5488 -0.8341 -0.0550
vn 0.4998 -0.8639 -0.0631
vn 0.5872 -0.8064 -0.0705
vn 0.9317 -0.1981 0.3046
vn 0.9258 -0.3032 0.2256
vn 0.9093 -0.2188 0.3539
vn 0.9064 -0.3392 0.2518
vn 0.8578 -0.4048 0.3167
vn 0.8740 -0.3894 0.2906
vn 0.8504 -0.2324 0.4720
vn 0.8386 -0.3515 0.4161
vn 0.8114 -0.4753 0.3402
vn 0.7747 -0.4974 0.3905
vn 0.7799 -0.5193 0.3495
vn 0.8460 -0.4340 0.3097
vn 0.8718 0.0052 0.4898
vn 0.8701 -0.0676 0.4882
vn 0.8030 -0.2904 0.5204
vn 0.7216 -0.5209 0.4561
vn 0.8375 -0.0056 0.5465
vn 0.6777 -0.5754 0.4578
vn 0.8201 -0.1976 0.5370
vn 0.7179 -0.4415 0.5382
vn 0.7276 -0.5668 0.3865
vn 0.8247 -0.2727 0.4955
vn 0.6391 -0.5906 0.4928
vn 0.6178 -0.6526 0.4386
vn 0.6605 -0.6258 0.4148
vn 0.8260 -0.4938 0.2717
vn 0.9136 -0.0603 0.4022
vn 0.7268 -0.5908 0.3505
vn 0.6124 -0.6792 0.4046
vn 0.5966 -0.6913 0.4075
vn 0.7263 -0.5595 0.3994
vn 0.9676 -0.2303 0.1032
vn 0.9450 -0.2739 0.1789
vn 0.8345 -0.4938 0.2445
vn 0.6956 -0.6486 0.3090
vn 0.6219 -0.7053 0.3403
vn 0.6567 -0.6498 0.3829
vn 0.9414 -0.1727 0.2898
vn 0.5692 -0.7403 0.3578
vn 0.6995 -0.6264 0.3440
vn 0.7560 -0.5717 0.3189
vn 0.7000 -0.6403 0.3163
vn 0.7930 -0.5523 0.2570
vn 0.7147 -0.6534 0.2496
vn 0.7614 -0.6204 0.1880
vn 0.6163 -0.7538 0.2280
vn 0.1350 -0.9890 -0.0612
vn -0.1477 -0.9890 -0.0024
vn -0.1039 -0.9941 -0.0309
vn -0.1923 -0.9813 -0.0051
vn -0.1591 -0.9866 -0.0370
vn -0.4346 -0.9000 -0.0339
vn -0.3617 -0.9315 -0.0391
vn -0.5037 -0.8625 -0.0481
vn -0.4760 -0.8658 -0.1543
vn -0.2995 -0.9135 -0.2754
vn 0.4429 -0.8962 -0.0234
vn 0.4550 -0.8905 0.0045
vn 0.4681 -0.8831 -0.0308
vn 0.4713 -0.8817 0.0220
vn 0.4831 -0.8755 -0.0057
vn 0.4906 -0.8705 -0.0384
vn 0.4940 -0.8671 -0.0634
vn 0.5058 -0.8624 -0.0222
vn 0.5184 -0.8535 -0.0528
vn 0.5276 -0.8491 -0.0252
vn 0.5172 -0.8539 -0.0577
vn 0.4987 -0.8661 -0.0344
vn 0.5429 -0.8392 -0.0317
vn 0.5900 -0.8074 -0.0025
vn 0.5321 -0.8467 0.0059
vn 0.6471 -0.7621 0.0243
vn 0.5984 -0.8011 0.0138
vn 0.5995 -0.8001 0.0222
vn 0.5622 -0.8270 0.0058
vn 0.6185 -0.7858 0.0009
vn 0.5517 -0.8327 -0.0473
vn 0.5366 -0.8429 -0.0403
vn 0.4916 -0.8694 -0.0494
vn 0.5127 -0.8550 -0.0785
vn 0.4411 -0.8969 -0.0303
vn 0.4262 -0.9012 -0.0786
vn 0.5360 -0.8421 -0.0599
vn 0.5457 -0.8360 -0.0577
vn 0.3392 -0.9360 -0.0941
vn 0.5238 -0.8510 -0.0378
vn 0.4241 -0.9041 -0.0520
vn 0.4147 -0.9094 -0.0322
vn 0.5190 -0.8543 -0.0286
vn 0.3785 -0.9189 -0.1110
vn -0.2265 0.9739 -0.0136
vn -0.1032 0.9920 0.0722
vn -0.2222 0.9679 0.1177
vn -0.2382 0.9700 0.0491
vn -0.3266 0.9449 -0.0232
vn -0.1574 0.9875 -0.0078
vn -0.3108 0.9497 0.0392
vn -0.3736 0.9275 -0.0095
vn -0.0963 0.9892 -0.1103
vn -0.2834 0.9567 -0.0672
vn -0.1201 0.9806 -0.1551
vn -0.2351 0.9552 -0.1796
vn -0.3561 0.9272 -0.1159
vn -0.2635 0.9589 0.1051
vn -0.1890 0.9734 0.1293
vn -0.2455 0.9395 0.2389
vn -0.0732 0.9560 0.2842
vn -0.2338 0.9626 0.1372
vn -0.1316 0.9460 0.2963
vn -0.1561 0.9408 0.3008
vn -0.2709 0.9325 0.2388
vn -0.1248 0.9542 0.2718
vn -0.1917 0.9654 0.1770
vn -0.2720 0.9331 0.2354
vn -0.0796 0.9233 0.3757
vn -0.2867 0.9451 0.1570
vn -0.1745 0.9316 0.3187
vn -0.2118 0.9518 0.2220
vn -0.0905 0.9426 0.3216
vn -0.1645 0.9462 0.2787
vn -0.0840 0.9102 0.4057
vn -0.0940 0.8857 0.4545
vn -0.2523 0.9434 0.2155
vn -0.1173 0.9222 0.3685
vn -0.0893 0.8719 0.4815
vn -0.0810 0.8561 0.5104
vn -0.2130 0.9310 0.2965
vn -0.2497 0.9471 0.2015
vn -0.1858 0.9566 0.2245
vn -0.1428 0.9485 0.2828
vn -0.3113 0.9387 0.1480
vn -0.3111 0.9321 0.1853
vn -0.3302 0.9372 0.1121
vn -0.2914 0.9459 0.1426
vn -0.3612 0.9226 0.1353
vn -0.2145 0.9494 0.2296
vn -0.2667 0.9458 0.1853
vn -0.6501 -0.5579 -0.5158
vn 0.0439 0.9978 0.0495
vn 0.0212 0.9995 -0.0235
vn 0.1511 0.9820 0.1137
vn 0.0781 0.9831 0.1658
vn 0.1429 0.9689 0.2020
vn 0.1267 0.9681 0.2161
vn 0.0665 0.9819 0.1773
vn -0.0004 0.9934 0.1145
vn 0.1506 0.9710 0.1857
vn 0.1127 0.9935 0.0151
vn 0.0328 0.9914 0.1263
vn 0.0351 0.9988 -0.0332
vn -0.0713 0.9960 0.0533
vn -0.0045 0.9767 0.2147
vn -0.0667 0.9974 0.0282
vn -0.0619 0.9929 0.1013
vn -0.1126 0.9909 0.0734
vn -0.0098 0.9887 0.1497
vn -0.1610 0.9827 0.0915
vn -0.2563 0.9589 0.1217
vn -0.1699 0.9735 0.1530
vn -0.2728 0.9602 0.0605
vn -0.2410 0.9604 0.1402
vn -0.0214 0.9921 0.1235
vn -0.2873 0.9578 -0.0053
vn 0.0014 0.9943 0.1064
vn -0.1787 0.9820 0.0606
vn -0.2318 0.9718 -0.0443
vn -0.1064 0.9940 -0.0261
vn 0.1036 0.9946 0.0027
vn -0.2284 0.9690 -0.0945
vn -0.1672 0.9812 -0.0969
vn 0.0529 0.9916 -0.1180
vn 0.9343 -0.3308 -0.1327
vn 0.1423 0.9732 0.1807
vn 0.1258 0.9602 0.2494
vn 0.0522 0.9879 0.1463
vn -0.1243 0.9922 0.0022
vn -0.0454 0.9956 0.0819
vn 0.0547 0.9804 0.1894
vn 0.0732 -0.9572 -0.2799
vn 0.0308 -0.9602 -0.2776
vn 0.1212 -0.9571 -0.2632
vn 0.1723 -0.9504 -0.2589
vn 0.3155 -0.9173 -0.2430
vn 0.3485 -0.9098 -0.2253
vn 0.3967 -0.8887 -0.2299
vn 0.4172 -0.8756 -0.2436
vn 0.4385 -0.8632 -0.2503
vn 0.4229 -0.8758 -0.2326
vn 0.4296 -0.8696 -0.2433
vn 0.4398 -0.8583 -0.2643
vn 0.4190 -0.8712 -0.2558
vn 0.4090 -0.8811 -0.2374
vn 0.4118 -0.8859 -0.2136
vn 0.3878 -0.8825 -0.2662
vn 0.3788 -0.8985 -0.2219
vn 0.4561 -0.8871 -0.0706
vn 0.4599 -0.8876 -0.0261
vn 0.4620 -0.8866 0.0241
vn 0.4731 -0.8810 0.0025
vn 0.4825 -0.8750 -0.0403
vn 0.4701 -0.8792 -0.0774
vn 0.4556 -0.8859 -0.0871
vn 0.3950 -0.9021 -0.1738
vn 0.3757 -0.9183 -0.1252
vn 0.4313 -0.8928 -0.1300
vn 0.4273 -0.9003 -0.0834
vn 0.3214 -0.9217 -0.2172
vn 0.3550 -0.8950 -0.2702
vn 0.3240 -0.9094 -0.2607
vn 0.2647 -0.9279 -0.2626
vn 0.4190 -0.8636 -0.2805
vn 0.3178 -0.8991 -0.3009
vn 0.4451 -0.8458 -0.2941
vn 0.4392 -0.8333 -0.3356
vn 0.4448 -0.8554 -0.2655
vn -0.4844 0.8480 -0.2149
vn -0.4631 0.8708 -0.1650
vn -0.5582 0.7788 -0.2860
vn -0.5318 0.8119 -0.2409
vn -0.4124 0.9043 -0.1101
vn -0.3973 0.9035 -0.1609
vn -0.5546 0.7864 -0.2719
vn -0.5069 0.8227 -0.2575
vn -0.5450 0.7670 -0.3388
vn -0.5831 0.7176 -0.3810
vn -0.5148 0.7911 -0.3302
vn -0.6042 0.7324 -0.3139
vn -0.5543 0.7911 -0.2585
vn -0.6644 0.6800 -0.3101
vn -0.6174 0.7367 -0.2759
vn -0.6273 0.7315 -0.2673
vn -0.5766 0.7802 -0.2424
vn -0.0684 0.9920 -0.1057
vn 0.4230 0.8914 0.1629
vn 0.5169 -0.3446 -0.7836
vn 0.6898 -0.5288 -0.4945
vn 0.7256 -0.5829 -0.3657
vn 0.7596 -0.5248 -0.3841
vn 0.7491 -0.6164 -0.2425
vn 0.4081 0.9117 -0.0464
vn 0.4960 0.8669 0.0500
vn 0.3965 0.9165 -0.0535
vn 0.3880 0.9216 -0.0075
vn 0.3791 0.9254 -0.0027
vn 0.3516 0.9343 -0.0589
vn 0.4678 0.8838 -0.0019
vn 0.5251 0.8509 0.0159
vn 0.3793 0.9252 -0.0120
vn 0.5860 0.8085 0.0534
vn 0.4726 0.8812 0.0069
vn 0.4387 0.8951 0.0792
vn 0.4824 0.8743 0.0528
vn 0.3602 0.9302 0.0710
vn 0.5256 0.8435 0.1101
vn 0.5608 0.8223 0.0964
vn 0.5980 0.7987 0.0670
vn 0.4510 0.8848 0.1171
vn 0.5422 0.8290 0.1370
vn 0.5670 0.8198 0.0804
vn 0.6112 0.7901 0.0462
vn 0.4972 0.8587 0.1242
vn 0.5414 0.8395 0.0467
vn 0.6166 0.7870 -0.0221
vn 0.5524 0.8335 0.0135
vn 0.6461 0.7631 -0.0189
vn 0.3840 0.8999 -0.2068
vn 0.4361 0.8909 -0.1268
vn 0.3513 0.8921 -0.2842
vn 0.3270 -0.6806 -0.6556
vn 0.0617 -0.3005 -0.9518
vn -0.0166 -0.3361 -0.9417
vn 0.2047 -0.6374 -0.7428
vn 0.0771 -0.4739 -0.8772
vn -0.0738 -0.3834 -0.9206
vn 0.1036 -0.6353 -0.7653
vn 0.0025 -0.5200 -0.8542
vn -0.0753 -0.4271 -0.9011
vn 0.8252 0.1668 0.5396
vn 0.8904 0.1025 0.4436
vn 0.6117 -0.7898 0.0445
vn 0.6154 -0.7880 0.0161
vn 0.5587 -0.8275 0.0559
vn 0.5073 -0.8584 -0.0758
vn 0.5143 -0.8567 -0.0403
vn 0.5393 -0.8402 -0.0572
vn 0.6457 -0.7633 -0.0231
vn 0.3791 -0.9231 -0.0642
vt 0.882419 0.758223
vt 0.881241 0.763117
vt 0.881281 0.762862
vt 0.883192 0.755102
vt 0.881152 0.759450
vt 0.883069 0.754225
vt 0.881012 0.764168
vt 0.882259 0.755110
vt 0.880372 0.760259
vt 0.878068 0.764022
vt 0.880637 0.763775
vt 0.879142 0.767018
vt 0.879570 0.767751
vt 0.877176 0.768957
vt 0.876533 0.767346
vt 0.879698 0.770536
vt 0.878144 0.775312
vt 0.878639 0.774572
vt 0.879039 0.775103
vt 0.878987 0.782780
vt 0.879180 0.780519
vt 0.872797 0.775697
vt 0.875847 0.778149
vt 0.872620 0.779091
vt 0.876140 0.773599
vt 0.876982 0.782352
vt 0.869596 0.783556
vt 0.866862 0.780182
vt 0.873076 0.783959
vt 0.876210 0.785741
vt 0.878804 0.786050
vt 0.879904 0.786537
vt 0.880099 0.789633
vt 0.875726 0.793605
vt 0.873598 0.790606
vt 0.877187 0.790734
vt 0.879802 0.791849
vt 0.877747 0.795589
vt 0.872276 0.797218
vt 0.870629 0.790030
vt 0.875907 0.800159
vt 0.882036 0.805229
vt 0.881459 0.796807
vt 0.885107 0.809414
vt 0.882804 0.808981
vt 0.875039 0.807456
vt 0.882288 0.813759
vt 0.886556 0.815917
vt 0.882088 0.818164
vt 0.889421 0.827229
vt 0.892434 0.830429
vt 0.896618 0.841508
vt 0.886152 0.823601
vt 0.888832 0.831202
vt 0.893202 0.841249
vt 0.895801 0.842892
vt 0.877550 0.820234
vt 0.872163 0.808123
vt 0.881260 0.819761
vt 0.886103 0.830284
vt 0.887180 0.837905
vt 0.888631 0.843270
vt 0.874288 0.821061
vt 0.870245 0.821378
vt 0.864600 0.808461
vt 0.882832 0.831322
vt 0.877208 0.830836
vt 0.865300 0.823091
vt 0.883544 0.839504
vt 0.882651 0.844594
vt 0.878738 0.838443
vt 0.868739 0.832038
vt 0.862534 0.839795
vt 0.864611 0.847072
vt 0.859735 0.848304
vt 0.863009 0.827232
vt 0.857346 0.825489
vt 0.859787 0.821726
vt 0.868826 0.806906
vt 0.860623 0.809682
vt 0.866173 0.799747
vt 0.859931 0.798109
vt 0.869664 0.797937
vt 0.861094 0.791435
vt 0.856853 0.801071
vt 0.864285 0.789217
vt 0.867710 0.788670
vt 0.861966 0.780761
vt 0.857654 0.785778
vt 0.860916 0.774728
vt 0.854667 0.786573
vt 0.865136 0.773823
vt 0.867908 0.773882
vt 0.871916 0.772274
vt 0.873806 0.772311
vt 0.869570 0.769020
vt 0.873206 0.767230
vt 0.874832 0.767059
vt 0.859785 0.764825
vt 0.863104 0.767625
vt 0.857974 0.771366
vt 0.871070 0.763944
vt 0.866803 0.767511
vt 0.853641 0.778391
vt 0.853789 0.766168
vt 0.849669 0.779717
vt 0.849560 0.770850
vt 0.844692 0.778822
vt 0.841562 0.786763
vt 0.838911 0.780124
vt 0.850909 0.787996
vt 0.846910 0.788095
vt 0.855290 0.806599
vt 0.847529 0.799942
vt 0.842553 0.801932
vt 0.849480 0.809506
vt 0.835128 0.796801
vt 0.838557 0.804196
vt 0.832873 0.802979
vt 0.838427 0.824601
vt 0.832607 0.824219
vt 0.827030 0.800677
vt 0.820906 0.812466
vt 0.819193 0.799411
vt 0.828144 0.806828
vt 0.821705 0.790766
vt 0.815300 0.795533
vt 0.813542 0.805043
vt 0.828313 0.787835
vt 0.834679 0.787549
vt 0.831577 0.780518
vt 0.822538 0.780792
vt 0.816764 0.776879
vt 0.812222 0.791515
vt 0.837628 0.775504
vt 0.830714 0.772194
vt 0.845130 0.768938
vt 0.833856 0.766665
vt 0.850803 0.758410
vt 0.836394 0.763992
vt 0.839421 0.766710
vt 0.852986 0.760245
vt 0.845471 0.759112
vt 0.857097 0.759448
vt 0.864915 0.756083
vt 0.862632 0.760334
vt 0.839750 0.753978
vt 0.857259 0.753541
vt 0.861221 0.752995
vt 0.853575 0.752741
vt 0.849114 0.747324
vt 0.839880 0.747364
vt 0.850840 0.735987
vt 0.832759 0.755220
vt 0.855165 0.728153
vt 0.844373 0.733570
vt 0.838801 0.742534
vt 0.835592 0.747357
vt 0.830788 0.753441
vt 0.853302 0.724086
vt 0.842096 0.728961
vt 0.838081 0.738933
vt 0.829543 0.745067
vt 0.827447 0.749996
vt 0.818428 0.757289
vt 0.850906 0.721184
vt 0.838569 0.731757
vt 0.861873 0.704608
vt 0.863840 0.709316
vt 0.857623 0.711049
vt 0.845539 0.720352
vt 0.853443 0.716760
vt 0.848413 0.716702
vt 0.855652 0.707135
vt 0.839141 0.725676
vt 0.836048 0.731027
vt 0.841855 0.717207
vt 0.828232 0.740664
vt 0.831232 0.728114
vt 0.823046 0.739409
vt 0.850153 0.708924
vt 0.845817 0.713601
vt 0.839178 0.719687
vt 0.835820 0.720616
vt 0.824372 0.730672
vt 0.850723 0.698629
vt 0.846416 0.702680
vt 0.827436 0.722838
vt 0.844735 0.700130
vt 0.839214 0.699515
vt 0.847695 0.694012
vt 0.852656 0.691788
vt 0.843345 0.694878
vt 0.848843 0.681988
vt 0.855875 0.681334
vt 0.854123 0.670884
vt 0.851535 0.673839
vt 0.856483 0.671603
vt 0.845708 0.682117
vt 0.836745 0.704258
vt 0.832616 0.710410
vt 0.832905 0.703283
vt 0.826769 0.715183
vt 0.827327 0.710001
vt 0.839000 0.694928
vt 0.830684 0.697505
vt 0.836346 0.694195
vt 0.842219 0.684153
vt 0.849196 0.667992
vt 0.851402 0.668360
vt 0.833502 0.691868
vt 0.836197 0.689443
vt 0.836796 0.684059
vt 0.843636 0.673201
vt 0.838236 0.678704
vt 0.846656 0.666301
vt 0.833611 0.686825
vt 0.825961 0.697715
vt 0.823318 0.692487
vt 0.830028 0.689001
vt 0.837722 0.675322
vt 0.828768 0.684621
vt 0.831946 0.679461
vt 0.838718 0.671272
vt 0.840911 0.663126
vt 0.831377 0.673095
vt 0.845643 0.661274
vt 0.841189 0.659077
vt 0.841976 0.653526
vt 0.848561 0.658066
vt 0.824772 0.687431
vt 0.819638 0.683931
vt 0.828007 0.681407
vt 0.834017 0.667722
vt 0.834060 0.658158
vt 0.816750 0.688281
vt 0.819190 0.694744
vt 0.812611 0.694593
vt 0.817450 0.680992
vt 0.824578 0.675484
vt 0.828944 0.669902
vt 0.810296 0.688911
vt 0.809767 0.696539
vt 0.806848 0.697099
vt 0.817082 0.676760
vt 0.824442 0.669503
vt 0.828547 0.663710
vt 0.819548 0.671718
vt 0.802423 0.691834
vt 0.803828 0.699098
vt 0.799700 0.699973
vt 0.806628 0.688916
vt 0.811674 0.681995
vt 0.795900 0.698341
vt 0.797555 0.690736
vt 0.805485 0.683233
vt 0.809476 0.678078
vt 0.812955 0.674881
vt 0.792906 0.694397
vt 0.788421 0.693179
vt 0.798541 0.682876
vt 0.789709 0.683192
vt 0.781698 0.695556
vt 0.774616 0.688071
vt 0.805835 0.677582
vt 0.781025 0.681363
vt 0.773296 0.679318
vt 0.760750 0.685679
vt 0.798793 0.676870
vt 0.793690 0.678030
vt 0.803362 0.673821
vt 0.792950 0.672989
vt 0.773274 0.670973
vt 0.808761 0.672721
vt 0.801459 0.668241
vt 0.810828 0.669349
vt 0.805781 0.668594
vt 0.819408 0.666958
vt 0.805592 0.664626
vt 0.800762 0.663873
vt 0.823984 0.663825
vt 0.818733 0.662978
vt 0.809827 0.656905
vt 0.822132 0.656935
vt 0.816336 0.657312
vt 0.827776 0.656706
vt 0.836260 0.653291
vt 0.832455 0.652395
vt 0.828584 0.651191
vt 0.825949 0.652005
vt 0.826020 0.647466
vt 0.814497 0.643891
vt 0.813245 0.650214
vt 0.836596 0.643545
vt 0.834046 0.638072
vt 0.825164 0.641502
vt 0.813322 0.638157
vt 0.829410 0.633371
vt 0.823891 0.634121
vt 0.815227 0.633269
vt 0.808914 0.630740
vt 0.842419 0.642732
vt 0.837429 0.634777
vt 0.825971 0.628412
vt 0.844101 0.639425
vt 0.835887 0.628845
vt 0.842531 0.633334
vt 0.830910 0.621380
vt 0.826954 0.620877
vt 0.817336 0.616233
vt 0.816820 0.624202
vt 0.845807 0.631439
vt 0.845643 0.637579
vt 0.843244 0.628029
vt 0.838564 0.620579
vt 0.833363 0.614782
vt 0.829932 0.612909
vt 0.839332 0.616084
vt 0.842666 0.620955
vt 0.845266 0.625427
vt 0.850679 0.633127
vt 0.851024 0.638539
vt 0.855090 0.644203
vt 0.856053 0.654441
vt 0.852441 0.643853
vt 0.847016 0.624269
vt 0.843607 0.617579
vt 0.841179 0.612589
vt 0.835783 0.611414
vt 0.839330 0.608652
vt 0.832902 0.607934
vt 0.837124 0.604083
vt 0.829522 0.604316
vt 0.834065 0.598966
vt 0.853701 0.637924
vt 0.862077 0.654431
vt 0.852288 0.631983
vt 0.848916 0.622180
vt 0.847365 0.618493
vt 0.845167 0.613410
vt 0.850984 0.626074
vt 0.848173 0.614227
vt 0.848632 0.609867
vt 0.853167 0.631306
vt 0.860992 0.647995
vt 0.863529 0.653372
vt 0.857266 0.639919
vt 0.861239 0.646836
vt 0.858227 0.640877
vt 0.865179 0.658212
vt 0.861717 0.659179
vt 0.861723 0.646232
vt 0.858979 0.641397
vt 0.865076 0.652607
vt 0.865992 0.655011
vt 0.868739 0.663715
vt 0.864868 0.668388
vt 0.864773 0.650490
vt 0.867099 0.653860
vt 0.868644 0.659783
vt 0.871190 0.667650
vt 0.869943 0.657889
vt 0.870850 0.660284
vt 0.863221 0.647766
vt 0.868353 0.653846
vt 0.870600 0.656498
vt 0.874004 0.664865
vt 0.872730 0.659324
vt 0.875902 0.673285
vt 0.869712 0.671737
vt 0.872939 0.677311
vt 0.878569 0.668755
vt 0.875698 0.683561
vt 0.869910 0.683383
vt 0.871956 0.689950
vt 0.864633 0.700258
vt 0.870021 0.703999
vt 0.871781 0.695989
vt 0.858809 0.722257
vt 0.879689 0.691150
vt 0.874955 0.701398
vt 0.869590 0.710542
vt 0.865412 0.714294
vt 0.880923 0.697919
vt 0.875912 0.707896
vt 0.871010 0.716573
vt 0.866439 0.726176
vt 0.859902 0.728214
vt 0.854413 0.740673
vt 0.880104 0.711959
vt 0.874984 0.718012
vt 0.862045 0.732896
vt 0.870389 0.727610
vt 0.858829 0.741287
vt 0.855628 0.748234
vt 0.875633 0.724469
vt 0.863391 0.741668
vt 0.859909 0.747773
vt 0.867768 0.740479
vt 0.879933 0.725837
vt 0.880148 0.718111
vt 0.887318 0.714378
vt 0.864113 0.747032
vt 0.886446 0.722711
vt 0.880777 0.730292
vt 0.889467 0.716907
vt 0.870425 0.743343
vt 0.867152 0.749414
vt 0.889926 0.720335
vt 0.892620 0.711749
vt 0.894492 0.711392
vt 0.873984 0.744607
vt 0.882909 0.731946
vt 0.891520 0.719908
vt 0.870099 0.751826
vt 0.888424 0.726296
vt 0.894226 0.716626
vt 0.884138 0.734384
vt 0.891416 0.723532
vt 0.877037 0.744407
vt 0.886397 0.732556
vt 0.874087 0.751131
vt 0.888575 0.730486
vt 0.878801 0.746863
vt 0.885373 0.738293
vt 0.878299 0.752046
vt 0.878830 0.753578
vt 0.884334 0.742270
vt 0.876140 0.753979
vt 0.871322 0.756004
vt 0.883501 0.747780
vt 0.882821 0.751078
vt 0.886307 0.744984
vt 0.880562 0.756675
vt 0.874333 0.760280
vt 0.876173 0.760167
vt 0.878464 0.759847
vt 0.885441 0.748124
vt 0.884970 0.750181
vt 0.869996 0.759358
vt 0.867206 0.762847
vt 0.246295 0.869896
vt 0.277875 0.851345
vt 0.281568 0.853841
vt 0.341621 0.838464
vt 0.335035 0.835915
vt 0.353767 0.837484
vt 0.321038 0.840272
vt 0.303327 0.846808
vt 0.297927 0.844639
vt 0.245170 0.867815
vt 0.208032 0.873298
vt 0.218778 0.871462
vt 0.219584 0.874293
vt 0.231742 0.872962
vt 0.282231 0.855380
vt 0.327168 0.842244
vt 0.346704 0.840476
vt 0.358016 0.839793
vt 0.361643 0.841829
vt 0.370697 0.844004
vt 0.306710 0.847905
vt 0.284952 0.855531
vt 0.264590 0.863798
vt 0.246883 0.870730
vt 0.232343 0.874405
vt 0.219906 0.875348
vt 0.208283 0.874347
vt 0.196846 0.872335
vt 0.196569 0.870894
vt 0.185153 0.869635
vt 0.185007 0.868271
vt 0.351126 0.841896
vt 0.365792 0.844009
vt 0.369018 0.845220
vt 0.286521 0.855660
vt 0.308774 0.848170
vt 0.265390 0.863960
vt 0.247370 0.870892
vt 0.232602 0.874674
vt 0.330918 0.843073
vt 0.220015 0.875311
vt 0.232726 0.874240
vt 0.404434 0.868001
vt 0.403965 0.867386
vt 0.410872 0.870189
vt 0.396398 0.863051
vt 0.393984 0.861319
vt 0.386320 0.855159
vt 0.385307 0.854378
vt 0.377844 0.849230
vt 0.374040 0.846585
vt 0.379700 0.849390
vt 0.388853 0.856698
vt 0.398125 0.863465
vt 0.403927 0.865343
vt 0.407897 0.867977
vt 0.409214 0.866285
vt 0.413565 0.869660
vt 0.412621 0.865921
vt 0.399516 0.862756
vt 0.391715 0.857757
vt 0.380853 0.848307
vt 0.376326 0.846040
vt 0.366791 0.841020
vt 0.395507 0.858173
vt 0.403275 0.860693
vt 0.373474 0.842375
vt 0.362236 0.837756
vt 0.348887 0.835013
vt 0.312593 0.837434
vt 0.276187 0.847553
vt 0.324453 0.832159
vt 0.343396 0.832478
vt 0.356978 0.834349
vt 0.367800 0.838121
vt 0.383130 0.846523
vt 0.272658 0.845084
vt 0.313005 0.829766
vt 0.305053 0.834723
vt 0.230128 0.868316
vt 0.191705 0.864337
vt 0.207400 0.870769
vt 0.242559 0.862378
vt 0.256093 0.853616
vt 0.260551 0.845083
vt 0.305588 0.824268
vt 0.292614 0.822557
vt 0.324554 0.817059
vt 0.294481 0.818022
vt 0.326477 0.810276
vt 0.281674 0.829433
vt 0.268585 0.837760
vt 0.217666 0.867514
vt 0.238997 0.853331
vt 0.228008 0.861646
vt 0.216103 0.861717
vt 0.205400 0.862757
vt 0.190093 0.860859
vt 0.172318 0.858867
vt 0.176924 0.856434
vt 0.198166 0.857244
vt 0.174354 0.851899
vt 0.160119 0.853665
vt 0.162381 0.849084
vt 0.147106 0.852793
vt 0.144552 0.847632
vt 0.132912 0.850788
vt 0.116832 0.848543
vt 0.121193 0.843152
vt 0.245888 0.844699
vt 0.242735 0.840065
vt 0.265435 0.829845
vt 0.225941 0.854528
vt 0.214398 0.854861
vt 0.198474 0.852676
vt 0.187037 0.847700
vt 0.227093 0.836883
vt 0.249432 0.827329
vt 0.224578 0.849227
vt 0.213250 0.849450
vt 0.201763 0.842863
vt 0.197820 0.838028
vt 0.178718 0.839553
vt 0.214998 0.843618
vt 0.212670 0.836901
vt 0.191278 0.834964
vt 0.181618 0.832962
vt 0.171624 0.836667
vt 0.172301 0.831111
vt 0.162208 0.834633
vt 0.168335 0.827165
vt 0.147188 0.833669
vt 0.152568 0.824767
vt 0.137424 0.826530
vt 0.148684 0.816842
vt 0.242017 0.817712
vt 0.243836 0.811275
vt 0.277420 0.801438
vt 0.230905 0.824108
vt 0.247002 0.822508
vt 0.210962 0.831532
vt 0.200989 0.830623
vt 0.191320 0.829147
vt 0.241691 0.800032
vt 0.259340 0.792487
vt 0.279318 0.795715
vt 0.214871 0.825471
vt 0.193046 0.820724
vt 0.256049 0.787016
vt 0.266143 0.778279
vt 0.280123 0.779291
vt 0.232257 0.804986
vt 0.220501 0.807998
vt 0.205636 0.817024
vt 0.203695 0.811280
vt 0.186999 0.809952
vt 0.183110 0.819216
vt 0.170038 0.811902
vt 0.174791 0.806693
vt 0.195338 0.804734
vt 0.186982 0.803179
vt 0.176227 0.799950
vt 0.160652 0.800072
vt 0.163854 0.793849
vt 0.150750 0.792158
vt 0.154406 0.786115
vt 0.233550 0.791353
vt 0.247884 0.778013
vt 0.242173 0.790594
vt 0.217270 0.796994
vt 0.211328 0.794977
vt 0.202227 0.794762
vt 0.184761 0.795230
vt 0.172661 0.790490
vt 0.233029 0.785822
vt 0.207494 0.784100
vt 0.199076 0.785537
vt 0.181396 0.786190
vt 0.242856 0.769846
vt 0.225790 0.785333
vt 0.216432 0.783894
vt 0.199232 0.777851
vt 0.173668 0.779637
vt 0.228018 0.775842
vt 0.197469 0.770843
vt 0.191725 0.766739
vt 0.171393 0.768997
vt 0.256344 0.745534
vt 0.262141 0.754085
vt 0.237827 0.763098
vt 0.223990 0.767568
vt 0.211491 0.769594
vt 0.238431 0.752922
vt 0.224292 0.757386
vt 0.210407 0.761475
vt 0.218464 0.749729
vt 0.202537 0.758940
vt 0.203789 0.748392
vt 0.230467 0.747214
vt 0.207107 0.742970
vt 0.181259 0.739031
vt 0.183477 0.724310
vt 0.215457 0.739437
vt 0.234677 0.734860
vt 0.251812 0.723840
vt 0.216558 0.733966
vt 0.222012 0.727542
vt 0.243230 0.719755
vt 0.234483 0.720079
vt 0.223500 0.718190
vt 0.263074 0.720948
vt 0.261398 0.679793
vt 0.269326 0.689046
vt 0.258431 0.722461
vt 0.236703 0.696337
vt 0.254139 0.678535
vt 0.227923 0.697564
vt 0.218903 0.702996
vt 0.211144 0.704105
vt 0.218208 0.694394
vt 0.212005 0.696125
vt 0.249115 0.681049
vt 0.228270 0.680317
vt 0.244118 0.677986
vt 0.215774 0.687780
vt 0.219770 0.680103
vt 0.235095 0.674065
vt 0.251673 0.648335
vt 0.223668 0.669711
vt 0.217422 0.667158
vt 0.228614 0.654365
vt 0.212173 0.679138
vt 0.214316 0.654487
vt 0.208732 0.669073
vt 0.232602 0.649773
vt 0.239269 0.652365
vt 0.245382 0.650329
vt 0.258067 0.647507
vt 0.247918 0.631058
vt 0.255929 0.628788
vt 0.262160 0.623560
vt 0.265030 0.644791
vt 0.269929 0.627354
vt 0.272044 0.644949
vt 0.274913 0.624764
vt 0.280431 0.653445
vt 0.267944 0.669757
vt 0.280347 0.624740
vt 0.272960 0.666290
vt 0.294820 0.628482
vt 0.291202 0.652898
vt 0.287842 0.629483
vt 0.279354 0.672747
vt 0.288607 0.662718
vt 0.286160 0.678449
vt 0.277036 0.689797
vt 0.291131 0.678060
vt 0.298533 0.653312
vt 0.297761 0.675469
vt 0.301224 0.670341
vt 0.284722 0.693807
vt 0.269805 0.718468
vt 0.293097 0.695844
vt 0.278407 0.715167
vt 0.286585 0.709143
vt 0.274364 0.734606
vt 0.267438 0.741606
vt 0.296963 0.708522
vt 0.282746 0.731584
vt 0.299326 0.690945
vt 0.294285 0.730598
vt 0.279594 0.744268
vt 0.289112 0.739330
vt 0.277723 0.753861
vt 0.265113 0.760585
vt 0.290110 0.748449
vt 0.275484 0.762199
vt 0.255788 0.778737
vt 0.291688 0.758789
vt 0.282598 0.766381
vt 0.300138 0.740809
vt 0.307668 0.711234
vt 0.313043 0.738713
vt 0.301484 0.749875
vt 0.283321 0.773242
vt 0.293586 0.766713
vt 0.303757 0.764078
vt 0.310111 0.752203
vt 0.297548 0.771688
vt 0.282506 0.789492
vt 0.294759 0.782944
vt 0.269147 0.811471
vt 0.301162 0.788428
vt 0.312100 0.770206
vt 0.299097 0.776965
vt 0.311495 0.780955
vt 0.298961 0.798426
vt 0.295563 0.803861
vt 0.288030 0.809831
vt 0.284642 0.815158
vt 0.311075 0.790582
vt 0.310492 0.802193
vt 0.308717 0.807066
vt 0.302307 0.812297
vt 0.313147 0.796966
vt 0.334501 0.795196
vt 0.337342 0.783352
vt 0.334269 0.777085
vt 0.331525 0.804426
vt 0.338809 0.789414
vt 0.326196 0.767255
vt 0.337279 0.764316
vt 0.334568 0.757038
vt 0.338824 0.810586
vt 0.345041 0.807095
vt 0.334244 0.823739
vt 0.347678 0.819446
vt 0.346963 0.824078
vt 0.335500 0.829177
vt 0.352106 0.800854
vt 0.355730 0.806844
vt 0.356915 0.814028
vt 0.354275 0.819348
vt 0.348579 0.829645
vt 0.367022 0.823601
vt 0.360469 0.826693
vt 0.359806 0.832016
vt 0.368322 0.829890
vt 0.365938 0.832819
vt 0.372475 0.837223
vt 0.374992 0.832935
vt 0.377856 0.829910
vt 0.365473 0.815225
vt 0.365245 0.807344
vt 0.379459 0.814305
vt 0.363723 0.800224
vt 0.363331 0.792220
vt 0.372788 0.798044
vt 0.376389 0.806281
vt 0.382657 0.830016
vt 0.382891 0.838542
vt 0.379265 0.840959
vt 0.385647 0.844519
vt 0.384509 0.822156
vt 0.395304 0.855437
vt 0.392487 0.842637
vt 0.393322 0.837856
vt 0.390400 0.829774
vt 0.382125 0.804168
vt 0.379445 0.794673
vt 0.398234 0.852773
vt 0.391726 0.821017
vt 0.390017 0.811118
vt 0.393984 0.807977
vt 0.390522 0.793459
vt 0.383871 0.779499
vt 0.378051 0.774214
vt 0.372673 0.763121
vt 0.378703 0.759244
vt 0.372938 0.739558
vt 0.378811 0.746487
vt 0.399525 0.816268
vt 0.388239 0.774044
vt 0.397184 0.805141
vt 0.393462 0.781025
vt 0.388975 0.756797
vt 0.390913 0.742939
vt 0.386202 0.733077
vt 0.403252 0.812418
vt 0.400140 0.801552
vt 0.402930 0.793389
vt 0.396480 0.775372
vt 0.406207 0.808554
vt 0.391464 0.729976
vt 0.409127 0.804115
vt 0.402760 0.781842
vt 0.404604 0.775840
vt 0.408066 0.771213
vt 0.398257 0.747469
vt 0.396626 0.726933
vt 0.395772 0.718752
vt 0.412414 0.798375
vt 0.411553 0.782218
vt 0.414156 0.768520
vt 0.407994 0.751489
vt 0.402511 0.740838
vt 0.403308 0.724901
vt 0.401235 0.714716
vt 0.420386 0.797575
vt 0.416599 0.778735
vt 0.406719 0.735429
vt 0.416383 0.762344
vt 0.410694 0.738699
vt 0.409270 0.715937
vt 0.407559 0.707527
vt 0.401246 0.704864
vt 0.406498 0.702363
vt 0.422490 0.775212
vt 0.415065 0.749955
vt 0.410030 0.721296
vt 0.431172 0.772653
vt 0.423774 0.758272
vt 0.418283 0.741295
vt 0.415459 0.728024
vt 0.410835 0.706946
vt 0.412219 0.695699
vt 0.405233 0.696613
vt 0.417490 0.715276
vt 0.414956 0.709320
vt 0.414898 0.701312
vt 0.429007 0.752156
vt 0.424933 0.738643
vt 0.421292 0.725561
vt 0.421498 0.708045
vt 0.419391 0.699695
vt 0.431201 0.735280
vt 0.426311 0.720263
vt 0.437094 0.728140
vt 0.431196 0.716024
vt 0.425509 0.704931
vt 0.430002 0.704140
vt 0.438811 0.717848
vt 0.435083 0.706324
vt 0.443047 0.702501
vt 0.437014 0.740375
vt 0.423277 0.695240
vt 0.427586 0.694227
vt 0.432184 0.694375
vt 0.437923 0.692628
vt 0.441281 0.692529
vt 0.445067 0.710560
vt 0.445316 0.722618
vt 0.442604 0.735751
vt 0.419263 0.687884
vt 0.449805 0.710641
vt 0.424186 0.684207
vt 0.433188 0.686474
vt 0.444757 0.692497
vt 0.441236 0.685655
vt 0.438293 0.681925
vt 0.427607 0.674716
vt 0.434741 0.678432
vt 0.446350 0.681993
vt 0.446140 0.686505
vt 0.434273 0.673771
vt 0.441369 0.671717
vt 0.447014 0.673813
vt 0.450848 0.675104
vt 0.439109 0.668412
vt 0.435066 0.661569
vt 0.422343 0.673824
vt 0.446404 0.666772
vt 0.444682 0.664343
vt 0.442537 0.662520
vt 0.438443 0.659386
vt 0.431454 0.656257
vt 0.452087 0.656234
vt 0.449587 0.656297
vt 0.442750 0.655720
vt 0.450638 0.649478
vt 0.454345 0.649822
vt 0.452411 0.646975
vt 0.448242 0.646409
vt 0.445750 0.640622
vt 0.442690 0.638897
vt 0.440930 0.635510
vt 0.438879 0.631289
vt 0.425818 0.658410
vt 0.429967 0.644898
vt 0.425062 0.642003
vt 0.421163 0.655035
vt 0.415376 0.652021
vt 0.414598 0.667990
vt 0.409320 0.664513
vt 0.408702 0.649605
vt 0.417902 0.675556
vt 0.400677 0.673125
vt 0.398453 0.660730
vt 0.404874 0.685207
vt 0.409720 0.682209
vt 0.413914 0.679164
vt 0.412397 0.689118
vt 0.418460 0.693850
vt 0.399173 0.690441
vt 0.398130 0.701654
vt 0.396326 0.711185
vt 0.392973 0.708148
vt 0.392645 0.695154
vt 0.396150 0.685553
vt 0.388751 0.715894
vt 0.385260 0.699927
vt 0.389503 0.682475
vt 0.383352 0.726767
vt 0.383640 0.709418
vt 0.386615 0.691154
vt 0.378147 0.733354
vt 0.378230 0.716098
vt 0.383595 0.682738
vt 0.387061 0.670467
vt 0.377352 0.707783
vt 0.378482 0.700633
vt 0.381241 0.692401
vt 0.371176 0.730615
vt 0.372057 0.715933
vt 0.372867 0.693065
vt 0.374579 0.687957
vt 0.376836 0.679440
vt 0.369440 0.707870
vt 0.370737 0.701203
vt 0.365443 0.716255
vt 0.362034 0.731278
vt 0.361412 0.702548
vt 0.359512 0.717252
vt 0.353037 0.724326
vt 0.358449 0.741885
vt 0.357058 0.751458
vt 0.352772 0.745767
vt 0.355054 0.767562
vt 0.351899 0.758723
vt 0.365405 0.697508
vt 0.363969 0.689095
vt 0.367803 0.690466
vt 0.356773 0.710328
vt 0.347302 0.744466
vt 0.358533 0.694212
vt 0.347317 0.733241
vt 0.352636 0.701246
vt 0.348985 0.705014
vt 0.346902 0.712957
vt 0.355492 0.687759
vt 0.355827 0.681658
vt 0.364452 0.677973
vt 0.350098 0.690413
vt 0.347430 0.695664
vt 0.342896 0.707530
vt 0.341169 0.725613
vt 0.350161 0.681639
vt 0.357024 0.670689
vt 0.340447 0.698373
vt 0.334772 0.708883
vt 0.354017 0.666856
vt 0.342224 0.690249
vt 0.343735 0.675818
vt 0.332890 0.697975
vt 0.339102 0.677965
vt 0.334204 0.688246
vt 0.325963 0.701712
vt 0.320586 0.734979
vt 0.321164 0.707513
vt 0.327809 0.732924
vt 0.342779 0.663986
vt 0.355357 0.643310
vt 0.347960 0.658668
vt 0.364911 0.645392
vt 0.330464 0.673226
vt 0.321555 0.673630
vt 0.322198 0.685892
vt 0.315795 0.691572
vt 0.340042 0.649392
vt 0.347957 0.640201
vt 0.333175 0.651720
vt 0.327282 0.656052
vt 0.313459 0.675969
vt 0.342750 0.630936
vt 0.354537 0.630339
vt 0.333065 0.634378
vt 0.345998 0.616522
vt 0.315984 0.651424
vt 0.332597 0.624037
vt 0.337709 0.616614
vt 0.323758 0.630448
vt 0.321398 0.650724
vt 0.315351 0.627661
vt 0.341616 0.604393
vt 0.327792 0.609539
vt 0.322058 0.616935
vt 0.330911 0.598274
vt 0.312876 0.614150
vt 0.344702 0.570435
vt 0.350642 0.599587
vt 0.338098 0.591449
vt 0.320612 0.603565
vt 0.302680 0.618556
vt 0.331192 0.566266
vt 0.322875 0.589231
vt 0.311474 0.601712
vt 0.314684 0.586371
vt 0.338631 0.557386
vt 0.323127 0.560801
vt 0.307320 0.583287
vt 0.300617 0.586748
vt 0.316403 0.555126
vt 0.293284 0.583864
vt 0.293594 0.603433
vt 0.285772 0.582758
vt 0.283504 0.595806
vt 0.308559 0.555058
vt 0.301084 0.559402
vt 0.279745 0.576723
vt 0.277421 0.588396
vt 0.257961 0.603421
vt 0.252918 0.618103
vt 0.251348 0.605057
vt 0.265201 0.589606
vt 0.269920 0.606164
vt 0.262709 0.597271
vt 0.273834 0.603801
vt 0.272510 0.590842
vt 0.270954 0.577378
vt 0.254720 0.588941
vt 0.263107 0.567969
vt 0.246714 0.584035
vt 0.256977 0.578084
vt 0.243054 0.602502
vt 0.238540 0.586710
vt 0.225345 0.602271
vt 0.233153 0.616053
vt 0.219493 0.613391
vt 0.226927 0.590681
vt 0.240893 0.609806
vt 0.255684 0.562835
vt 0.249513 0.571832
vt 0.239736 0.576518
vt 0.211807 0.603430
vt 0.230951 0.583746
vt 0.216601 0.594616
vt 0.232789 0.572467
vt 0.208252 0.610344
vt 0.200042 0.613695
vt 0.202176 0.624495
vt 0.197057 0.627419
vt 0.206014 0.618183
vt 0.192597 0.611934
vt 0.201259 0.601803
vt 0.205232 0.593849
vt 0.208415 0.587453
vt 0.215086 0.579573
vt 0.195869 0.599882
vt 0.199588 0.587421
vt 0.203800 0.577058
vt 0.187484 0.599024
vt 0.192575 0.595872
vt 0.177326 0.612418
vt 0.183493 0.621596
vt 0.177562 0.630446
vt 0.166957 0.628516
vt 0.192037 0.582102
vt 0.199156 0.577567
vt 0.201716 0.566941
vt 0.175103 0.601170
vt 0.178594 0.594171
vt 0.165529 0.606612
vt 0.175086 0.584912
vt 0.166206 0.634390
vt 0.159908 0.601085
vt 0.164084 0.596528
vt 0.158965 0.611400
vt 0.157058 0.627976
vt 0.162263 0.603000
vt 0.153123 0.623032
vt 0.153765 0.635836
vt 0.159943 0.590216
vt 0.162955 0.588919
vt 0.153544 0.601857
vt 0.168711 0.579297
vt 0.160428 0.576452
vt 0.172031 0.567718
vt 0.154201 0.593878
vt 0.157471 0.574746
vt 0.150888 0.577894
vt 0.164424 0.563786
vt 0.167931 0.556433
vt 0.158652 0.559761
vt 0.156423 0.565482
vt 0.173565 0.544600
vt 0.166750 0.542177
vt 0.174454 0.533953
vt 0.177687 0.552353
vt 0.185286 0.537017
vt 0.158532 0.545564
vt 0.187134 0.530202
vt 0.197805 0.504996
vt 0.197728 0.520287
vt 0.193809 0.524655
vt 0.193472 0.509760
vt 0.189988 0.521588
vt 0.185138 0.524868
vt 0.171806 0.526771
vt 0.165864 0.534838
vt 0.183001 0.519426
vt 0.187692 0.511403
vt 0.170124 0.520261
vt 0.157957 0.533353
vt 0.155785 0.543217
vt 0.153918 0.535382
vt 0.151729 0.542768
vt 0.159292 0.526093
vt 0.158830 0.520253
vt 0.173746 0.510517
vt 0.188102 0.501993
vt 0.192935 0.500788
vt 0.204049 0.493197
vt 0.213538 0.479513
vt 0.211086 0.493984
vt 0.219641 0.477015
vt 0.218489 0.468138
vt 0.227705 0.471138
vt 0.225858 0.479968
vt 0.237990 0.461363
vt 0.243637 0.451546
vt 0.241279 0.469759
vt 0.235291 0.474166
vt 0.219638 0.497820
vt 0.230502 0.483512
vt 0.248743 0.456364
vt 0.236475 0.492405
vt 0.243638 0.479027
vt 0.244538 0.488951
vt 0.252591 0.477388
vt 0.250888 0.492309
vt 0.257465 0.469500
vt 0.259162 0.485443
vt 0.263734 0.462180
vt 0.242252 0.502963
vt 0.233810 0.507197
vt 0.248286 0.504760
vt 0.268322 0.479638
vt 0.265840 0.489760
vt 0.255522 0.504900
vt 0.275162 0.470737
vt 0.275068 0.484453
vt 0.283203 0.473777
vt 0.288415 0.464049
vt 0.294327 0.451823
vt 0.296282 0.467739
vt 0.300506 0.454502
vt 0.289626 0.477415
vt 0.279956 0.491715
vt 0.297359 0.479683
vt 0.304046 0.469385
vt 0.287547 0.491485
vt 0.309741 0.480400
vt 0.313723 0.471499
vt 0.324265 0.469006
vt 0.322506 0.454730
vt 0.338785 0.468047
vt 0.302528 0.491885
vt 0.294347 0.496712
vt 0.311431 0.492439
vt 0.323465 0.481137
vt 0.340128 0.477322
vt 0.339745 0.490076
vt 0.327320 0.492869
vt 0.343978 0.464587
vt 0.366352 0.475625
vt 0.368808 0.481617
vt 0.380315 0.473562
vt 0.378338 0.485904
vt 0.368042 0.487556
vt 0.370406 0.496861
vt 0.351919 0.504042
vt 0.372079 0.506004
vt 0.357725 0.513139
vt 0.368550 0.524065
vt 0.343474 0.523690
vt 0.331708 0.520950
vt 0.351720 0.532889
vt 0.334215 0.540380
vt 0.329579 0.547785
vt 0.317762 0.528719
vt 0.329039 0.502934
vt 0.318615 0.507387
vt 0.311292 0.512171
vt 0.307167 0.536972
vt 0.303642 0.512205
vt 0.299166 0.540055
vt 0.296904 0.511626
vt 0.292432 0.544018
vt 0.290289 0.515591
vt 0.284100 0.522762
vt 0.285657 0.547423
vt 0.279173 0.549425
vt 0.274499 0.522060
vt 0.270145 0.546861
vt 0.253147 0.545878
vt 0.248419 0.557068
vt 0.261524 0.549466
vt 0.259527 0.529665
vt 0.267507 0.520170
vt 0.243481 0.538227
vt 0.239425 0.544190
vt 0.249737 0.531803
vt 0.242159 0.562406
vt 0.234421 0.555888
vt 0.259461 0.517029
vt 0.232737 0.544247
vt 0.224700 0.551711
vt 0.249762 0.517637
vt 0.223233 0.538493
vt 0.233953 0.529158
vt 0.241870 0.518007
vt 0.224546 0.523659
vt 0.234368 0.517637
vt 0.209777 0.552911
vt 0.206033 0.561043
vt 0.198554 0.553827
vt 0.216564 0.544068
vt 0.209201 0.540547
vt 0.200269 0.542150
vt 0.213557 0.528374
vt 0.189914 0.560364
vt 0.177323 0.577345
vt 0.179310 0.563482
vt 0.193711 0.547251
vt 0.187722 0.554639
vt 0.194518 0.557117
vt 0.206004 0.532833
vt 0.193677 0.535600
vt 0.198430 0.532472
vt 0.224480 0.511068
vt 0.214347 0.511236
vt 0.203059 0.523641
vt 0.204713 0.511454
vt 0.212142 0.501675
vt 0.226518 0.499927
vt 0.265189 0.501297
vt 0.273599 0.502792
vt 0.282000 0.510093
vt 0.119645 0.866491
vt 0.121434 0.866122
vt 0.141421 0.865953
vt 0.088166 0.869940
vt 0.091739 0.868895
vt 0.028799 0.875453
vt 0.035116 0.875652
vt 0.008216 0.861401
vt 0.010263 0.862096
vt 0.002328 0.849494
vt 0.003423 0.850067
vt 0.001748 0.836989
vt 0.002295 0.837517
vt 0.007026 0.823740
vt 0.006852 0.824266
vt 0.208371 0.874762
vt 0.185000 0.870188
vt 0.172315 0.867905
vt 0.172730 0.867251
vt 0.157886 0.866507
vt 0.158786 0.865777
vt 0.142753 0.865141
vt 0.122428 0.865180
vt 0.044334 0.874713
vt 0.172803 0.866017
vt 0.159169 0.864501
vt 0.144162 0.862545
vt 0.125204 0.863337
vt 0.101073 0.863918
vt 0.056210 0.872311
vt 0.013808 0.862403
vt 0.019558 0.862399
vt 0.005686 0.849892
vt 0.009476 0.848894
vt 0.004172 0.837197
vt 0.007688 0.836041
vt 0.069351 0.867145
vt 0.159735 0.859413
vt 0.172701 0.863637
vt 0.108376 0.857884
vt 0.080981 0.860246
vt 0.028957 0.861794
vt 0.043974 0.860195
vt 0.015705 0.847117
vt 0.026332 0.845744
vt 0.130780 0.854885
vt 0.112584 0.853471
vt 0.090351 0.853486
vt 0.064551 0.854113
vt 0.044053 0.845014
vt 0.098700 0.846647
vt 0.066082 0.839609
vt 0.040785 0.830495
vt 0.061930 0.828499
vt 0.048950 0.817384
vt 0.067055 0.816195
vt 0.106515 0.839815
vt 0.092630 0.836111
vt 0.082759 0.830528
vt 0.079843 0.821615
vt 0.083132 0.811029
vt 0.076847 0.804231
vt 0.089304 0.800278
vt 0.086487 0.793009
vt 0.095411 0.789792
vt 0.094004 0.782409
vt 0.101597 0.778908
vt 0.102321 0.768041
vt 0.109442 0.760151
vt 0.152671 0.843866
vt 0.137775 0.840934
vt 0.127037 0.835561
vt 0.113807 0.833147
vt 0.109206 0.823836
vt 0.096699 0.821976
vt 0.094449 0.814115
vt 0.096029 0.805050
vt 0.099370 0.795481
vt 0.151005 0.838085
vt 0.120557 0.826662
vt 0.107631 0.814799
vt 0.109450 0.804596
vt 0.109082 0.796768
vt 0.126660 0.820295
vt 0.120939 0.814122
vt 0.117068 0.807528
vt 0.138901 0.812991
vt 0.124301 0.791726
vt 0.123386 0.784195
vt 0.109617 0.788638
vt 0.125265 0.774011
vt 0.111625 0.779233
vt 0.121508 0.770283
vt 0.117329 0.765610
vt 0.169926 0.821237
vt 0.142906 0.806831
vt 0.135317 0.798145
vt 0.131869 0.792393
vt 0.160769 0.814996
vt 0.157786 0.809131
vt 0.143445 0.797852
vt 0.152294 0.802469
vt 0.139188 0.787961
vt 0.143172 0.782339
vt 0.133401 0.781299
vt 0.140162 0.769184
vt 0.131316 0.775255
vt 0.147188 0.776696
vt 0.162456 0.783833
vt 0.154568 0.775680
vt 0.148713 0.766266
vt 0.146056 0.754169
vt 0.136891 0.757982
vt 0.160692 0.771805
vt 0.154169 0.759200
vt 0.163869 0.762626
vt 0.155161 0.742208
vt 0.164068 0.745501
vt 0.148473 0.737420
vt 0.156399 0.730102
vt 0.150231 0.724514
vt 0.188980 0.758811
vt 0.177343 0.748708
vt 0.166333 0.735461
vt 0.191738 0.749955
vt 0.170845 0.729500
vt 0.169054 0.723632
vt 0.172579 0.714781
vt 0.167233 0.709610
vt 0.171577 0.703826
vt 0.191024 0.718144
vt 0.189554 0.710136
vt 0.200139 0.718153
vt 0.197730 0.711000
vt 0.179589 0.708327
vt 0.189485 0.699141
vt 0.175866 0.703713
vt 0.184426 0.692778
vt 0.212902 0.713910
vt 0.207309 0.710040
vt 0.197591 0.698609
vt 0.198648 0.691865
vt 0.201373 0.687626
vt 0.208435 0.679823
vt 0.198304 0.680751
vt 0.197720 0.672468
vt 0.223412 0.650627
vt 0.218854 0.633156
vt 0.232535 0.631484
vt 0.208435 0.655939
vt 0.203976 0.658857
vt 0.211429 0.635449
vt 0.206626 0.639442
vt 0.194518 0.651614
vt 0.193968 0.664212
vt 0.200279 0.641117
vt 0.190199 0.669975
vt 0.188346 0.648437
vt 0.182622 0.654002
vt 0.184505 0.671636
vt 0.186593 0.632459
vt 0.184684 0.678498
vt 0.178042 0.678105
vt 0.169698 0.687982
vt 0.172889 0.695244
vt 0.167074 0.694727
vt 0.175530 0.686691
vt 0.174884 0.673752
vt 0.169697 0.681105
vt 0.177986 0.660475
vt 0.173189 0.670789
vt 0.164732 0.680550
vt 0.164307 0.689274
vt 0.168937 0.673907
vt 0.161136 0.687387
vt 0.161613 0.695226
vt 0.157406 0.693356
vt 0.170204 0.650449
vt 0.162925 0.673338
vt 0.166109 0.667070
vt 0.170104 0.643251
vt 0.181343 0.641204
vt 0.154731 0.699093
vt 0.151106 0.696276
vt 0.156720 0.687842
vt 0.160860 0.678732
vt 0.158239 0.680332
vt 0.151512 0.691325
vt 0.155567 0.682136
vt 0.161523 0.666669
vt 0.145108 0.709361
vt 0.138805 0.726213
vt 0.133397 0.724906
vt 0.143864 0.697478
vt 0.150819 0.685346
vt 0.158328 0.672454
vt 0.153240 0.678815
vt 0.155141 0.673073
vt 0.157111 0.664485
vt 0.160641 0.657173
vt 0.162645 0.644053
vt 0.139220 0.699580
vt 0.132599 0.711870
vt 0.143385 0.690360
vt 0.149733 0.678877
vt 0.159879 0.647532
vt 0.150546 0.673953
vt 0.154124 0.666099
vt 0.132560 0.704831
vt 0.137418 0.695795
vt 0.150915 0.669325
vt 0.155344 0.656834
vt 0.140408 0.686697
vt 0.145483 0.676728
vt 0.150466 0.662342
vt 0.155716 0.647743
vt 0.129875 0.704529
vt 0.124797 0.720743
vt 0.118796 0.729226
vt 0.146997 0.668943
vt 0.151390 0.657093
vt 0.117189 0.729412
vt 0.111133 0.744141
vt 0.125967 0.709835
vt 0.137977 0.684832
vt 0.142924 0.675273
vt 0.116188 0.728421
vt 0.108961 0.745520
vt 0.124972 0.708978
vt 0.138505 0.679672
vt 0.127143 0.701599
vt 0.123112 0.707153
vt 0.116214 0.723619
vt 0.112694 0.731805
vt 0.106937 0.746543
vt 0.103830 0.755265
vt 0.101262 0.756004
vt 0.096309 0.765236
vt 0.131839 0.689102
vt 0.134387 0.682675
vt 0.146225 0.664060
vt 0.144840 0.663491
vt 0.137447 0.674867
vt 0.128571 0.691318
vt 0.122504 0.705841
vt 0.121881 0.704923
vt 0.116380 0.718842
vt 0.137111 0.670726
vt 0.132755 0.678438
vt 0.130557 0.684638
vt 0.125814 0.693940
vt 0.119331 0.708063
vt 0.112616 0.728068
vt 0.112440 0.725249
vt 0.115690 0.714952
vt 0.112255 0.723874
vt 0.135116 0.671514
vt 0.129923 0.679635
vt 0.127906 0.685890
vt 0.120749 0.700806
vt 0.134951 0.667270
vt 0.132141 0.673461
vt 0.116459 0.711646
vt 0.112473 0.722178
vt 0.105947 0.737727
vt 0.103790 0.741180
vt 0.126077 0.686541
vt 0.117521 0.708717
vt 0.113654 0.719332
vt 0.128617 0.680032
vt 0.121487 0.697890
vt 0.123977 0.691167
vt 0.134671 0.663705
vt 0.130868 0.673793
vt 0.127172 0.682377
vt 0.132792 0.667773
vt 0.131545 0.670058
vt 0.134339 0.661880
vt 0.137174 0.660699
vt 0.142621 0.655933
vt 0.147269 0.657654
vt 0.137026 0.654854
vt 0.135923 0.656196
vt 0.137842 0.654692
vt 0.139126 0.652712
vt 0.141548 0.652402
vt 0.143848 0.648963
vt 0.147181 0.646380
vt 0.148571 0.652639
vt 0.149102 0.646547
vt 0.148773 0.629516
vt 0.142470 0.645254
vt 0.140278 0.645578
vt 0.139578 0.642577
vt 0.139995 0.628100
vt 0.137775 0.649601
vt 0.141350 0.637437
vt 0.142670 0.639797
vt 0.146486 0.635678
vt 0.140563 0.628122
vt 0.141383 0.630800
vt 0.142669 0.626201
vt 0.144358 0.628827
vt 0.146194 0.623238
vt 0.141773 0.624769
vt 0.149315 0.614271
vt 0.143568 0.621125
vt 0.144436 0.608979
vt 0.143668 0.596343
vt 0.140201 0.608493
vt 0.141450 0.609525
vt 0.138268 0.595396
vt 0.144662 0.588300
vt 0.141062 0.589399
vt 0.140838 0.581429
vt 0.145010 0.575999
vt 0.141450 0.568768
vt 0.145560 0.563663
vt 0.135748 0.575527
vt 0.136456 0.588872
vt 0.141034 0.559542
vt 0.137588 0.562944
vt 0.131713 0.573831
vt 0.131550 0.567693
vt 0.131622 0.579878
vt 0.136415 0.594241
vt 0.130467 0.583661
vt 0.135490 0.595441
vt 0.138222 0.605953
vt 0.131338 0.589130
vt 0.133539 0.597375
vt 0.136934 0.606385
vt 0.132789 0.563880
vt 0.128823 0.572698
vt 0.131607 0.556821
vt 0.127889 0.581373
vt 0.127291 0.576045
vt 0.127271 0.560675
vt 0.125426 0.566483
vt 0.128671 0.556913
vt 0.137982 0.549500
vt 0.135028 0.546450
vt 0.128550 0.550068
vt 0.124480 0.573259
vt 0.121238 0.560358
vt 0.123998 0.558600
vt 0.124351 0.552526
vt 0.134592 0.536361
vt 0.124959 0.538719
vt 0.138804 0.529873
vt 0.139870 0.537562
vt 0.119479 0.545789
vt 0.123087 0.545137
vt 0.132342 0.531505
vt 0.116668 0.544107
vt 0.134477 0.525406
vt 0.140194 0.523221
vt 0.118192 0.535548
vt 0.120610 0.529324
vt 0.136200 0.518820
vt 0.147444 0.512637
vt 0.115201 0.534906
vt 0.121481 0.524621
vt 0.126292 0.520239
vt 0.146665 0.506585
vt 0.136900 0.511487
vt 0.128277 0.511891
vt 0.117935 0.528420
vt 0.114370 0.528519
vt 0.138829 0.502883
vt 0.130130 0.502033
vt 0.117595 0.523749
vt 0.118748 0.520470
vt 0.121358 0.512800
vt 0.142676 0.494264
vt 0.117363 0.516619
vt 0.122459 0.504839
vt 0.112036 0.510064
vt 0.112294 0.503687
vt 0.107724 0.508941
vt 0.098021 0.503700
vt 0.100958 0.498571
vt 0.107370 0.513844
vt 0.098020 0.510791
vt 0.100667 0.516038
vt 0.093674 0.514348
vt 0.098635 0.521405
vt 0.107141 0.517323
vt 0.104192 0.521576
vt 0.097836 0.527302
vt 0.100095 0.534641
vt 0.098182 0.534048
vt 0.103663 0.526795
vt 0.112165 0.522363
vt 0.101246 0.540943
vt 0.105031 0.537888
vt 0.110173 0.526972
vt 0.107519 0.552293
vt 0.108092 0.555599
vt 0.102826 0.545329
vt 0.105829 0.545146
vt 0.107952 0.540307
vt 0.111595 0.536054
vt 0.110941 0.558989
vt 0.117700 0.572081
vt 0.109222 0.550033
vt 0.111503 0.546621
vt 0.112705 0.541689
vt 0.111413 0.555742
vt 0.112769 0.560725
vt 0.112559 0.552560
vt 0.114823 0.564039
vt 0.121306 0.577966
vt 0.114501 0.559557
vt 0.116602 0.551548
vt 0.116306 0.565052
vt 0.124186 0.582849
vt 0.117731 0.559181
vt 0.122514 0.578791
vt 0.128422 0.590334
vt 0.118922 0.569610
vt 0.119315 0.566097
vt 0.128857 0.591348
vt 0.121374 0.572300
vt 0.127711 0.587823
vt 0.132616 0.599682
vt 0.124348 0.579433
vt 0.126567 0.580679
vt 0.129662 0.591840
vt 0.128790 0.587676
vt 0.133209 0.599917
vt 0.135930 0.609189
vt 0.138455 0.621190
vt 0.135214 0.606784
vt 0.130323 0.589578
vt 0.138248 0.619084
vt 0.135823 0.608031
vt 0.134301 0.601582
vt 0.136833 0.609503
vt 0.139252 0.629436
vt 0.139271 0.634338
vt 0.140141 0.628489
vt 0.138535 0.618343
vt 0.139516 0.627481
vt 0.139194 0.634937
vt 0.138755 0.640400
vt 0.139525 0.618243
vt 0.139126 0.619158
vt 0.140121 0.615478
vt 0.138437 0.644172
vt 0.137069 0.650377
vt 0.138396 0.642810
vt 0.135749 0.655888
vt 0.133378 0.664084
vt 0.137345 0.649813
vt 0.134267 0.661317
vt 0.131394 0.670514
vt 0.138376 0.644404
vt 0.144641 0.453097
vt 0.147946 0.446808
vt 0.148439 0.445736
vt 0.144368 0.453811
vt 0.117573 0.479441
vt 0.123016 0.475554
vt 0.129110 0.470752
vt 0.140601 0.459173
vt 0.137112 0.463300
vt 0.140931 0.458722
vt 0.147347 0.449054
vt 0.138289 0.462511
vt 0.135434 0.465238
vt 0.133004 0.467511
vt 0.142600 0.457017
vt 0.152046 0.434370
vt 0.152994 0.428186
vt 0.152949 0.429512
vt 0.150355 0.440730
vt 0.150722 0.439502
vt 0.140177 0.460294
vt 0.122773 0.476081
vt 0.127833 0.472621
vt 0.135459 0.466047
vt 0.131376 0.470471
vt 0.127235 0.475244
vt 0.131278 0.472446
vt 0.132389 0.474694
vt 0.135108 0.467907
vt 0.135444 0.469719
vt 0.137465 0.472194
vt 0.139804 0.463989
vt 0.140835 0.465426
vt 0.142753 0.466796
vt 0.144766 0.467175
vt 0.142497 0.472195
vt 0.149517 0.463234
vt 0.151514 0.465438
vt 0.143248 0.476424
vt 0.152367 0.473245
vt 0.166244 0.475030
vt 0.153969 0.479686
vt 0.159955 0.466578
vt 0.164352 0.480240
vt 0.168132 0.477316
vt 0.166263 0.483370
vt 0.180421 0.481190
vt 0.164888 0.490606
vt 0.187749 0.487396
vt 0.175149 0.492914
vt 0.193543 0.486323
vt 0.201128 0.487304
vt 0.172877 0.503626
vt 0.162767 0.498509
vt 0.159711 0.495033
vt 0.161945 0.491689
vt 0.161150 0.496848
vt 0.152015 0.492148
vt 0.148680 0.488174
vt 0.143099 0.487364
vt 0.143528 0.504739
vt 0.131191 0.493716
vt 0.159674 0.501952
vt 0.161323 0.504410
vt 0.157501 0.506098
vt 0.157533 0.510922
vt 0.160277 0.510814
vt 0.145509 0.523117
vt 0.156145 0.519843
vt 0.158367 0.515271
vt 0.145016 0.530850
vt 0.155872 0.527489
vt 0.147149 0.537120
vt 0.153744 0.556235
vt 0.150755 0.565275
vt 0.149538 0.586482
vt 0.149370 0.595723
vt 0.223574 0.626686
vt 0.243246 0.620702
vt 0.239691 0.631872
vt 0.266306 0.614144
vt 0.283841 0.609029
vt 0.284746 0.619216
vt 0.302908 0.606311
vt 0.293363 0.616724
vt 0.302187 0.629338
vt 0.309542 0.630661
vt 0.303591 0.651900
vt 0.309126 0.652720
vt 0.307336 0.667864
vt 0.307607 0.686248
vt 0.314328 0.707470
vt 0.301384 0.729603
vt 0.325002 0.747722
vt 0.320565 0.761526
vt 0.338952 0.738086
vt 0.337537 0.746698
vt 0.345168 0.773621
vt 0.355920 0.778602
vt 0.356938 0.786001
vt 0.352796 0.794361
vt 0.367909 0.765374
vt 0.365411 0.754760
vt 0.366982 0.740740
vt 0.371422 0.778335
vt 0.372740 0.788246
vt 0.369929 0.751082
vt 0.651057 0.767112
vt 0.652964 0.779067
vt 0.649469 0.767917
vt 0.650154 0.778074
vt 0.647512 0.770024
vt 0.646800 0.780884
vt 0.644863 0.773644
vt 0.644987 0.774873
vt 0.651494 0.782911
vt 0.648190 0.787344
vt 0.649188 0.793077
vt 0.651965 0.793135
vt 0.649617 0.795060
vt 0.650150 0.802568
vt 0.652404 0.801890
vt 0.652558 0.811912
vt 0.653013 0.788220
vt 0.653766 0.794477
vt 0.655495 0.793326
vt 0.655072 0.786644
vt 0.654046 0.775297
vt 0.656605 0.785661
vt 0.657920 0.793080
vt 0.654566 0.770590
vt 0.656803 0.776129
vt 0.658791 0.781690
vt 0.659812 0.794043
vt 0.658436 0.774228
vt 0.660404 0.785239
vt 0.661900 0.787853
vt 0.663418 0.788076
vt 0.663515 0.795464
vt 0.666299 0.777874
vt 0.662766 0.773499
vt 0.664815 0.790447
vt 0.664937 0.797741
vt 0.668630 0.782313
vt 0.666362 0.794492
vt 0.670312 0.791925
vt 0.667989 0.800203
vt 0.672184 0.774287
vt 0.670416 0.770581
vt 0.671132 0.783916
vt 0.675347 0.793665
vt 0.673452 0.798194
vt 0.673866 0.776784
vt 0.677282 0.784430
vt 0.675352 0.780323
vt 0.674083 0.773416
vt 0.672198 0.770494
vt 0.672924 0.765900
vt 0.675953 0.776041
vt 0.685162 0.768522
vt 0.680390 0.769724
vt 0.679919 0.764815
vt 0.685731 0.759990
vt 0.685950 0.763768
vt 0.680304 0.774709
vt 0.676911 0.768883
vt 0.677835 0.781114
vt 0.691372 0.760108
vt 0.688019 0.768042
vt 0.688192 0.760370
vt 0.683702 0.774969
vt 0.679958 0.779948
vt 0.679669 0.786210
vt 0.682970 0.784487
vt 0.679590 0.790660
vt 0.681409 0.792229
vt 0.684906 0.790275
vt 0.682466 0.796546
vt 0.685653 0.780290
vt 0.686628 0.796262
vt 0.684027 0.800438
vt 0.688954 0.785367
vt 0.687444 0.788917
vt 0.685740 0.803274
vt 0.689114 0.795945
vt 0.686231 0.807359
vt 0.687355 0.811845
vt 0.682369 0.813102
vt 0.691916 0.796665
vt 0.691071 0.805160
vt 0.688414 0.815162
vt 0.687877 0.818695
vt 0.684463 0.821457
vt 0.682872 0.816937
vt 0.693473 0.812784
vt 0.690132 0.818475
vt 0.693591 0.803275
vt 0.681657 0.822573
vt 0.680703 0.806740
vt 0.675192 0.826531
vt 0.674179 0.817180
vt 0.672401 0.824854
vt 0.671367 0.810370
vt 0.674991 0.805583
vt 0.674622 0.831613
vt 0.673283 0.834808
vt 0.671075 0.815939
vt 0.666702 0.830169
vt 0.663621 0.822982
vt 0.668279 0.812369
vt 0.679487 0.834569
vt 0.676674 0.831041
vt 0.670008 0.838752
vt 0.665857 0.836312
vt 0.660438 0.830213
vt 0.661029 0.836297
vt 0.658932 0.840955
vt 0.656739 0.837399
vt 0.661072 0.821145
vt 0.657358 0.829709
vt 0.659159 0.819132
vt 0.657350 0.819423
vt 0.655188 0.831010
vt 0.656030 0.826594
vt 0.655379 0.845999
vt 0.653626 0.841417
vt 0.654935 0.819594
vt 0.653188 0.831653
vt 0.653147 0.828276
vt 0.653161 0.825608
vt 0.651608 0.844826
vt 0.651827 0.837393
vt 0.650337 0.845523
vt 0.651289 0.832085
vt 0.651946 0.821299
vt 0.650540 0.837854
vt 0.650332 0.828149
vt 0.650554 0.831347
vt 0.648993 0.846961
vt 0.648392 0.847706
vt 0.649913 0.833581
vt 0.650369 0.824946
vt 0.650062 0.829598
vt 0.661451 0.869676
vt 0.654736 0.874114
vt 0.655645 0.864874
vt 0.651569 0.871203
vt 0.652280 0.865357
vt 0.649129 0.866499
vt 0.650676 0.860145
vt 0.648622 0.861218
vt 0.650966 0.853789
vt 0.647487 0.859733
vt 0.651519 0.881585
vt 0.646785 0.877465
vt 0.645681 0.873508
vt 0.645642 0.870120
vt 0.645829 0.866733
vt 0.645841 0.861331
vt 0.645782 0.863933
vt 0.644392 0.866840
vt 0.643017 0.872664
vt 0.639953 0.880147
vt 0.640894 0.884530
vt 0.643233 0.890124
vt 0.657795 0.884148
vt 0.651615 0.892802
vt 0.642250 0.872288
vt 0.640213 0.877052
vt 0.636858 0.887323
vt 0.636990 0.894474
vt 0.644032 0.898244
vt 0.641596 0.904642
vt 0.632356 0.903631
vt 0.630262 0.900786
vt 0.629527 0.897864
vt 0.629916 0.894751
vt 0.634197 0.887891
vt 0.636169 0.883690
vt 0.638760 0.879116
vt 0.615401 0.917101
vt 0.627588 0.895761
vt 0.631522 0.890189
vt 0.612866 0.915162
vt 0.614515 0.910500
vt 0.618644 0.904790
vt 0.623060 0.899462
vt 0.629451 0.892287
vt 0.613935 0.908426
vt 0.608047 0.915518
vt 0.603753 0.920332
vt 0.610508 0.911765
vt 0.601450 0.924482
vt 0.604997 0.921769
vt 0.600285 0.928251
vt 0.598046 0.933928
vt 0.597465 0.938394
vt 0.604806 0.926436
vt 0.599691 0.934623
vt 0.597670 0.941704
vt 0.597421 0.947129
vt 0.598210 0.950903
vt 0.619399 0.919475
vt 0.607355 0.928848
vt 0.601270 0.938563
vt 0.600252 0.947832
vt 0.599154 0.953119
vt 0.600204 0.957411
vt 0.601937 0.960057
vt 0.631567 0.913579
vt 0.613218 0.928688
vt 0.604663 0.939715
vt 0.601884 0.956461
vt 0.603155 0.961177
vt 0.605214 0.963995
vt 0.607755 0.965401
vt 0.640507 0.913490
vt 0.623568 0.926331
vt 0.610286 0.938077
vt 0.605744 0.949163
vt 0.605285 0.957290
vt 0.606634 0.962528
vt 0.608951 0.965587
vt 0.611836 0.967066
vt 0.615062 0.967364
vt 0.651153 0.911229
vt 0.636652 0.925392
vt 0.620077 0.937438
vt 0.611064 0.946179
vt 0.609283 0.955759
vt 0.610351 0.961879
vt 0.612773 0.965370
vt 0.615950 0.967021
vt 0.619669 0.967345
vt 0.623363 0.966802
vt 0.661678 0.908288
vt 0.651134 0.920340
vt 0.614347 0.951790
vt 0.614356 0.959364
vt 0.616564 0.963670
vt 0.619856 0.965727
vt 0.623752 0.966274
vt 0.632490 0.965104
vt 0.667040 0.911050
vt 0.637254 0.935271
vt 0.624587 0.946674
vt 0.619211 0.954829
vt 0.621156 0.960501
vt 0.623556 0.963410
vt 0.632284 0.964562
vt 0.637275 0.964243
vt 0.642302 0.963823
vt 0.680282 0.900347
vt 0.674422 0.911592
vt 0.657555 0.929849
vt 0.626870 0.955762
vt 0.637156 0.961234
vt 0.636120 0.962912
vt 0.641455 0.963195
vt 0.646770 0.963431
vt 0.651684 0.963898
vt 0.691515 0.898925
vt 0.686126 0.906234
vt 0.668819 0.921127
vt 0.645301 0.940375
vt 0.634785 0.949314
vt 0.639731 0.958576
vt 0.708227 0.886768
vt 0.701822 0.895962
vt 0.698518 0.894011
vt 0.696816 0.902413
vt 0.693905 0.910768
vt 0.686837 0.918234
vt 0.676778 0.927177
vt 0.655987 0.942361
vt 0.653157 0.949822
vt 0.652988 0.954781
vt 0.713438 0.885822
vt 0.713203 0.889577
vt 0.707249 0.898447
vt 0.700446 0.904181
vt 0.721602 0.879591
vt 0.713457 0.893118
vt 0.704359 0.905706
vt 0.698756 0.912597
vt 0.692230 0.920025
vt 0.686142 0.928319
vt 0.680206 0.936762
vt 0.671729 0.944442
vt 0.725074 0.881635
vt 0.719757 0.890797
vt 0.713308 0.900562
vt 0.713666 0.904009
vt 0.705245 0.914078
vt 0.696894 0.920951
vt 0.733785 0.873331
vt 0.728511 0.884040
vt 0.724435 0.891180
vt 0.713080 0.907983
vt 0.701873 0.921499
vt 0.694957 0.929280
vt 0.742838 0.864432
vt 0.739230 0.874189
vt 0.734243 0.885227
vt 0.732629 0.891177
vt 0.729092 0.897020
vt 0.719279 0.906802
vt 0.714394 0.915113
vt 0.707161 0.921722
vt 0.734438 0.898865
vt 0.730662 0.906232
vt 0.752899 0.859701
vt 0.750602 0.865153
vt 0.746922 0.875338
vt 0.740564 0.889466
vt 0.755128 0.865322
vt 0.751823 0.875866
vt 0.745897 0.889266
vt 0.741268 0.898312
vt 0.737941 0.904014
vt 0.761593 0.855116
vt 0.761156 0.860150
vt 0.764091 0.865350
vt 0.756565 0.881452
vt 0.747009 0.898110
vt 0.743720 0.904122
vt 0.734202 0.909634
vt 0.753522 0.896500
vt 0.751803 0.904019
vt 0.764176 0.876119
vt 0.766682 0.855692
vt 0.768110 0.881413
vt 0.765550 0.889693
vt 0.756440 0.908995
vt 0.746583 0.909437
vt 0.742922 0.914671
vt 0.752131 0.914132
vt 0.733926 0.924840
vt 0.763439 0.901324
vt 0.757679 0.918374
vt 0.745696 0.919618
vt 0.752233 0.923094
vt 0.736416 0.929017
vt 0.776626 0.870069
vt 0.779250 0.875119
vt 0.775943 0.880841
vt 0.773611 0.889463
vt 0.769495 0.902177
vt 0.767090 0.908336
vt 0.764622 0.913328
vt 0.788398 0.863600
vt 0.787132 0.868915
vt 0.783904 0.879793
vt 0.783474 0.892205
vt 0.776017 0.902512
vt 0.774295 0.907754
vt 0.772286 0.912773
vt 0.789551 0.851620
vt 0.784231 0.859088
vt 0.784727 0.854108
vt 0.785538 0.844947
vt 0.755380 0.934789
vt 0.765209 0.938353
vt 0.746922 0.941433
vt 0.779859 0.930350
vt 0.772234 0.926232
vt 0.775928 0.921673
vt 0.767028 0.922117
vt 0.778217 0.916983
vt 0.769902 0.917548
vt 0.780059 0.912128
vt 0.781630 0.906869
vt 0.739903 0.932478
vt 0.746906 0.933618
vt 0.739097 0.940030
vt 0.733650 0.944550
vt 0.728571 0.949174
vt 0.740785 0.946231
vt 0.724295 0.953738
vt 0.736436 0.949872
vt 0.721128 0.957966
vt 0.734246 0.937349
vt 0.728342 0.942580
vt 0.722686 0.948146
vt 0.717859 0.953816
vt 0.714327 0.959043
vt 0.712196 0.963516
vt 0.711194 0.967609
vt 0.730694 0.934243
vt 0.724543 0.939989
vt 0.718435 0.946286
vt 0.713064 0.952770
vt 0.709108 0.958782
vt 0.706786 0.963995
vt 0.705049 0.968734
vt 0.703577 0.973000
vt 0.706356 0.974493
vt 0.728143 0.930485
vt 0.721962 0.936504
vt 0.715550 0.943214
vt 0.709609 0.950271
vt 0.705027 0.956968
vt 0.702128 0.962963
vt 0.700063 0.968299
vt 0.696415 0.961092
vt 0.701960 0.953677
vt 0.707366 0.946412
vt 0.713809 0.938977
vt 0.720319 0.932128
vt 0.726317 0.926035
vt 0.731640 0.920443
vt 0.736257 0.915007
vt 0.740246 0.909598
vt 0.729919 0.915251
vt 0.724978 0.920985
vt 0.719320 0.927041
vt 0.712963 0.933804
vt 0.706250 0.941366
vt 0.699997 0.949030
vt 0.695376 0.956271
vt 0.723917 0.915365
vt 0.714567 0.921597
vt 0.712716 0.927964
vt 0.706072 0.935356
vt 0.699250 0.943223
vt 0.693339 0.950956
vt 0.688774 0.958022
vt 0.684748 0.968263
vt 0.689970 0.969768
vt 0.706477 0.928705
vt 0.699553 0.936544
vt 0.692664 0.944511
vt 0.686122 0.952205
vt 0.681247 0.963473
vt 0.684334 0.972089
vt 0.700570 0.929182
vt 0.693353 0.937199
vt 0.686385 0.945184
vt 0.679036 0.967493
vt 0.687395 0.937334
vt 0.680244 0.945249
vt 0.672613 0.954586
vt 0.672723 0.962058
vt 0.677584 0.971011
vt 0.682541 0.975636
vt 0.687253 0.977003
vt 0.667493 0.956521
vt 0.670508 0.964773
vt 0.682005 0.977676
vt 0.660917 0.959123
vt 0.672594 0.969124
vt 0.677595 0.975120
vt 0.683281 0.979933
vt 0.658914 0.961365
vt 0.666185 0.965392
vt 0.669262 0.968845
vt 0.677570 0.976305
vt 0.681837 0.979545
vt 0.651040 0.958031
vt 0.659280 0.963685
vt 0.663572 0.966208
vt 0.666960 0.969014
vt 0.647993 0.960301
vt 0.651852 0.962495
vt 0.669292 0.970647
vt 0.644969 0.961937
vt 0.655316 0.964149
vt 0.659623 0.965630
vt 0.663342 0.967264
vt 0.656019 0.964632
vt 0.601526 0.659487
vt 0.602195 0.668846
vt 0.601972 0.666457
vt 0.622298 0.648377
vt 0.621127 0.653935
vt 0.614238 0.647827
vt 0.619104 0.658545
vt 0.612197 0.651572
vt 0.608766 0.653570
vt 0.606077 0.663926
vt 0.606512 0.650528
vt 0.603538 0.655370
vt 0.604433 0.666417
vt 0.603146 0.665321
vt 0.602617 0.669513
vt 0.603997 0.682287
vt 0.627084 0.660450
vt 0.608338 0.666502
vt 0.605014 0.683514
vt 0.605786 0.690360
vt 0.606811 0.691704
vt 0.614688 0.667785
vt 0.607507 0.678174
vt 0.605378 0.678486
vt 0.606609 0.685920
vt 0.611572 0.700983
vt 0.607942 0.697784
vt 0.611031 0.705256
vt 0.613790 0.707353
vt 0.613693 0.711337
vt 0.617665 0.714012
vt 0.617761 0.718260
vt 0.627438 0.673164
vt 0.621825 0.674723
vt 0.615909 0.675954
vt 0.621048 0.701106
vt 0.614291 0.690506
vt 0.626723 0.681150
vt 0.623178 0.706852
vt 0.622256 0.711684
vt 0.623282 0.694995
vt 0.627785 0.713007
vt 0.629477 0.709091
vt 0.644697 0.692999
vt 0.628923 0.697434
vt 0.627431 0.703840
vt 0.639820 0.708204
vt 0.641900 0.705343
vt 0.640197 0.712356
vt 0.644827 0.713626
vt 0.647293 0.705920
vt 0.652679 0.713437
vt 0.656349 0.711088
vt 0.657645 0.719011
vt 0.638777 0.716580
vt 0.646036 0.719866
vt 0.649003 0.720545
vt 0.652978 0.725816
vt 0.630412 0.725727
vt 0.634885 0.725197
vt 0.645964 0.728580
vt 0.649152 0.725732
vt 0.639186 0.729663
vt 0.651356 0.731185
vt 0.653917 0.731827
vt 0.656844 0.727245
vt 0.634739 0.733640
vt 0.638963 0.736395
vt 0.642561 0.737766
vt 0.657030 0.735819
vt 0.655225 0.738699
vt 0.652664 0.746605
vt 0.658032 0.741393
vt 0.661100 0.732302
vt 0.660324 0.742369
vt 0.663805 0.741523
vt 0.646054 0.749823
vt 0.648307 0.749076
vt 0.656837 0.750714
vt 0.660556 0.747644
vt 0.663530 0.751301
vt 0.652073 0.758269
vt 0.656826 0.756519
vt 0.661798 0.753578
vt 0.664044 0.759054
vt 0.659676 0.765029
vt 0.655257 0.764042
vt 0.651484 0.762893
vt 0.648167 0.758488
vt 0.644374 0.764046
vt 0.642208 0.765730
vt 0.645371 0.758705
vt 0.640763 0.752186
vt 0.639546 0.755961
vt 0.639180 0.758102
vt 0.644338 0.749951
vt 0.642495 0.749559
vt 0.634905 0.748201
vt 0.634039 0.747258
vt 0.632601 0.741531
vt 0.635451 0.743887
vt 0.637296 0.742128
vt 0.631398 0.741276
vt 0.630364 0.740145
vt 0.638717 0.740493
vt 0.632416 0.736615
vt 0.626607 0.731995
vt 0.619910 0.719347
vt 0.621445 0.724051
vt 0.626701 0.733506
vt 0.626306 0.729498
vt 0.627258 0.728008
vt 0.621085 0.716870
vt 0.610461 0.628017
vt 0.606400 0.630984
vt 0.609961 0.627812
vt 0.606663 0.631037
vt 0.603161 0.636133
vt 0.603347 0.636391
vt 0.601815 0.641145
vt 0.601461 0.645695
vt 0.601272 0.644875
vt 0.604031 0.636863
vt 0.607349 0.631436
vt 0.615432 0.625858
vt 0.614587 0.625561
vt 0.621110 0.624047
vt 0.620329 0.623660
vt 0.626930 0.623282
vt 0.624729 0.622955
vt 0.631453 0.632754
vt 0.619639 0.633302
vt 0.622510 0.628945
vt 0.617323 0.628973
vt 0.614336 0.630692
vt 0.611784 0.632735
vt 0.608467 0.632188
vt 0.605185 0.637627
vt 0.608753 0.636352
vt 0.630261 0.637032
vt 0.641560 0.636859
vt 0.602921 0.642068
vt 0.614528 0.636748
vt 0.649992 0.643805
vt 0.648721 0.639540
vt 0.605957 0.644300
vt 0.617501 0.639024
vt 0.629826 0.641722
vt 0.609550 0.648133
vt 0.602656 0.646269
vt 0.602014 0.657663
vt 0.637310 0.647595
vt 0.673254 0.642197
vt 0.675447 0.644760
vt 0.671068 0.648902
vt 0.667806 0.645293
vt 0.664257 0.647679
vt 0.661457 0.652527
vt 0.656528 0.648049
vt 0.651776 0.648998
vt 0.646200 0.652511
vt 0.660239 0.644483
vt 0.668574 0.640337
vt 0.654477 0.640592
vt 0.663308 0.640299
vt 0.672212 0.632710
vt 0.674180 0.635048
vt 0.677645 0.626881
vt 0.657478 0.639177
vt 0.662410 0.637974
vt 0.669588 0.632546
vt 0.675634 0.625990
vt 0.671828 0.628079
vt 0.665356 0.632579
vt 0.660618 0.636275
vt 0.652755 0.636716
vt 0.659459 0.633711
vt 0.669808 0.627264
vt 0.673044 0.624962
vt 0.677840 0.618100
vt 0.677689 0.620466
vt 0.666719 0.627866
vt 0.674741 0.620994
vt 0.678613 0.615326
vt 0.663184 0.628219
vt 0.672679 0.622219
vt 0.678332 0.615272
vt 0.680595 0.610992
vt 0.669190 0.624525
vt 0.676209 0.618051
vt 0.668833 0.623976
vt 0.664861 0.625944
vt 0.672375 0.621585
vt 0.668910 0.623372
vt 0.672399 0.621328
vt 0.681447 0.610325
vt 0.682204 0.607037
vt 0.683466 0.603624
vt 0.684035 0.600882
vt 0.680844 0.614135
vt 0.683373 0.606293
vt 0.685079 0.596432
vt 0.686711 0.588928
vt 0.688359 0.577645
vt 0.685419 0.601867
vt 0.683991 0.608116
vt 0.680572 0.617487
vt 0.682185 0.617641
vt 0.685088 0.609541
vt 0.686807 0.602031
vt 0.682926 0.620102
vt 0.687002 0.609420
vt 0.677495 0.634481
vt 0.681787 0.628481
vt 0.686526 0.617117
vt 0.688869 0.620916
vt 0.685331 0.631858
vt 0.680520 0.635730
vt 0.680567 0.644736
vt 0.676650 0.649677
vt 0.687671 0.636402
vt 0.693395 0.624127
vt 0.684552 0.647922
vt 0.680679 0.651883
vt 0.675042 0.655823
vt 0.663975 0.663059
vt 0.654336 0.662365
vt 0.656104 0.656111
vt 0.690249 0.649190
vt 0.686260 0.652808
vt 0.678947 0.660463
vt 0.667521 0.657103
vt 0.682658 0.665114
vt 0.670541 0.663896
vt 0.665967 0.670654
vt 0.690728 0.655454
vt 0.678298 0.669237
vt 0.695878 0.658931
vt 0.690127 0.669359
vt 0.684117 0.672752
vt 0.679041 0.675885
vt 0.675803 0.680754
vt 0.655970 0.672812
vt 0.667817 0.683375
vt 0.663303 0.689883
vt 0.651408 0.674605
vt 0.646461 0.684933
vt 0.664064 0.697308
vt 0.652068 0.702644
vt 0.661518 0.709509
vt 0.672468 0.710665
vt 0.670989 0.719985
vt 0.665603 0.715050
vt 0.665790 0.720224
vt 0.660520 0.721946
vt 0.669809 0.723888
vt 0.682425 0.717260
vt 0.677691 0.727711
vt 0.668327 0.726597
vt 0.673128 0.727304
vt 0.665149 0.732790
vt 0.672172 0.732388
vt 0.676316 0.731608
vt 0.684628 0.728760
vt 0.681488 0.733677
vt 0.676478 0.735648
vt 0.666720 0.742677
vt 0.668785 0.741935
vt 0.671127 0.738859
vt 0.674275 0.740668
vt 0.677193 0.742755
vt 0.679782 0.741935
vt 0.687034 0.735136
vt 0.687374 0.741580
vt 0.674274 0.751248
vt 0.677509 0.747043
vt 0.679650 0.747734
vt 0.681805 0.748215
vt 0.687181 0.745603
vt 0.691259 0.745411
vt 0.684011 0.751585
vt 0.697436 0.744932
vt 0.692140 0.751327
vt 0.679327 0.752594
vt 0.676343 0.757282
vt 0.673637 0.756308
vt 0.673801 0.761900
vt 0.681808 0.753338
vt 0.676698 0.763202
vt 0.683933 0.755555
vt 0.686090 0.756171
vt 0.694356 0.757899
vt 0.700476 0.740183
vt 0.700160 0.748287
vt 0.704433 0.744417
vt 0.704047 0.749722
vt 0.714312 0.749982
vt 0.708569 0.752747
vt 0.703238 0.759675
vt 0.690226 0.767382
vt 0.686829 0.774687
vt 0.690174 0.771612
vt 0.696922 0.777064
vt 0.691434 0.775573
vt 0.692044 0.780462
vt 0.691682 0.788613
vt 0.694208 0.782126
vt 0.693812 0.789877
vt 0.695779 0.793754
vt 0.696643 0.798438
vt 0.699798 0.789707
vt 0.697210 0.806600
vt 0.697937 0.813165
vt 0.702465 0.778194
vt 0.702734 0.797002
vt 0.708688 0.789004
vt 0.710719 0.777903
vt 0.714483 0.777502
vt 0.727237 0.775504
vt 0.727184 0.782693
vt 0.716498 0.787034
vt 0.712384 0.795648
vt 0.703549 0.806109
vt 0.730917 0.776167
vt 0.716435 0.795778
vt 0.713480 0.802767
vt 0.701838 0.811409
vt 0.713159 0.808094
vt 0.695044 0.819481
vt 0.689762 0.822232
vt 0.705158 0.814899
vt 0.698612 0.819460
vt 0.726037 0.793707
vt 0.723617 0.800553
vt 0.717331 0.803210
vt 0.701886 0.820149
vt 0.690920 0.825593
vt 0.711847 0.814490
vt 0.717806 0.807080
vt 0.730795 0.798576
vt 0.733091 0.803427
vt 0.715922 0.811905
vt 0.705222 0.822659
vt 0.692956 0.831855
vt 0.686036 0.832276
vt 0.691585 0.828465
vt 0.713903 0.819556
vt 0.699486 0.826210
vt 0.708232 0.827977
vt 0.717777 0.817108
vt 0.723936 0.813497
vt 0.727177 0.809338
vt 0.700595 0.833691
vt 0.693790 0.836766
vt 0.704336 0.830236
vt 0.715228 0.824916
vt 0.716600 0.821552
vt 0.727824 0.814733
vt 0.738132 0.806865
vt 0.720397 0.822406
vt 0.718755 0.825827
vt 0.714087 0.830276
vt 0.711147 0.835657
vt 0.699934 0.839898
vt 0.695292 0.841316
vt 0.687034 0.838449
vt 0.691037 0.846599
vt 0.717603 0.829360
vt 0.703939 0.841309
vt 0.716416 0.832972
vt 0.708410 0.843686
vt 0.697722 0.847579
vt 0.682251 0.849906
vt 0.680245 0.846186
vt 0.714522 0.837855
vt 0.704556 0.846599
vt 0.687774 0.854195
vt 0.680639 0.853611
vt 0.700413 0.852106
vt 0.692662 0.854876
vt 0.683020 0.857696
vt 0.677656 0.856905
vt 0.704251 0.853649
vt 0.680628 0.861663
vt 0.675099 0.860848
vt 0.707766 0.854335
vt 0.701146 0.858261
vt 0.694922 0.861815
vt 0.691276 0.861795
vt 0.687997 0.865190
vt 0.676534 0.867504
vt 0.672507 0.866283
vt 0.683625 0.867245
vt 0.701506 0.862192
vt 0.677445 0.871894
vt 0.662916 0.863479
vt 0.697601 0.868287
vt 0.691871 0.870181
vt 0.680474 0.874266
vt 0.665120 0.876152
vt 0.695935 0.875683
vt 0.678043 0.882479
vt 0.668198 0.885230
vt 0.653487 0.900075
vt 0.668712 0.894814
vt 0.680104 0.889984
vt 0.695076 0.882991
vt 0.704503 0.877043
vt 0.706219 0.868527
vt 0.660870 0.899911
vt 0.707761 0.880609
vt 0.702231 0.887638
vt 0.690234 0.892512
vt 0.670110 0.901271
vt 0.762063 0.850227
vt 0.754871 0.850398
vt 0.745560 0.858878
vt 0.729883 0.872091
vt 0.718400 0.877328
vt 0.762386 0.845474
vt 0.746898 0.853982
vt 0.739718 0.858637
vt 0.726150 0.870757
vt 0.715594 0.874622
vt 0.761101 0.838364
vt 0.756117 0.845204
vt 0.743280 0.852003
vt 0.735668 0.858331
vt 0.726338 0.859976
vt 0.710853 0.870849
vt 0.715246 0.864889
vt 0.731388 0.858815
vt 0.735390 0.851933
vt 0.743919 0.845028
vt 0.752051 0.838357
vt 0.728345 0.852561
vt 0.745932 0.837678
vt 0.738583 0.841856
vt 0.717164 0.856351
vt 0.709517 0.863535
vt 0.719323 0.851029
vt 0.748434 0.823177
vt 0.736784 0.837303
vt 0.713993 0.854973
vt 0.718347 0.844890
vt 0.737956 0.827562
vt 0.730317 0.832480
vt 0.723367 0.840620
vt 0.713724 0.847890
vt 0.740192 0.822130
vt 0.728148 0.830422
vt 0.718572 0.837483
vt 0.716375 0.841473
vt 0.744009 0.814016
vt 0.753565 0.814169
vt 0.749471 0.807166
vt 0.737363 0.819858
vt 0.725540 0.826058
vt 0.739135 0.812399
vt 0.731084 0.817281
vt 0.753057 0.791955
vt 0.752361 0.798499
vt 0.748236 0.792978
vt 0.739660 0.802407
vt 0.744471 0.792921
vt 0.753699 0.784657
vt 0.759178 0.786045
vt 0.736204 0.799000
vt 0.740475 0.790372
vt 0.747559 0.782762
vt 0.751342 0.780915
vt 0.757400 0.772708
vt 0.753082 0.770550
vt 0.749016 0.774196
vt 0.742651 0.781784
vt 0.734160 0.785335
vt 0.730654 0.786674
vt 0.746421 0.772067
vt 0.737142 0.779977
vt 0.748883 0.766537
vt 0.738708 0.772521
vt 0.734398 0.775109
vt 0.724641 0.768899
vt 0.718774 0.769871
vt 0.713310 0.766732
vt 0.710743 0.772297
vt 0.706447 0.769482
vt 0.708563 0.763416
vt 0.723476 0.757591
vt 0.716781 0.756984
vt 0.737659 0.746869
vt 0.734154 0.759657
vt 0.729230 0.745365
vt 0.728324 0.756688
vt 0.726997 0.740657
vt 0.718214 0.740184
vt 0.710496 0.735595
vt 0.737989 0.739579
vt 0.721797 0.734678
vt 0.735570 0.733814
vt 0.701761 0.729705
vt 0.698026 0.737321
vt 0.709208 0.729964
vt 0.716037 0.729153
vt 0.723878 0.728568
vt 0.702504 0.723763
vt 0.694264 0.730999
vt 0.695373 0.724740
vt 0.712572 0.723840
vt 0.722374 0.723544
vt 0.708038 0.719217
vt 0.721111 0.716717
vt 0.726020 0.715840
vt 0.697222 0.713297
vt 0.707991 0.715930
vt 0.692561 0.716034
vt 0.704010 0.712205
vt 0.715264 0.710853
vt 0.690106 0.721543
vt 0.694975 0.734378
vt 0.691938 0.737396
vt 0.695349 0.738822
vt 0.650277 0.807458
vt 0.650136 0.805044
vt 0.454562 0.622861
vt 0.454841 0.628192
vt 0.454245 0.634992
vt 0.454547 0.615599
vt 0.454865 0.617149
vt 0.455249 0.610154
vt 0.455311 0.609800
vt 0.454167 0.626588
vt 0.454405 0.616046
vt 0.454710 0.628656
vt 0.453616 0.627050
vt 0.453676 0.642442
vt 0.451713 0.627059
vt 0.448947 0.639375
vt 0.452416 0.621192
vt 0.448757 0.628672
vt 0.446515 0.628759
vt 0.452501 0.612325
vt 0.444771 0.628273
vt 0.454666 0.608382
vt 0.453854 0.609074
vt 0.456830 0.597321
vt 0.455042 0.608484
vt 0.455963 0.600982
vt 0.648042 0.624191
vt 0.634862 0.622853
vt 0.639947 0.623253
vt 0.663931 0.624840
vt 0.659389 0.625737
vt 0.658385 0.625271
vt 0.652449 0.626370
vt 0.649704 0.625224
vt 0.647238 0.626463
vt 0.648881 0.624523
vt 0.637172 0.623451
vt 0.641741 0.624555
vt 0.636061 0.624727
vt 0.656684 0.627262
vt 0.660560 0.626545
vt 0.663977 0.625590
vt 0.667117 0.623833
vt 0.672587 0.621213
vt 0.623622 0.624568
vt 0.629921 0.625205
vt 0.646241 0.630257
vt 0.635949 0.627914
vt 0.656501 0.632356
vt 0.618334 0.625830
vt 0.621244 0.626560
vt 0.651826 0.633175
vt 0.613391 0.628136
vt 0.625987 0.627541
vt 0.646661 0.634047
vt 0.647959 0.787533
vt 0.500947 0.438568
vt 0.501837 0.448292
vt 0.501488 0.436081
vt 0.501332 0.447179
vt 0.499725 0.418204
vt 0.500089 0.418693
vt 0.501261 0.441912
vt 0.500813 0.462106
vt 0.499602 0.462948
vt 0.501818 0.447778
vt 0.500394 0.423691
vt 0.499262 0.417654
vt 0.498764 0.412238
vt 0.497716 0.410341
vt 0.496129 0.406035
vt 0.494928 0.404622
vt 0.491033 0.399778
vt 0.490819 0.400126
vt 0.496840 0.410906
vt 0.499602 0.424990
vt 0.500314 0.443475
vt 0.498682 0.451481
vt 0.496924 0.471037
vt 0.495569 0.465418
vt 0.492894 0.477180
vt 0.496867 0.416827
vt 0.497309 0.425858
vt 0.498621 0.431962
vt 0.492873 0.466100
vt 0.488542 0.474674
vt 0.483561 0.485725
vt 0.496758 0.435820
vt 0.475363 0.505990
vt 0.471338 0.497667
vt 0.467865 0.510048
vt 0.491847 0.409983
vt 0.494943 0.418371
vt 0.492539 0.420655
vt 0.494045 0.431821
vt 0.494333 0.445908
vt 0.487915 0.466339
vt 0.487541 0.405979
vt 0.489467 0.412216
vt 0.484375 0.411530
vt 0.487009 0.420193
vt 0.489256 0.430549
vt 0.489923 0.440292
vt 0.489861 0.450932
vt 0.480985 0.414746
vt 0.481405 0.472671
vt 0.481132 0.431454
vt 0.480893 0.445207
vt 0.481817 0.458059
vt 0.468305 0.491577
vt 0.462281 0.506562
vt 0.464217 0.484482
vt 0.456312 0.504835
vt 0.451586 0.513196
vt 0.450957 0.524568
vt 0.444739 0.522084
vt 0.445113 0.536066
vt 0.459304 0.489845
vt 0.461174 0.465789
vt 0.472913 0.437618
vt 0.453243 0.460604
vt 0.453712 0.486922
vt 0.449369 0.499842
vt 0.445848 0.511856
vt 0.438177 0.512423
vt 0.437386 0.530746
vt 0.452405 0.473984
vt 0.442360 0.503771
vt 0.451615 0.448974
vt 0.443897 0.461450
vt 0.445720 0.444341
vt 0.445370 0.491964
vt 0.436276 0.461034
vt 0.445405 0.475812
vt 0.441159 0.479065
vt 0.437387 0.492253
vt 0.429975 0.505896
vt 0.432079 0.519184
vt 0.425984 0.539568
vt 0.420194 0.535237
vt 0.421838 0.555656
vt 0.412513 0.555379
vt 0.429029 0.558175
vt 0.439726 0.538832
vt 0.434227 0.561430
vt 0.430355 0.579794
vt 0.440544 0.558136
vt 0.422808 0.578093
vt 0.423926 0.597270
vt 0.420944 0.592654
vt 0.438446 0.574488
vt 0.420743 0.600927
vt 0.414599 0.600397
vt 0.448266 0.545583
vt 0.446622 0.555499
vt 0.450330 0.556049
vt 0.444782 0.567197
vt 0.459238 0.535529
vt 0.457654 0.543272
vt 0.453388 0.543542
vt 0.439396 0.591748
vt 0.447256 0.571267
vt 0.456912 0.553873
vt 0.462532 0.538342
vt 0.461171 0.547708
vt 0.452736 0.563252
vt 0.442525 0.591660
vt 0.448932 0.573188
vt 0.457976 0.559660
vt 0.451067 0.574477
vt 0.457413 0.566954
vt 0.447531 0.592085
vt 0.445063 0.596252
vt 0.455793 0.573865
vt 0.441709 0.613470
vt 0.451395 0.583637
vt 0.455069 0.582850
vt 0.452146 0.591885
vt 0.449451 0.602862
vt 0.436856 0.619902
vt 0.446868 0.615269
vt 0.443627 0.620025
vt 0.449661 0.612251
vt 0.452944 0.602000
vt 0.433051 0.617697
vt 0.428207 0.614675
vt 0.418592 0.639612
vt 0.423012 0.614470
vt 0.418196 0.620589
vt 0.411741 0.639436
vt 0.433438 0.594130
vt 0.412407 0.625336
vt 0.405797 0.645550
vt 0.403439 0.641323
vt 0.426227 0.600718
vt 0.418162 0.612261
vt 0.406583 0.620834
vt 0.411125 0.611261
vt 0.403665 0.616640
vt 0.395170 0.623384
vt 0.390484 0.634876
vt 0.386835 0.633239
vt 0.409855 0.601370
vt 0.396754 0.615257
vt 0.416598 0.589182
vt 0.401140 0.609029
vt 0.410809 0.590924
vt 0.404301 0.600240
vt 0.408302 0.591333
vt 0.395920 0.607515
vt 0.415082 0.576192
vt 0.405970 0.573923
vt 0.401381 0.584876
vt 0.404466 0.591542
vt 0.396092 0.596192
vt 0.404515 0.566496
vt 0.386807 0.582993
vt 0.391726 0.585182
vt 0.412423 0.533181
vt 0.417828 0.521732
vt 0.401299 0.548872
vt 0.390638 0.564260
vt 0.404678 0.535229
vt 0.386337 0.556231
vt 0.410004 0.514475
vt 0.399829 0.523770
vt 0.417516 0.489647
vt 0.402236 0.506103
vt 0.392503 0.532222
vt 0.413605 0.481826
vt 0.423165 0.498637
vt 0.428720 0.489973
vt 0.432812 0.475459
vt 0.422962 0.475603
vt 0.426795 0.456529
vt 0.427664 0.465508
vt 0.412210 0.439848
vt 0.420010 0.442534
vt 0.410214 0.450313
vt 0.428901 0.444227
vt 0.421104 0.451869
vt 0.435010 0.448694
vt 0.418970 0.432310
vt 0.427720 0.434242
vt 0.407682 0.432807
vt 0.438401 0.428325
vt 0.440831 0.437705
vt 0.398195 0.431936
vt 0.406608 0.428512
vt 0.422595 0.422515
vt 0.430257 0.425038
vt 0.452686 0.425948
vt 0.378290 0.433541
vt 0.387814 0.429719
vt 0.382150 0.441426
vt 0.392286 0.430494
vt 0.411759 0.422488
vt 0.429716 0.414507
vt 0.442438 0.413824
vt 0.406715 0.418797
vt 0.416756 0.415480
vt 0.426272 0.410160
vt 0.443141 0.406663
vt 0.455160 0.406018
vt 0.451882 0.414814
vt 0.462965 0.406793
vt 0.461693 0.416816
vt 0.467386 0.411060
vt 0.387006 0.423697
vt 0.395981 0.418620
vt 0.401304 0.418742
vt 0.426184 0.407644
vt 0.431078 0.404173
vt 0.409751 0.410478
vt 0.433566 0.400804
vt 0.448208 0.401678
vt 0.382314 0.423052
vt 0.395171 0.412405
vt 0.420174 0.405959
vt 0.453986 0.395882
vt 0.450648 0.398936
vt 0.463335 0.398539
vt 0.353303 0.429889
vt 0.361549 0.419463
vt 0.370963 0.422174
vt 0.381018 0.417254
vt 0.389760 0.412338
vt 0.401829 0.410908
vt 0.338559 0.421260
vt 0.375500 0.414917
vt 0.371691 0.411647
vt 0.383747 0.409859
vt 0.349096 0.415056
vt 0.358344 0.408165
vt 0.375717 0.406664
vt 0.386692 0.405082
vt 0.346920 0.405911
vt 0.367569 0.403088
vt 0.390221 0.401355
vt 0.400089 0.403686
vt 0.402563 0.401636
vt 0.397954 0.400241
vt 0.405850 0.399396
vt 0.411246 0.399517
vt 0.408771 0.402298
vt 0.419001 0.398960
vt 0.419356 0.398570
vt 0.412122 0.398726
vt 0.407109 0.398307
vt 0.401740 0.398042
vt 0.390594 0.395345
vt 0.391905 0.394369
vt 0.397220 0.397003
vt 0.402992 0.397193
vt 0.397527 0.395587
vt 0.389134 0.391480
vt 0.381668 0.388581
vt 0.379641 0.384443
vt 0.412163 0.398864
vt 0.407497 0.398299
vt 0.399464 0.395652
vt 0.392262 0.391918
vt 0.381354 0.382080
vt 0.388541 0.388142
vt 0.397150 0.394139
vt 0.403445 0.397160
vt 0.372743 0.377793
vt 0.375825 0.376495
vt 0.365574 0.369433
vt 0.381569 0.377233
vt 0.389270 0.387426
vt 0.387656 0.384787
vt 0.393061 0.390640
vt 0.398594 0.395070
vt 0.388182 0.384707
vt 0.398221 0.395298
vt 0.391935 0.389753
vt 0.394320 0.392496
vt 0.379463 0.370698
vt 0.381600 0.372029
vt 0.383213 0.376830
vt 0.386265 0.381353
vt 0.389653 0.386736
vt 0.374941 0.371514
vt 0.368002 0.367068
vt 0.358657 0.360365
vt 0.359304 0.367852
vt 0.352645 0.362512
vt 0.341456 0.363149
vt 0.348509 0.357629
vt 0.331056 0.364286
vt 0.332809 0.373498
vt 0.361557 0.357241
vt 0.366857 0.359006
vt 0.372847 0.364055
vt 0.352356 0.351849
vt 0.377574 0.364645
vt 0.347072 0.347356
vt 0.353065 0.343964
vt 0.360496 0.347403
vt 0.366231 0.350611
vt 0.371787 0.353793
vt 0.296102 0.361017
vt 0.307947 0.348069
vt 0.302042 0.374651
vt 0.312019 0.356763
vt 0.320902 0.337568
vt 0.323851 0.349730
vt 0.336829 0.335930
vt 0.329016 0.354005
vt 0.339269 0.347378
vt 0.344608 0.336766
vt 0.330940 0.330731
vt 0.354957 0.333918
vt 0.287807 0.359174
vt 0.302030 0.343362
vt 0.341961 0.323943
vt 0.263609 0.392042
vt 0.264371 0.373788
vt 0.271254 0.381042
vt 0.276917 0.362149
vt 0.277353 0.388434
vt 0.288824 0.346167
vt 0.317505 0.322848
vt 0.324918 0.324983
vt 0.308599 0.322944
vt 0.276471 0.350812
vt 0.297044 0.331239
vt 0.265653 0.356100
vt 0.286786 0.331154
vt 0.297961 0.319317
vt 0.256559 0.369724
vt 0.270262 0.341865
vt 0.255390 0.359159
vt 0.280681 0.323587
vt 0.259552 0.348784
vt 0.261075 0.338659
vt 0.268527 0.325498
vt 0.335343 0.318705
vt 0.328259 0.314210
vt 0.320565 0.310957
vt 0.312258 0.309187
vt 0.297528 0.311278
vt 0.285665 0.310733
vt 0.271988 0.316997
vt 0.350175 0.325606
vt 0.297676 0.303710
vt 0.360939 0.339510
vt 0.347324 0.311318
vt 0.340884 0.303325
vt 0.334856 0.292707
vt 0.326031 0.289257
vt 0.315643 0.292866
vt 0.315134 0.287311
vt 0.367880 0.344014
vt 0.364268 0.335037
vt 0.360114 0.325430
vt 0.355269 0.315627
vt 0.350250 0.304767
vt 0.343359 0.296897
vt 0.351771 0.301613
vt 0.357802 0.310989
vt 0.365621 0.328061
vt 0.371547 0.344369
vt 0.384725 0.378472
vt 0.387522 0.383927
vt 0.379796 0.366220
vt 0.372193 0.342381
vt 0.368196 0.330288
vt 0.364030 0.319554
vt 0.379391 0.365101
vt 0.381474 0.371370
vt 0.372407 0.341181
vt 0.368812 0.329789
vt 0.364668 0.318762
vt 0.359055 0.308862
vt 0.352865 0.299462
vt 0.353514 0.298147
vt 0.345785 0.291266
vt 0.346383 0.289892
vt 0.368827 0.330156
vt 0.364703 0.318921
vt 0.359612 0.308012
vt 0.337604 0.284930
vt 0.338149 0.283280
vt 0.328252 0.281186
vt 0.328626 0.279389
vt 0.318269 0.280348
vt 0.318426 0.278633
vt 0.308353 0.280033
vt 0.285384 0.283593
vt 0.285332 0.282126
vt 0.271991 0.286125
vt 0.271651 0.284553
vt 0.261179 0.290664
vt 0.260359 0.289164
vt 0.253742 0.297205
vt 0.252725 0.296001
vt 0.344760 0.293571
vt 0.336697 0.287370
vt 0.327542 0.283698
vt 0.317373 0.282840
vt 0.288268 0.285651
vt 0.272690 0.289242
vt 0.284916 0.289222
vt 0.299571 0.287611
vt 0.295758 0.293964
vt 0.285030 0.295699
vt 0.274723 0.298186
vt 0.266251 0.302900
vt 0.262708 0.293860
vt 0.259688 0.308727
vt 0.255485 0.299854
vt 0.246689 0.326065
vt 0.252233 0.320254
vt 0.243944 0.324148
vt 0.247758 0.314875
vt 0.270406 0.310637
vt 0.259600 0.316957
vt 0.240588 0.331384
vt 0.261208 0.324299
vt 0.255757 0.325906
vt 0.243838 0.334700
vt 0.233189 0.341261
vt 0.236406 0.334724
vt 0.230595 0.339201
vt 0.242471 0.340264
vt 0.232282 0.345697
vt 0.222111 0.348970
vt 0.222338 0.345004
vt 0.210531 0.367910
vt 0.206622 0.362441
vt 0.222124 0.358307
vt 0.217060 0.354409
vt 0.211714 0.375697
vt 0.226288 0.362334
vt 0.237820 0.347441
vt 0.221980 0.377897
vt 0.227737 0.369284
vt 0.222718 0.394234
vt 0.215898 0.387606
vt 0.236309 0.366077
vt 0.245108 0.354657
vt 0.235734 0.377350
vt 0.249767 0.345128
vt 0.245736 0.362597
vt 0.237762 0.391245
vt 0.247368 0.372739
vt 0.226448 0.411544
vt 0.233731 0.416546
vt 0.245793 0.389914
vt 0.230077 0.427161
vt 0.254399 0.388544
vt 0.244106 0.410437
vt 0.237103 0.444512
vt 0.239367 0.438357
vt 0.252663 0.408932
vt 0.221986 0.451727
vt 0.223544 0.443662
vt 0.232119 0.445438
vt 0.248480 0.434915
vt 0.286524 0.378467
vt 0.294100 0.392624
vt 0.311540 0.377959
vt 0.285557 0.393469
vt 0.318883 0.380428
vt 0.355641 0.372147
vt 0.345083 0.373441
vt 0.323856 0.386808
vt 0.304447 0.408537
vt 0.289031 0.405404
vt 0.280890 0.404850
vt 0.350301 0.379143
vt 0.297215 0.405667
vt 0.363312 0.378943
vt 0.335271 0.380109
vt 0.335754 0.389928
vt 0.345575 0.386088
vt 0.358383 0.384511
vt 0.372006 0.388711
vt 0.366354 0.389407
vt 0.380504 0.398640
vt 0.380067 0.393522
vt 0.388522 0.397098
vt 0.372725 0.396316
vt 0.362221 0.394511
vt 0.353774 0.390360
vt 0.340068 0.396031
vt 0.322344 0.406699
vt 0.329458 0.398319
vt 0.317046 0.402307
vt 0.353694 0.398097
vt 0.311718 0.401486
vt 0.308439 0.429388
vt 0.315494 0.422648
vt 0.329154 0.411469
vt 0.338615 0.409445
vt 0.379083 0.402086
vt 0.317980 0.432630
vt 0.325510 0.425066
vt 0.287345 0.442965
vt 0.285267 0.424911
vt 0.292479 0.424794
vt 0.278599 0.445164
vt 0.301369 0.425832
vt 0.298300 0.433830
vt 0.276984 0.424270
vt 0.270115 0.442637
vt 0.271107 0.395538
vt 0.269553 0.423597
vt 0.262328 0.422811
vt 0.229574 0.454255
vt 0.256038 0.435770
vt 0.451232 0.392892
vt 0.458439 0.391965
vt 0.451546 0.392907
vt 0.450433 0.393550
vt 0.462077 0.392432
vt 0.465027 0.391726
vt 0.485763 0.396126
vt 0.483512 0.395601
vt 0.479171 0.393619
vt 0.476192 0.393677
vt 0.471105 0.392075
vt 0.470789 0.392842
vt 0.464835 0.392468
vt 0.458289 0.392679
vt 0.481204 0.394388
vt 0.485445 0.396231
vt 0.476390 0.393005
vt 0.480005 0.396046
vt 0.486626 0.398401
vt 0.492811 0.403763
vt 0.468407 0.395388
vt 0.473728 0.396223
vt 0.485349 0.399644
vt 0.490260 0.403467
vt 0.493738 0.408318
vt 0.483558 0.401349
vt 0.462496 0.395079
vt 0.469359 0.400494
vt 0.476681 0.399267
vt 0.481216 0.403513
vt 0.460325 0.401279
vt 0.471082 0.404628
vt 0.478381 0.406160
vt 0.475041 0.409340
vt 0.474413 0.415528
vt 0.477691 0.423604
vt 0.466798 0.421889
vt 0.466838 0.428625
vt 0.458274 0.662602
vt 0.460327 0.673669
vt 0.459672 0.671674
vt 0.458433 0.663844
vt 0.459407 0.669561
vt 0.462694 0.694367
vt 0.459601 0.687358
vt 0.460161 0.678186
vt 0.463461 0.688391
vt 0.471220 0.714056
vt 0.466924 0.715430
vt 0.468612 0.707206
vt 0.474614 0.721376
vt 0.471179 0.722526
vt 0.477351 0.730209
vt 0.466856 0.699917
vt 0.464437 0.702369
vt 0.480506 0.728503
vt 0.487375 0.737508
vt 0.463165 0.686205
vt 0.472053 0.712346
vt 0.475789 0.719410
vt 0.468749 0.704427
vt 0.480588 0.725973
vt 0.487583 0.734555
vt 0.497730 0.746135
vt 0.471563 0.710881
vt 0.475282 0.717772
vt 0.495729 0.742287
vt 0.511100 0.756453
vt 0.526086 0.767515
vt 0.526881 0.770235
vt 0.538637 0.783460
vt 0.538249 0.786349
vt 0.544167 0.801026
vt 0.542584 0.803536
vt 0.485705 0.732053
vt 0.479080 0.723821
vt 0.504433 0.749755
vt 0.523156 0.764085
vt 0.537182 0.779399
vt 0.544471 0.796914
vt 0.545137 0.813215
vt 0.543454 0.816413
vt 0.541299 0.825553
vt 0.538485 0.827536
vt 0.534104 0.833223
vt 0.530264 0.833962
vt 0.518048 0.760198
vt 0.540911 0.818025
vt 0.535054 0.828122
vt 0.526011 0.833549
vt 0.518649 0.836122
vt 0.511732 0.836810
vt 0.501799 0.834799
vt 0.494061 0.835376
vt 0.487779 0.834729
vt 0.480353 0.835853
vt 0.474412 0.836329
vt 0.468362 0.838414
vt 0.463347 0.840052
vt 0.458756 0.842763
vt 0.453429 0.846118
vt 0.524430 0.836703
vt 0.500425 0.836009
vt 0.486909 0.835608
vt 0.474160 0.836908
vt 0.495961 0.833391
vt 0.481796 0.834190
vt 0.469149 0.836964
vt 0.457175 0.842933
vt 0.444800 0.852894
vt 0.441130 0.855928
vt 0.437229 0.859486
vt 0.432161 0.863552
vt 0.509484 0.833412
vt 0.504046 0.831285
vt 0.520725 0.831903
vt 0.490106 0.831946
vt 0.476251 0.833773
vt 0.464466 0.837622
vt 0.452983 0.844738
vt 0.429971 0.864806
vt 0.498325 0.828966
vt 0.507119 0.825257
vt 0.483042 0.830182
vt 0.471155 0.833421
vt 0.458518 0.838357
vt 0.450076 0.845392
vt 0.434084 0.858948
vt 0.427211 0.865178
vt 0.492302 0.826549
vt 0.464110 0.832778
vt 0.447107 0.845769
vt 0.424613 0.868127
vt 0.420457 0.867799
vt 0.423040 0.863850
vt 0.431250 0.858217
vt 0.443033 0.844831
vt 0.450768 0.838511
vt 0.416983 0.869065
vt 0.416150 0.865004
vt 0.427723 0.856454
vt 0.435842 0.843951
vt 0.443000 0.836654
vt 0.419617 0.861372
vt 0.422551 0.852612
vt 0.416322 0.857554
vt 0.409726 0.860216
vt 0.404505 0.852399
vt 0.435950 0.835358
vt 0.432612 0.830057
vt 0.442865 0.827150
vt 0.422146 0.843196
vt 0.416302 0.843315
vt 0.411332 0.850687
vt 0.422010 0.828566
vt 0.411270 0.838021
vt 0.412897 0.827126
vt 0.406478 0.838568
vt 0.402680 0.842921
vt 0.398700 0.836574
vt 0.426923 0.805074
vt 0.426366 0.786716
vt 0.434021 0.794505
vt 0.423523 0.811204
vt 0.417935 0.805324
vt 0.422906 0.820052
vt 0.414855 0.810618
vt 0.416671 0.821672
vt 0.410235 0.817364
vt 0.404721 0.823656
vt 0.396891 0.828717
vt 0.436398 0.757521
vt 0.436756 0.767713
vt 0.434182 0.783210
vt 0.441075 0.750385
vt 0.447260 0.738281
vt 0.446749 0.752605
vt 0.447403 0.764823
vt 0.451762 0.792779
vt 0.454289 0.718425
vt 0.451850 0.732522
vt 0.452467 0.747332
vt 0.454400 0.759489
vt 0.462926 0.779426
vt 0.467633 0.772374
vt 0.458199 0.749142
vt 0.457079 0.731976
vt 0.449389 0.688838
vt 0.459095 0.709065
vt 0.465657 0.722765
vt 0.465037 0.746425
vt 0.463201 0.737886
vt 0.458149 0.700951
vt 0.455824 0.691017
vt 0.451785 0.681048
vt 0.455260 0.681424
vt 0.454644 0.672169
vt 0.456371 0.673693
vt 0.456993 0.679142
vt 0.450845 0.668831
vt 0.456286 0.667992
vt 0.458056 0.667887
vt 0.454393 0.663878
vt 0.456293 0.661617
vt 0.456887 0.658734
vt 0.453637 0.657172
vt 0.455241 0.653354
vt 0.456425 0.651752
vt 0.457287 0.656916
vt 0.455725 0.649296
vt 0.455605 0.648722
vt 0.455513 0.643534
vt 0.455785 0.645011
vt 0.455078 0.644319
vt 0.455161 0.636221
vt 0.654763 0.810411
vt 0.653319 0.813620
vt 0.653561 0.805110
vt 0.656202 0.809545
vt 0.657747 0.809792
vt 0.660055 0.806545
vt 0.663701 0.809788
vt 0.666135 0.803077
vt 0.668530 0.806758
vt 0.669942 0.804196
vt 0.677338 0.800609
vt 0.677807 0.787753
vt 0.688099 0.983060
vt 0.684278 0.981238
vt 0.689504 0.984072
vt 0.686930 0.981296
vt 0.689557 0.982016
vt 0.692704 0.984173
vt 0.693161 0.985083
vt 0.692137 0.985104
vt 0.694639 0.985557
vt 0.693078 0.982112
vt 0.696576 0.984915
vt 0.692383 0.977164
vt 0.697369 0.983559
vt 0.697335 0.980947
vt 0.701574 0.982978
vt 0.698119 0.985234
vt 0.703066 0.983089
vt 0.701003 0.984677
vt 0.705269 0.982324
vt 0.701312 0.980894
vt 0.705656 0.979765
vt 0.708441 0.979315
vt 0.711867 0.973532
vt 0.719129 0.961552
vt 0.718150 0.964360
vt 0.718157 0.966991
vt 0.719708 0.968024
vt 0.715865 0.972562
vt 0.711910 0.976779
vt 0.722751 0.966377
vt 0.732831 0.953309
vt 0.730159 0.956381
vt 0.728450 0.958931
vt 0.727548 0.961498
vt 0.728457 0.962684
vt 0.730203 0.962098
vt 0.740259 0.958572
vt 0.741322 0.956278
vt 0.743818 0.953450
vt 0.746574 0.950960
vt 0.750650 0.947661
vt 0.758261 0.941831
vt 0.792371 0.925498
vt 0.782786 0.925878
vt 0.777448 0.934560
vt 0.765782 0.947005
vt 0.760508 0.951750
vt 0.756284 0.956202
vt 0.782825 0.944288
vt 0.786295 0.938898
vt 0.788575 0.934685
vt 0.790619 0.930207
vt 0.801119 0.928147
vt 0.802844 0.916098
vt 0.810988 0.918830
vt 0.810828 0.913426
vt 0.818362 0.911999
vt 0.817587 0.906402
vt 0.824029 0.903084
vt 0.796951 0.942151
vt 0.801199 0.934685
vt 0.810889 0.924167
vt 0.819070 0.917578
vt 0.826102 0.913102
vt 0.832055 0.907465
vt 0.827422 0.888709
vt 0.836158 0.898341
vt 0.831437 0.881744
vt 0.839492 0.886816
vt 0.807547 0.948669
vt 0.806665 0.952847
vt 0.793180 0.951253
vt 0.794774 0.947586
vt 0.808489 0.943953
vt 0.819345 0.928672
vt 0.819588 0.923131
vt 0.820006 0.934038
vt 0.819949 0.939342
vt 0.827795 0.921790
vt 0.834242 0.915533
vt 0.838654 0.906214
vt 0.841802 0.896152
vt 0.850520 0.887526
vt 0.849295 0.881714
vt 0.843909 0.878469
vt 0.830226 0.944374
vt 0.830371 0.949734
vt 0.819179 0.953263
vt 0.819753 0.944498
vt 0.829904 0.938853
vt 0.829394 0.933222
vt 0.828691 0.927526
vt 0.846723 0.910068
vt 0.844560 0.903870
vt 0.856704 0.897007
vt 0.836881 0.926055
vt 0.858070 0.875625
vt 0.851877 0.873615
vt 0.857117 0.869615
vt 0.852349 0.867004
vt 0.858714 0.861595
vt 0.855522 0.858405
vt 0.848972 0.916069
vt 0.851290 0.922056
vt 0.838365 0.933556
vt 0.853446 0.908751
vt 0.861725 0.881020
vt 0.874198 0.928154
vt 0.865040 0.941335
vt 0.862603 0.932007
vt 0.857228 0.944435
vt 0.855258 0.934440
vt 0.848550 0.942524
vt 0.847496 0.936464
vt 0.853463 0.928154
vt 0.861214 0.902811
vt 0.894949 0.926890
vt 0.900435 0.934020
vt 0.891325 0.936927
vt 0.887505 0.930175
vt 0.882436 0.939479
vt 0.877011 0.937255
vt 0.849319 0.950588
vt 0.840262 0.949432
vt 0.839821 0.943760
vt 0.876673 0.947298
vt 0.866413 0.950070
vt 0.858020 0.955437
vt 0.840434 0.954837
vt 0.830375 0.954859
vt 0.894534 0.943285
vt 0.896797 0.948786
vt 0.876654 0.952478
vt 0.866621 0.955041
vt 0.849222 0.962911
vt 0.840340 0.961183
vt 0.830295 0.959633
vt 0.818640 0.961387
vt 0.857778 0.961483
vt 0.821018 0.965393
vt 0.805287 0.960088
vt 0.805887 0.956676
vt 0.866469 0.959193
vt 0.866131 0.962492
vt 0.857264 0.965999
vt 0.848899 0.966726
vt 0.840016 0.967758
vt 0.804907 0.963012
vt 0.789904 0.959328
vt 0.791748 0.954545
vt 0.818528 0.968575
vt 0.803114 0.965013
vt 0.772565 0.958412
vt 0.774312 0.955647
vt 0.777888 0.950938
vt 0.818665 0.970713
vt 0.802456 0.966627
vt 0.772136 0.959999
vt 0.755504 0.957887
vt 0.796408 0.966152
vt 0.818865 0.972234
vt 0.830144 0.971767
vt 0.830268 0.974590
vt 0.839834 0.971257
vt 0.839661 0.974579
vt 0.819108 0.973163
vt 0.805303 0.969258
vt 0.789735 0.964709
vt 0.772545 0.960602
vt 0.756008 0.958363
vt 0.741032 0.959028
vt 0.805750 0.969532
vt 0.819395 0.973530
vt 0.830435 0.975357
vt 0.848158 0.973213
vt 0.839668 0.975190
vt 0.848246 0.973631
vt 0.864759 0.968499
vt 0.856296 0.971330
vt 0.993311 0.947997
vt 0.992828 0.949043
vt 0.978900 0.961267
vt 0.981453 0.960173
vt 0.935255 0.961331
vt 0.937490 0.961269
vt 0.912071 0.960963
vt 0.913268 0.960591
vt 0.896613 0.962141
vt 0.897319 0.961663
vt 0.884383 0.963735
vt 0.885142 0.962636
vt 0.873965 0.965837
vt 0.874543 0.964685
vt 0.865205 0.967380
vt 0.856630 0.970012
vt 0.848543 0.970052
vt 0.897944 0.960625
vt 0.914191 0.959619
vt 0.938910 0.960427
vt 0.982087 0.958812
vt 0.914617 0.957932
vt 0.898385 0.958949
vt 0.885790 0.960474
vt 0.875127 0.962503
vt 0.865740 0.964987
vt 0.925109 0.955476
vt 0.898493 0.956518
vt 0.886076 0.958059
vt 0.875500 0.960065
vt 0.964987 0.919847
vt 0.980149 0.922614
vt 0.986934 0.931916
vt 0.975962 0.929427
vt 0.986692 0.942442
vt 0.978138 0.940706
vt 0.975709 0.955420
vt 0.964533 0.952056
vt 0.933179 0.951355
vt 0.912819 0.951812
vt 0.898053 0.953184
vt 0.877798 0.956416
vt 0.947268 0.915982
vt 0.955878 0.926193
vt 0.958720 0.937091
vt 0.945842 0.943953
vt 0.926154 0.945434
vt 0.909935 0.947006
vt 0.917511 0.888380
vt 0.923924 0.891361
vt 0.930196 0.898895
vt 0.921887 0.895540
vt 0.938035 0.907013
vt 0.926850 0.903137
vt 0.932136 0.911262
vt 0.936494 0.919915
vt 0.936840 0.928338
vt 0.929651 0.934556
vt 0.917769 0.938177
vt 0.905661 0.940927
vt 0.914650 0.891745
vt 0.917717 0.898721
vt 0.920525 0.905949
vt 0.922276 0.913282
vt 0.921549 0.920249
vt 0.916998 0.926072
vt 0.909355 0.930511
vt 0.904281 0.875476
vt 0.907146 0.874674
vt 0.911655 0.885049
vt 0.906326 0.881500
vt 0.908325 0.887712
vt 0.910148 0.894082
vt 0.911513 0.900546
vt 0.911212 0.910424
vt 0.907223 0.918449
vt 0.901741 0.923034
vt 0.902746 0.883594
vt 0.903738 0.889422
vt 0.904230 0.895263
vt 0.903912 0.901001
vt 0.902418 0.906472
vt 0.899479 0.911502
vt 0.895128 0.915987
vt 0.889662 0.919932
vt 0.883436 0.923400
vt 0.896980 0.874192
vt 0.901460 0.877851
vt 0.897755 0.879499
vt 0.898163 0.887329
vt 0.897391 0.895384
vt 0.895758 0.900389
vt 0.893087 0.905077
vt 0.889369 0.909380
vt 0.884727 0.913279
vt 0.879113 0.916920
vt 0.893119 0.882207
vt 0.890627 0.893375
vt 0.887617 0.899069
vt 0.880461 0.898277
vt 0.876934 0.902361
vt 0.874079 0.911195
vt 0.863296 0.924437
vt 0.866243 0.908933
vt 0.858688 0.917303
vt 0.888528 0.878289
vt 0.884648 0.890011
vt 0.870054 0.901890
vt 0.869295 0.892120
vt 0.865968 0.880083
vt 0.863601 0.864806
vt 0.868568 0.872469
vt 0.868017 0.864690
vt 0.865481 0.856435
vt 0.862503 0.857342
vt 0.868316 0.847700
vt 0.868037 0.856045
vt 0.872778 0.875647
vt 0.873532 0.888950
vt 0.871066 0.863790
vt 0.876273 0.884173
vt 0.872152 0.855539
vt 0.873864 0.862691
vt 0.875155 0.871469
vt 0.875897 0.853553
vt 0.879609 0.854244
vt 0.881443 0.861433
vt 0.878111 0.862259
vt 0.874290 0.854804
vt 0.877494 0.871223
vt 0.880498 0.870529
vt 0.878151 0.845017
vt 0.881624 0.882588
vt 0.884780 0.872187
vt 0.885249 0.867871
vt 0.885277 0.861326
vt 0.880876 0.851770
vt 0.887677 0.858491
vt 0.886786 0.851462
vt 0.888981 0.867446
vt 0.893188 0.856458
vt 0.892682 0.862023
vt 0.892181 0.865709
vt 0.893075 0.873602
vt 0.890938 0.849161
vt 0.895976 0.868957
vt 0.900896 0.864467
vt 0.899838 0.871649
vt 0.897955 0.857290
vt 0.902246 0.869648
vt 0.898642 0.853994
vt 0.899929 0.852680
vt 0.904476 0.862998
vt 0.908985 0.872454
vt 0.913683 0.881590
vt 0.900177 0.849583
vt 0.905438 0.860802
vt 0.912634 0.874310
vt 0.918807 0.884275
vt 0.901903 0.850254
vt 0.907187 0.860850
vt 0.913033 0.871035
vt 0.918777 0.879715
vt 0.924139 0.886606
vt 0.930839 0.893893
vt 0.939604 0.901697
vt 0.951162 0.910237
vt 0.913320 0.868532
vt 0.917694 0.874907
vt 0.922967 0.881568
vt 0.929515 0.888560
vt 0.938039 0.895991
vt 0.949613 0.904058
vt 0.964947 0.913181
vt 0.892763 0.827240
vt 0.899609 0.840522
vt 0.898072 0.841236
vt 0.901731 0.846332
vt 0.906652 0.854877
vt 0.911754 0.863784
vt 0.915869 0.869981
vt 0.920801 0.876417
vt 0.926897 0.883126
vt 0.934663 0.890179
vt 0.904869 0.849651
vt 0.912975 0.863955
vt 0.918045 0.871232
vt 0.923479 0.877698
vt 0.930330 0.884428
vt 0.939236 0.891516
vt 0.920526 0.872967
vt 0.925556 0.878785
vt 0.915797 0.866738
vt 0.911232 0.859430
vt 0.897750 0.833833
vt 0.897371 0.834336
vt 0.893993 0.825278
vt 0.891961 0.820967
vt 0.895779 0.828584
vt 0.904491 0.846871
vt 0.905325 0.848047
vt 0.912127 0.860831
vt 0.888722 0.812010
vt 0.887590 0.810117
vt 0.891959 0.819590
vt 0.897833 0.832286
vt 0.891708 0.818675
vt 0.895971 0.827889
vt 0.901707 0.840212
vt 0.896397 0.828692
vt 0.898788 0.833856
vt 0.887819 0.809759
vt 0.889761 0.814256
vt 0.891856 0.818902
vt 0.882815 0.796607
vt 0.884359 0.800950
vt 0.884427 0.801504
vt 0.880249 0.784921
vt 0.881944 0.795320
vt 0.881060 0.789485
vt 0.881662 0.792551
vt 0.885778 0.806592
vt 0.889989 0.816730
vt 0.890487 0.819568
vt 0.882428 0.798225
vt 0.887498 0.814004
vt 0.889020 0.820274
vt 0.458727 0.670913
vt 0.455460 0.652695
vt 0.457551 0.659932
vt 0.457579 0.663074
vt 0.458097 0.663470
vt 0.452911 0.643536
vt 0.453525 0.648381
vt 0.453226 0.633767
vt 0.455631 0.658766
vt 0.456008 0.662221
vt 0.456880 0.662656
vt 0.140079 0.620716
vt 0.140711 0.628154
vt 0.140824 0.621621
vt 0.105966 0.490239
vt 0.100449 0.494908
vt 0.107410 0.487922
vt 0.101546 0.494256
vt 0.098087 0.498849
vt 0.097518 0.499142
vt 0.095151 0.504345
vt 0.094856 0.505517
vt 0.093904 0.508869
vt 0.093148 0.512435
vt 0.118772 0.481096
vt 0.122579 0.477266
vt 0.118873 0.484590
vt 0.107994 0.490894
vt 0.104992 0.494219
vt 0.113592 0.495427
vt 0.124052 0.490867
vt 0.120717 0.488253
vt 0.136681 0.485096
vt 0.123688 0.497135
vt 0.129780 0.482830
vt 0.148067 0.480192
vt 0.163370 0.484155
vt 0.162577 0.487972
vt 0.139966 0.636380
vt 0.093021 0.516597
vt 0.093650 0.523146
vt 0.093602 0.521371
vt 0.093527 0.520942
vt 0.094781 0.527592
vt 0.095387 0.529538
vt 0.096888 0.533972
vt 0.097057 0.533864
vt 0.099371 0.539171
vt 0.100554 0.542115
vt 0.109128 0.557893
vt 0.118480 0.573378
vt 0.121225 0.577585
vt 0.117789 0.571996
vt 0.112415 0.563249
vt 0.109547 0.558477
vt 0.118343 0.572375
vt 0.138060 0.615683
vt 0.139562 0.621485
vt 0.138401 0.614076
vt 0.136738 0.609733
vt 0.107361 0.487480
vt 0.112770 0.483416
vt 0.115691 0.480920
vt 0.101450 0.493675
vt 0.104111 0.490918
vt 0.101661 0.493974
vt 0.119134 0.478463
vt 0.098374 0.498081
vt 0.125593 0.478618
vt 0.132552 0.479362
vt 0.879690 0.777336
vt 0.879602 0.775466
vt 0.879849 0.781110
vt 0.890793 0.736831
vt 0.889102 0.740308
vt 0.891329 0.735425
vt 0.887375 0.744394
vt 0.887381 0.744005
vt 0.889837 0.735516
vt 0.887752 0.739532
vt 0.891695 0.728556
vt 0.892836 0.723634
vt 0.898382 0.711442
vt 0.898349 0.706623
vt 0.904434 0.694416
vt 0.901013 0.701971
vt 0.900913 0.694929
vt 0.900930 0.705793
vt 0.897550 0.716971
vt 0.900894 0.708641
vt 0.904543 0.690729
vt 0.899611 0.714261
vt 0.903224 0.704658
vt 0.904400 0.699767
vt 0.902723 0.707529
vt 0.899526 0.716040
vt 0.904300 0.701657
vt 0.903542 0.705155
vt 0.901486 0.711643
vt 0.897762 0.721016
vt 0.895761 0.723709
vt 0.893815 0.727762
vt 0.904112 0.687109
vt 0.903296 0.686048
vt 0.900454 0.678577
vt 0.901820 0.681528
vt 0.899765 0.677837
vt 0.902570 0.682384
vt 0.904630 0.688370
vt 0.905045 0.691590
vt 0.904983 0.695286
vt 0.905001 0.697669
vt 0.101680 0.745151
vt 0.106275 0.736705
vt 0.095954 0.753930
vt 0.106313 0.738820
vt 0.101325 0.746891
vt 0.095458 0.754978
vt 0.088581 0.763122
vt 0.102319 0.747345
vt 0.095851 0.755742
vt 0.088025 0.764202
vt 0.078450 0.773330
vt 0.105791 0.745152
vt 0.091801 0.763493
vt 0.088651 0.764986
vt 0.096150 0.760676
vt 0.109584 0.738156
vt 0.008591 0.823914
vt 0.012524 0.822655
vt 0.022628 0.809633
vt 0.027780 0.808395
vt 0.046810 0.796094
vt 0.050835 0.795995
vt 0.065443 0.784948
vt 0.068540 0.785279
vt 0.078868 0.774690
vt 0.081235 0.775142
vt 0.084909 0.775257
vt 0.073520 0.785349
vt 0.057536 0.795772
vt 0.036711 0.807002
vt 0.020871 0.820260
vt 0.013678 0.834026
vt 0.023834 0.831596
vt 0.048791 0.806243
vt 0.066376 0.795532
vt 0.079910 0.785086
vt 0.089494 0.774935
vt 0.099870 0.764396
vt 0.106456 0.754076
vt 0.062731 0.805861
vt 0.076423 0.794861
vt 0.086998 0.784203
vt 0.094491 0.774024
vt 0.107857 0.754828
vt 0.112343 0.750098
vt 0.119971 0.732325
vt 0.102853 0.785877
vt 0.113476 0.757686
vt 0.127509 0.724414
vt 0.122383 0.743230
vt 0.123944 0.755175
vt 0.127529 0.759344
vt 0.131107 0.764449
vt 0.136055 0.743265
vt 0.144400 0.724427
vt 0.150759 0.712360
vt 0.142787 0.736596
vt 0.158720 0.701468
vt 0.161883 0.704019
vt 0.160649 0.720031
vt 0.165769 0.700396
vt 0.181902 0.687988
vt 0.187128 0.686348
vt 0.192126 0.682595
vt 0.191066 0.691715
vt 0.875334 0.659161
vt 0.881233 0.663281
vt 0.872064 0.656821
vt 0.871169 0.655995
vt 0.877895 0.665184
vt 0.881130 0.663970
vt 0.878950 0.664473
vt 0.883116 0.666270
vt 0.882774 0.673524
vt 0.880873 0.680752
vt 0.883638 0.668479
vt 0.883557 0.670625
vt 0.882363 0.687168
vt 0.885523 0.678218
vt 0.886831 0.669333
vt 0.888198 0.672517
vt 0.887653 0.675906
vt 0.885888 0.684997
vt 0.893565 0.672257
vt 0.890705 0.676809
vt 0.888579 0.683171
vt 0.887055 0.693464
vt 0.895208 0.674297
vt 0.895469 0.676201
vt 0.891381 0.682097
vt 0.882121 0.704034
vt 0.896634 0.678456
vt 0.890222 0.689505
vt 0.887558 0.698313
vt 0.897592 0.680843
vt 0.892851 0.686518
vt 0.899043 0.684758
vt 0.893056 0.690940
vt 0.890805 0.695441
vt 0.887998 0.703600
vt 0.885779 0.709092
vt 0.897800 0.689791
vt 0.892997 0.698176
vt 0.890519 0.703020
vt 0.891205 0.708772
vt 0.892870 0.703272
vt 0.897855 0.697684
vt 0.900439 0.689875
vt 0.894105 0.706225
vt 0.898930 0.701820
vt 0.891558 0.669812
vt 0.890913 0.669995
vt 0.887528 0.667461
vt 0.898017 0.675578
vt 0.105459 0.551369
vt 0.459988 0.580635
vt 0.458181 0.588111
vt 0.458024 0.590399
vt 0.460629 0.578539
vt 0.463541 0.568681
vt 0.463163 0.568926
vt 0.465662 0.558048
vt 0.469076 0.553946
vt 0.457391 0.590119
vt 0.456967 0.589719
vt 0.454752 0.593903
vt 0.496802 0.748740
vt 0.525707 0.772097
vt 0.535418 0.788087
vt 0.539510 0.804497
vt 0.537613 0.818229
vt 0.531094 0.827506
vt 0.494155 0.749565
vt 0.519975 0.773174
vt 0.533230 0.817028
vt 0.526561 0.825809
vt 0.484847 0.738949
vt 0.504915 0.760388
vt 0.523578 0.786864
vt 0.525333 0.800238
vt 0.480530 0.739553
vt 0.491059 0.750932
vt 0.509230 0.772470
vt 0.517694 0.809287
vt 0.511367 0.817523
vt 0.486258 0.750878
vt 0.472579 0.730761
vt 0.463090 0.709010
vt 0.482987 0.758677
vt 0.477274 0.748704
vt 0.473187 0.739386
vt 0.460686 0.700868
vt 0.462469 0.715652
vt 0.466092 0.730464
vt 0.466879 0.755213
vt 0.489317 0.769206
vt 0.469272 0.764361
vt 0.490063 0.778821
vt 0.493873 0.789292
vt 0.473349 0.792030
vt 0.456077 0.785604
vt 0.474013 0.801330
vt 0.468925 0.808733
vt 0.454998 0.803665
vt 0.454648 0.812899
vt 0.438590 0.814676
vt 0.450088 0.820739
vt 0.443136 0.807596
vt 0.447008 0.799982
vt 0.436520 0.803297
vt 0.432767 0.810214
vt 0.428782 0.816556
vt 0.883969 0.542724
vt 0.866627 0.535417
vt 0.867552 0.534511
vt 0.884360 0.544658
vt 0.892020 0.551791
vt 0.892479 0.553560
vt 0.843189 0.531851
vt 0.808416 0.554762
vt 0.822441 0.544955
vt 0.842537 0.532354
vt 0.867425 0.533919
vt 0.883257 0.541771
vt 0.892526 0.566301
vt 0.891684 0.569476
vt 0.892210 0.556853
vt 0.883985 0.547534
vt 0.863555 0.536785
vt 0.836919 0.537683
vt 0.840602 0.534096
vt 0.816438 0.551479
vt 0.818901 0.548012
vt 0.805633 0.558187
vt 0.806721 0.556128
vt 0.800090 0.560309
vt 0.797141 0.561564
vt 0.795881 0.559608
vt 0.795349 0.561256
vt 0.797341 0.564046
vt 0.800799 0.563447
vt 0.805405 0.561329
vt 0.814188 0.556136
vt 0.831032 0.544648
vt 0.856729 0.539479
vt 0.881317 0.551269
vt 0.890068 0.562096
vt 0.888214 0.574882
vt 0.880913 0.585958
vt 0.798670 0.567415
vt 0.795207 0.565698
vt 0.802236 0.567382
vt 0.806085 0.565868
vt 0.812748 0.562201
vt 0.824941 0.554951
vt 0.845258 0.546613
vt 0.871349 0.555692
vt 0.882162 0.569452
vt 0.797936 0.570485
vt 0.794052 0.567607
vt 0.802899 0.572149
vt 0.807249 0.571676
vt 0.812123 0.569792
vt 0.820082 0.566224
vt 0.832291 0.562194
vt 0.847752 0.564211
vt 0.810822 0.578080
vt 0.805257 0.578111
vt 0.801481 0.576378
vt 0.797792 0.575505
vt 0.795899 0.572727
vt 0.792151 0.569645
vt 0.787991 0.562325
vt 0.784700 0.563301
vt 0.781044 0.555564
vt 0.813420 0.586242
vt 0.807444 0.584422
vt 0.801956 0.583698
vt 0.799484 0.581773
vt 0.792758 0.574776
vt 0.786432 0.569931
vt 0.796064 0.582883
vt 0.790581 0.579165
vt 0.779824 0.572734
vt 0.778048 0.558291
vt 0.774610 0.570029
vt 0.773721 0.560648
vt 0.769450 0.567555
vt 0.768589 0.557092
vt 0.788569 0.585784
vt 0.784032 0.583724
vt 0.799085 0.591721
vt 0.805824 0.589595
vt 0.805746 0.596069
vt 0.809274 0.591722
vt 0.811129 0.599494
vt 0.812816 0.593528
vt 0.799874 0.599719
vt 0.793974 0.596696
vt 0.790059 0.595007
vt 0.786688 0.593771
vt 0.783018 0.592629
vt 0.779031 0.591622
vt 0.779812 0.582094
vt 0.774732 0.590772
vt 0.775238 0.580572
vt 0.768477 0.595491
vt 0.798655 0.606809
vt 0.793152 0.604445
vt 0.788609 0.602829
vt 0.783910 0.601574
vt 0.775701 0.606719
vt 0.770351 0.604858
vt 0.789701 0.610896
vt 0.781039 0.614558
vt 0.764255 0.607559
vt 0.759863 0.607718
vt 0.760183 0.599512
vt 0.755374 0.608080
vt 0.755262 0.599814
vt 0.751400 0.613636
vt 0.794370 0.614518
vt 0.790076 0.621597
vt 0.771940 0.620011
vt 0.767905 0.614515
vt 0.763901 0.614472
vt 0.785674 0.626173
vt 0.777219 0.621792
vt 0.767975 0.620895
vt 0.761324 0.622442
vt 0.779384 0.628605
vt 0.775759 0.628079
vt 0.772083 0.627667
vt 0.768363 0.627383
vt 0.765324 0.633735
vt 0.752635 0.622518
vt 0.750241 0.632752
vt 0.746996 0.617879
vt 0.789131 0.633940
vt 0.783094 0.635677
vt 0.779600 0.635138
vt 0.775423 0.634616
vt 0.761687 0.636607
vt 0.756924 0.636510
vt 0.791983 0.640064
vt 0.786560 0.642204
vt 0.783186 0.641690
vt 0.779538 0.641217
vt 0.770182 0.640403
vt 0.797582 0.641594
vt 0.793505 0.648814
vt 0.789817 0.648185
vt 0.786550 0.647700
vt 0.783224 0.647266
vt 0.778151 0.651593
vt 0.773622 0.648322
vt 0.769541 0.648627
vt 0.764460 0.648472
vt 0.789743 0.653228
vt 0.786505 0.652807
vt 0.780157 0.659479
vt 0.774726 0.658410
vt 0.768781 0.658828
vt 0.752363 0.652058
vt 0.758580 0.647144
vt 0.754402 0.664373
vt 0.749739 0.659485
vt 0.771544 0.665450
vt 0.750210 0.667341
vt 0.746728 0.663107
vt 0.757633 0.672030
vt 0.753540 0.669683
vt 0.742983 0.675933
vt 0.738307 0.671680
vt 0.753625 0.673486
vt 0.733858 0.669129
vt 0.727419 0.678015
vt 0.733999 0.684499
vt 0.722953 0.687451
vt 0.719299 0.674393
vt 0.718133 0.688089
vt 0.741653 0.687120
vt 0.733252 0.690285
vt 0.719547 0.694145
vt 0.742441 0.691014
vt 0.738007 0.694424
vt 0.725398 0.696507
vt 0.749857 0.695448
vt 0.755578 0.689946
vt 0.741083 0.700187
vt 0.748549 0.699023
vt 0.759032 0.699623
vt 0.760385 0.691397
vt 0.763560 0.694780
vt 0.766713 0.693036
vt 0.767506 0.696750
vt 0.753361 0.702432
vt 0.766302 0.699870
vt 0.769883 0.699892
vt 0.775471 0.696867
vt 0.773047 0.701277
vt 0.777461 0.704008
vt 0.783993 0.703490
vt 0.763327 0.704601
vt 0.769825 0.703455
vt 0.783201 0.710223
vt 0.798668 0.706525
vt 0.802742 0.711737
vt 0.793880 0.716679
vt 0.808720 0.706169
vt 0.812898 0.699073
vt 0.812959 0.708769
vt 0.820263 0.700488
vt 0.808727 0.711294
vt 0.802761 0.717912
vt 0.815210 0.707104
vt 0.820030 0.709764
vt 0.823555 0.700987
vt 0.813539 0.713617
vt 0.827215 0.702856
vt 0.810333 0.717922
vt 0.809390 0.724769
vt 0.816347 0.715911
vt 0.822799 0.711952
vt 0.814846 0.721558
vt 0.818826 0.720472
vt 0.809823 0.734891
vt 0.801341 0.732628
vt 0.813247 0.738174
vt 0.819083 0.732726
vt 0.802470 0.749536
vt 0.807369 0.740998
vt 0.811342 0.743748
vt 0.802839 0.752468
vt 0.809536 0.751866
vt 0.804569 0.757162
vt 0.820630 0.744455
vt 0.809843 0.755552
vt 0.813649 0.757480
vt 0.804810 0.762749
vt 0.802456 0.768081
vt 0.822805 0.748063
vt 0.819454 0.760918
vt 0.802775 0.773039
vt 0.825172 0.762041
vt 0.828760 0.763134
vt 0.820554 0.768310
vt 0.821846 0.770288
vt 0.810594 0.776261
vt 0.805793 0.774624
vt 0.814848 0.775471
vt 0.798761 0.757884
vt 0.798378 0.762681
vt 0.801581 0.781456
vt 0.799502 0.751597
vt 0.796474 0.754724
vt 0.795361 0.770531
vt 0.796776 0.776677
vt 0.790259 0.761542
vt 0.792437 0.765087
vt 0.793244 0.781050
vt 0.795781 0.786779
vt 0.789758 0.787881
vt 0.784965 0.768104
vt 0.784454 0.785384
vt 0.780320 0.783925
vt 0.786041 0.761231
vt 0.788289 0.754104
vt 0.783533 0.755888
vt 0.779745 0.764423
vt 0.780616 0.772432
vt 0.778483 0.792216
vt 0.783143 0.793492
vt 0.790913 0.803523
vt 0.783919 0.816417
vt 0.781414 0.811923
vt 0.786814 0.797469
vt 0.782412 0.801881
vt 0.789217 0.792201
vt 0.779332 0.798058
vt 0.788604 0.817470
vt 0.783216 0.824003
vt 0.790648 0.843824
vt 0.785937 0.839940
vt 0.796982 0.835770
vt 0.785876 0.835505
vt 0.788238 0.828060
vt 0.794648 0.820855
vt 0.796054 0.827833
vt 0.801655 0.812861
vt 0.801322 0.822745
vt 0.806761 0.814232
vt 0.810522 0.817446
vt 0.807673 0.821846
vt 0.801636 0.834848
vt 0.805555 0.833538
vt 0.815774 0.816170
vt 0.814451 0.821297
vt 0.811493 0.825941
vt 0.801230 0.844067
vt 0.795581 0.847833
vt 0.796556 0.855512
vt 0.821633 0.819461
vt 0.818285 0.824073
vt 0.815286 0.826414
vt 0.815303 0.831421
vt 0.810446 0.842066
vt 0.806343 0.843675
vt 0.804699 0.854735
vt 0.793688 0.862868
vt 0.828505 0.822242
vt 0.825178 0.826072
vt 0.819409 0.830055
vt 0.810252 0.849438
vt 0.801620 0.861862
vt 0.823869 0.830059
vt 0.793517 0.873139
vt 0.822352 0.838713
vt 0.818901 0.846929
vt 0.813347 0.853391
vt 0.810768 0.859018
vt 0.792670 0.878610
vt 0.804208 0.870098
vt 0.798165 0.877562
vt 0.791748 0.886545
vt 0.830962 0.832198
vt 0.829439 0.837983
vt 0.822760 0.849458
vt 0.813460 0.862354
vt 0.809852 0.869476
vt 0.803558 0.876598
vt 0.797674 0.885579
vt 0.834874 0.830179
vt 0.843623 0.824024
vt 0.833877 0.846087
vt 0.836693 0.838198
vt 0.850138 0.822821
vt 0.844446 0.832324
vt 0.842184 0.837294
vt 0.840423 0.847392
vt 0.838870 0.863824
vt 0.829964 0.873437
vt 0.829755 0.868037
vt 0.835758 0.860046
vt 0.844793 0.848437
vt 0.848421 0.829903
vt 0.832592 0.856316
vt 0.844535 0.855323
vt 0.852868 0.828164
vt 0.855035 0.842926
vt 0.850248 0.848354
vt 0.854790 0.817342
vt 0.851488 0.855992
vt 0.857849 0.844498
vt 0.859386 0.854651
vt 0.862077 0.872064
vt 0.863487 0.647974
vt 0.865790 0.650810
vt 0.854841 0.628952
vt 0.854427 0.627799
vt 0.854227 0.623927
vt 0.853729 0.622938
vt 0.855772 0.632737
vt 0.857020 0.636379
vt 0.859782 0.642208
vt 0.859291 0.641300
vt 0.857507 0.637508
vt 0.856318 0.612222
vt 0.860342 0.604941
vt 0.860349 0.604847
vt 0.856126 0.612132
vt 0.859702 0.605408
vt 0.855119 0.612368
vt 0.854446 0.618183
vt 0.853506 0.617786
vt 0.853661 0.626990
vt 0.855839 0.634149
vt 0.868063 0.596390
vt 0.868483 0.595585
vt 0.866348 0.597927
vt 0.858287 0.606260
vt 0.852380 0.622259
vt 0.855033 0.632988
vt 0.876051 0.589864
vt 0.862863 0.600069
vt 0.855930 0.607418
vt 0.852833 0.613050
vt 0.850734 0.617862
vt 0.852658 0.626777
vt 0.878951 0.582283
vt 0.867015 0.594034
vt 0.857371 0.602413
vt 0.852604 0.608681
vt 0.850699 0.613612
vt 0.850702 0.622012
vt 0.859453 0.577045
vt 0.859871 0.588502
vt 0.854646 0.597561
vt 0.850537 0.604524
vt 0.844196 0.606433
vt 0.843917 0.600623
vt 0.842786 0.593460
vt 0.838713 0.585645
vt 0.831416 0.579260
vt 0.823391 0.577070
vt 0.816623 0.577399
vt 0.829724 0.593944
vt 0.824466 0.590056
vt 0.819376 0.587813
vt 0.819186 0.596692
vt 0.826978 0.609446
vt 0.817498 0.609925
vt 0.806583 0.603683
vt 0.806797 0.610976
vt 0.805944 0.617298
vt 0.798235 0.613925
vt 0.806504 0.623765
vt 0.801458 0.621753
vt 0.803492 0.629078
vt 0.794439 0.631655
vt 0.806644 0.635776
vt 0.803807 0.644177
vt 0.805647 0.651909
vt 0.799011 0.659291
vt 0.796074 0.654222
vt 0.792934 0.653700
vt 0.802444 0.659908
vt 0.795967 0.658819
vt 0.792297 0.658280
vt 0.781628 0.665508
vt 0.794212 0.663407
vt 0.784254 0.669615
vt 0.757061 0.677389
vt 0.760260 0.679100
vt 0.753761 0.677386
vt 0.756676 0.684173
vt 0.763574 0.688728
vt 0.854515 0.618709
vt 0.856124 0.612503
vt 0.793309 0.559417
vt 0.792447 0.559932
vt 0.790749 0.558057
vt 0.801069 0.558146
vt 0.788246 0.556862
vt 0.786248 0.554234
vt 0.783032 0.550426
vt 0.783276 0.550108
vt 0.776942 0.540275
vt 0.776695 0.540539
vt 0.772523 0.534629
vt 0.772486 0.534171
vt 0.776194 0.541897
vt 0.772101 0.536004
vt 0.779632 0.547227
vt 0.779394 0.549630
vt 0.788361 0.559850
vt 0.792243 0.563302
vt 0.794692 0.563116
vt 0.771147 0.538524
vt 0.765450 0.533522
vt 0.775257 0.544194
vt 0.782620 0.553961
vt 0.764374 0.537744
vt 0.757081 0.534375
vt 0.769817 0.542567
vt 0.774144 0.547764
vt 0.773439 0.553139
vt 0.768688 0.548663
vt 0.763219 0.544236
vt 0.756569 0.540743
vt 0.748841 0.538918
vt 0.748348 0.532976
vt 0.741814 0.542962
vt 0.739885 0.533178
vt 0.728037 0.540395
vt 0.726210 0.534522
vt 0.762916 0.553506
vt 0.756534 0.550303
vt 0.749602 0.548223
vt 0.735986 0.547916
vt 0.763857 0.565107
vt 0.753472 0.561697
vt 0.744769 0.560442
vt 0.738429 0.560909
vt 0.732421 0.562642
vt 0.729758 0.549376
vt 0.726810 0.565664
vt 0.723890 0.552139
vt 0.721650 0.569968
vt 0.718539 0.556542
vt 0.717076 0.575381
vt 0.713782 0.562569
vt 0.741336 0.576497
vt 0.735088 0.578381
vt 0.747378 0.575769
vt 0.756091 0.576215
vt 0.770194 0.579111
vt 0.761450 0.589328
vt 0.754804 0.589227
vt 0.749227 0.589615
vt 0.742866 0.590743
vt 0.733156 0.594093
vt 0.722339 0.586942
vt 0.722104 0.601480
vt 0.750251 0.600414
vt 0.743743 0.601749
vt 0.737297 0.609916
vt 0.720054 0.612913
vt 0.745288 0.609767
vt 0.732636 0.613650
vt 0.722322 0.619175
vt 0.714516 0.618286
vt 0.758496 0.614709
vt 0.740032 0.619081
vt 0.735354 0.619028
vt 0.756531 0.622638
vt 0.739617 0.632998
vt 0.730671 0.634732
vt 0.744307 0.638704
vt 0.741613 0.644699
vt 0.733533 0.645121
vt 0.726433 0.648658
vt 0.723891 0.637002
vt 0.746147 0.655518
vt 0.736624 0.651006
vt 0.742876 0.655165
vt 0.728825 0.656159
vt 0.738240 0.659789
vt 0.731037 0.662988
vt 0.717932 0.666608
vt 0.717714 0.659956
vt 0.723852 0.670109
vt 0.714035 0.670434
vt 0.707267 0.679235
vt 0.710068 0.667811
vt 0.714236 0.684859
vt 0.704272 0.683989
vt 0.697374 0.689040
vt 0.695636 0.681186
vt 0.711301 0.690675
vt 0.705577 0.689473
vt 0.697559 0.697390
vt 0.712783 0.698868
vt 0.703400 0.702363
vt 0.723473 0.701055
vt 0.742966 0.704164
vt 0.746905 0.705068
vt 0.755688 0.705691
vt 0.772717 0.707367
vt 0.776120 0.707060
vt 0.759923 0.710610
vt 0.779047 0.712041
vt 0.783512 0.715260
vt 0.752564 0.713549
vt 0.750915 0.708992
vt 0.774954 0.711844
vt 0.760499 0.714736
vt 0.771806 0.716186
vt 0.785889 0.718225
vt 0.776518 0.719639
vt 0.780105 0.722663
vt 0.789980 0.721535
vt 0.773969 0.724429
vt 0.770589 0.721448
vt 0.796171 0.723043
vt 0.776541 0.728040
vt 0.781004 0.728310
vt 0.786921 0.729208
vt 0.795418 0.729424
vt 0.800078 0.727703
vt 0.777616 0.734386
vt 0.782477 0.733107
vt 0.786450 0.738563
vt 0.795703 0.734640
vt 0.794302 0.741496
vt 0.789301 0.745953
vt 0.799639 0.741246
vt 0.802712 0.738362
vt 0.778199 0.754968
vt 0.775724 0.750268
vt 0.770012 0.756256
vt 0.769935 0.762212
vt 0.765922 0.760016
vt 0.765788 0.770026
vt 0.762678 0.766656
vt 0.779236 0.739594
vt 0.772223 0.747219
vt 0.769085 0.751355
vt 0.766005 0.752517
vt 0.758125 0.757658
vt 0.769109 0.744354
vt 0.758527 0.751113
vt 0.741077 0.766671
vt 0.750542 0.752028
vt 0.753587 0.753368
vt 0.772353 0.737841
vt 0.769015 0.737974
vt 0.757984 0.742592
vt 0.759074 0.735122
vt 0.768796 0.734199
vt 0.751228 0.732670
vt 0.752410 0.738548
vt 0.762102 0.731578
vt 0.755136 0.728903
vt 0.746727 0.729534
vt 0.752220 0.721515
vt 0.745486 0.726659
vt 0.742594 0.723598
vt 0.756607 0.719044
vt 0.763072 0.719243
vt 0.730875 0.715342
vt 0.729308 0.718803
vt 0.734095 0.718324
vt 0.741039 0.713523
vt 0.739197 0.720538
vt 0.734839 0.721185
vt 0.735382 0.724275
vt 0.738845 0.724507
vt 0.741898 0.726749
vt 0.742676 0.733713
vt 0.741674 0.742367
vt 0.746186 0.739622
vt 0.752369 0.743981
vt 0.746622 0.745444
vt 0.747445 0.753249
vt 0.741821 0.751090
vt 0.737927 0.764209
vt 0.733021 0.764968
vt 0.679410 0.613403
vt 0.677858 0.615829
vt 0.880117 0.770132
vt 0.109045 0.373487
vt 0.094792 0.356667
vt 0.093220 0.352660
vt 0.111653 0.376640
vt 0.093588 0.350782
vt 0.091573 0.336149
vt 0.091960 0.333796
vt 0.109455 0.372058
vt 0.129973 0.387474
vt 0.130530 0.388507
vt 0.133069 0.390279
vt 0.093062 0.332972
vt 0.101691 0.321016
vt 0.102532 0.319691
vt 0.095249 0.350578
vt 0.111973 0.372055
vt 0.142369 0.398533
vt 0.142179 0.398595
vt 0.104047 0.319595
vt 0.123008 0.307488
vt 0.124297 0.307400
vt 0.095026 0.333412
vt 0.098256 0.351784
vt 0.115998 0.372888
vt 0.132442 0.387534
vt 0.149304 0.408077
vt 0.148630 0.407515
vt 0.151979 0.436364
vt 0.153046 0.422411
vt 0.153296 0.423369
vt 0.152105 0.415883
vt 0.144450 0.399164
vt 0.135276 0.388165
vt 0.121019 0.374131
vt 0.103180 0.354353
vt 0.127057 0.375827
vt 0.139008 0.389127
vt 0.147992 0.400322
vt 0.152548 0.409671
vt 0.154040 0.424351
vt 0.152822 0.434189
vt 0.150317 0.442820
vt 0.157773 0.419842
vt 0.153405 0.434629
vt 0.157328 0.427126
vt 0.155271 0.433110
vt 0.150960 0.444696
vt 0.146096 0.453666
vt 0.139457 0.462350
vt 0.152631 0.442687
vt 0.147802 0.453736
vt 0.154490 0.442056
vt 0.149824 0.454230
vt 0.158989 0.436600
vt 0.156931 0.443060
vt 0.153675 0.451785
vt 0.163237 0.423647
vt 0.160162 0.413496
vt 0.164339 0.433167
vt 0.163590 0.415673
vt 0.160939 0.405837
vt 0.162454 0.449265
vt 0.165154 0.404069
vt 0.160560 0.397212
vt 0.167308 0.418598
vt 0.167268 0.427234
vt 0.167424 0.445294
vt 0.159653 0.384235
vt 0.170444 0.412662
vt 0.163539 0.454349
vt 0.169475 0.438714
vt 0.173098 0.433948
vt 0.171176 0.422255
vt 0.169449 0.401678
vt 0.174816 0.417074
vt 0.174984 0.403544
vt 0.173028 0.392921
vt 0.168883 0.379257
vt 0.167174 0.457219
vt 0.170046 0.448308
vt 0.172474 0.442447
vt 0.177913 0.430805
vt 0.178325 0.407384
vt 0.181547 0.410464
vt 0.179060 0.391150
vt 0.173287 0.367478
vt 0.169171 0.467001
vt 0.172772 0.451516
vt 0.174465 0.445047
vt 0.177704 0.440265
vt 0.183389 0.428146
vt 0.184685 0.414622
vt 0.184733 0.399954
vt 0.185689 0.390860
vt 0.182710 0.376914
vt 0.179909 0.362530
vt 0.171047 0.352713
vt 0.185922 0.357295
vt 0.173437 0.456368
vt 0.176556 0.447849
vt 0.186811 0.370723
vt 0.180593 0.441853
vt 0.172252 0.468882
vt 0.176693 0.457770
vt 0.179178 0.451377
vt 0.181563 0.446079
vt 0.188934 0.439094
vt 0.185928 0.443718
vt 0.192321 0.434448
vt 0.185298 0.449825
vt 0.183362 0.463953
vt 0.188056 0.461879
vt 0.184041 0.473278
vt 0.191718 0.444370
vt 0.191494 0.458558
vt 0.195760 0.442305
vt 0.192018 0.452946
vt 0.202532 0.456790
vt 0.197073 0.467018
vt 0.191581 0.478457
vt 0.200330 0.470215
vt 0.205104 0.461522
vt 0.197573 0.486459
vt 0.207050 0.466917
vt 0.210564 0.468546
vt 0.224234 0.455172
vt 0.230362 0.460428
vt 0.216896 0.450250
vt 0.224636 0.426868
vt 0.216648 0.440515
vt 0.213689 0.445877
vt 0.207062 0.454597
vt 0.217156 0.433036
vt 0.208462 0.444844
vt 0.222302 0.412341
vt 0.212240 0.432064
vt 0.219357 0.417737
vt 0.201507 0.444256
vt 0.206649 0.439753
vt 0.215488 0.424089
vt 0.206630 0.432334
vt 0.208737 0.423038
vt 0.214321 0.415756
vt 0.218133 0.397135
vt 0.213342 0.397488
vt 0.202536 0.428231
vt 0.207534 0.417627
vt 0.210166 0.402880
vt 0.207186 0.411992
vt 0.201338 0.419852
vt 0.195117 0.417835
vt 0.202553 0.409892
vt 0.204220 0.400835
vt 0.198247 0.412444
vt 0.202875 0.384295
vt 0.203787 0.373169
vt 0.198553 0.400741
vt 0.195448 0.406472
vt 0.198141 0.387505
vt 0.210918 0.350211
vt 0.190327 0.408478
vt 0.191811 0.399840
vt 0.193123 0.390644
vt 0.197286 0.373927
vt 0.199020 0.364560
vt 0.200672 0.352404
vt 0.192099 0.377623
vt 0.192742 0.367068
vt 0.192864 0.353594
vt 0.209465 0.345469
vt 0.197863 0.344102
vt 0.187331 0.342135
vt 0.174709 0.339970
vt 0.160586 0.340387
vt 0.149015 0.347666
vt 0.145604 0.359741
vt 0.222813 0.341554
vt 0.209787 0.341336
vt 0.197051 0.338594
vt 0.185006 0.334376
vt 0.169485 0.328425
vt 0.149223 0.325725
vt 0.230344 0.336437
vt 0.223143 0.338627
vt 0.214563 0.338624
vt 0.207204 0.337218
vt 0.197291 0.334009
vt 0.183945 0.327612
vt 0.238829 0.326077
vt 0.235163 0.329639
vt 0.231841 0.332355
vt 0.228675 0.334191
vt 0.225417 0.335208
vt 0.221620 0.335568
vt 0.216567 0.335140
vt 0.209285 0.333614
vt 0.243270 0.317914
vt 0.227493 0.331962
vt 0.233011 0.328380
vt 0.237143 0.322988
vt 0.242154 0.316759
vt 0.248775 0.304810
vt 0.240508 0.317776
vt 0.232512 0.327628
vt 0.247630 0.303726
vt 0.239948 0.317351
vt 0.236456 0.322569
vt 0.231883 0.327659
vt 0.227279 0.331209
vt 0.227229 0.331021
vt 0.223376 0.331766
vt 0.223733 0.331564
vt 0.285400 0.281509
vt 0.271476 0.283886
vt 0.259903 0.288575
vt 0.252157 0.295642
vt 0.246916 0.304122
vt 0.239622 0.317673
vt 0.236158 0.322935
vt 0.232919 0.326818
vt 0.151976 0.414997
vt 0.153356 0.421303
vt 0.658530 0.624931
vt 0.663719 0.624469
vt 0.703369 0.536354
vt 0.703811 0.536914
vt 0.699349 0.544038
vt 0.698860 0.543369
vt 0.695694 0.552158
vt 0.695172 0.551369
vt 0.692833 0.560982
vt 0.692288 0.560076
vt 0.691369 0.570471
vt 0.690133 0.568960
vt 0.688592 0.578185
vt 0.690116 0.568678
vt 0.689679 0.584311
vt 0.697233 0.554684
vt 0.700421 0.545652
vt 0.704832 0.538433
vt 0.709305 0.531208
vt 0.689015 0.600742
vt 0.691518 0.585962
vt 0.693524 0.574925
vt 0.695645 0.565930
vt 0.702066 0.548493
vt 0.690608 0.604815
vt 0.693435 0.591031
vt 0.697660 0.571350
vt 0.700632 0.561575
vt 0.693920 0.604035
vt 0.691793 0.613584
vt 0.696975 0.591394
vt 0.702859 0.587749
vt 0.696719 0.607296
vt 0.697352 0.618549
vt 0.700424 0.613264
vt 0.702693 0.620317
vt 0.701573 0.607018
vt 0.706206 0.614186
vt 0.698788 0.626733
vt 0.702449 0.634089
vt 0.706795 0.636603
vt 0.702437 0.643224
vt 0.694839 0.650774
vt 0.705704 0.648241
vt 0.699210 0.653723
vt 0.708978 0.652875
vt 0.704309 0.657168
vt 0.705887 0.662240
vt 0.700199 0.663025
vt 0.699026 0.674237
vt 0.691267 0.675977
vt 0.685805 0.682127
vt 0.678218 0.687176
vt 0.675145 0.689238
vt 0.677571 0.696832
vt 0.682090 0.701316
vt 0.676205 0.706057
vt 0.663264 0.703353
vt 0.687471 0.704724
vt 0.686831 0.710289
vt 0.694831 0.707829
vt 0.704837 0.705734
vt 0.709903 0.708335
vt 0.766338 0.529478
vt 0.747246 0.525909
vt 0.732008 0.526506
vt 0.730114 0.526106
vt 0.723305 0.526250
vt 0.722959 0.525756
vt 0.715969 0.527547
vt 0.715562 0.527067
vt 0.708888 0.530711
vt 0.710274 0.532718
vt 0.716854 0.529073
vt 0.723974 0.527758
vt 0.736856 0.527574
vt 0.747499 0.527101
vt 0.757552 0.526716
vt 0.757556 0.528002
vt 0.766115 0.530966
vt 0.706435 0.541179
vt 0.711795 0.535486
vt 0.718188 0.531868
vt 0.724930 0.530460
vt 0.731482 0.530145
vt 0.738932 0.529651
vt 0.747880 0.529284
vt 0.757424 0.530367
vt 0.704196 0.553043
vt 0.708517 0.545592
vt 0.713749 0.539851
vt 0.719841 0.536205
vt 0.721700 0.542621
vt 0.715977 0.546508
vt 0.710965 0.552458
vt 0.706735 0.559996
vt 0.703250 0.568426
vt 0.700531 0.577046
vt 0.709714 0.569776
vt 0.706359 0.577487
vt 0.713170 0.581472
vt 0.709902 0.587718
vt 0.706349 0.595724
vt 0.708343 0.611202
vt 0.715341 0.595223
vt 0.713179 0.610168
vt 0.706824 0.621027
vt 0.711324 0.622318
vt 0.719989 0.629274
vt 0.710730 0.641402
vt 0.713445 0.647491
vt 0.712708 0.661537
vt 0.709197 0.661758
vt 0.690850 0.687480
vt 0.682059 0.690948
vt 0.686260 0.691473
vt 0.683492 0.694009
vt 0.688471 0.694969
vt 0.692801 0.694626
vt 0.693253 0.697498
vt 0.695024 0.700364
vt 0.699456 0.700254
vt 0.707088 0.702723
vt 0.711989 0.705335
vt 0.731381 0.706566
vt 0.720170 0.710298
vt 0.736894 0.709490
vt 0.725327 0.712932
vt 0.720797 0.713307
vt 0.714899 0.707999
vt 0.708409 0.705544
vt 0.699974 0.703111
vt 0.978597 0.910330
vt 0.991018 0.920560
vt 0.990852 0.920170
vt 0.979716 0.910700
vt 0.959807 0.901254
vt 0.926888 0.879711
vt 0.933016 0.885515
vt 0.934750 0.886432
vt 0.945558 0.893773
vt 0.942826 0.892587
vt 0.956232 0.900275
vt 0.974794 0.909448
vt 0.989060 0.919263
vt 0.995695 0.929918
vt 0.994982 0.928872
vt 0.996217 0.939517
vt 0.996098 0.938518
vt 0.992765 0.946494
vt 0.994936 0.937012
vt 0.992875 0.927205
vt 0.985012 0.917837
vt 0.968040 0.908008
vt 0.951349 0.899192
vt 0.945063 0.897728
vt 0.959280 0.906057
vt 0.977312 0.915710
vt 0.988569 0.925063
vt 0.992281 0.934877
vt 0.990829 0.944555
vt 0.980558 0.957294
vt 0.938991 0.958583
vt 0.470259 0.826870
vt 0.485950 0.824059
vt 0.498390 0.820715
vt 0.516668 0.796797
vt 0.512060 0.784138
vt 0.455231 0.831418
vt 0.474999 0.819992
vt 0.489087 0.816412
vt 0.497890 0.810610
vt 0.500630 0.801562
vt 0.458354 0.823509
vt 0.465045 0.816555
vt 0.448319 0.829602
vt 0.214481 0.330292
vt 0.216504 0.330368
vt 0.203861 0.326462
vt 0.206058 0.326927
vt 0.185553 0.316087
vt 0.221725 0.332639
vt 0.200035 0.327879
vt 0.156249 0.302587
vt 0.155691 0.301703
vt 0.098131 0.335081
vt 0.106546 0.320716
vt 0.126969 0.308355
vt 0.158209 0.305174
vt 0.198326 0.330547
vt 0.183673 0.322476
vt 0.161490 0.310001
vt 0.131539 0.310707
vt 0.110516 0.323167
vt 0.103045 0.338275
vt 0.111047 0.358150
vt 0.165501 0.317885
vt 0.138872 0.315481
vt 0.117252 0.327430
vt 0.111953 0.343756
vt 0.122056 0.362557
vt 0.134507 0.378065
vt 0.143689 0.390479
vt 0.130870 0.335418
vt 0.127981 0.351412
vt 0.135057 0.367290
vt 0.143098 0.380862
vt 0.149164 0.392273
vt 0.156209 0.403489
vt 0.148177 0.372560
vt 0.151919 0.384249
vt 0.154978 0.394537
vt 0.872240 0.845956
vt 0.867237 0.840493
vt 0.873257 0.840486
vt 0.417300 0.870021
vt 0.417914 0.870540
vt 0.420597 0.869673
vt 0.413875 0.870505
vt 0.421293 0.869672
vt 0.425435 0.867894
vt 0.392729 0.669882
vt 0.393479 0.659880
vt 0.389062 0.655262
vt 0.397634 0.653726
vt 0.393877 0.654211
vt 0.395441 0.645047
vt 0.389919 0.649559
vt 0.398470 0.637848
vt 0.390385 0.642209
vt 0.384709 0.654572
vt 0.401804 0.628474
vt 0.459646 0.578000
vt 0.456249 0.587527
vt 0.462614 0.566969
vt 0.457572 0.579339
vt 0.461301 0.568403
vt 0.459291 0.570523
vt 0.471509 0.545265
vt 0.467789 0.551378
vt 0.463330 0.559112
vt 0.469756 0.545767
vt 0.464565 0.547696
vt 0.460796 0.559122
vt 0.480989 0.527205
vt 0.476594 0.536752
vt 0.479431 0.527326
vt 0.472303 0.539859
vt 0.484410 0.519851
vt 0.476163 0.531157
vt 0.487876 0.511862
vt 0.482855 0.519601
vt 0.466721 0.539931
vt 0.492080 0.503588
vt 0.486339 0.511735
vt 0.477591 0.521166
vt 0.470085 0.531142
vt 0.497893 0.484533
vt 0.495597 0.495082
vt 0.494161 0.494099
vt 0.488693 0.503444
vt 0.475074 0.517256
vt 0.466045 0.534272
vt 0.501357 0.464356
vt 0.500270 0.474958
vt 0.498851 0.474449
vt 0.495290 0.484771
vt 0.490617 0.490962
vt 0.468189 0.524258
vt 0.498357 0.485413
vt 0.501464 0.465129
vt 0.484855 0.496693
vt 0.464809 0.527067
vt 0.460471 0.529829
vt 0.462465 0.520806
vt 0.455148 0.533682
vt 0.456782 0.522823
vt 0.449975 0.535247
vt 0.458114 0.514069
vt 0.270599 0.559291
vt 0.225010 0.571918
vt 0.232687 0.562931
vt 0.212975 0.569561
vt 0.218665 0.560324
vt 0.193346 0.570848
vt 0.197160 0.566669
vt 0.187969 0.573355
vt 0.189624 0.538701
vt 0.202184 0.505480
vt 0.345645 0.546514
vt 0.360302 0.543059
vt 0.353864 0.555281
vt 0.374591 0.547281
vt 0.369184 0.555661
vt 0.361001 0.564387
vt 0.355319 0.577721
vt 0.375119 0.567696
vt 0.367869 0.581262
vt 0.379082 0.575059
vt 0.363141 0.597596
vt 0.356401 0.611582
vt 0.368976 0.606536
vt 0.379462 0.594883
vt 0.362214 0.622236
vt 0.379150 0.603311
vt 0.373957 0.610942
vt 0.371770 0.625566
vt 0.367351 0.635201
vt 0.380970 0.612530
vt 0.384064 0.616380
vt 0.378870 0.627483
vt 0.369242 0.641957
vt 0.375839 0.635453
vt 0.366666 0.648059
vt 0.371179 0.648775
vt 0.380027 0.638433
vt 0.375490 0.647223
vt 0.362743 0.666386
vt 0.375858 0.655541
vt 0.371495 0.662114
vt 0.368712 0.676004
vt 0.371995 0.671890
vt 0.381300 0.667688
vt 0.809606 0.810543
vt 0.792587 0.806945
vt 0.797339 0.807053
vt 0.804398 0.807787
vt 0.810133 0.801237
vt 0.796936 0.801261
vt 0.803551 0.800887
vt 0.807866 0.795666
vt 0.797800 0.795592
vt 0.803478 0.793875
vt 0.800334 0.791512
vt 0.805394 0.787248
vt 0.808272 0.787782
vt 0.825154 0.854391
vt 0.817235 0.862162
vt 0.808897 0.876575
vt 0.790112 0.898335
vt 0.823098 0.860168
vt 0.819601 0.877053
vt 0.814389 0.878124
vt 0.803423 0.888960
vt 0.796636 0.898901
vt 0.823191 0.868866
vt 0.809406 0.887924
vt 0.788420 0.908542
vt 0.828979 0.863047
vt 0.815969 0.883917
vt 0.803272 0.898356
vt 0.796139 0.905117
vt 0.803244 0.903875
vt 0.795588 0.910424
vt 0.786567 0.916343
vt 0.810151 0.902434
vt 0.803166 0.909298
vt 0.794106 0.919108
vt 0.784887 0.921193
vt 0.810518 0.907962
vt 0.816454 0.897956
vt 0.824597 0.875630
vt 0.821505 0.889098
vt 0.839907 0.868805
vt 0.838392 0.875339
vt 0.846130 0.859698
vt 0.846014 0.871220
vt 0.850862 0.862124
vt 0.815533 0.889645
vt 0.809792 0.896858
vt 0.111051 0.499623
vt 0.778089 0.831754
vt 0.778353 0.825093
vt 0.774125 0.832143
vt 0.767943 0.848907
vt 0.766916 0.839811
vt 0.772493 0.848491
vt 0.772259 0.855035
vt 0.770073 0.861462
vt 0.767615 0.832052
vt 0.773086 0.827731
vt 0.763740 0.827806
vt 0.771272 0.820340
vt 0.766380 0.823719
vt 0.757638 0.827618
vt 0.767975 0.813539
vt 0.759647 0.823599
vt 0.761106 0.814403
vt 0.752477 0.823283
vt 0.774007 0.798696
vt 0.770732 0.795298
vt 0.762927 0.805674
vt 0.773125 0.790417
vt 0.765322 0.794648
vt 0.755364 0.806565
vt 0.775743 0.783193
vt 0.759577 0.796550
vt 0.765716 0.790250
vt 0.770635 0.781961
vt 0.764441 0.787544
vt 0.758706 0.792648
vt 0.775220 0.764838
vt 0.769483 0.776767
vt 0.762492 0.776620
vt 0.457638 0.689682
vt 0.777794 0.836324
vt 0.778842 0.849817
vt 0.774800 0.861361
vt 0.782029 0.831501
vt 0.781852 0.835851
vt 0.781593 0.840615
vt 0.263086 0.441059
vt 0.256171 0.456393
vt 0.269727 0.461989
vt 0.278510 0.461503
vt 0.305153 0.444040
vt 0.312497 0.451934
vt 0.325028 0.447362
vt 0.327417 0.437415
vt 0.336842 0.440347
vt 0.337400 0.451486
vt 0.353071 0.456195
vt 0.359816 0.444508
vt 0.369180 0.455076
vt 0.373480 0.460474
vt 0.375299 0.467191
vt 0.383808 0.451666
vt 0.392641 0.457088
vt 0.383657 0.496241
vt 0.381865 0.511410
vt 0.380354 0.532911
vt 0.386748 0.521015
vt 0.396596 0.500176
vt 0.396239 0.488624
vt 0.406024 0.476181
vt 0.397279 0.464460
vt 0.410778 0.459367
vt 0.399523 0.471312
vt 0.412804 0.468812
vt 0.402894 0.448763
vt 0.389599 0.447576
vt 0.397442 0.445446
vt 0.402324 0.439494
vt 0.371632 0.444274
vt 0.393000 0.438864
vt 0.365119 0.436255
vt 0.371365 0.428610
vt 0.334122 0.430009
vt 0.865757 0.689929
vt 0.862966 0.693842
vt 0.867292 0.674573
vt 0.866002 0.681122
vt 0.860015 0.698460
vt 0.858745 0.692703
vt 0.862225 0.671927
vt 0.858811 0.671896
vt 0.860852 0.668499
vt 0.858683 0.660429
vt 0.856893 0.665572
vt 0.854451 0.659092
vt 0.852535 0.662912
vt 0.852265 0.651544
vt 0.851549 0.656723
vt 0.845806 0.646446
vt 0.844152 0.651794
vt 0.796421 0.749148
vt 0.020899 0.810042
vt 0.045656 0.795802
vt 0.065079 0.783732
vt 0.684042 0.827940
vt 0.399153 0.399041
vt 0.379906 0.389984
vt 0.371926 0.384579
vt 0.374405 0.383085
vt 0.366427 0.375573
vt 0.671143 0.758837
vt 0.671481 0.752079
vt 0.670192 0.765375
vt 0.669115 0.752838
vt 0.665861 0.748273
vt 0.668076 0.760121
vt 0.667812 0.763857
vt 0.668516 0.767540
vt 0.665764 0.754300
vt 0.663667 0.766204
vt 0.666226 0.759907
vt 0.676776 0.838427
vt 0.674713 0.842017
vt 0.680955 0.840450
vt 0.674144 0.847205
vt 0.669543 0.845376
vt 0.663381 0.843241
vt 0.677755 0.848270
vt 0.671557 0.851350
vt 0.665642 0.849597
vt 0.659676 0.846411
vt 0.674554 0.854552
vt 0.665074 0.854065
vt 0.657170 0.848657
vt 0.659437 0.857114
vt 0.654990 0.855376
vt 0.643277 0.668425
vt 0.632915 0.665316
vt 0.631733 0.659574
vt 0.397682 0.406379
vt 0.415437 0.401058
vt 0.426352 0.399322
vt 0.433383 0.396488
vt 0.405261 0.406542
vt 0.414344 0.403052
vt 0.435883 0.397440
vt 0.411874 0.405621
vt 0.425919 0.402236
vt 0.450347 0.394648
vt 0.605331 0.689397
vt 0.607531 0.696969
vt 0.610268 0.704189
vt 0.619941 0.722927
vt 0.628626 0.737626
vt 0.623142 0.728315
vt 0.429706 0.397356
vt 0.386296 0.590185
vt 0.387827 0.599070
vt 0.392071 0.594692
vt 0.392404 0.601498
vt 0.401264 0.598893
vt 0.385337 0.625880
vt 0.398218 0.627035
vt 0.472139 0.546959
vt 0.481491 0.527806
vt 0.478171 0.534522
vt 0.485131 0.520363
vt 0.492289 0.504259
vt 0.419529 0.463094
s 1
usemtl Material.001
f 1489/1/1 1498/2/2 1/3/3
f 1487/4/4 2/5/5 390/6/6
f 1487/4/4 1/7/3 2/5/5
f 1489/1/1 1/7/3 1487/4/4
f 389/8/7 4/9/8 3/10/9
f 1/7/3 5/11/10 2/5/5
f 2/5/5 6/12/11 4/9/8
f 2/5/5 7/13/12 6/12/11
f 5/11/10 7/13/12 2/5/5
f 3/10/9 11/14/13 10/15/14
f 4/9/8 11/14/13 3/10/9
f 6/12/11 11/14/13 4/9/8
f 5/11/10 12/16/15 7/13/12
f 6/12/11 13/17/16 11/14/13
f 6/12/11 14/18/17 13/17/16
f 7/13/12 14/18/17 6/12/11
f 7/13/12 3701/19/18 14/18/17
f 3701/19/18 15/20/19 14/18/17
f 3701/19/18 16/21/20 15/20/19
f 19/22/21 17/23/22 23/24/23
f 18/25/24 17/23/22 19/22/21
f 18/25/24 20/26/25 17/23/22
f 13/17/16 20/26/25 18/25/24
f 23/24/23 22/27/26 21/28/27
f 23/24/23 24/29/28 22/27/26
f 17/23/22 24/29/28 23/24/23
f 17/23/22 28/30/29 24/29/28
f 17/23/22 20/26/25 28/30/29
f 13/17/16 25/31/30 20/26/25
f 26/32/31 27/33/32 15/20/19
f 15/20/19 27/33/32 25/31/30
f 25/31/30 28/30/29 20/26/25
f 24/29/28 30/34/33 29/35/34
f 28/30/29 30/34/33 24/29/28
f 28/30/29 31/36/35 30/34/33
f 25/31/30 31/36/35 28/30/29
f 25/31/30 32/37/36 31/36/35
f 27/33/32 32/37/36 25/31/30
f 31/36/35 34/38/37 30/34/33
f 29/35/34 36/39/38 35/40/39
f 29/35/34 37/41/40 36/39/38
f 30/34/33 37/41/40 29/35/34
f 31/36/35 41/42/41 34/38/37
f 32/37/36 41/42/41 31/36/35
f 33/43/42 38/44/43 32/37/36
f 34/38/37 40/45/44 30/34/33
f 37/41/40 42/46/45 36/39/38
f 41/42/41 40/45/44 34/38/37
f 30/34/33 43/47/46 37/41/40
f 40/45/44 43/47/46 30/34/33
f 38/44/43 40/45/44 41/42/41
f 38/44/43 44/48/47 40/45/44
f 43/47/46 45/49/48 37/41/40
f 40/45/44 44/48/47 43/47/46
f 44/48/47 46/50/49 43/47/46
f 44/48/47 47/51/50 46/50/49
f 47/51/50 48/52/51 46/50/49
f 43/47/46 46/50/49 49/53/52
f 46/50/49 50/54/53 49/53/52
f 46/50/49 53/55/54 50/54/53
f 46/50/49 51/56/55 53/55/54
f 42/46/45 52/57/56 75/58/57
f 42/46/45 71/59/58 52/57/56
f 43/47/46 49/53/52 45/49/48
f 49/53/52 71/59/58 45/49/48
f 49/53/52 55/60/59 71/59/58
f 49/53/52 50/54/53 55/60/59
f 50/54/53 57/61/60 55/60/59
f 50/54/53 53/55/54 57/61/60
f 53/55/54 58/62/61 57/61/60
f 70/63/62 54/64/63 74/65/64
f 71/59/58 55/60/59 52/57/56
f 52/57/56 56/66/65 70/63/62
f 55/60/59 56/66/65 52/57/56
f 55/60/59 57/61/60 56/66/65
f 54/64/63 59/67/66 69/68/67
f 70/63/62 59/67/66 54/64/63
f 56/66/65 59/67/66 70/63/62
f 56/66/65 57/61/60 60/69/68
f 57/61/60 58/62/61 60/69/68
f 56/66/65 60/69/68 59/67/66
f 60/69/68 63/70/69 64/71/70
f 59/67/66 60/69/68 64/71/70
f 59/67/66 64/71/70 65/72/71
f 59/67/66 65/72/71 69/68/67
f 67/73/72 66/74/73 4248/75/74
f 69/68/67 65/72/71 68/76/75
f 68/76/75 67/73/72 4240/77/76
f 4239/78/77 68/76/75 4240/77/76
f 69/68/67 68/76/75 4239/78/77
f 54/64/63 69/68/67 74/65/64
f 70/63/62 74/65/64 72/79/78
f 75/58/57 52/57/56 70/63/62
f 74/65/64 69/68/67 73/80/79
f 72/79/78 74/65/64 76/81/80
f 75/58/57 70/63/62 72/79/78
f 37/41/40 71/59/58 42/46/45
f 37/41/40 45/49/48 71/59/58
f 77/82/81 74/65/64 73/80/79
f 39/83/82 72/79/78 76/81/80
f 39/83/82 75/58/57 72/79/78
f 79/84/83 74/65/64 77/82/81
f 79/84/83 76/81/80 74/65/64
f 36/39/38 75/58/57 39/83/82
f 36/39/38 42/46/45 75/58/57
f 77/82/81 73/80/79 99/85/84
f 78/86/85 76/81/80 79/84/83
f 80/87/86 39/83/82 76/81/80
f 80/87/86 76/81/80 78/86/85
f 35/40/39 39/83/82 80/87/86
f 35/40/39 36/39/38 39/83/82
f 83/88/87 79/84/83 82/89/88
f 83/88/87 78/86/85 79/84/83
f 80/87/86 78/86/85 21/28/27
f 22/27/26 35/40/39 80/87/86
f 24/29/28 35/40/39 22/27/26
f 24/29/28 29/35/34 35/40/39
f 22/27/26 80/87/86 21/28/27
f 21/28/27 78/86/85 83/88/87
f 92/90/89 82/89/88 81/91/90
f 83/88/87 82/89/88 92/90/89
f 93/92/91 83/88/87 92/90/89
f 93/92/91 21/28/27 83/88/87
f 84/93/92 21/28/27 93/92/91
f 19/22/21 21/28/27 84/93/92
f 19/22/21 23/24/23 21/28/27
f 85/94/93 19/22/21 84/93/92
f 86/95/94 19/22/21 85/94/93
f 86/95/94 18/25/24 19/22/21
f 87/96/95 85/94/93 84/93/92
f 8/97/96 85/94/93 87/96/95
f 8/97/96 86/95/94 85/94/93
f 9/98/97 86/95/94 8/97/96
f 10/15/14 86/95/94 9/98/97
f 10/15/14 18/25/24 86/95/94
f 11/14/13 18/25/24 10/15/14
f 11/14/13 13/17/16 18/25/24
f 394/99/98 89/100/99 88/101/100
f 392/102/101 87/96/95 90/103/102
f 8/97/96 87/96/95 392/102/101
f 88/101/100 91/104/103 127/105/104
f 89/100/99 92/90/89 88/101/100
f 90/103/102 92/90/89 89/100/99
f 90/103/102 93/92/91 92/90/89
f 90/103/102 84/93/92 93/92/91
f 87/96/95 84/93/92 90/103/102
f 127/105/104 94/106/105 124/107/106
f 127/105/104 91/104/103 94/106/105
f 88/101/100 81/91/90 91/104/103
f 92/90/89 81/91/90 88/101/100
f 122/108/107 97/109/108 121/110/109
f 91/104/103 81/91/90 95/111/110
f 91/104/103 95/111/110 94/106/105
f 94/106/105 95/111/110 96/112/111
f 94/106/105 96/112/111 122/108/107
f 122/108/107 96/112/111 97/109/108
f 82/89/88 99/85/84 81/91/90
f 82/89/88 77/82/81 99/85/84
f 79/84/83 77/82/81 82/89/88
f 95/111/110 100/113/112 101/114/113
f 95/111/110 101/114/113 96/112/111
f 96/112/111 101/114/113 97/109/108
f 97/109/108 101/114/113 98/115/114
f 81/91/90 100/113/112 95/111/110
f 81/91/90 99/85/84 100/113/112
f 100/113/112 102/116/115 101/114/113
f 113/117/116 103/118/117 107/119/118
f 101/114/113 102/116/115 98/115/114
f 103/118/117 104/120/119 107/119/118
f 107/119/118 104/120/119 105/121/120
f 110/122/121 106/123/122 112/124/123
f 110/122/121 108/125/124 106/123/122
f 110/122/121 107/119/118 108/125/124
f 113/117/116 107/119/118 110/122/121
f 98/115/114 103/118/117 113/117/116
f 115/126/125 110/122/121 112/124/123
f 114/127/126 112/124/123 111/128/127
f 116/129/128 110/122/121 115/126/125
f 117/130/129 110/122/121 116/129/128
f 117/130/129 113/117/116 110/122/121
f 97/109/108 98/115/114 113/117/116
f 97/109/108 113/117/116 117/130/129
f 115/126/125 112/124/123 114/127/126
f 121/110/109 97/109/108 117/130/129
f 121/110/109 117/130/129 120/131/130
f 120/131/130 117/130/129 116/129/128
f 120/131/130 116/129/128 115/126/125
f 120/131/130 115/126/125 119/132/131
f 5127/133/132 119/132/131 118/134/133
f 123/135/134 121/110/109 120/131/130
f 4143/136/135 120/131/130 119/132/131
f 4143/136/135 123/135/134 120/131/130
f 122/108/107 121/110/109 123/135/134
f 124/107/106 122/108/107 126/137/136
f 124/107/106 94/106/105 122/108/107
f 123/135/134 4143/136/135 125/138/137
f 126/137/136 122/108/107 123/135/134
f 132/139/138 124/107/106 126/137/136
f 394/99/98 88/101/100 127/105/104
f 4139/140/139 128/141/140 125/138/137
f 129/142/141 124/107/106 132/139/138
f 127/105/104 124/107/106 129/142/141
f 131/143/142 126/137/136 128/141/140
f 132/139/138 126/137/136 131/143/142
f 130/144/143 127/105/104 129/142/141
f 396/145/144 395/146/145 130/144/143
f 135/147/146 131/143/142 4139/140/139
f 358/148/147 129/142/141 132/139/138
f 358/148/147 130/144/143 129/142/141
f 361/149/148 130/144/143 358/148/147
f 133/150/149 131/143/142 135/147/146
f 133/150/149 132/139/138 131/143/142
f 134/151/150 135/147/146 138/152/151
f 137/153/152 134/151/150 138/152/151
f 138/152/151 135/147/146 136/154/153
f 140/155/154 137/153/152 143/156/155
f 141/157/156 138/152/151 142/158/157
f 142/158/157 138/152/151 139/159/158
f 138/152/151 136/154/153 139/159/158
f 137/153/152 138/152/151 143/156/155
f 143/156/155 138/152/151 141/157/156
f 140/155/154 143/156/155 337/160/159
f 143/156/155 141/157/156 150/161/160
f 150/161/160 141/157/156 145/162/161
f 141/157/156 142/158/157 4134/163/162
f 4134/163/162 142/158/157 144/164/163
f 142/158/157 139/159/158 144/164/163
f 139/159/158 4135/165/164 144/164/163
f 145/162/161 141/157/156 4134/163/162
f 148/166/165 337/160/159 150/161/160
f 337/160/159 143/156/155 150/161/160
f 150/161/160 145/162/161 151/167/166
f 5285/168/167 146/169/168 147/170/169
f 148/166/165 150/161/160 155/171/170
f 149/172/171 148/166/165 152/173/172
f 152/173/172 148/166/165 155/171/170
f 157/174/173 149/172/171 152/173/172
f 155/171/170 150/161/160 153/175/174
f 150/161/160 151/167/166 153/175/174
f 153/175/174 151/167/166 156/176/175
f 155/171/170 153/175/174 161/177/176
f 156/176/175 154/178/177 158/179/178
f 158/179/178 154/178/177 4127/180/179
f 159/181/180 152/173/172 160/182/181
f 152/173/172 155/171/170 160/182/181
f 160/182/181 155/171/170 161/177/176
f 161/177/176 153/175/174 162/183/182
f 162/183/182 153/175/174 165/184/183
f 153/175/174 156/176/175 165/184/183
f 165/184/183 156/176/175 158/179/178
f 165/184/183 158/179/178 4123/185/184
f 163/186/185 159/181/180 164/187/186
f 159/181/180 160/182/181 164/187/186
f 164/187/186 160/182/181 161/177/176
f 165/184/183 4123/185/184 166/188/187
f 164/187/186 161/177/176 167/189/188
f 167/189/188 161/177/176 171/190/189
f 161/177/176 162/183/182 171/190/189
f 171/190/189 162/183/182 165/184/183
f 163/186/185 164/187/186 167/189/188
f 169/191/190 163/186/185 167/189/188
f 168/192/191 163/186/185 169/191/190
f 174/193/192 167/189/188 171/190/189
f 169/191/190 167/189/188 174/193/192
f 168/192/191 169/191/190 177/194/193
f 170/195/194 168/192/191 177/194/193
f 5300/196/195 170/195/194 175/197/196
f 5299/198/197 170/195/194 5300/196/195
f 177/194/193 169/191/190 179/199/198
f 179/199/198 169/191/190 174/193/192
f 173/200/199 172/201/200 176/202/201
f 172/201/200 4118/203/202 4115/204/203
f 178/205/204 171/190/189 173/200/199
f 174/193/192 171/190/189 178/205/204
f 173/200/199 176/202/201 181/206/205
f 182/207/206 173/200/199 181/206/205
f 178/205/204 173/200/199 182/207/206
f 185/208/207 174/193/192 178/205/204
f 179/199/198 174/193/192 185/208/207
f 188/209/208 177/194/193 179/199/198
f 175/197/196 177/194/193 188/209/208
f 5304/210/209 175/197/196 188/209/208
f 183/211/210 182/207/206 181/206/205
f 184/212/211 182/207/206 183/211/210
f 178/205/204 182/207/206 184/212/211
f 191/213/212 178/205/204 184/212/211
f 185/208/207 178/205/204 191/213/212
f 188/209/208 179/199/198 186/214/213
f 192/215/214 185/208/207 191/213/212
f 186/214/213 179/199/198 185/208/207
f 187/216/215 188/209/208 186/214/213
f 191/213/212 184/212/211 190/217/216
f 186/214/213 185/208/207 192/215/214
f 183/211/210 189/218/217 201/219/218
f 193/220/219 183/211/210 201/219/218
f 186/214/213 192/215/214 194/221/220
f 190/217/216 193/220/219 4100/222/221
f 197/223/222 190/217/216 4100/222/221
f 191/213/212 190/217/216 197/223/222
f 192/215/214 191/213/212 197/223/222
f 194/221/220 192/215/214 197/223/222
f 186/214/213 194/221/220 198/224/223
f 187/216/215 186/214/213 195/225/224
f 195/225/224 186/214/213 198/224/223
f 198/224/223 194/221/220 207/226/225
f 196/227/226 195/225/224 199/228/227
f 5309/229/228 196/227/226 199/228/227
f 5308/230/229 196/227/226 5309/229/228
f 200/231/230 201/219/218 208/232/231
f 4100/222/221 200/231/230 208/232/231
f 207/226/225 197/223/222 202/233/232
f 194/221/220 197/223/222 207/226/225
f 198/224/223 207/226/225 203/234/233
f 195/225/224 198/224/223 203/234/233
f 250/235/234 195/225/224 203/234/233
f 199/228/227 195/225/224 250/235/234
f 213/236/235 205/237/236 204/238/237
f 206/239/238 4100/222/221 208/232/231
f 202/233/232 4100/222/221 206/239/238
f 215/240/239 202/233/232 206/239/238
f 207/226/225 202/233/232 215/240/239
f 209/241/240 207/226/225 215/240/239
f 203/234/233 207/226/225 209/241/240
f 212/242/241 210/243/242 211/244/243
f 213/236/235 210/243/242 212/242/241
f 206/239/238 213/236/235 212/242/241
f 208/232/231 213/236/235 206/239/238
f 215/240/239 206/239/238 214/245/244
f 209/241/240 215/240/239 216/246/245
f 203/234/233 209/241/240 248/247/246
f 215/240/239 214/245/244 221/248/247
f 216/246/245 215/240/239 221/248/247
f 222/249/248 218/250/249 217/251/250
f 211/244/243 218/250/249 222/249/248
f 219/252/251 211/244/243 222/249/248
f 212/242/241 211/244/243 219/252/251
f 220/253/252 212/242/241 219/252/251
f 206/239/238 212/242/241 220/253/252
f 214/245/244 206/239/238 220/253/252
f 222/249/248 223/254/253 224/255/254
f 219/252/251 222/249/248 224/255/254
f 227/256/255 219/252/251 224/255/254
f 228/257/256 220/253/252 227/256/255
f 238/258/257 220/253/252 228/257/256
f 214/245/244 220/253/252 238/258/257
f 224/255/254 226/259/258 225/260/259
f 227/256/255 224/255/254 231/261/260
f 232/262/261 230/263/262 229/264/263
f 232/262/261 225/260/259 230/263/262
f 231/261/260 225/260/259 232/262/261
f 231/261/260 224/255/254 225/260/259
f 236/265/264 227/256/255 231/261/260
f 228/257/256 227/256/255 236/265/264
f 232/262/261 229/264/263 233/266/265
f 4324/267/266 233/266/265 234/268/267
f 236/265/264 231/261/260 237/269/268
f 237/269/268 231/261/260 235/270/269
f 235/270/269 231/261/260 232/262/261
f 235/270/269 232/262/261 233/266/265
f 235/270/269 233/266/265 4324/267/266
f 240/271/270 236/265/264 237/269/268
f 237/269/268 235/270/269 244/272/271
f 244/272/271 235/270/269 4321/273/272
f 238/258/257 228/257/256 239/274/273
f 239/274/273 228/257/256 236/265/264
f 239/274/273 236/265/264 240/271/270
f 240/271/270 237/269/268 243/275/274
f 243/275/274 237/269/268 244/272/271
f 221/248/247 214/245/244 238/258/257
f 221/248/247 238/258/257 241/276/275
f 241/276/275 238/258/257 239/274/273
f 241/276/275 239/274/273 242/277/276
f 242/277/276 239/274/273 240/271/270
f 242/277/276 240/271/270 243/275/274
f 216/246/245 221/248/247 245/278/277
f 245/278/277 221/248/247 241/276/275
f 245/278/277 241/276/275 246/279/278
f 246/279/278 241/276/275 242/277/276
f 246/279/278 242/277/276 243/275/274
f 246/279/278 243/275/274 4318/280/279
f 248/247/246 209/241/240 216/246/245
f 248/247/246 216/246/245 249/281/280
f 249/281/280 216/246/245 245/278/277
f 249/281/280 245/278/277 247/282/281
f 247/282/281 245/278/277 246/279/278
f 247/282/281 246/279/278 4309/283/282
f 250/235/234 203/234/233 248/247/246
f 252/284/283 249/281/280 247/282/281
f 252/284/283 247/282/281 253/285/284
f 253/285/284 247/282/281 4309/283/282
f 250/235/234 248/247/246 251/286/285
f 251/286/285 248/247/246 249/281/280
f 251/286/285 249/281/280 252/284/283
f 5309/229/228 199/228/227 254/287/286
f 254/287/286 199/228/227 250/235/234
f 254/287/286 250/235/234 259/288/287
f 259/288/287 250/235/234 251/286/285
f 259/288/287 251/286/285 260/289/288
f 260/289/288 251/286/285 256/290/289
f 256/290/289 251/286/285 252/284/283
f 260/289/288 256/290/289 255/291/290
f 255/291/290 256/290/289 258/292/291
f 258/292/291 256/290/289 257/293/292
f 5309/229/228 254/287/286 265/294/293
f 265/294/293 254/287/286 259/288/287
f 265/294/293 259/288/287 266/295/294
f 260/289/288 255/291/290 261/296/295
f 261/296/295 255/291/290 258/292/291
f 261/296/295 258/292/291 263/297/296
f 266/295/294 259/288/287 269/298/297
f 269/298/297 259/288/287 260/289/288
f 269/298/297 260/289/288 261/296/295
f 267/299/298 261/296/295 263/297/296
f 267/299/298 263/297/296 262/300/299
f 262/300/299 263/297/296 4302/301/300
f 264/302/301 265/294/293 268/303/302
f 268/303/302 265/294/293 266/295/294
f 269/298/297 261/296/295 270/304/303
f 270/304/303 261/296/295 267/299/298
f 5303/305/304 264/302/301 268/303/302
f 268/303/302 266/295/294 276/306/305
f 276/306/305 266/295/294 269/298/297
f 271/307/306 268/303/302 276/306/305
f 276/306/305 269/298/297 277/308/307
f 277/308/307 269/298/297 270/304/303
f 277/308/307 270/304/303 272/309/308
f 272/309/308 270/304/303 273/310/309
f 273/310/309 270/304/303 274/311/310
f 278/312/311 275/313/312 271/307/306
f 278/312/311 271/307/306 279/314/313
f 279/314/313 271/307/306 276/306/305
f 280/315/314 276/306/305 281/316/315
f 281/316/315 276/306/305 277/308/307
f 277/308/307 272/309/308 282/317/316
f 279/314/313 276/306/305 280/315/314
f 281/316/315 277/308/307 282/317/316
f 283/318/317 280/315/314 281/316/315
f 284/319/318 280/315/314 283/318/317
f 285/320/319 280/315/314 284/319/318
f 285/320/319 279/314/313 280/315/314
f 285/320/319 278/312/311 279/314/313
f 300/321/320 278/312/311 285/320/319
f 300/321/320 286/322/321 278/312/311
f 297/323/322 288/324/323 287/325/324
f 300/321/320 285/320/319 301/326/325
f 301/326/325 285/320/319 284/319/318
f 301/326/325 284/319/318 289/327/326
f 289/327/326 284/319/318 283/318/317
f 289/327/326 283/318/317 290/328/327
f 290/328/327 283/318/317 291/329/328
f 290/328/327 291/329/328 292/330/329
f 292/330/329 291/329/328 293/331/330
f 292/330/329 293/331/330 294/332/331
f 294/332/331 293/331/330 295/333/332
f 294/332/331 295/333/332 296/334/333
f 299/335/334 298/336/335 297/323/322
f 302/337/336 300/321/320 301/326/325
f 303/338/337 301/326/325 289/327/326
f 303/338/337 289/327/326 304/339/338
f 304/339/338 289/327/326 306/340/339
f 302/337/336 299/335/334 300/321/320
f 302/337/336 301/326/325 4277/341/340
f 4277/341/340 301/326/325 303/338/337
f 304/339/338 306/340/339 305/342/341
f 305/342/341 306/340/339 307/343/342
f 308/344/343 302/337/336 4277/341/340
f 309/345/344 302/337/336 308/344/343
f 309/345/344 310/346/345 302/337/336
f 302/337/336 310/346/345 299/335/334
f 310/346/345 298/336/335 299/335/334
f 311/347/346 309/345/344 308/344/343
f 313/348/347 309/345/344 311/347/346
f 313/348/347 311/347/346 312/349/348
f 310/346/345 314/350/349 298/336/335
f 298/336/335 314/350/349 5296/351/350
f 317/352/351 312/349/348 4251/353/352
f 317/352/351 313/348/347 312/349/348
f 313/348/347 315/354/353 309/345/344
f 315/354/353 316/355/354 309/345/344
f 309/345/344 316/355/354 310/346/345
f 314/350/349 321/356/355 5296/351/350
f 5296/351/350 321/356/355 5293/357/356
f 317/352/351 318/358/357 313/348/347
f 318/358/357 319/359/358 313/348/347
f 313/348/347 319/359/358 315/354/353
f 316/355/354 320/360/359 310/346/345
f 310/346/345 320/360/359 314/350/349
f 320/360/359 321/356/355 314/350/349
f 321/356/355 324/361/360 5293/357/356
f 319/359/358 322/362/361 315/354/353
f 315/354/353 322/362/361 316/355/354
f 322/362/361 323/363/362 316/355/354
f 316/355/354 323/363/362 320/360/359
f 1526/364/363 326/365/364 318/358/357
f 326/365/364 327/366/365 318/358/357
f 318/358/357 327/366/365 319/359/358
f 323/363/362 328/367/366 320/360/359
f 320/360/359 328/367/366 321/356/355
f 328/367/366 324/361/360 321/356/355
f 327/366/365 330/368/367 319/359/358
f 319/359/358 330/368/367 322/362/361
f 324/361/360 331/369/368 325/370/369
f 331/369/368 329/371/370 325/370/369
f 328/367/366 332/372/371 324/361/360
f 332/372/371 331/369/368 324/361/360
f 329/371/370 333/373/372 5284/374/373
f 333/373/372 334/375/374 5284/374/373
f 331/369/368 333/373/372 329/371/370
f 5283/376/375 336/377/376 5285/168/167
f 336/377/376 146/169/168 5285/168/167
f 335/378/377 336/377/376 5283/376/375
f 146/169/168 340/379/378 147/170/169
f 147/170/169 340/379/378 149/172/171
f 340/379/378 337/160/159 149/172/171
f 149/172/171 337/160/159 148/166/165
f 334/375/374 3825/380/379 335/378/377
f 335/378/377 341/381/380 336/377/376
f 336/377/376 338/382/381 146/169/168
f 338/382/381 339/383/382 146/169/168
f 339/383/382 340/379/378 146/169/168
f 340/379/378 140/155/154 337/160/159
f 335/378/377 342/384/383 341/381/380
f 341/381/380 343/385/384 336/377/376
f 336/377/376 343/385/384 338/382/381
f 338/382/381 346/386/385 339/383/382
f 346/386/385 344/387/386 339/383/382
f 339/383/382 344/387/386 340/379/378
f 340/379/378 345/388/387 140/155/154
f 343/385/384 346/386/385 338/382/381
f 344/387/386 345/388/387 340/379/378
f 345/388/387 347/389/388 140/155/154
f 140/155/154 347/389/388 137/153/152
f 348/390/389 349/391/390 343/385/384
f 343/385/384 349/391/390 346/386/385
f 344/387/386 350/392/391 345/388/387
f 350/392/391 347/389/388 345/388/387
f 137/153/152 347/389/388 134/151/150
f 349/391/390 352/393/392 346/386/385
f 346/386/385 352/393/392 344/387/386
f 352/393/392 350/392/391 344/387/386
f 350/392/391 351/394/393 347/389/388
f 134/151/150 353/395/394 135/147/146
f 353/395/394 133/150/149 135/147/146
f 355/396/395 352/393/392 349/391/390
f 352/393/392 351/394/393 350/392/391
f 351/394/393 134/151/150 347/389/388
f 352/393/392 355/396/395 351/394/393
f 351/394/393 353/395/394 134/151/150
f 354/397/396 353/395/394 351/394/393
f 355/396/395 354/397/396 351/394/393
f 357/398/397 133/150/149 353/395/394
f 354/397/396 357/398/397 353/395/394
f 355/396/395 360/399/398 354/397/396
f 356/400/399 360/399/398 355/396/395
f 3846/401/400 356/400/399 355/396/395
f 3850/402/401 356/400/399 3846/401/400
f 357/398/397 358/148/147 133/150/149
f 360/399/398 357/398/397 354/397/396
f 359/403/402 358/148/147 357/398/397
f 360/399/398 359/403/402 357/398/397
f 3850/402/401 362/404/403 356/400/399
f 359/403/402 361/149/148 358/148/147
f 356/400/399 365/405/404 360/399/398
f 363/406/405 362/404/403 3850/402/401
f 360/399/398 364/407/406 359/403/402
f 365/405/404 364/407/406 360/399/398
f 362/404/403 365/405/404 356/400/399
f 359/403/402 368/408/407 361/149/148
f 364/407/406 368/408/407 359/403/402
f 366/409/408 362/404/403 363/406/405
f 3852/410/409 366/409/408 363/406/405
f 367/411/410 366/409/408 3852/410/409
f 373/412/411 368/408/407 364/407/406
f 365/405/404 373/412/411 364/407/406
f 371/413/412 373/412/411 365/405/404
f 362/404/403 371/413/412 365/405/404
f 367/411/410 369/414/413 366/409/408
f 373/412/411 370/415/414 368/408/407
f 372/416/415 371/413/412 362/404/403
f 366/409/408 372/416/415 362/404/403
f 369/414/413 372/416/415 366/409/408
f 367/411/410 3721/417/416 369/414/413
f 374/418/417 373/412/411 371/413/412
f 372/416/415 374/418/417 371/413/412
f 375/419/418 372/416/415 369/414/413
f 3721/417/416 375/419/418 369/414/413
f 377/420/419 370/415/414 373/412/411
f 374/418/417 377/420/419 373/412/411
f 376/421/420 374/418/417 372/416/415
f 375/419/418 376/421/420 372/416/415
f 377/420/419 378/422/421 370/415/414
f 375/419/418 3719/423/422 376/421/420
f 379/424/423 378/422/421 377/420/419
f 374/418/417 379/424/423 377/420/419
f 376/421/420 379/424/423 374/418/417
f 3719/423/422 380/425/424 376/421/420
f 376/421/420 381/426/425 379/424/423
f 380/425/424 381/426/425 376/421/420
f 380/425/424 382/427/426 381/426/425
f 3717/428/427 382/427/426 380/425/424
f 379/424/423 383/429/428 378/422/421
f 381/426/425 383/429/428 379/424/423
f 383/429/428 384/430/429 378/422/421
f 3715/431/430 382/427/426 3717/428/427
f 3715/431/430 3716/432/431 382/427/426
f 3713/433/432 385/434/433 3716/432/431
f 381/426/425 386/435/434 383/429/428
f 381/426/425 387/436/435 386/435/434
f 382/427/426 387/436/435 381/426/425
f 382/427/426 388/437/436 387/436/435
f 3716/432/431 388/437/436 382/427/426
f 3716/432/431 385/434/433 388/437/436
f 389/8/7 2/5/5 4/9/8
f 390/6/6 2/5/5 389/8/7
f 3713/433/432 389/8/7 385/434/433
f 3714/438/437 389/8/7 3713/433/432
f 390/6/6 389/8/7 3714/438/437
f 3698/439/438 1487/4/4 390/6/6
f 391/440/439 392/102/101 393/441/440
f 386/435/434 392/102/101 391/440/439
f 385/434/433 3/10/9 388/437/436
f 389/8/7 3/10/9 385/434/433
f 392/102/101 90/103/102 393/441/440
f 386/435/434 8/97/96 392/102/101
f 387/436/435 8/97/96 386/435/434
f 387/436/435 9/98/97 8/97/96
f 388/437/436 9/98/97 387/436/435
f 388/437/436 10/15/14 9/98/97
f 388/437/436 3/10/9 10/15/14
f 393/441/440 89/100/99 394/99/98
f 393/441/440 90/103/102 89/100/99
f 130/144/143 394/99/98 127/105/104
f 395/146/145 394/99/98 130/144/143
f 395/146/145 393/441/440 394/99/98
f 391/440/439 393/441/440 395/146/145
f 396/145/144 391/440/439 395/146/145
f 384/430/429 391/440/439 396/145/144
f 383/429/428 391/440/439 384/430/429
f 383/429/428 386/435/434 391/440/439
f 361/149/148 396/145/144 130/144/143
f 370/415/414 384/430/429 396/145/144
f 378/422/421 384/430/429 370/415/414
f 133/150/149 358/148/147 132/139/138
f 368/408/407 396/145/144 361/149/148
f 370/415/414 396/145/144 368/408/407
f 409/442/441 398/443/442 397/444/443
f 399/445/444 401/446/445 400/447/446
f 402/448/447 401/446/445 399/445/444
f 411/449/448 403/450/449 402/448/447
f 397/444/443 403/450/449 411/449/448
f 397/444/443 398/443/442 403/450/449
f 409/442/441 404/451/450 398/443/442
f 405/452/451 407/453/452 406/454/453
f 406/454/453 407/453/452 408/455/454
f 408/455/454 404/451/450 409/442/441
f 410/456/455 409/442/441 397/444/443
f 410/456/455 397/444/443 411/449/448
f 411/449/448 402/448/447 416/457/456
f 416/457/456 402/448/447 399/445/444
f 416/457/456 399/445/444 435/458/457
f 435/458/457 399/445/444 412/459/458
f 435/458/457 412/459/458 413/460/459
f 413/460/459 412/459/458 414/461/460
f 415/462/461 411/449/448 416/457/456
f 417/463/462 411/449/448 415/462/461
f 417/463/462 410/456/455 411/449/448
f 418/464/463 410/456/455 417/463/462
f 419/465/464 410/456/455 418/464/463
f 419/465/464 409/442/441 410/456/455
f 420/466/465 409/442/441 419/465/464
f 420/466/465 408/455/454 409/442/441
f 433/467/466 408/455/454 420/466/465
f 433/467/466 406/454/453 408/455/454
f 421/468/467 406/454/453 433/467/466
f 421/468/467 405/452/451 406/454/453
f 1121/469/468 405/452/451 421/468/467
f 1121/469/468 422/470/469 405/452/451
f 423/471/470 422/470/469 1121/469/468
f 423/471/470 424/472/471 422/470/469
f 425/473/472 426/474/473 3324/475/474
f 429/476/475 415/462/461 428/477/476
f 429/476/475 417/463/462 415/462/461
f 430/478/477 417/463/462 429/476/475
f 430/478/477 418/464/463 417/463/462
f 431/479/478 418/464/463 430/478/477
f 431/479/478 419/465/464 418/464/463
f 432/480/479 419/465/464 431/479/478
f 432/480/479 420/466/465 419/465/464
f 433/467/466 420/466/465 432/480/479
f 425/473/472 435/458/457 426/474/473
f 427/481/480 435/458/457 425/473/472
f 427/481/480 416/457/456 435/458/457
f 428/477/476 416/457/456 427/481/480
f 428/477/476 415/462/461 416/457/456
f 3444/482/481 432/480/479 3443/483/482
f 3444/482/481 433/467/466 432/480/479
f 3307/484/483 436/485/484 3306/486/485
f 3307/484/483 437/487/486 436/485/484
f 438/488/487 437/487/486 3307/484/483
f 438/488/487 439/489/488 437/487/486
f 3319/490/489 439/489/488 438/488/487
f 434/491/490 439/489/488 3319/490/489
f 434/491/490 440/492/491 439/489/488
f 426/474/473 440/492/491 434/491/490
f 426/474/473 413/460/459 440/492/491
f 435/458/457 413/460/459 426/474/473
f 413/460/459 414/461/460 440/492/491
f 440/492/491 414/461/460 441/493/492
f 440/492/491 441/493/492 439/489/488
f 439/489/488 441/493/492 442/494/493
f 439/489/488 442/494/493 437/487/486
f 437/487/486 442/494/493 443/495/494
f 437/487/486 443/495/494 436/485/484
f 436/485/484 443/495/494 444/496/495
f 436/485/484 444/496/495 445/497/496
f 445/497/496 446/498/497 4962/499/498
f 4962/499/498 446/498/497 447/500/499
f 445/497/496 444/496/495 446/498/497
f 443/495/494 448/501/500 444/496/495
f 443/495/494 449/502/501 448/501/500
f 442/494/493 449/502/501 443/495/494
f 442/494/493 450/503/502 449/502/501
f 441/493/492 450/503/502 442/494/493
f 441/493/492 451/504/503 450/503/502
f 414/461/460 451/504/503 441/493/492
f 414/461/460 452/505/504 451/504/503
f 412/459/458 452/505/504 414/461/460
f 412/459/458 400/447/446 452/505/504
f 399/445/444 400/447/446 412/459/458
f 448/501/500 454/506/505 453/507/506
f 449/502/501 454/506/505 448/501/500
f 451/504/503 455/508/507 450/503/502
f 452/505/504 455/508/507 451/504/503
f 452/505/504 456/509/508 455/508/507
f 400/447/446 456/509/508 452/505/504
f 400/447/446 457/510/509 456/509/508
f 401/446/445 457/510/509 400/447/446
f 402/448/447 458/511/510 401/446/445
f 403/450/449 458/511/510 402/448/447
f 398/443/442 459/512/511 403/450/449
f 403/450/449 459/512/511 458/511/510
f 458/511/510 460/513/512 401/446/445
f 401/446/445 460/513/512 461/514/513
f 401/446/445 461/514/513 457/510/509
f 457/510/509 461/514/513 462/515/514
f 457/510/509 462/515/514 456/509/508
f 456/509/508 462/515/514 463/516/515
f 456/509/508 463/516/515 455/508/507
f 450/503/502 455/508/507 464/517/516
f 450/503/502 464/517/516 449/502/501
f 449/502/501 464/517/516 454/506/505
f 473/518/517 465/519/518 467/520/519
f 459/512/511 473/518/517 467/520/519
f 404/451/450 459/512/511 398/443/442
f 408/455/454 468/521/520 404/451/450
f 407/453/452 468/521/520 408/455/454
f 422/470/469 470/522/521 469/523/522
f 468/521/520 471/524/523 404/451/450
f 471/524/523 472/525/524 404/451/450
f 404/451/450 472/525/524 459/512/511
f 472/525/524 473/518/517 459/512/511
f 473/518/517 479/526/525 465/519/518
f 479/526/525 466/527/526 465/519/518
f 466/527/526 659/528/527 474/529/528
f 659/528/527 657/530/529 474/529/528
f 657/530/529 475/531/530 474/529/528
f 476/532/531 659/528/527 466/527/526
f 478/533/532 476/532/531 466/527/526
f 479/526/525 478/533/532 466/527/526
f 472/525/524 479/526/525 473/518/517
f 407/453/452 477/534/533 468/521/520
f 469/523/522 477/534/533 407/453/452
f 480/535/534 479/526/525 472/525/524
f 471/524/523 480/535/534 472/525/524
f 481/536/535 480/535/534 471/524/523
f 468/521/520 481/536/535 471/524/523
f 477/534/533 481/536/535 468/521/520
f 477/534/533 482/537/536 481/536/535
f 469/523/522 482/537/536 477/534/533
f 469/523/522 483/538/537 482/537/536
f 470/522/521 483/538/537 469/523/522
f 470/522/521 484/539/538 483/538/537
f 485/540/539 486/541/540 484/539/538
f 483/538/537 487/542/541 482/537/536
f 484/539/538 487/542/541 483/538/537
f 486/541/540 487/542/541 484/539/538
f 486/541/540 488/543/542 487/542/541
f 489/544/543 488/543/542 486/541/540
f 489/544/543 490/545/544 488/543/542
f 1148/546/545 490/545/544 489/544/543
f 1148/546/545 492/547/546 490/545/544
f 491/548/547 492/547/546 1148/546/545
f 493/549/548 492/547/546 491/548/547
f 493/549/548 494/550/549 492/547/546
f 496/551/550 503/552/551 495/553/552
f 497/554/553 496/551/550 480/535/534
f 481/536/535 497/554/553 480/535/534
f 482/537/536 497/554/553 481/536/535
f 482/537/536 498/555/554 497/554/553
f 487/542/541 498/555/554 482/537/536
f 487/542/541 499/556/555 498/555/554
f 488/543/542 499/556/555 487/542/541
f 488/543/542 500/557/556 499/556/555
f 488/543/542 490/545/544 500/557/556
f 512/558/557 525/559/558 495/553/552
f 503/552/551 512/558/557 495/553/552
f 504/560/559 503/552/551 496/551/550
f 497/554/553 504/560/559 496/551/550
f 498/555/554 504/560/559 497/554/553
f 498/555/554 505/561/560 504/560/559
f 499/556/555 505/561/560 498/555/554
f 499/556/555 506/562/561 505/561/560
f 499/556/555 500/557/556 506/562/561
f 490/545/544 507/563/562 500/557/556
f 490/545/544 508/564/563 507/563/562
f 509/565/564 512/558/557 503/552/551
f 504/560/559 509/565/564 503/552/551
f 505/561/560 509/565/564 504/560/559
f 506/562/561 509/565/564 505/561/560
f 500/557/556 507/563/562 506/562/561
f 509/565/564 513/566/565 512/558/557
f 506/562/561 513/566/565 509/565/564
f 506/562/561 507/563/562 513/566/565
f 508/564/563 514/567/566 507/563/562
f 508/564/563 515/568/567 514/567/566
f 510/569/568 515/568/567 508/564/563
f 510/569/568 516/570/569 515/568/567
f 511/571/570 516/570/569 510/569/568
f 511/571/570 517/572/571 516/570/569
f 1180/573/572 517/572/571 511/571/570
f 1180/573/572 518/574/573 517/572/571
f 519/575/574 518/574/573 1180/573/572
f 519/575/574 520/576/575 518/574/573
f 523/577/576 521/578/577 522/579/578
f 524/580/579 523/577/576 502/581/580
f 525/559/558 524/580/579 502/581/580
f 513/566/565 524/580/579 525/559/558
f 512/558/557 513/566/565 525/559/558
f 507/563/562 526/582/581 513/566/565
f 507/563/562 527/583/582 526/582/581
f 514/567/566 527/583/582 507/563/562
f 514/567/566 528/584/583 527/583/582
f 515/568/567 528/584/583 514/567/566
f 516/570/569 517/572/571 515/568/567
f 529/585/584 535/586/585 650/587/586
f 521/578/577 529/585/584 650/587/586
f 524/580/579 521/578/577 523/577/576
f 513/566/565 530/588/587 524/580/579
f 526/582/581 530/588/587 513/566/565
f 527/583/582 530/588/587 526/582/581
f 527/583/582 531/589/588 530/588/587
f 528/584/583 531/589/588 527/583/582
f 536/590/589 633/591/590 642/592/591
f 535/586/585 536/590/589 642/592/591
f 532/593/592 529/585/584 521/578/577
f 533/594/593 521/578/577 524/580/579
f 530/588/587 533/594/593 524/580/579
f 530/588/587 534/595/594 533/594/593
f 531/589/588 534/595/594 530/588/587
f 533/594/593 532/593/592 521/578/577
f 531/589/588 537/596/595 534/595/594
f 531/589/588 538/597/596 537/596/595
f 1199/598/597 538/597/596 531/589/588
f 1203/599/598 538/597/596 1199/598/597
f 1203/599/598 542/600/599 538/597/596
f 534/595/594 537/596/595 533/594/593
f 538/597/596 539/601/600 537/596/595
f 538/597/596 540/602/601 539/601/600
f 542/600/599 540/602/601 538/597/596
f 542/600/599 541/603/602 540/602/601
f 543/604/603 541/603/602 542/600/599
f 543/604/603 544/605/604 541/603/602
f 545/606/605 544/605/604 543/604/603
f 545/606/605 546/607/606 544/605/604
f 549/608/607 547/609/608 548/610/609
f 532/593/592 549/608/607 548/610/609
f 533/594/593 549/608/607 532/593/592
f 537/596/595 550/611/610 533/594/593
f 539/601/600 550/611/610 537/596/595
f 539/601/600 551/612/611 550/611/610
f 539/601/600 552/613/612 551/612/611
f 540/602/601 552/613/612 539/601/600
f 540/602/601 553/614/613 552/613/612
f 541/603/602 553/614/613 540/602/601
f 541/603/602 554/615/614 553/614/613
f 549/608/607 555/616/615 547/609/608
f 550/611/610 555/616/615 549/608/607
f 533/594/593 550/611/610 549/608/607
f 553/614/613 556/617/616 552/613/612
f 553/614/613 557/618/617 556/617/616
f 553/614/613 562/619/618 557/618/617
f 555/616/615 558/620/619 547/609/608
f 559/621/620 558/620/619 555/616/615
f 550/611/610 559/621/620 555/616/615
f 551/612/611 559/621/620 550/611/610
f 551/612/611 560/622/621 559/621/620
f 552/613/612 560/622/621 551/612/611
f 552/613/612 556/617/616 560/622/621
f 562/619/618 561/623/622 557/618/617
f 562/619/618 1215/624/623 561/623/622
f 560/622/621 563/625/624 559/621/620
f 557/618/617 561/623/622 556/617/616
f 1215/624/623 564/626/625 561/623/622
f 1215/624/623 565/627/626 564/626/625
f 566/628/627 565/627/626 1215/624/623
f 558/620/619 567/629/628 624/630/629
f 568/631/630 567/629/628 558/620/619
f 563/625/624 568/631/630 558/620/619
f 560/622/621 569/632/631 563/625/624
f 556/617/616 569/632/631 560/622/621
f 556/617/616 570/633/632 569/632/631
f 561/623/622 570/633/632 556/617/616
f 561/623/622 564/626/625 570/633/632
f 563/625/624 569/632/631 568/631/630
f 568/631/630 573/634/633 567/629/628
f 569/632/631 573/634/633 568/631/630
f 570/633/632 574/635/634 569/632/631
f 572/636/635 574/635/634 570/633/632
f 569/632/631 574/635/634 573/634/633
f 572/636/635 575/637/636 574/635/634
f 1225/638/637 575/637/636 572/636/635
f 1225/638/637 577/639/638 575/637/636
f 575/637/636 576/640/639 574/635/634
f 577/639/638 578/641/640 575/637/636
f 1226/642/641 578/641/640 577/639/638
f 1226/642/641 1228/643/642 578/641/640
f 575/637/636 580/644/643 576/640/639
f 578/641/640 580/644/643 575/637/636
f 573/634/633 581/645/644 579/646/645
f 576/640/639 581/645/644 573/634/633
f 580/644/643 581/645/644 576/640/639
f 580/644/643 582/647/646 581/645/644
f 582/647/646 583/648/647 581/645/644
f 581/645/644 583/648/647 584/649/648
f 583/648/647 586/650/649 584/649/648
f 583/648/647 587/651/650 586/650/649
f 618/652/651 591/653/652 613/654/653
f 616/655/654 591/653/652 618/652/651
f 586/650/649 588/656/655 584/649/648
f 616/655/654 597/657/656 591/653/652
f 579/646/645 597/657/656 616/655/654
f 587/651/650 588/656/655 586/650/649
f 587/651/650 589/658/657 588/656/655
f 1237/659/658 589/658/657 587/651/650
f 1238/660/659 590/661/660 1237/659/658
f 1238/660/659 1239/662/661 590/661/660
f 584/649/648 598/663/662 597/657/656
f 1237/659/658 593/664/663 589/658/657
f 588/656/655 596/665/664 584/649/648
f 1242/666/665 1244/667/666 590/661/660
f 589/658/657 592/668/667 588/656/655
f 596/665/664 588/656/655 592/668/667
f 591/653/652 597/657/656 1633/669/668
f 3864/670/669 1244/667/666 1245/671/670
f 592/668/667 593/664/663 1246/672/671
f 1246/672/671 593/664/663 3864/670/669
f 1245/671/670 594/673/672 1249/674/673
f 1249/674/673 594/673/672 1247/675/674
f 1630/676/675 592/668/667 1246/672/671
f 3863/677/676 592/668/667 1630/676/675
f 595/678/677 596/665/664 3863/677/676
f 1633/669/668 597/657/656 595/678/677
f 597/657/656 598/663/662 595/678/677
f 595/678/677 598/663/662 596/665/664
f 596/665/664 592/668/667 3863/677/676
f 599/679/678 1633/669/668 1632/680/679
f 1634/681/680 599/679/678 1632/680/679
f 913/682/681 600/683/682 1634/681/680
f 600/683/682 599/679/678 1634/681/680
f 1638/684/683 601/685/684 913/682/681
f 601/685/684 600/683/682 913/682/681
f 1637/686/685 601/685/684 1638/684/683
f 1637/686/685 603/687/686 601/685/684
f 600/683/682 604/688/687 599/679/678
f 599/679/678 591/653/652 1633/669/668
f 1639/689/688 603/687/686 1637/686/685
f 601/685/684 605/690/689 600/683/682
f 604/688/687 591/653/652 599/679/678
f 1645/691/690 606/692/691 602/693/692
f 605/690/689 604/688/687 600/683/682
f 584/649/648 596/665/664 598/663/662
f 603/687/686 608/694/693 601/685/684
f 601/685/684 608/694/693 605/690/689
f 604/688/687 613/654/653 591/653/652
f 607/695/694 609/696/695 603/687/686
f 603/687/686 609/696/695 608/694/693
f 605/690/689 613/654/653 604/688/687
f 608/694/693 614/697/696 605/690/689
f 605/690/689 614/697/696 613/654/653
f 584/649/648 597/657/656 579/646/645
f 607/695/694 612/698/697 609/696/695
f 1648/699/698 610/700/699 606/692/691
f 606/692/691 610/700/699 607/695/694
f 1648/699/698 611/701/700 610/700/699
f 609/696/695 615/702/701 608/694/693
f 608/694/693 615/702/701 614/697/696
f 618/652/651 613/654/653 617/703/702
f 581/645/644 584/649/648 579/646/645
f 617/703/702 613/654/653 614/697/696
f 620/704/703 609/696/695 612/698/697
f 615/702/701 609/696/695 620/704/703
f 617/703/702 614/697/696 621/705/704
f 621/705/704 614/697/696 615/702/701
f 567/629/628 616/655/654 618/652/651
f 579/646/645 616/655/654 567/629/628
f 573/634/633 579/646/645 567/629/628
f 574/635/634 576/640/639 573/634/633
f 619/706/705 615/702/701 620/704/703
f 622/707/706 617/703/702 621/705/704
f 571/708/707 617/703/702 622/707/706
f 618/652/651 617/703/702 571/708/707
f 567/629/628 618/652/651 571/708/707
f 619/706/705 620/704/703 625/709/708
f 621/705/704 619/706/705 623/710/709
f 620/704/703 1652/711/710 625/709/708
f 629/712/711 619/706/705 625/709/708
f 623/710/709 619/706/705 629/712/711
f 622/707/706 621/705/704 623/710/709
f 624/630/629 567/629/628 571/708/707
f 627/713/712 622/707/706 623/710/709
f 571/708/707 622/707/706 627/713/712
f 559/621/620 563/625/624 558/620/619
f 626/714/713 623/710/709 629/712/711
f 627/713/712 623/710/709 626/714/713
f 631/715/714 571/708/707 627/713/712
f 624/630/629 571/708/707 631/715/714
f 628/716/715 624/630/629 631/715/714
f 547/609/608 624/630/629 628/716/715
f 558/620/619 624/630/629 547/609/608
f 627/713/712 626/714/713 636/717/716
f 631/715/714 627/713/712 636/717/716
f 628/716/715 631/715/714 632/718/717
f 630/719/718 628/716/715 632/718/717
f 547/609/608 628/716/715 630/719/718
f 548/610/609 547/609/608 630/719/718
f 633/591/590 630/719/718 632/718/717
f 536/590/589 630/719/718 633/591/590
f 548/610/609 630/719/718 536/590/589
f 535/586/585 548/610/609 536/590/589
f 529/585/584 548/610/609 535/586/585
f 532/593/592 548/610/609 529/585/584
f 631/715/714 636/717/716 641/720/719
f 637/721/720 631/715/714 641/720/719
f 632/718/717 631/715/714 637/721/720
f 633/591/590 632/718/717 637/721/720
f 635/722/721 638/723/722 1657/724/723
f 636/717/716 635/722/721 640/725/724
f 641/720/719 636/717/716 640/725/724
f 633/591/590 637/721/720 639/726/725
f 642/592/591 633/591/590 639/726/725
f 640/725/724 635/722/721 1657/724/723
f 637/721/720 641/720/719 643/727/726
f 639/726/725 637/721/720 643/727/726
f 648/728/727 640/725/724 1658/729/728
f 641/720/719 640/725/724 648/728/727
f 643/727/726 641/720/719 648/728/727
f 639/726/725 643/727/726 647/730/729
f 642/592/591 639/726/725 647/730/729
f 535/586/585 642/592/591 645/731/730
f 650/587/586 535/586/585 645/731/730
f 521/578/577 650/587/586 522/579/578
f 645/731/730 642/592/591 644/732/731
f 523/577/576 522/579/578 646/733/732
f 502/581/580 523/577/576 646/733/732
f 645/731/730 644/732/731 652/734/733
f 650/587/586 645/731/730 652/734/733
f 647/730/729 648/728/727 1661/735/734
f 649/736/735 647/730/729 1661/735/734
f 644/732/731 649/736/735 651/737/736
f 652/734/733 644/732/731 651/737/736
f 655/738/737 650/587/586 652/734/733
f 522/579/578 650/587/586 655/738/737
f 653/739/738 522/579/578 655/738/737
f 646/733/732 522/579/578 653/739/738
f 654/740/739 646/733/732 653/739/738
f 656/741/740 646/733/732 654/740/739
f 502/581/580 646/733/732 656/741/740
f 525/559/558 502/581/580 656/741/740
f 655/738/737 652/734/733 660/742/741
f 525/559/558 656/741/740 657/530/529
f 495/553/552 525/559/558 657/530/529
f 653/739/738 655/738/737 658/743/742
f 662/744/743 653/739/738 658/743/742
f 654/740/739 653/739/738 662/744/743
f 663/745/744 654/740/739 662/744/743
f 656/741/740 654/740/739 663/745/744
f 657/530/529 656/741/740 663/745/744
f 495/553/552 657/530/529 659/528/527
f 476/532/531 495/553/552 659/528/527
f 478/533/532 495/553/552 476/532/531
f 496/551/550 495/553/552 478/533/532
f 479/526/525 496/551/550 478/533/532
f 480/535/534 496/551/550 479/526/525
f 661/746/745 660/742/741 668/747/746
f 664/748/747 651/737/736 1668/749/748
f 660/742/741 651/737/736 664/748/747
f 668/747/746 660/742/741 664/748/747
f 658/743/742 661/746/745 668/747/746
f 662/744/743 658/743/742 665/750/749
f 475/531/530 662/744/743 665/750/749
f 663/745/744 662/744/743 475/531/530
f 657/530/529 663/745/744 475/531/530
f 658/743/742 668/747/746 665/750/749
f 668/747/746 664/748/747 666/751/750
f 1668/749/748 1664/752/751 1667/753/752
f 1664/752/751 667/754/753 1667/753/752
f 669/755/754 665/750/749 671/756/755
f 475/531/530 665/750/749 669/755/754
f 474/529/528 475/531/530 669/755/754
f 670/757/756 474/529/528 669/755/754
f 466/527/526 474/529/528 670/757/756
f 465/519/518 466/527/526 670/757/756
f 674/758/757 669/755/754 671/756/755
f 675/759/758 669/755/754 674/758/757
f 670/757/756 669/755/754 675/759/758
f 465/519/518 670/757/756 676/760/759
f 460/513/512 465/519/518 676/760/759
f 467/520/519 465/519/518 460/513/512
f 458/511/510 467/520/519 460/513/512
f 459/512/511 467/520/519 458/511/510
f 671/756/755 1672/761/760 672/762/761
f 677/763/762 671/756/755 672/762/761
f 673/764/763 671/756/755 677/763/762
f 674/758/757 671/756/755 673/764/763
f 680/765/764 670/757/756 675/759/758
f 676/760/759 670/757/756 680/765/764
f 678/766/765 673/764/763 677/763/762
f 679/767/766 673/764/763 678/766/765
f 674/758/757 673/764/763 679/767/766
f 675/759/758 674/758/757 679/767/766
f 683/768/767 675/759/758 679/767/766
f 680/765/764 675/759/758 683/768/767
f 461/514/513 676/760/759 680/765/764
f 460/513/512 676/760/759 461/514/513
f 679/767/766 678/766/765 681/769/768
f 682/770/769 679/767/766 681/769/768
f 683/768/767 679/767/766 682/770/769
f 462/515/514 680/765/764 683/768/767
f 461/514/513 680/765/764 462/515/514
f 462/515/514 683/768/767 463/516/515
f 463/516/515 683/768/767 684/771/770
f 683/768/767 682/770/769 684/771/770
f 682/770/769 681/769/768 684/771/770
f 684/771/770 681/769/768 685/772/771
f 681/769/768 678/766/765 685/772/771
f 685/772/771 678/766/765 691/773/772
f 678/766/765 686/774/773 691/773/772
f 686/774/773 688/775/774 687/776/775
f 689/777/776 690/778/777 697/779/778
f 696/780/779 689/777/776 697/779/778
f 688/775/774 689/777/776 696/780/779
f 687/776/775 688/775/774 696/780/779
f 686/774/773 687/776/775 694/781/780
f 691/773/772 686/774/773 694/781/780
f 692/782/781 685/772/771 691/773/772
f 693/783/782 685/772/771 692/782/781
f 684/771/770 685/772/771 693/783/782
f 455/508/507 684/771/770 693/783/782
f 463/516/515 684/771/770 455/508/507
f 455/508/507 693/783/782 464/517/516
f 464/517/516 693/783/782 698/784/783
f 693/783/782 692/782/781 698/784/783
f 692/782/781 691/773/772 694/781/780
f 694/781/780 687/776/775 695/785/784
f 454/506/505 464/517/516 698/784/783
f 698/784/783 692/782/781 3203/786/785
f 3203/786/785 692/782/781 701/787/786
f 692/782/781 694/781/780 701/787/786
f 701/787/786 694/781/780 3218/788/787
f 3218/788/787 694/781/780 699/789/788
f 694/781/780 695/785/784 699/789/788
f 687/776/775 696/780/779 703/790/789
f 696/780/779 697/779/778 703/790/789
f 703/790/789 697/779/778 700/791/790
f 454/506/505 698/784/783 3203/786/785
f 3203/786/785 701/787/786 3205/792/791
f 699/789/788 695/785/784 702/793/792
f 695/785/784 687/776/775 702/793/792
f 702/793/792 687/776/775 704/794/793
f 687/776/775 703/790/789 704/794/793
f 704/794/793 703/790/789 708/795/794
f 703/790/789 700/791/790 708/795/794
f 708/795/794 700/791/790 709/796/795
f 700/791/790 710/797/796 709/796/795
f 705/798/797 706/799/798 715/800/799
f 715/800/799 707/801/800 711/802/801
f 702/793/792 704/794/793 712/803/802
f 712/803/802 704/794/793 708/795/794
f 710/797/796 705/798/797 714/804/803
f 705/798/797 715/800/799 714/804/803
f 712/803/802 708/795/794 713/805/804
f 708/795/794 709/796/795 713/805/804
f 709/796/795 710/797/796 718/806/805
f 718/806/805 710/797/796 714/804/803
f 715/800/799 711/802/801 722/807/806
f 722/807/806 711/802/801 723/808/807
f 723/808/807 711/802/801 719/809/808
f 712/803/802 713/805/804 716/810/809
f 716/810/809 713/805/804 717/811/810
f 713/805/804 709/796/795 717/811/810
f 717/811/810 709/796/795 725/812/811
f 709/796/795 718/806/805 725/812/811
f 718/806/805 714/804/803 721/813/812
f 714/804/803 715/800/799 721/813/812
f 721/813/812 715/800/799 722/807/806
f 716/810/809 717/811/810 720/814/813
f 720/814/813 717/811/810 725/812/811
f 725/812/811 718/806/805 721/813/812
f 723/808/807 719/809/808 727/815/814
f 720/814/813 725/812/811 724/816/815
f 725/812/811 721/813/812 726/817/816
f 726/817/816 721/813/812 730/818/817
f 721/813/812 722/807/806 730/818/817
f 730/818/817 722/807/806 734/819/818
f 734/819/818 722/807/806 731/820/819
f 722/807/806 723/808/807 731/820/819
f 731/820/819 723/808/807 727/815/814
f 732/821/820 727/815/814 733/822/821
f 724/816/815 725/812/811 728/823/822
f 728/823/822 725/812/811 729/824/823
f 725/812/811 726/817/816 729/824/823
f 729/824/823 726/817/816 730/818/817
f 731/820/819 727/815/814 732/821/820
f 729/824/823 730/818/817 734/819/818
f 734/819/818 731/820/819 740/825/824
f 740/825/824 731/820/819 737/826/825
f 737/826/825 731/820/819 735/827/826
f 731/820/819 732/821/820 735/827/826
f 735/827/826 732/821/820 742/828/827
f 742/828/827 732/821/820 736/829/828
f 732/821/820 733/822/821 736/829/828
f 728/823/822 729/824/823 3221/830/829
f 3221/830/829 729/824/823 739/831/830
f 729/824/823 734/819/818 739/831/830
f 739/831/830 734/819/818 740/825/824
f 737/826/825 735/827/826 741/832/831
f 741/832/831 735/827/826 742/828/827
f 740/825/824 737/826/825 744/833/832
f 737/826/825 741/832/831 746/834/833
f 742/828/827 736/829/828 752/835/834
f 752/835/834 736/829/828 748/836/835
f 736/829/828 738/837/836 748/836/835
f 748/836/835 738/837/836 749/838/837
f 739/831/830 740/825/824 743/839/838
f 743/839/838 740/825/824 744/833/832
f 744/833/832 737/826/825 745/840/839
f 737/826/825 746/834/833 745/840/839
f 746/834/833 741/832/831 747/841/840
f 741/832/831 742/828/827 747/841/840
f 742/828/827 752/835/834 747/841/840
f 743/839/838 744/833/832 3236/842/841
f 3236/842/841 744/833/832 754/843/842
f 744/833/832 745/840/839 754/843/842
f 754/843/842 745/840/839 751/844/843
f 745/840/839 746/834/833 751/844/843
f 751/844/843 746/834/833 755/845/844
f 746/834/833 747/841/840 755/845/844
f 752/835/834 748/836/835 753/846/845
f 748/836/835 749/838/837 753/846/845
f 753/846/845 749/838/837 813/847/846
f 749/838/837 750/848/847 813/847/846
f 755/845/844 747/841/840 761/849/848
f 747/841/840 752/835/834 761/849/848
f 761/849/848 752/835/834 757/850/849
f 752/835/834 753/846/845 757/850/849
f 757/850/849 753/846/845 756/851/850
f 756/851/850 753/846/845 813/847/846
f 758/852/851 754/843/842 759/853/852
f 754/843/842 751/844/843 759/853/852
f 759/853/852 751/844/843 760/854/853
f 751/844/843 755/845/844 760/854/853
f 760/854/853 755/845/844 761/849/848
f 761/849/848 757/850/849 765/855/854
f 765/855/854 757/850/849 762/856/855
f 757/850/849 756/851/850 762/856/855
f 758/852/851 759/853/852 764/857/856
f 764/857/856 759/853/852 763/858/857
f 759/853/852 760/854/853 763/858/857
f 760/854/853 761/849/848 763/858/857
f 763/858/857 761/849/848 765/855/854
f 771/859/858 764/857/856 767/860/859
f 764/857/856 763/858/857 767/860/859
f 763/858/857 765/855/854 767/860/859
f 767/860/859 765/855/854 766/861/860
f 767/860/859 766/861/860 768/862/861
f 771/859/858 767/860/859 770/863/862
f 770/863/862 767/860/859 769/864/863
f 767/860/859 768/862/861 769/864/863
f 770/863/862 769/864/863 781/865/864
f 772/866/865 764/857/856 771/859/858
f 766/861/860 814/867/866 773/868/867
f 768/862/861 766/861/860 773/868/867
f 768/862/861 773/868/867 776/869/868
f 769/864/863 768/862/861 776/869/868
f 769/864/863 776/869/868 779/870/869
f 781/865/864 769/864/863 779/870/869
f 781/865/864 779/870/869 780/871/870
f 777/872/871 770/863/862 781/865/864
f 778/873/872 770/863/862 777/872/871
f 774/874/873 770/863/862 778/873/872
f 774/874/873 771/859/858 770/863/862
f 814/867/866 775/875/874 773/868/867
f 778/873/872 777/872/871 3237/876/875
f 773/868/867 775/875/874 784/877/876
f 773/868/867 784/877/876 783/878/877
f 776/869/868 773/868/867 783/878/877
f 776/869/868 783/878/877 779/870/869
f 781/865/864 780/871/870 3245/879/878
f 3237/876/875 777/872/871 781/865/864
f 3237/876/875 781/865/864 3245/879/878
f 3245/879/878 780/871/870 782/880/879
f 780/871/870 779/870/869 782/880/879
f 779/870/869 786/881/880 782/880/879
f 779/870/869 783/878/877 786/881/880
f 784/877/876 788/882/881 785/883/882
f 783/878/877 784/877/876 785/883/882
f 786/881/880 783/878/877 785/883/882
f 782/880/879 786/881/880 787/884/883
f 3246/885/884 782/880/879 787/884/883
f 791/886/885 785/883/882 788/882/881
f 793/887/886 786/881/880 785/883/882
f 789/888/887 787/884/883 786/881/880
f 3251/889/888 787/884/883 789/888/887
f 792/890/889 785/883/882 791/886/885
f 793/887/886 785/883/882 792/890/889
f 789/888/887 786/881/880 793/887/886
f 797/891/890 788/882/881 790/892/891
f 791/886/885 788/882/881 797/891/890
f 3256/893/892 789/888/887 793/887/886
f 794/894/893 3256/893/892 793/887/886
f 794/894/893 793/887/886 792/890/889
f 794/894/893 792/890/889 795/895/894
f 792/890/889 791/886/885 799/896/895
f 799/896/895 791/886/885 797/891/890
f 797/891/890 790/892/891 2738/897/896
f 3263/898/897 3256/893/892 796/899/898
f 796/899/898 3256/893/892 794/894/893
f 796/899/898 794/894/893 795/895/894
f 798/900/899 795/895/894 792/890/889
f 798/900/899 792/890/889 799/896/895
f 800/901/900 796/899/898 795/895/894
f 800/901/900 795/895/894 798/900/899
f 3267/902/901 3263/898/897 3270/903/902
f 3270/903/902 3263/898/897 796/899/898
f 3270/903/902 796/899/898 800/901/900
f 3272/904/903 800/901/900 798/900/899
f 2602/905/904 3272/904/903 798/900/899
f 798/900/899 799/896/895 2742/906/905
f 2740/907/906 2738/897/896 2737/908/907
f 799/896/895 797/891/890 2740/907/906
f 2740/907/906 797/891/890 2738/897/896
f 2738/897/896 801/909/908 2743/910/909
f 2743/910/909 801/909/908 2744/911/910
f 2744/911/910 802/912/911 803/913/912
f 801/909/908 802/912/911 2744/911/910
f 802/912/911 804/914/913 805/915/914
f 802/912/911 805/915/914 803/913/912
f 803/913/912 805/915/914 4968/916/915
f 802/912/911 806/917/916 804/914/913
f 801/909/908 806/917/916 802/912/911
f 801/909/908 790/892/891 806/917/916
f 2738/897/896 790/892/891 801/909/908
f 809/918/917 4964/919/918 805/915/914
f 812/920/919 809/918/917 805/915/914
f 807/921/920 812/920/919 805/915/914
f 808/922/921 805/915/914 804/914/913
f 808/922/921 804/914/913 806/917/916
f 784/877/876 790/892/891 788/882/881
f 784/877/876 775/875/874 790/892/891
f 775/875/874 806/917/916 790/892/891
f 807/921/920 805/915/914 808/922/921
f 810/923/922 808/922/921 806/917/916
f 775/875/874 810/923/922 806/917/916
f 810/923/922 807/921/920 808/922/921
f 814/867/866 811/924/923 775/875/874
f 816/925/924 809/918/917 812/920/919
f 810/923/922 812/920/919 807/921/920
f 813/847/846 810/923/922 775/875/874
f 811/924/923 813/847/846 775/875/874
f 762/856/855 811/924/923 814/867/866
f 750/848/847 812/920/919 810/923/922
f 813/847/846 750/848/847 810/923/922
f 756/851/850 813/847/846 811/924/923
f 762/856/855 756/851/850 811/924/923
f 765/855/854 762/856/855 814/867/866
f 766/861/860 765/855/854 814/867/866
f 749/838/837 738/837/836 750/848/847
f 738/837/836 815/926/925 750/848/847
f 815/926/925 816/925/924 750/848/847
f 750/848/847 816/925/924 812/920/919
f 733/822/821 817/927/926 736/829/828
f 736/829/828 817/927/926 738/837/836
f 817/927/926 815/926/925 738/837/836
f 817/927/926 821/928/927 815/926/925
f 815/926/925 819/929/928 816/925/924
f 819/929/928 818/930/929 816/925/924
f 727/815/814 820/931/930 733/822/821
f 733/822/821 820/931/930 817/927/926
f 820/931/930 821/928/927 817/927/926
f 821/928/927 819/929/928 815/926/925
f 821/928/927 825/932/931 819/929/928
f 819/929/928 822/933/932 818/930/929
f 719/809/808 823/934/933 727/815/814
f 727/815/814 823/934/933 820/931/930
f 820/931/930 824/935/934 821/928/927
f 824/935/934 825/932/931 821/928/927
f 825/932/931 826/936/935 819/929/928
f 819/929/928 826/936/935 822/933/932
f 823/934/933 824/935/934 820/931/930
f 711/802/801 827/937/936 719/809/808
f 719/809/808 827/937/936 823/934/933
f 827/937/936 830/938/937 823/934/933
f 823/934/933 830/938/937 824/935/934
f 826/936/935 828/939/938 822/933/932
f 828/939/938 829/940/939 822/933/932
f 830/938/937 831/941/940 824/935/934
f 831/941/940 832/942/941 824/935/934
f 824/935/934 832/942/941 825/932/931
f 832/942/941 833/943/942 825/932/931
f 825/932/931 833/943/942 826/936/935
f 833/943/942 828/939/938 826/936/935
f 1682/944/943 834/945/944 830/938/937
f 830/938/937 834/945/944 831/941/940
f 832/942/941 838/946/945 833/943/942
f 838/946/945 837/947/946 833/943/942
f 837/947/946 842/948/947 833/943/942
f 833/943/942 842/948/947 828/939/938
f 834/945/944 841/949/948 831/941/940
f 841/949/948 835/950/949 831/941/940
f 831/941/940 835/950/949 832/942/941
f 835/950/949 838/946/945 832/942/941
f 834/945/944 839/951/950 841/949/948
f 1682/944/943 839/951/950 834/945/944
f 840/952/951 839/951/950 1682/944/943
f 838/946/945 842/948/947 837/947/946
f 841/949/948 850/953/952 835/950/949
f 839/951/950 850/953/952 841/949/948
f 840/952/951 843/954/953 839/951/950
f 852/955/954 843/954/953 840/952/951
f 1675/956/955 852/955/954 840/952/951
f 844/957/956 848/958/957 1675/956/955
f 1673/959/958 845/960/959 844/957/956
f 843/954/953 850/953/952 839/951/950
f 845/960/959 848/958/957 844/957/956
f 846/961/960 849/962/961 847/963/962
f 850/953/952 849/962/961 846/961/960
f 843/954/953 851/964/963 850/953/952
f 852/955/954 851/964/963 843/954/953
f 854/965/964 852/955/954 1675/956/955
f 850/953/952 856/966/965 849/962/961
f 854/965/964 853/967/966 852/955/954
f 857/968/967 856/966/965 850/953/952
f 851/964/963 857/968/967 850/953/952
f 858/969/968 857/968/967 851/964/963
f 861/970/969 858/969/968 851/964/963
f 852/955/954 861/970/969 851/964/963
f 856/966/965 859/971/970 849/962/961
f 859/971/970 865/972/971 849/962/961
f 849/962/961 865/972/971 855/973/972
f 860/974/973 859/971/970 856/966/965
f 857/968/967 860/974/973 856/966/965
f 857/968/967 862/975/974 860/974/973
f 858/969/968 862/975/974 857/968/967
f 861/970/969 863/976/975 858/969/968
f 1665/977/976 863/976/975 861/970/969
f 863/976/975 862/975/974 858/969/968
f 866/978/977 5098/979/978 865/972/971
f 860/974/973 866/978/977 865/972/971
f 863/976/975 867/980/979 862/975/974
f 1665/977/976 871/981/980 863/976/975
f 866/978/977 875/982/981 5098/979/978
f 862/975/974 869/983/982 860/974/973
f 867/980/979 869/983/982 862/975/974
f 871/981/980 867/980/979 863/976/975
f 860/974/973 868/984/983 866/978/977
f 869/983/982 868/984/983 860/974/973
f 871/981/980 870/985/984 867/980/979
f 869/983/982 874/986/985 868/984/983
f 867/980/979 872/987/986 869/983/982
f 870/985/984 872/987/986 867/980/979
f 871/981/980 1655/988/987 870/985/984
f 1659/989/988 873/990/989 864/991/990
f 878/992/991 866/978/977 868/984/983
f 872/987/986 874/986/985 869/983/982
f 5093/993/992 875/982/981 877/994/993
f 875/982/981 866/978/977 877/994/993
f 877/994/993 866/978/977 878/992/991
f 5092/995/994 875/982/981 5093/993/992
f 878/992/991 868/984/983 874/986/985
f 872/987/986 879/996/995 874/986/985
f 870/985/984 882/997/996 872/987/986
f 876/998/997 882/997/996 870/985/984
f 873/990/989 1654/999/998 1655/988/987
f 877/994/993 878/992/991 881/1000/999
f 879/996/995 872/987/986 882/997/996
f 880/1001/1000 877/994/993 881/1000/999
f 878/992/991 874/986/985 884/1002/1001
f 884/1002/1001 874/986/985 879/996/995
f 884/1002/1001 879/996/995 888/1003/1002
f 1654/999/998 885/1004/1003 876/998/997
f 880/1001/1000 881/1000/999 886/1005/1004
f 881/1000/999 878/992/991 884/1002/1001
f 888/1003/1002 879/996/995 882/997/996
f 883/1006/1005 880/1001/1000 886/1005/1004
f 886/1005/1004 881/1000/999 887/1007/1006
f 887/1007/1006 881/1000/999 884/1002/1001
f 890/1008/1007 883/1006/1005 886/1005/1004
f 1650/1009/1008 882/997/996 885/1004/1003
f 893/1010/1009 886/1005/1004 887/1007/1006
f 887/1007/1006 884/1002/1001 888/1003/1002
f 890/1008/1007 886/1005/1004 892/1011/1010
f 892/1011/1010 886/1005/1004 893/1010/1009
f 887/1007/1006 888/1003/1002 891/1012/1011
f 893/1010/1009 887/1007/1006 891/1012/1011
f 891/1012/1011 888/1003/1002 889/1013/1012
f 891/1012/1011 889/1013/1012 898/1014/1013
f 895/1015/1014 890/1008/1007 892/1011/1010
f 892/1011/1010 893/1010/1009 897/1016/1015
f 893/1010/1009 891/1012/1011 896/1017/1016
f 895/1015/1014 892/1011/1010 902/1018/1017
f 902/1018/1017 892/1011/1010 897/1016/1015
f 897/1016/1015 893/1010/1009 896/1017/1016
f 896/1017/1016 891/1012/1011 898/1014/1013
f 896/1017/1016 898/1014/1013 900/1019/1018
f 903/1020/1019 5081/1021/1020 899/1022/1021
f 899/1022/1021 895/1015/1014 902/1018/1017
f 897/1016/1015 896/1017/1016 901/1023/1022
f 901/1023/1022 896/1017/1016 900/1019/1018
f 900/1019/1018 898/1014/1013 1644/1024/1023
f 903/1020/1019 899/1022/1021 904/1025/1024
f 902/1018/1017 897/1016/1015 905/1026/1025
f 905/1026/1025 897/1016/1015 901/1023/1022
f 901/1023/1022 900/1019/1018 906/1027/1026
f 904/1025/1024 899/1022/1021 902/1018/1017
f 908/1028/1027 901/1023/1022 906/1027/1026
f 905/1026/1025 901/1023/1022 908/1028/1027
f 5073/1029/1028 903/1020/1019 904/1025/1024
f 904/1025/1024 902/1018/1017 5072/1030/1029
f 5072/1030/1029 902/1018/1017 905/1026/1025
f 908/1028/1027 906/1027/1026 909/1031/1030
f 909/1031/1030 906/1027/1026 911/1032/1031
f 5072/1030/1029 905/1026/1025 1047/1033/1032
f 1047/1033/1032 905/1026/1025 908/1028/1027
f 5035/1034/1033 907/1035/1034 5037/1036/1035
f 5037/1036/1035 907/1035/1034 910/1037/1036
f 1047/1033/1032 908/1028/1027 1048/1038/1037
f 1048/1038/1037 908/1028/1027 909/1031/1030
f 1048/1038/1037 909/1031/1030 5036/1039/1038
f 5036/1039/1038 909/1031/1030 911/1032/1031
f 5037/1036/1035 910/1037/1036 5038/1040/1039
f 5038/1040/1039 910/1037/1036 917/1041/1040
f 920/1042/1041 913/682/681 914/1043/1042
f 920/1042/1041 914/1043/1042 918/1044/1043
f 916/1045/1044 1636/1046/1045 921/1047/1046
f 912/1048/1047 1636/1046/1045 916/1045/1044
f 915/1049/1048 912/1048/1047 916/1045/1044
f 917/1041/1040 915/1049/1048 5039/1050/1049
f 921/1047/1046 920/1042/1041 924/1051/1050
f 915/1049/1048 916/1045/1044 5041/1052/1051
f 5039/1050/1049 915/1049/1048 5041/1052/1051
f 920/1042/1041 918/1044/1043 923/1053/1052
f 924/1051/1050 920/1042/1041 923/1053/1052
f 5040/1054/1053 921/1047/1046 924/1051/1050
f 916/1045/1044 921/1047/1046 5040/1054/1053
f 5041/1052/1051 916/1045/1044 5040/1054/1053
f 923/1053/1052 918/1044/1043 925/1055/1054
f 923/1053/1052 925/1055/1054 926/1056/1055
f 928/1057/1056 922/1058/1057 927/1059/1058
f 5044/1060/1059 919/1061/1060 922/1058/1057
f 925/1055/1054 919/1061/1060 5044/1060/1059
f 5044/1060/1059 922/1058/1057 928/1057/1056
f 5042/1062/1061 5040/1054/1053 930/1063/1062
f 926/1056/1055 925/1055/1054 5044/1060/1059
f 923/1053/1052 926/1056/1055 929/1064/1063
f 928/1057/1056 927/1059/1058 931/1065/1064
f 926/1056/1055 5044/1060/1059 5043/1066/1065
f 937/1067/1066 928/1057/1056 931/1065/1064
f 5044/1060/1059 928/1057/1056 937/1067/1066
f 5045/1068/1067 926/1056/1055 5043/1066/1065
f 929/1064/1063 926/1056/1055 5045/1068/1067
f 927/1059/1058 936/1069/1068 931/1065/1064
f 935/1070/1069 932/1071/1070 934/1072/1071
f 933/1073/1072 932/1071/1070 935/1070/1069
f 935/1070/1069 934/1072/1071 938/1074/1073
f 939/1075/1074 933/1073/1072 935/1070/1069
f 936/1069/1068 933/1073/1072 939/1075/1074
f 940/1076/1075 931/1065/1064 936/1069/1068
f 937/1067/1066 931/1065/1064 940/1076/1075
f 940/1076/1075 936/1069/1068 939/1075/1074
f 941/1077/1076 937/1067/1066 940/1076/1075
f 5047/1078/1077 937/1067/1066 941/1077/1076
f 5051/1079/1078 935/1070/1069 938/1074/1073
f 939/1075/1074 935/1070/1069 5051/1079/1078
f 940/1076/1075 939/1075/1074 943/1080/1079
f 943/1080/1079 939/1075/1074 5051/1079/1078
f 5052/1081/1080 940/1076/1075 943/1080/1079
f 941/1077/1076 940/1076/1075 5052/1081/1080
f 5051/1079/1078 938/1074/1073 947/1082/1081
f 946/1083/1082 5051/1079/1078 947/1082/1081
f 947/1082/1081 938/1074/1073 945/1084/1083
f 942/1085/1084 944/1086/1085 949/1087/1086
f 5055/1088/1087 946/1083/1082 947/1082/1081
f 5052/1081/1080 948/1089/1088 5056/1090/1089
f 947/1082/1081 950/1091/1090 952/1092/1091
f 945/1084/1083 949/1087/1086 954/1093/1092
f 5055/1088/1087 947/1082/1081 952/1092/1091
f 950/1091/1090 945/1084/1083 954/1093/1092
f 5055/1088/1087 952/1092/1091 951/1094/1093
f 949/1087/1086 953/1095/1094 958/1096/1095
f 952/1092/1091 950/1091/1090 5060/1097/1096
f 956/1098/1097 953/1095/1094 955/1099/1098
f 958/1096/1095 953/1095/1094 956/1098/1097
f 957/1100/1099 949/1087/1086 958/1096/1095
f 954/1093/1092 949/1087/1086 957/1100/1099
f 5060/1097/1096 950/1091/1090 954/1093/1092
f 5060/1097/1096 954/1093/1092 957/1100/1099
f 1607/1101/1100 955/1099/1098 1606/1102/1101
f 956/1098/1097 955/1099/1098 1607/1101/1100
f 960/1103/1102 957/1100/1099 958/1096/1095
f 5060/1097/1096 957/1100/1099 960/1103/1102
f 5062/1104/1103 5060/1097/1096 960/1103/1102
f 958/1096/1095 956/1098/1097 1604/1105/1104
f 959/1106/1105 5062/1104/1103 962/1107/1106
f 5064/1108/1107 959/1106/1105 962/1107/1106
f 962/1107/1106 5062/1104/1103 960/1103/1102
f 960/1103/1102 958/1096/1095 961/1109/1108
f 961/1109/1108 958/1096/1095 1604/1105/1104
f 1602/1110/1109 960/1103/1102 1600/1111/1110
f 962/1107/1106 960/1103/1102 1602/1110/1109
f 5064/1108/1107 962/1107/1106 963/1112/1111
f 965/1113/1112 5064/1108/1107 963/1112/1111
f 968/1114/1113 962/1107/1106 1602/1110/1109
f 963/1112/1111 962/1107/1106 968/1114/1113
f 968/1114/1113 1602/1110/1109 964/1115/1114
f 965/1113/1112 963/1112/1111 968/1114/1113
f 966/1116/1115 965/1113/1112 971/1117/1116
f 969/1118/1117 5065/1119/1118 966/1116/1115
f 967/1120/1119 5065/1119/1118 969/1118/1117
f 976/1121/1120 965/1113/1112 968/1114/1113
f 5067/1122/1121 967/1120/1119 969/1118/1117
f 971/1117/1116 965/1113/1112 976/1121/1120
f 969/1118/1117 966/1116/1115 971/1117/1116
f 986/1123/1122 5068/1124/1123 972/1125/1124
f 986/1123/1122 972/1125/1124 985/1126/1125
f 972/1125/1124 973/1127/1126 985/1126/1125
f 970/1128/1127 5067/1122/1121 974/1129/1128
f 5067/1122/1121 969/1118/1117 974/1129/1128
f 969/1118/1117 971/1117/1116 1599/1130/1129
f 973/1127/1126 970/1128/1127 975/1131/1130
f 985/1126/1125 973/1127/1126 980/1132/1131
f 980/1132/1131 973/1127/1126 975/1131/1130
f 975/1131/1130 970/1128/1127 982/1133/1132
f 970/1128/1127 974/1129/1128 982/1133/1132
f 974/1129/1128 1599/1130/1129 979/1134/1133
f 1599/1130/1129 976/1121/1120 979/1134/1133
f 976/1121/1120 977/1135/1134 979/1134/1133
f 979/1134/1133 977/1135/1134 1596/1136/1135
f 977/1135/1134 978/1137/1136 1596/1136/1135
f 974/1129/1128 979/1134/1133 982/1133/1132
f 980/1132/1131 975/1131/1130 982/1133/1132
f 982/1133/1132 979/1134/1133 981/1138/1137
f 982/1133/1132 981/1138/1137 983/1139/1138
f 984/1140/1139 982/1133/1132 983/1139/1138
f 1568/1141/1140 982/1133/1132 984/1140/1139
f 980/1132/1131 982/1133/1132 1568/1141/1140
f 985/1126/1125 980/1132/1131 1567/1142/1141
f 1567/1142/1141 980/1132/1131 1568/1141/1140
f 986/1123/1122 985/1126/1125 1567/1142/1141
f 988/1143/1142 990/1144/1143 5071/1145/1144
f 992/1146/1145 987/1147/1146 991/1148/1147
f 992/1146/1145 991/1148/1147 5109/1149/1148
f 995/1150/1149 994/1151/1150 5229/1152/1151
f 991/1148/1147 995/1150/1149 996/1153/1152
f 5109/1149/1148 991/1148/1147 996/1153/1152
f 993/1154/1153 992/1146/1145 5109/1149/1148
f 5111/1155/1154 5109/1149/1148 996/1153/1152
f 5229/1152/1151 994/1151/1150 5228/1156/1155
f 996/1153/1152 995/1150/1149 5229/1152/1151
f 5111/1155/1154 996/1153/1152 5110/1157/1156
f 5110/1157/1156 996/1153/1152 997/1158/1157
f 998/1159/1158 997/1158/1157 999/1160/1159
f 997/1158/1157 998/1159/1158 5110/1157/1156
f 999/1160/1159 1003/1161/1160 998/1159/1158
f 999/1160/1159 1000/1162/1161 1005/1163/1162
f 1005/1163/1162 1000/1162/1161 1004/1164/1163
f 1002/1165/1164 1001/1166/1165 5110/1157/1156
f 1003/1161/1160 1002/1165/1164 998/1159/1158
f 999/1160/1159 1005/1163/1162 1003/1161/1160
f 1003/1161/1160 1007/1167/1166 1002/1165/1164
f 1006/1168/1167 1010/1169/1168 1005/1163/1162
f 1003/1161/1160 1009/1170/1169 1007/1167/1166
f 1005/1163/1162 1009/1170/1169 1003/1161/1160
f 1006/1168/1167 1008/1171/1170 1011/1172/1171
f 1010/1169/1168 1009/1170/1169 1005/1163/1162
f 1011/1172/1171 1008/1171/1170 1016/1173/1172
f 1014/1174/1173 1012/1175/1174 1018/1176/1175
f 1018/1176/1175 1012/1175/1174 1013/1177/1176
f 1016/1173/1172 1014/1174/1173 1017/1178/1177
f 1016/1173/1172 1015/1179/1178 1011/1172/1171
f 1017/1178/1177 1014/1174/1173 1018/1176/1175
f 1017/1178/1177 1018/1176/1175 1022/1180/1179
f 1022/1180/1179 1018/1176/1175 1020/1181/1180
f 1022/1180/1179 1021/1182/1181 1017/1178/1177
f 1022/1180/1179 1020/1181/1180 1025/1183/1182
f 1025/1183/1182 1020/1181/1180 1026/1184/1183
f 1028/1185/1184 5241/1186/1185 1033/1187/1186
f 1024/1188/1187 1023/1189/1188 1022/1180/1179
f 1025/1183/1182 1029/1190/1189 1024/1188/1187
f 1025/1183/1182 1026/1184/1183 1027/1191/1190
f 1026/1184/1183 1028/1185/1184 1027/1191/1190
f 1027/1191/1190 1029/1190/1189 1025/1183/1182
f 1027/1191/1190 1028/1185/1184 1031/1192/1191
f 1035/1193/1192 1034/1194/1193 1027/1191/1190
f 1031/1192/1191 1035/1193/1192 1027/1191/1190
f 1033/1187/1186 1032/1195/1194 1036/1196/1195
f 1031/1192/1191 1033/1187/1186 1036/1196/1195
f 1037/1197/1196 1035/1193/1192 1031/1192/1191
f 1031/1192/1191 1036/1196/1195 1037/1197/1196
f 1036/1196/1195 5249/1198/1197 1037/1197/1196
f 1038/1199/1198 5255/1200/1199 1037/1197/1196
f 5255/1200/1199 1038/1199/1198 5254/1201/1200
f 5255/1200/1199 5254/1201/1200 1039/1202/1201
f 5254/1201/1200 5253/1203/1202 1040/1204/1203
f 5254/1201/1200 1040/1204/1203 1039/1202/1201
f 5253/1203/1202 1042/1205/1204 1040/1204/1203
f 1040/1204/1203 1043/1206/1205 1039/1202/1201
f 1039/1202/1201 1043/1206/1205 1041/1207/1206
f 1040/1204/1203 1044/1208/1207 1043/1206/1205
f 1040/1204/1203 1042/1205/1204 1044/1208/1207
f 1046/1209/1208 1045/1210/1209 1041/1207/1206
f 1044/1208/1207 1046/1209/1208 1043/1206/1205
f 1043/1206/1205 1046/1209/1208 1041/1207/1206
f 1041/1207/1206 1047/1033/1032 1049/1211/1210
f 1049/1211/1210 1047/1033/1032 1048/1038/1037
f 1039/1202/1201 1041/1207/1206 1102/1212/1211
f 1041/1207/1206 1049/1211/1210 1101/1213/1212
f 1100/1214/1213 1049/1211/1210 1050/1215/1214
f 1099/1216/1215 1050/1215/1214 1051/1217/1216
f 1100/1214/1213 1050/1215/1214 1099/1216/1215
f 1099/1216/1215 1051/1217/1216 1098/1218/1217
f 1051/1217/1216 1053/1219/1218 1096/1220/1219
f 1097/1221/1220 1052/1222/1221 1056/1223/1222
f 1096/1220/1219 1053/1219/1218 1097/1221/1220
f 1098/1218/1217 1051/1217/1216 1096/1220/1219
f 1095/1224/1223 1056/1223/1222 1055/1225/1224
f 1097/1221/1220 1056/1223/1222 1095/1224/1223
f 1059/1226/1225 5042/1062/1061 1057/1227/1226
f 1055/1225/1224 1058/1228/1227 1061/1229/1228
f 1095/1224/1223 1055/1225/1224 1093/1230/1229
f 1093/1230/1229 1055/1225/1224 1061/1229/1228
f 1061/1229/1228 1058/1228/1227 1059/1226/1225
f 1066/1231/1230 1057/1227/1226 1063/1232/1231
f 1059/1226/1225 1057/1227/1226 1066/1231/1230
f 1061/1229/1228 1059/1226/1225 1062/1233/1232
f 1063/1232/1231 5046/1234/1233 1060/1235/1234
f 1062/1233/1232 1059/1226/1225 1066/1231/1230
f 1093/1230/1229 1061/1229/1228 1092/1236/1235
f 1065/1237/1236 1060/1235/1234 1064/1238/1237
f 1061/1229/1228 1062/1233/1232 1072/1239/1238
f 1092/1236/1235 1061/1229/1228 1072/1239/1238
f 1065/1237/1236 1064/1238/1237 1069/1240/1239
f 1068/1241/1240 1063/1232/1231 1065/1237/1236
f 1066/1231/1230 1063/1232/1231 1068/1241/1240
f 1072/1239/1238 1062/1233/1232 1066/1231/1230
f 1072/1239/1238 1066/1231/1230 1071/1242/1241
f 1009/1170/1169 1092/1236/1235 1072/1239/1238
f 1068/1241/1240 1065/1237/1236 1069/1240/1239
f 1071/1242/1241 1066/1231/1230 1068/1241/1240
f 1068/1241/1240 1069/1240/1239 1088/1243/1242
f 1071/1242/1241 1068/1241/1240 1089/1244/1243
f 1067/1245/1244 5054/1246/1245 1074/1247/1246
f 1070/1248/1247 1067/1245/1244 1073/1249/1248
f 1078/1250/1249 1067/1245/1244 1074/1247/1246
f 1073/1249/1248 1067/1245/1244 1078/1250/1249
f 1080/1251/1250 1070/1248/1247 1073/1249/1248
f 1069/1240/1239 1070/1248/1247 1080/1251/1250
f 1076/1252/1251 5061/1253/1252 5063/1254/1253
f 1079/1255/1254 1076/1252/1251 1077/1256/1255
f 1075/1257/1256 1076/1252/1251 1079/1255/1254
f 1074/1247/1246 1075/1257/1256 1079/1255/1254
f 1078/1250/1249 1074/1247/1246 1079/1255/1254
f 1081/1258/1257 1073/1249/1248 1078/1250/1249
f 1080/1251/1250 1073/1249/1248 1081/1258/1257
f 1078/1250/1249 1079/1255/1254 5066/1259/1258
f 1081/1258/1257 1078/1250/1249 1083/1260/1259
f 1087/1261/1260 1080/1251/1250 1086/1262/1261
f 1080/1251/1250 1081/1258/1257 1084/1263/1262
f 1083/1260/1259 1078/1250/1249 5066/1259/1258
f 1081/1258/1257 1083/1260/1259 1084/1263/1262
f 1086/1262/1261 1080/1251/1250 1084/1263/1262
f 1086/1262/1261 1084/1263/1262 1085/1264/1263
f 5069/1265/1264 1086/1262/1261 1085/1264/1263
f 993/1154/1153 1086/1262/1261 5069/1265/1264
f 993/1154/1153 5108/1266/1265 1086/1262/1261
f 5108/1266/1265 1087/1261/1260 1086/1262/1261
f 5110/1157/1156 1001/1166/1165 5108/1266/1265
f 5108/1266/1265 1001/1166/1165 1087/1261/1260
f 998/1159/1158 1002/1165/1164 5110/1157/1156
f 1087/1261/1260 1088/1243/1242 1080/1251/1250
f 1001/1166/1165 1088/1243/1242 1087/1261/1260
f 1001/1166/1165 1089/1244/1243 1088/1243/1242
f 1088/1243/1242 1069/1240/1239 1080/1251/1250
f 1002/1165/1164 1089/1244/1243 1001/1166/1165
f 1002/1165/1164 1071/1242/1241 1089/1244/1243
f 1089/1244/1243 1068/1241/1240 1088/1243/1242
f 1007/1167/1166 1071/1242/1241 1002/1165/1164
f 1007/1167/1166 1072/1239/1238 1071/1242/1241
f 1010/1169/1168 1090/1267/1266 1009/1170/1169
f 1006/1168/1167 1011/1172/1171 1010/1169/1168
f 1009/1170/1169 1072/1239/1238 1007/1167/1166
f 1091/1268/1267 1090/1267/1266 1010/1169/1168
f 1011/1172/1171 1091/1268/1267 1010/1169/1168
f 1015/1179/1178 1091/1268/1267 1011/1172/1171
f 1016/1173/1172 1021/1182/1181 1015/1179/1178
f 1017/1178/1177 1021/1182/1181 1016/1173/1172
f 1090/1267/1266 1092/1236/1235 1009/1170/1169
f 1090/1267/1266 1093/1230/1229 1092/1236/1235
f 1091/1268/1267 1093/1230/1229 1090/1267/1266
f 1015/1179/1178 1094/1269/1268 1091/1268/1267
f 1021/1182/1181 1094/1269/1268 1015/1179/1178
f 1022/1180/1179 1023/1189/1188 1021/1182/1181
f 1025/1183/1182 1024/1188/1187 1022/1180/1179
f 1091/1268/1267 1095/1224/1223 1093/1230/1229
f 1094/1269/1268 1095/1224/1223 1091/1268/1267
f 1021/1182/1181 1096/1220/1219 1094/1269/1268
f 1023/1189/1188 1096/1220/1219 1021/1182/1181
f 1098/1218/1217 1096/1220/1219 1023/1189/1188
f 1094/1269/1268 1097/1221/1220 1095/1224/1223
f 1096/1220/1219 1097/1221/1220 1094/1269/1268
f 1024/1188/1187 1098/1218/1217 1023/1189/1188
f 1024/1188/1187 1099/1216/1215 1098/1218/1217
f 1029/1190/1189 1099/1216/1215 1024/1188/1187
f 1029/1190/1189 1100/1214/1213 1099/1216/1215
f 1027/1191/1190 1034/1194/1193 1029/1190/1189
f 1101/1213/1212 1100/1214/1213 1029/1190/1189
f 1102/1212/1211 1101/1213/1212 1029/1190/1189
f 1034/1194/1193 1102/1212/1211 1029/1190/1189
f 1101/1213/1212 1049/1211/1210 1100/1214/1213
f 1035/1193/1192 1102/1212/1211 1034/1194/1193
f 1037/1197/1196 5255/1200/1199 1035/1193/1192
f 1102/1212/1211 1041/1207/1206 1101/1213/1212
f 1035/1193/1192 1039/1202/1201 1102/1212/1211
f 5255/1200/1199 1039/1202/1201 1035/1193/1192
f 1107/1270/1269 1108/1271/1270 1106/1272/1271
f 1109/1273/1272 1108/1271/1270 1107/1270/1269
f 1109/1273/1272 1110/1274/1273 1108/1271/1270
f 1111/1275/1274 1110/1274/1273 1109/1273/1272
f 1111/1275/1274 1112/1276/1275 1110/1274/1273
f 1113/1277/1276 1112/1276/1275 1111/1275/1274
f 1113/1277/1276 1114/1278/1277 1112/1276/1275
f 1115/1279/1278 1114/1278/1277 1113/1277/1276
f 1115/1279/1278 1116/1280/1279 1114/1278/1277
f 1117/1281/1280 1116/1280/1279 1115/1279/1278
f 1117/1281/1280 1118/1282/1281 1116/1280/1279
f 1119/1283/1282 1118/1282/1281 1117/1281/1280
f 1119/1283/1282 1120/1284/1283 1118/1282/1281
f 3448/1285/1284 421/468/467 433/467/466
f 1121/469/468 421/468/467 3448/1285/1284
f 1104/1286/1285 423/471/470 1121/469/468
f 1103/1287/1286 423/471/470 1104/1286/1285
f 1103/1287/1286 1122/1288/1287 423/471/470
f 1105/1289/1288 1122/1288/1287 1103/1287/1286
f 1105/1289/1288 1123/1290/1289 1122/1288/1287
f 1106/1272/1271 1123/1290/1289 1105/1289/1288
f 1106/1272/1271 1124/1291/1290 1123/1290/1289
f 1108/1271/1270 1124/1291/1290 1106/1272/1271
f 1108/1271/1270 1125/1292/1291 1124/1291/1290
f 1110/1274/1273 1125/1292/1291 1108/1271/1270
f 1112/1276/1275 1125/1292/1291 1110/1274/1273
f 1112/1276/1275 1126/1293/1292 1125/1292/1291
f 1122/1288/1287 424/472/471 423/471/470
f 1122/1288/1287 1127/1294/1293 424/472/471
f 1123/1290/1289 1127/1294/1293 1122/1288/1287
f 1123/1290/1289 1128/1295/1294 1127/1294/1293
f 1124/1291/1290 1128/1295/1294 1123/1290/1289
f 1124/1291/1290 1129/1296/1295 1128/1295/1294
f 1125/1292/1291 1129/1296/1295 1124/1291/1290
f 1125/1292/1291 1130/1297/1296 1129/1296/1295
f 1125/1292/1291 1131/1298/1297 1130/1297/1296
f 1126/1293/1292 1131/1298/1297 1125/1292/1291
f 1126/1293/1292 1132/1299/1298 1131/1298/1297
f 1133/1300/1299 1132/1299/1298 1126/1293/1292
f 1133/1300/1299 1134/1301/1300 1132/1299/1298
f 1135/1302/1301 1134/1301/1300 1133/1300/1299
f 1135/1302/1301 1136/1303/1302 1134/1301/1300
f 1137/1304/1303 1136/1303/1302 1135/1302/1301
f 1137/1304/1303 1138/1305/1304 1136/1303/1302
f 1134/1301/1300 1139/1306/1305 1132/1299/1298
f 1132/1299/1298 1139/1306/1305 1131/1298/1297
f 1129/1296/1295 1140/1307/1306 1128/1295/1294
f 1128/1295/1294 1140/1307/1306 1141/1308/1307
f 1128/1295/1294 1141/1308/1307 1127/1294/1293
f 1127/1294/1293 1141/1308/1307 424/472/471
f 422/470/469 469/523/522 405/452/451
f 405/452/451 469/523/522 407/453/452
f 424/472/471 470/522/521 422/470/469
f 1141/1308/1307 470/522/521 424/472/471
f 1131/1298/1297 1142/1309/1308 1130/1297/1296
f 1139/1306/1305 1142/1309/1308 1131/1298/1297
f 1139/1306/1305 1143/1310/1309 1142/1309/1308
f 1144/1311/1310 1143/1310/1309 1139/1306/1305
f 1144/1311/1310 1145/1312/1311 1143/1310/1309
f 1146/1313/1312 1145/1312/1311 1144/1311/1310
f 1146/1313/1312 1147/1314/1313 1145/1312/1311
f 1141/1308/1307 484/539/538 470/522/521
f 1141/1308/1307 485/540/539 484/539/538
f 1140/1307/1306 485/540/539 1141/1308/1307
f 1129/1296/1295 1148/546/545 1140/1307/1306
f 1130/1297/1296 1148/546/545 1129/1296/1295
f 1130/1297/1296 1149/1315/1314 1148/546/545
f 1142/1309/1308 1149/1315/1314 1130/1297/1296
f 1142/1309/1308 1150/1316/1315 1149/1315/1314
f 1143/1310/1309 1150/1316/1315 1142/1309/1308
f 1143/1310/1309 1151/1317/1316 1150/1316/1315
f 1145/1312/1311 1151/1317/1316 1143/1310/1309
f 1145/1312/1311 1152/1318/1317 1151/1317/1316
f 1147/1314/1313 1152/1318/1317 1145/1312/1311
f 1147/1314/1313 1153/1319/1318 1152/1318/1317
f 1140/1307/1306 486/541/540 485/540/539
f 1140/1307/1306 489/544/543 486/541/540
f 1148/546/545 489/544/543 1140/1307/1306
f 1149/1315/1314 491/548/547 1148/546/545
f 1150/1316/1315 491/548/547 1149/1315/1314
f 1150/1316/1315 493/549/548 491/548/547
f 1151/1317/1316 493/549/548 1150/1316/1315
f 1151/1317/1316 1154/1320/1319 493/549/548
f 1152/1318/1317 1154/1320/1319 1151/1317/1316
f 1153/1319/1318 1155/1321/1320 1152/1318/1317
f 1156/1322/1321 1155/1321/1320 1153/1319/1318
f 1156/1322/1321 1157/1323/1322 1155/1321/1320
f 1158/1324/1323 1157/1323/1322 1156/1322/1321
f 1158/1324/1323 1159/1325/1324 1157/1323/1322
f 1154/1320/1319 494/550/549 493/549/548
f 1154/1320/1319 1160/1326/1325 494/550/549
f 1152/1318/1317 1160/1326/1325 1154/1320/1319
f 1152/1318/1317 1161/1327/1326 1160/1326/1325
f 1155/1321/1320 1161/1327/1326 1152/1318/1317
f 1155/1321/1320 1162/1328/1327 1161/1327/1326
f 1157/1323/1322 1162/1328/1327 1155/1321/1320
f 1157/1323/1322 1163/1329/1328 1162/1328/1327
f 1159/1325/1324 1163/1329/1328 1157/1323/1322
f 1159/1325/1324 1164/1330/1329 1163/1329/1328
f 1165/1331/1330 1164/1330/1329 1159/1325/1324
f 1165/1331/1330 1166/1332/1331 1164/1330/1329
f 1167/1333/1332 1166/1332/1331 1165/1331/1330
f 1167/1333/1332 1168/1334/1333 1166/1332/1331
f 1169/1335/1334 1168/1334/1333 1167/1333/1332
f 1169/1335/1334 1170/1336/1335 1168/1334/1333
f 3780/1337/1336 1170/1336/1335 1169/1335/1334
f 3780/1337/1336 3782/1338/1337 1170/1336/1335
f 492/547/546 501/1339/1338 490/545/544
f 492/547/546 1171/1340/1339 501/1339/1338
f 494/550/549 1171/1340/1339 492/547/546
f 494/550/549 1172/1341/1340 1171/1340/1339
f 1160/1326/1325 1172/1341/1340 494/550/549
f 1160/1326/1325 1173/1342/1341 1172/1341/1340
f 1161/1327/1326 1173/1342/1341 1160/1326/1325
f 1161/1327/1326 1174/1343/1342 1173/1342/1341
f 1162/1328/1327 1174/1343/1342 1161/1327/1326
f 1162/1328/1327 1175/1344/1343 1174/1343/1342
f 1163/1329/1328 1175/1344/1343 1162/1328/1327
f 1163/1329/1328 1176/1345/1344 1175/1344/1343
f 1164/1330/1329 1176/1345/1344 1163/1329/1328
f 1164/1330/1329 1177/1346/1345 1176/1345/1344
f 1166/1332/1331 1177/1346/1345 1164/1330/1329
f 1166/1332/1331 1178/1347/1346 1177/1346/1345
f 501/1339/1338 508/564/563 490/545/544
f 501/1339/1338 510/569/568 508/564/563
f 501/1339/1338 1179/1348/1347 510/569/568
f 1171/1340/1339 1179/1348/1347 501/1339/1338
f 1171/1340/1339 1180/573/572 1179/1348/1347
f 1172/1341/1340 1180/573/572 1171/1340/1339
f 1173/1342/1341 1181/1349/1348 1172/1341/1340
f 1174/1343/1342 1181/1349/1348 1173/1342/1341
f 1175/1344/1343 1182/1350/1349 1174/1343/1342
f 1176/1345/1344 1182/1350/1349 1175/1344/1343
f 1176/1345/1344 1183/1351/1350 1182/1350/1349
f 1177/1346/1345 1183/1351/1350 1176/1345/1344
f 1177/1346/1345 1184/1352/1351 1183/1351/1350
f 1179/1348/1347 511/571/570 510/569/568
f 1179/1348/1347 1180/573/572 511/571/570
f 1172/1341/1340 519/575/574 1180/573/572
f 1181/1349/1348 519/575/574 1172/1341/1340
f 1181/1349/1348 1185/1353/1352 519/575/574
f 1174/1343/1342 1185/1353/1352 1181/1349/1348
f 1174/1343/1342 1186/1354/1353 1185/1353/1352
f 1182/1350/1349 1186/1354/1353 1174/1343/1342
f 1182/1350/1349 1187/1355/1354 1186/1354/1353
f 1183/1351/1350 1187/1355/1354 1182/1350/1349
f 1185/1353/1352 520/576/575 519/575/574
f 1185/1353/1352 1189/1356/1355 520/576/575
f 1186/1354/1353 1189/1356/1355 1185/1353/1352
f 1183/1351/1350 1190/1357/1356 1187/1355/1354
f 1184/1352/1351 1190/1357/1356 1183/1351/1350
f 1184/1352/1351 1191/1358/1357 1190/1357/1356
f 1188/1359/1358 1191/1358/1357 1184/1352/1351
f 1188/1359/1358 1192/1360/1359 1191/1358/1357
f 3787/1361/1360 1192/1360/1359 1188/1359/1358
f 3787/1361/1360 1193/1362/1361 1192/1360/1359
f 1194/1363/1362 1193/1362/1361 3787/1361/1360
f 518/574/573 1195/1364/1363 517/572/571
f 1186/1354/1353 1196/1365/1364 1189/1356/1355
f 1186/1354/1353 1197/1366/1365 1196/1365/1364
f 1187/1355/1354 1197/1366/1365 1186/1354/1353
f 1187/1355/1354 1198/1367/1366 1197/1366/1365
f 1190/1357/1356 1198/1367/1366 1187/1355/1354
f 515/568/567 531/589/588 528/584/583
f 515/568/567 1199/598/597 531/589/588
f 517/572/571 1199/598/597 515/568/567
f 517/572/571 1195/1364/1363 1199/598/597
f 518/574/573 1200/1368/1367 1195/1364/1363
f 520/576/575 1200/1368/1367 518/574/573
f 520/576/575 1201/1369/1368 1200/1368/1367
f 1189/1356/1355 1201/1369/1368 520/576/575
f 1189/1356/1355 1196/1365/1364 1201/1369/1368
f 1197/1366/1365 1202/1370/1369 1196/1365/1364
f 1195/1364/1363 1203/599/598 1199/598/597
f 1200/1368/1367 1203/599/598 1195/1364/1363
f 1200/1368/1367 1201/1369/1368 1203/599/598
f 1196/1365/1364 1204/1371/1370 1201/1369/1368
f 1202/1370/1369 1204/1371/1370 1196/1365/1364
f 1197/1366/1365 1205/1372/1371 1202/1370/1369
f 1198/1367/1366 1205/1372/1371 1197/1366/1365
f 1201/1369/1368 542/600/599 1203/599/598
f 1201/1369/1368 543/604/603 542/600/599
f 1204/1371/1370 543/604/603 1201/1369/1368
f 1204/1371/1370 545/606/605 543/604/603
f 1202/1370/1369 545/606/605 1204/1371/1370
f 1205/1372/1371 545/606/605 1202/1370/1369
f 1205/1372/1371 1206/1373/1372 545/606/605
f 3791/1374/1373 1206/1373/1372 1205/1372/1371
f 3791/1374/1373 1207/1375/1374 1206/1373/1372
f 3792/1376/1375 1207/1375/1374 3791/1374/1373
f 1206/1373/1372 546/607/606 545/606/605
f 1206/1373/1372 1208/1377/1376 546/607/606
f 1207/1375/1374 1208/1377/1376 1206/1373/1372
f 544/605/604 554/615/614 541/603/602
f 544/605/604 1211/1378/1377 554/615/614
f 546/607/606 1211/1378/1377 544/605/604
f 546/607/606 1212/1379/1378 1211/1378/1377
f 1208/1377/1376 1212/1379/1378 546/607/606
f 1208/1377/1376 1213/1380/1379 1212/1379/1378
f 1207/1375/1374 1213/1380/1379 1208/1377/1376
f 1207/1375/1374 1214/1381/1380 1213/1380/1379
f 1209/1382/1381 1214/1381/1380 1207/1375/1374
f 554/615/614 562/619/618 553/614/613
f 554/615/614 1215/624/623 562/619/618
f 1211/1378/1377 1215/624/623 554/615/614
f 1211/1378/1377 1216/1383/1382 1215/624/623
f 1212/1379/1378 1216/1383/1382 1211/1378/1377
f 1213/1380/1379 1216/1383/1382 1212/1379/1378
f 1213/1380/1379 1217/1384/1383 1216/1383/1382
f 1214/1381/1380 1217/1384/1383 1213/1380/1379
f 1216/1383/1382 566/628/627 1215/624/623
f 1216/1383/1382 1218/1385/1384 566/628/627
f 1217/1384/1383 1218/1385/1384 1216/1383/1382
f 1214/1381/1380 1219/1386/1385 1217/1384/1383
f 1217/1384/1383 1220/1387/1386 1218/1385/1384
f 1219/1386/1385 1220/1387/1386 1217/1384/1383
f 3799/1388/1387 1221/1389/1388 1219/1386/1385
f 3800/1390/1389 1221/1389/1388 3799/1388/1387
f 566/628/627 1222/1391/1390 565/627/626
f 1218/1385/1384 1223/1392/1391 566/628/627
f 1220/1387/1386 1223/1392/1391 1218/1385/1384
f 1219/1386/1385 1224/1393/1392 1220/1387/1386
f 564/626/625 572/636/635 570/633/632
f 564/626/625 1225/638/637 572/636/635
f 565/627/626 1225/638/637 564/626/625
f 565/627/626 1222/1391/1390 1225/638/637
f 566/628/627 1223/1392/1391 1222/1391/1390
f 1220/1387/1386 1226/642/641 1223/1392/1391
f 1222/1391/1390 1227/1394/1393 1225/638/637
f 1223/1392/1391 1227/1394/1393 1222/1391/1390
f 1223/1392/1391 1226/642/641 1227/1394/1393
f 1227/1394/1393 577/639/638 1225/638/637
f 1227/1394/1393 1226/642/641 577/639/638
f 1224/1393/1392 3804/1395/1394 1226/642/641
f 3804/1395/1394 1228/643/642 1226/642/641
f 3805/1396/1395 1228/643/642 3804/1395/1394
f 3805/1396/1395 1229/1397/1396 1228/643/642
f 3806/1398/1397 3807/1399/1398 1229/1397/1396
f 1228/643/642 580/644/643 578/641/640
f 580/644/643 1230/1400/1399 582/647/646
f 1228/643/642 1230/1400/1399 580/644/643
f 1229/1397/1396 1230/1400/1399 1228/643/642
f 1229/1397/1396 1231/1401/1400 1230/1400/1399
f 1230/1400/1399 583/648/647 582/647/646
f 1230/1400/1399 585/1402/1401 583/648/647
f 1230/1400/1399 1232/1403/1402 585/1402/1401
f 1231/1401/1400 1232/1403/1402 1230/1400/1399
f 3808/1404/1403 1233/1405/1404 1231/1401/1400
f 3809/1406/1405 3811/1407/1406 1233/1405/1404
f 585/1402/1401 587/651/650 583/648/647
f 585/1402/1401 1234/1408/1407 587/651/650
f 585/1402/1401 1235/1409/1408 1234/1408/1407
f 585/1402/1401 1232/1403/1402 1235/1409/1408
f 1231/1401/1400 1233/1405/1404 1232/1403/1402
f 1232/1403/1402 1236/1410/1409 1235/1409/1408
f 1235/1409/1408 1237/659/658 1234/1408/1407
f 1235/1409/1408 1238/660/659 1237/659/658
f 1236/1410/1409 1238/660/659 1235/1409/1408
f 1234/1408/1407 1237/659/658 587/651/650
f 1236/1410/1409 1240/1411/1410 1238/660/659
f 1240/1411/1410 1239/662/661 1238/660/659
f 1240/1411/1410 1241/1412/1411 1239/662/661
f 1239/662/661 1242/666/665 590/661/660
f 1241/1412/1411 594/673/672 1239/662/661
f 590/661/660 593/664/663 1237/659/658
f 594/673/672 1242/666/665 1239/662/661
f 1241/1412/1411 1243/1413/1412 594/673/672
f 1241/1412/1411 3814/1414/1413 1243/1413/1412
f 592/668/667 589/658/657 593/664/663
f 593/664/663 590/661/660 3864/670/669
f 3864/670/669 590/661/660 1244/667/666
f 1244/667/666 1242/666/665 1245/671/670
f 1245/671/670 1242/666/665 594/673/672
f 1247/675/674 3814/1414/1413 1251/1415/1414
f 1247/675/674 1243/1413/1412 3814/1414/1413
f 594/673/672 1243/1413/1412 1247/675/674
f 1248/1416/1415 1245/671/670 1249/674/673
f 1625/1417/1416 1246/672/671 1248/1416/1415
f 1630/676/675 1246/672/671 1625/1417/1416
f 1628/1418/1417 1630/676/675 1625/1417/1416
f 1626/1419/1418 1247/675/674 1250/1420/1419
f 1248/1416/1415 1249/674/673 1254/1421/1420
f 1624/1422/1421 1249/674/673 1626/1419/1418
f 1254/1421/1420 1249/674/673 1624/1422/1421
f 1625/1417/1416 1248/1416/1415 1254/1421/1420
f 1255/1423/1422 1250/1420/1419 1253/1424/1423
f 1623/1425/1424 1250/1420/1419 1255/1423/1422
f 1626/1419/1418 1250/1420/1419 1623/1425/1424
f 1253/1424/1423 1251/1415/1414 1256/1426/1425
f 1255/1423/1422 1253/1424/1423 1622/1427/1426
f 1622/1427/1426 1253/1424/1423 1256/1426/1425
f 1623/1425/1424 1255/1423/1422 1622/1427/1426
f 1264/1428/1427 1256/1426/1425 1257/1429/1428
f 1622/1427/1426 1256/1426/1425 1264/1428/1427
f 1621/1430/1429 1623/1425/1424 1622/1427/1426
f 934/1072/1071 1623/1425/1424 1621/1430/1429
f 1257/1429/1428 1260/1431/1430 1259/1432/1431
f 1266/1433/1432 1261/1434/1433 1262/1435/1434
f 1258/1436/1435 1261/1434/1433 1266/1433/1432
f 1268/1437/1436 1258/1436/1435 1266/1433/1432
f 1259/1432/1431 1258/1436/1435 1268/1437/1436
f 1268/1437/1436 1266/1433/1432 1267/1438/1437
f 1257/1429/1428 1259/1432/1431 1268/1437/1436
f 1273/1439/1438 1257/1429/1428 1268/1437/1436
f 1264/1428/1427 1257/1429/1428 1273/1439/1438
f 1272/1440/1439 1268/1437/1436 1267/1438/1437
f 1270/1441/1440 1266/1433/1432 1265/1442/1441
f 1267/1438/1437 1266/1433/1432 1270/1441/1440
f 1271/1443/1442 1267/1438/1437 1270/1441/1440
f 1274/1444/1443 1269/1445/1444 1276/1446/1445
f 1265/1442/1441 1269/1445/1444 1274/1444/1443
f 1270/1441/1440 1265/1442/1441 1274/1444/1443
f 1268/1437/1436 1272/1440/1439 1290/1447/1446
f 1271/1443/1442 1270/1441/1440 1279/1448/1447
f 1619/1449/1448 1271/1443/1442 1279/1448/1447
f 1272/1440/1439 1271/1443/1442 1619/1449/1448
f 1290/1447/1446 1272/1440/1439 1619/1449/1448
f 1618/1450/1449 1268/1437/1436 1290/1447/1446
f 1273/1439/1438 1268/1437/1436 1618/1450/1449
f 1620/1451/1450 1273/1439/1438 1618/1450/1449
f 1620/1451/1450 1618/1450/1449 944/1086/1085
f 1276/1446/1445 3797/1452/1451 1275/1453/1452
f 1277/1454/1453 1276/1446/1445 1275/1453/1452
f 1278/1455/1454 1277/1454/1453 1282/1456/1455
f 1277/1454/1453 1275/1453/1452 1283/1457/1456
f 1284/1458/1457 1277/1454/1453 1283/1457/1456
f 1282/1456/1455 1277/1454/1453 1284/1458/1457
f 1279/1448/1447 1278/1455/1454 1282/1456/1455
f 1619/1449/1448 1279/1448/1447 1287/1459/1458
f 1281/1460/1459 1280/1461/1460 1285/1462/1461
f 1275/1453/1452 1281/1460/1459 1293/1463/1462
f 1283/1457/1456 1275/1453/1452 1293/1463/1462
f 1284/1458/1457 1283/1457/1456 1289/1464/1463
f 1286/1465/1464 1282/1456/1455 1284/1458/1457
f 1279/1448/1447 1282/1456/1455 1286/1465/1464
f 1287/1459/1458 1279/1448/1447 1286/1465/1464
f 1293/1463/1462 1281/1460/1459 1285/1462/1461
f 1289/1464/1463 1283/1457/1456 1293/1463/1462
f 1284/1458/1457 1289/1464/1463 1288/1466/1465
f 1295/1467/1466 1284/1458/1457 1288/1466/1465
f 1286/1465/1464 1284/1458/1457 1295/1467/1466
f 1298/1468/1467 1286/1465/1464 1295/1467/1466
f 1287/1459/1458 1286/1465/1464 1298/1468/1467
f 1296/1469/1468 1287/1459/1458 1298/1468/1467
f 1290/1447/1446 1296/1469/1468 1617/1470/1469
f 953/1095/1094 1290/1447/1446 1617/1470/1469
f 1291/1471/1470 1293/1463/1462 1292/1472/1471
f 1299/1473/1472 1293/1463/1462 1291/1471/1470
f 1288/1466/1465 1289/1464/1463 1294/1474/1473
f 1295/1467/1466 1288/1466/1465 1294/1474/1473
f 1617/1470/1469 1296/1469/1468 1616/1475/1474
f 1294/1474/1473 1289/1464/1463 1299/1473/1472
f 1295/1467/1466 1294/1474/1473 1297/1476/1475
f 1301/1477/1476 1295/1467/1466 1297/1476/1475
f 1298/1468/1467 1295/1467/1466 1301/1477/1476
f 1291/1471/1470 1292/1472/1471 1305/1478/1477
f 1307/1479/1478 1291/1471/1470 1305/1478/1477
f 1299/1473/1472 1291/1471/1470 1307/1479/1478
f 1301/1477/1476 1297/1476/1475 1300/1480/1479
f 1303/1481/1480 1298/1468/1467 1301/1477/1476
f 1296/1469/1468 1298/1468/1467 1303/1481/1480
f 1294/1474/1473 1299/1473/1472 1308/1482/1481
f 1302/1483/1482 1294/1474/1473 1308/1482/1481
f 1297/1476/1475 1294/1474/1473 1302/1483/1482
f 1300/1480/1479 1297/1476/1475 1302/1483/1482
f 1301/1477/1476 1300/1480/1479 1613/1484/1483
f 1303/1481/1480 1301/1477/1476 1613/1484/1483
f 1611/1485/1484 1296/1469/1468 1303/1481/1480
f 1616/1475/1474 1296/1469/1468 1611/1485/1484
f 1306/1486/1485 3784/1487/1486 1304/1488/1487
f 1305/1478/1477 3784/1487/1486 1306/1486/1485
f 1307/1479/1478 1305/1478/1477 1306/1486/1485
f 1308/1482/1481 1307/1479/1478 1306/1486/1485
f 1300/1480/1479 1302/1483/1482 1614/1489/1488
f 1613/1484/1483 1300/1480/1479 1614/1489/1488
f 1303/1481/1480 1613/1484/1483 1615/1490/1489
f 1310/1491/1490 1304/1488/1487 1309/1492/1491
f 1311/1493/1492 1304/1488/1487 1310/1491/1490
f 1306/1486/1485 1304/1488/1487 1311/1493/1492
f 1308/1482/1481 1306/1486/1485 1315/1494/1493
f 1316/1495/1494 1308/1482/1481 1315/1494/1493
f 1302/1483/1482 1308/1482/1481 1316/1495/1494
f 1614/1489/1488 1302/1483/1482 1316/1495/1494
f 1313/1496/1495 1309/1492/1491 1312/1497/1496
f 1310/1491/1490 1309/1492/1491 1313/1496/1495
f 1314/1498/1497 1310/1491/1490 1313/1496/1495
f 1311/1493/1492 1310/1491/1490 1314/1498/1497
f 1306/1486/1485 1311/1493/1492 1314/1498/1497
f 1315/1494/1493 1306/1486/1485 1314/1498/1497
f 1315/1494/1493 1314/1498/1497 1326/1499/1498
f 1326/1499/1498 1314/1498/1497 1317/1500/1499
f 1317/1500/1499 1314/1498/1497 1325/1501/1500
f 1314/1498/1497 1313/1496/1495 1325/1501/1500
f 1325/1501/1500 1313/1496/1495 1324/1502/1501
f 1324/1502/1501 1313/1496/1495 1322/1503/1502
f 1313/1496/1495 1312/1497/1496 1322/1503/1502
f 1322/1503/1502 1312/1497/1496 1318/1504/1503
f 1312/1497/1496 1319/1505/1504 1318/1504/1503
f 1318/1504/1503 1319/1505/1504 1320/1506/1505
f 1319/1505/1504 1321/1507/1506 1320/1506/1505
f 1327/1508/1507 1317/1500/1499 1325/1501/1500
f 1326/1499/1498 1317/1500/1499 1327/1508/1507
f 1330/1509/1508 1326/1499/1498 1327/1508/1507
f 1612/1510/1509 1326/1499/1498 1328/1511/1510
f 1326/1499/1498 1330/1509/1508 1329/1512/1511
f 1328/1511/1510 1326/1499/1498 1329/1512/1511
f 1330/1509/1508 1327/1508/1507 1331/1513/1512
f 1331/1513/1512 1333/1514/1513 1332/1515/1514
f 1332/1515/1514 1333/1514/1513 1334/1516/1515
f 1328/1511/1510 1329/1512/1511 1336/1517/1516
f 1336/1517/1516 1329/1512/1511 1337/1518/1517
f 1329/1512/1511 1330/1509/1508 1337/1518/1517
f 1337/1518/1517 1330/1509/1508 1340/1519/1518
f 1330/1509/1508 1331/1513/1512 1340/1519/1518
f 1340/1519/1518 1331/1513/1512 1342/1520/1519
f 1331/1513/1512 1332/1515/1514 1342/1520/1519
f 1342/1520/1519 1332/1515/1514 1338/1521/1520
f 1332/1515/1514 1334/1516/1515 1338/1521/1520
f 1334/1516/1515 1335/1522/1521 1338/1521/1520
f 1338/1521/1520 1335/1522/1521 1339/1523/1522
f 1338/1521/1520 1339/1523/1522 1343/1524/1523
f 1343/1524/1523 1339/1523/1522 1344/1525/1524
f 1336/1517/1516 1337/1518/1517 1341/1526/1525
f 1341/1526/1525 1337/1518/1517 1350/1527/1526
f 1337/1518/1517 1340/1519/1518 1350/1527/1526
f 1350/1527/1526 1340/1519/1518 1346/1528/1527
f 1340/1519/1518 1342/1520/1519 1346/1528/1527
f 1342/1520/1519 1338/1521/1520 1347/1529/1528
f 1338/1521/1520 1343/1524/1523 1347/1529/1528
f 1367/1530/1529 1341/1526/1525 1354/1531/1530
f 1341/1526/1525 1350/1527/1526 1354/1531/1530
f 1346/1528/1527 1342/1520/1519 1347/1529/1528
f 1347/1529/1528 1343/1524/1523 1352/1532/1531
f 1343/1524/1523 1344/1525/1524 1352/1532/1531
f 1352/1532/1531 1344/1525/1524 1348/1533/1532
f 1344/1525/1524 1345/1534/1533 1348/1533/1532
f 1348/1533/1532 1345/1534/1533 1349/1535/1534
f 1350/1527/1526 1346/1528/1527 1351/1536/1535
f 1346/1528/1527 1347/1529/1528 1351/1536/1535
f 1352/1532/1531 1348/1533/1532 1356/1537/1536
f 1356/1537/1536 1348/1533/1532 1353/1538/1537
f 1348/1533/1532 1349/1535/1534 1353/1538/1537
f 1354/1531/1530 1350/1527/1526 1357/1539/1538
f 1350/1527/1526 1351/1536/1535 1357/1539/1538
f 1351/1536/1535 1347/1529/1528 1355/1540/1539
f 1347/1529/1528 1352/1532/1531 1355/1540/1539
f 1355/1540/1539 1352/1532/1531 1356/1537/1536
f 1355/1540/1539 1356/1537/1536 1361/1541/1540
f 1367/1530/1529 1354/1531/1530 1366/1542/1541
f 1366/1542/1541 1354/1531/1530 1359/1543/1542
f 1354/1531/1530 1357/1539/1538 1359/1543/1542
f 1357/1539/1538 1351/1536/1535 1360/1544/1543
f 1351/1536/1535 1355/1540/1539 1360/1544/1543
f 1366/1542/1541 1359/1543/1542 1358/1545/1544
f 1359/1543/1542 1357/1539/1538 1360/1544/1543
f 1358/1545/1544 1359/1543/1542 1363/1546/1545
f 1359/1543/1542 1360/1544/1543 1363/1546/1545
f 1365/1547/1546 1358/1545/1544 1363/1546/1545
f 1366/1542/1541 1358/1545/1544 1365/1547/1546
f 1369/1548/1547 1367/1530/1529 1366/1542/1541
f 1372/1549/1548 1341/1526/1525 1367/1530/1529
f 1372/1549/1548 1336/1517/1516 1341/1526/1525
f 1610/1550/1549 1336/1517/1516 1372/1549/1548
f 1517/1551/1550 1365/1547/1546 1368/1552/1551
f 1517/1551/1550 1366/1542/1541 1365/1547/1546
f 1376/1553/1552 1366/1542/1541 1517/1551/1550
f 1376/1553/1552 1369/1548/1547 1366/1542/1541
f 1370/1554/1553 1369/1548/1547 1376/1553/1552
f 1371/1555/1554 1367/1530/1529 1369/1548/1547
f 1371/1555/1554 1372/1549/1548 1367/1530/1529
f 1371/1555/1554 1369/1548/1547 1370/1554/1553
f 1373/1556/1555 1372/1549/1548 1371/1555/1554
f 1380/1557/1556 1372/1549/1548 1373/1556/1555
f 1380/1557/1556 1609/1558/1557 1372/1549/1548
f 1608/1559/1558 1609/1558/1557 1380/1557/1556
f 1605/1560/1559 1608/1559/1558 1380/1557/1556
f 1373/1556/1555 1371/1555/1554 1374/1561/1560
f 1374/1561/1560 1371/1555/1554 1370/1554/1553
f 1374/1561/1560 1370/1554/1553 1375/1562/1561
f 1375/1562/1561 1370/1554/1553 1376/1553/1552
f 1375/1562/1561 1376/1553/1552 1378/1563/1562
f 1514/1564/1563 1378/1563/1562 1377/1565/1564
f 1379/1566/1565 1375/1562/1561 1378/1563/1562
f 1382/1567/1566 1375/1562/1561 1379/1566/1565
f 1382/1567/1566 1374/1561/1560 1375/1562/1561
f 1383/1568/1567 1374/1561/1560 1382/1567/1566
f 1383/1568/1567 1373/1556/1555 1374/1561/1560
f 1379/1566/1565 1378/1563/1562 1513/1569/1568
f 1605/1560/1559 1380/1557/1556 1383/1568/1567
f 1381/1570/1569 1379/1566/1565 1513/1569/1568
f 1385/1571/1570 1379/1566/1565 1381/1570/1569
f 1382/1567/1566 1379/1566/1565 1385/1571/1570
f 1384/1572/1571 1383/1568/1567 1382/1567/1566
f 1387/1573/1572 1383/1568/1567 1384/1572/1571
f 1516/1574/1573 1385/1571/1570 1381/1570/1569
f 1384/1572/1571 1382/1567/1566 1385/1571/1570
f 1605/1560/1559 1383/1568/1567 1387/1573/1572
f 1388/1575/1574 1605/1560/1559 1387/1573/1572
f 1386/1576/1575 1384/1572/1571 1385/1571/1570
f 1386/1576/1575 1387/1573/1572 1384/1572/1571
f 1389/1577/1576 1388/1575/1574 1387/1573/1572
f 1390/1578/1577 1388/1575/1574 1389/1577/1576
f 1512/1579/1578 1386/1576/1575 1385/1571/1570
f 1515/1580/1579 1386/1576/1575 1512/1579/1578
f 1389/1577/1576 1386/1576/1575 1515/1580/1579
f 1389/1577/1576 1387/1573/1572 1386/1576/1575
f 1390/1578/1577 1389/1577/1576 1515/1580/1579
f 1397/1581/1580 1390/1578/1577 1515/1580/1579
f 1391/1582/1581 1390/1578/1577 1392/1583/1582
f 1394/1584/1583 1391/1582/1581 1392/1583/1582
f 1393/1585/1584 1391/1582/1581 1394/1584/1583
f 1393/1585/1584 1394/1584/1583 1398/1586/1585
f 1598/1587/1586 1393/1585/1584 1398/1586/1585
f 1394/1584/1583 1392/1583/1582 1401/1588/1587
f 1401/1588/1587 1392/1583/1582 1399/1589/1588
f 1598/1587/1586 1398/1586/1585 1597/1590/1589
f 1410/1591/1590 1398/1586/1585 1401/1588/1587
f 1398/1586/1585 1394/1584/1583 1401/1588/1587
f 1597/1590/1589 1398/1586/1585 1410/1591/1590
f 1401/1588/1587 1399/1589/1588 1408/1592/1591
f 1412/1593/1592 1401/1588/1587 1408/1592/1591
f 1408/1592/1591 1399/1589/1588 1405/1594/1593
f 1399/1589/1588 1400/1595/1594 1405/1594/1593
f 1405/1594/1593 1400/1595/1594 1407/1596/1595
f 1400/1595/1594 1402/1597/1596 1407/1596/1595
f 1402/1597/1596 1508/1598/1597 1406/1599/1598
f 1406/1599/1598 1508/1598/1597 1404/1600/1599
f 1508/1598/1597 1403/1601/1600 1404/1600/1599
f 1407/1596/1595 1402/1597/1596 1406/1599/1598
f 1409/1602/1601 1401/1588/1587 1412/1593/1592
f 1411/1603/1602 1405/1594/1593 1407/1596/1595
f 1408/1592/1591 1405/1594/1593 1411/1603/1602
f 1410/1591/1590 1409/1602/1601 1413/1604/1603
f 1407/1596/1595 1406/1599/1598 1496/1605/1604
f 1414/1606/1605 1407/1596/1595 1496/1605/1604
f 1411/1603/1602 1407/1596/1595 1414/1606/1605
f 1416/1607/1606 1408/1592/1591 1411/1603/1602
f 1412/1593/1592 1408/1592/1591 1416/1607/1606
f 1413/1604/1603 1409/1602/1601 1412/1593/1592
f 1415/1608/1607 1411/1603/1602 1414/1606/1605
f 1416/1607/1606 1411/1603/1602 1415/1608/1607
f 1417/1609/1608 1412/1593/1592 1416/1607/1606
f 1413/1604/1603 1412/1593/1592 1417/1609/1608
f 1594/1610/1609 1413/1604/1603 1418/1611/1610
f 1420/1612/1611 1413/1604/1603 1417/1609/1608
f 1418/1611/1610 1413/1604/1603 1420/1612/1611
f 1415/1608/1607 1419/1613/1612 1424/1614/1613
f 1416/1607/1606 1415/1608/1607 1421/1615/1614
f 1422/1616/1615 1416/1607/1606 1421/1615/1614
f 1417/1609/1608 1416/1607/1606 1422/1616/1615
f 1420/1612/1611 1417/1609/1608 1422/1616/1615
f 1423/1617/1616 1418/1611/1610 1420/1612/1611
f 1421/1615/1614 1415/1608/1607 1424/1614/1613
f 1423/1617/1616 1420/1612/1611 1425/1618/1617
f 1426/1619/1618 1592/1620/1619 1423/1617/1616
f 1430/1621/1620 1421/1615/1614 1424/1614/1613
f 1422/1616/1615 1421/1615/1614 1430/1621/1620
f 1420/1612/1611 1422/1616/1615 1427/1622/1621
f 1425/1618/1617 1420/1612/1611 1427/1622/1621
f 1427/1622/1621 1422/1616/1615 1430/1621/1620
f 1428/1623/1622 1423/1617/1616 1425/1618/1617
f 1426/1619/1618 1423/1617/1616 1428/1623/1622
f 1430/1621/1620 1424/1614/1613 1432/1624/1623
f 1426/1619/1618 1428/1623/1622 1431/1625/1624
f 1429/1626/1625 1426/1619/1618 1431/1625/1624
f 1433/1627/1626 1427/1622/1621 1430/1621/1620
f 1425/1618/1617 1427/1622/1621 1433/1627/1626
f 1428/1623/1622 1425/1618/1617 1436/1628/1627
f 1431/1625/1624 1428/1623/1622 1436/1628/1627
f 1433/1627/1626 1430/1621/1620 1432/1624/1623
f 1436/1628/1627 1425/1618/1617 1433/1627/1626
f 1429/1626/1625 1431/1625/1624 1583/1629/1628
f 1582/1630/1629 1429/1626/1625 1583/1629/1628
f 1433/1627/1626 1432/1624/1623 1437/1631/1630
f 1431/1625/1624 1436/1628/1627 1439/1632/1631
f 1435/1633/1632 1431/1625/1624 1439/1632/1631
f 1583/1629/1628 1431/1625/1624 1435/1633/1632
f 1575/1634/1633 1582/1630/1629 1583/1629/1628
f 1580/1635/1634 1583/1629/1628 1434/1636/1635
f 1583/1629/1628 1435/1633/1632 1434/1636/1635
f 1436/1628/1627 1433/1627/1626 1438/1637/1636
f 1438/1637/1636 1433/1627/1626 1437/1631/1630
f 1438/1637/1636 1437/1631/1630 1440/1638/1637
f 1439/1632/1631 1436/1628/1627 1438/1637/1636
f 1579/1639/1638 1434/1636/1635 5169/1640/1639
f 1442/1641/1640 1438/1637/1636 1440/1638/1637
f 1439/1632/1631 1438/1637/1636 1442/1641/1640
f 1441/1642/1641 1439/1632/1631 1442/1641/1640
f 1435/1633/1632 1439/1632/1631 1441/1642/1641
f 1434/1636/1635 1435/1633/1632 1445/1643/1642
f 1576/1644/1643 1579/1639/1638 5169/1640/1639
f 1435/1633/1632 1441/1642/1641 1443/1645/1644
f 1445/1643/1642 1435/1633/1632 1443/1645/1644
f 1434/1636/1635 1445/1643/1642 1444/1646/1645
f 5169/1640/1639 1434/1636/1635 1444/1646/1645
f 1445/1643/1642 1443/1645/1644 1447/1647/1646
f 1444/1646/1645 1445/1643/1642 1447/1647/1646
f 1444/1646/1645 1447/1647/1646 1446/1648/1647
f 1446/1648/1647 1447/1647/1646 1448/1649/1648
f 1448/1649/1648 3671/1650/1649 1449/1651/1650
f 1446/1648/1647 1448/1649/1648 1449/1651/1650
f 1447/1647/1646 1450/1652/1651 1448/1649/1648
f 1448/1649/1648 1450/1652/1651 3674/1653/1652
f 1448/1649/1648 3674/1653/1652 3671/1650/1649
f 1450/1652/1651 1451/1654/1653 3674/1653/1652
f 3674/1653/1652 1451/1654/1653 3672/1655/1654
f 1451/1654/1653 1452/1656/1655 3672/1655/1654
f 1456/1657/1656 1452/1656/1655 1451/1654/1653
f 1456/1657/1656 1455/1658/1657 1452/1656/1655
f 1455/1658/1657 1454/1659/1658 1452/1656/1655
f 1450/1652/1651 1456/1657/1656 1451/1654/1653
f 1454/1659/1658 1457/1660/1659 1453/1661/1660
f 1458/1662/1661 1457/1660/1659 1454/1659/1658
f 1455/1658/1657 1458/1662/1661 1454/1659/1658
f 1456/1657/1656 1460/1663/1662 1455/1658/1657
f 1443/1645/1644 1456/1657/1656 1450/1652/1651
f 1447/1647/1646 1443/1645/1644 1450/1652/1651
f 1457/1660/1659 1459/1664/1663 1453/1661/1660
f 1441/1642/1641 1460/1663/1662 1456/1657/1656
f 1443/1645/1644 1441/1642/1641 1456/1657/1656
f 1463/1665/1664 1457/1660/1659 1458/1662/1661
f 1455/1658/1657 1462/1666/1665 1458/1662/1661
f 1460/1663/1662 1462/1666/1665 1455/1658/1657
f 1462/1666/1665 1463/1665/1664 1458/1662/1661
f 1442/1641/1640 1462/1666/1665 1460/1663/1662
f 1441/1642/1641 1442/1641/1640 1460/1663/1662
f 1464/1667/1666 1465/1668/1667 1461/1669/1668
f 1459/1664/1663 1464/1667/1666 1461/1669/1668
f 1467/1670/1669 1464/1667/1666 1459/1664/1663
f 1457/1660/1659 1467/1670/1669 1459/1664/1663
f 1463/1665/1664 1467/1670/1669 1457/1660/1659
f 1462/1666/1665 1466/1671/1670 1463/1665/1664
f 1440/1638/1637 1466/1671/1670 1462/1666/1665
f 1442/1641/1640 1440/1638/1637 1462/1666/1665
f 1466/1671/1670 1467/1670/1669 1463/1665/1664
f 1440/1638/1637 1468/1672/1671 1466/1671/1670
f 1469/1673/1672 1470/1674/1673 1465/1668/1667
f 1464/1667/1666 1469/1673/1672 1465/1668/1667
f 1467/1670/1669 1471/1675/1674 1464/1667/1666
f 1466/1671/1670 1471/1675/1674 1467/1670/1669
f 1468/1672/1671 1475/1676/1675 1466/1671/1670
f 1440/1638/1637 1437/1631/1630 1468/1672/1671
f 1437/1631/1630 1472/1677/1676 1468/1672/1671
f 1468/1672/1671 1472/1677/1676 1475/1676/1675
f 1475/1676/1675 1471/1675/1674 1466/1671/1670
f 1471/1675/1674 1474/1678/1677 1464/1667/1666
f 1474/1678/1677 1469/1673/1672 1464/1667/1666
f 1474/1678/1677 1473/1679/1678 1469/1673/1672
f 1478/1680/1679 1474/1678/1677 1471/1675/1674
f 1475/1676/1675 1478/1680/1679 1471/1675/1674
f 1437/1631/1630 1432/1624/1623 1472/1677/1676
f 1477/1681/1680 1476/1682/1681 1473/1679/1678
f 1482/1683/1682 1477/1681/1680 1473/1679/1678
f 1474/1678/1677 1482/1683/1682 1473/1679/1678
f 1478/1680/1679 1482/1683/1682 1474/1678/1677
f 1479/1684/1683 1478/1680/1679 1475/1676/1675
f 1472/1677/1676 1479/1684/1683 1475/1676/1675
f 1432/1624/1623 1479/1684/1683 1472/1677/1676
f 1481/1685/1684 1480/1686/1685 1476/1682/1681
f 1477/1681/1680 1481/1685/1684 1476/1682/1681
f 1482/1683/1682 1481/1685/1684 1477/1681/1680
f 1483/1687/1686 1482/1683/1682 1478/1680/1679
f 1479/1684/1683 1483/1687/1686 1478/1680/1679
f 1484/1688/1687 3698/1689/438 1480/1686/1685
f 1481/1685/1684 1484/1688/1687 1480/1686/1685
f 1485/1690/1688 1484/1688/1687 1481/1685/1684
f 1486/1691/1689 1485/1690/1688 1481/1685/1684
f 1482/1683/1682 1486/1691/1689 1481/1685/1684
f 1483/1687/1686 1486/1691/1689 1482/1683/1682
f 1432/1624/1623 1424/1614/1613 1479/1684/1683
f 1484/1688/1687 1487/1692/4 3698/1689/438
f 1486/1691/1689 1488/1693/1690 1485/1690/1688
f 1479/1684/1683 1424/1614/1613 1483/1687/1686
f 1490/1694/1691 1489/1695/1 1487/1692/4
f 1484/1688/1687 1490/1694/1691 1487/1692/4
f 1491/1696/1692 1490/1694/1691 1484/1688/1687
f 1485/1690/1688 1491/1696/1692 1484/1688/1687
f 1488/1693/1690 1491/1696/1692 1485/1690/1688
f 1483/1687/1686 1419/1613/1612 1486/1691/1689
f 1424/1614/1613 1419/1613/1612 1483/1687/1686
f 1492/1697/1693 1491/1696/1692 1488/1693/1690
f 1486/1691/1689 1492/1697/1693 1488/1693/1690
f 1419/1613/1612 1492/1697/1693 1486/1691/1689
f 1493/1698/1694 1489/1695/1 1490/1694/1691
f 1494/1699/1695 1493/1698/1694 1490/1694/1691
f 1491/1696/1692 1494/1699/1695 1490/1694/1691
f 1492/1697/1693 1494/1699/1695 1491/1696/1692
f 1493/1698/1694 1495/1700/1696 1489/1695/1
f 1494/1699/1695 1495/1700/1696 1493/1698/1694
f 1419/1613/1612 1496/1605/1604 1492/1697/1693
f 1414/1606/1605 1496/1605/1604 1419/1613/1612
f 1415/1608/1607 1414/1606/1605 1419/1613/1612
f 1498/1701/2 1497/1702/1697 1/1703/3
f 1495/1700/1696 1498/1701/2 1489/1695/1
f 1494/1699/1695 1499/1704/1698 1495/1700/1696
f 1492/1697/1693 1499/1704/1698 1494/1699/1695
f 1496/1605/1604 1499/1704/1698 1492/1697/1693
f 1498/1701/2 1500/1705/1699 1497/1702/1697
f 1501/1706/1700 1500/1705/1699 1498/1701/2
f 1495/1700/1696 1501/1706/1700 1498/1701/2
f 1502/1707/1701 1501/1706/1700 1495/1700/1696
f 1499/1704/1698 1502/1707/1701 1495/1700/1696
f 1404/1600/1599 1502/1707/1701 1499/1704/1698
f 1496/1605/1604 1406/1599/1598 1499/1704/1698
f 1505/1708/1702 1500/1705/1699 1501/1706/1700
f 1502/1707/1701 1505/1708/1702 1501/1706/1700
f 1406/1599/1598 1404/1600/1599 1499/1704/1698
f 1503/1709/1703 3640/1710/1704 16/1711/20
f 1500/1705/1699 1503/1709/1703 1497/1702/1697
f 1504/1712/1705 1503/1709/1703 1500/1705/1699
f 1505/1708/1702 1504/1712/1705 1500/1705/1699
f 1403/1601/1600 1505/1708/1702 1502/1707/1701
f 1404/1600/1599 1403/1601/1600 1502/1707/1701
f 1504/1712/1705 1506/1713/1706 1503/1709/1703
f 1506/1713/1706 1507/1714/1707 1503/1709/1703
f 1503/1709/1703 1507/1714/1707 3640/1710/1704
f 1507/1714/1707 3641/1715/1708 3640/1710/1704
f 1403/1601/1600 1509/1716/1709 1505/1708/1702
f 1509/1716/1709 1510/1717/1710 1505/1708/1702
f 1505/1708/1702 1510/1717/1710 1504/1712/1705
f 1510/1717/1710 1506/1713/1706 1504/1712/1705
f 1399/1589/1588 1397/1581/1580 1400/1595/1594
f 1508/1598/1597 1511/1718/1711 1403/1601/1600
f 1403/1601/1600 1511/1718/1711 1509/1716/1709
f 1400/1595/1594 1512/1579/1578 1402/1597/1596
f 1402/1597/1596 1512/1579/1578 1508/1598/1597
f 1509/1716/1709 1513/1569/1568 1514/1564/1563
f 1400/1595/1594 1515/1580/1579 1512/1579/1578
f 1397/1581/1580 1515/1580/1579 1400/1595/1594
f 1399/1589/1588 1390/1578/1577 1397/1581/1580
f 1392/1583/1582 1390/1578/1577 1399/1589/1588
f 1512/1579/1578 1385/1571/1570 1508/1598/1597
f 1508/1598/1597 1385/1571/1570 1511/1718/1711
f 1385/1571/1570 1516/1574/1573 1511/1718/1711
f 1516/1574/1573 1381/1570/1569 1513/1569/1568
f 1513/1569/1568 1378/1563/1562 1514/1564/1563
f 1378/1563/1562 1376/1553/1552 1517/1551/1550
f 1378/1563/1562 1517/1551/1550 1377/1565/1564
f 1506/1713/1706 1377/1565/1564 1518/1719/1712
f 1514/1564/1563 1377/1565/1564 1506/1713/1706
f 1516/1574/1573 1513/1569/1568 1509/1716/1709
f 1511/1718/1711 1516/1574/1573 1509/1716/1709
f 1518/1719/1712 1377/1565/1564 1520/1720/1713
f 1377/1565/1564 1368/1552/1551 1520/1720/1713
f 1377/1565/1564 1517/1551/1550 1368/1552/1551
f 1509/1716/1709 1514/1564/1563 1510/1717/1710
f 1510/1717/1710 1514/1564/1563 1506/1713/1706
f 1506/1713/1706 1518/1719/1712 1507/1714/1707
f 1518/1719/1712 1519/1721/1714 1507/1714/1707
f 1518/1719/1712 1520/1720/1713 1519/1721/1714
f 1520/1720/1713 1368/1552/1551 1522/1722/1715
f 1368/1552/1551 1521/1723/1716 1522/1722/1715
f 1368/1552/1551 1365/1547/1546 1521/1723/1716
f 1507/1714/1707 1519/1721/1714 3641/1715/1708
f 1519/1721/1714 3643/1724/1717 3641/1715/1708
f 1519/1721/1714 1520/1720/1713 3643/1724/1717
f 1520/1720/1713 1522/1722/1715 3643/1724/1717
f 1522/1722/1715 1521/1723/1716 3638/1725/1718
f 1521/1723/1716 1523/1726/1719 3638/1725/1718
f 1365/1547/1546 1363/1546/1545 1521/1723/1716
f 3641/1715/1708 3643/1724/1717 3642/1727/1720
f 1525/1728/1721 1524/1729/1722 1533/1730/1723
f 1525/1728/1721 1526/1731/363 1524/1729/1722
f 1527/1732/1724 1528/1733/1725 1529/1734/1726
f 1539/1735/1727 1531/1736/1728 1532/1737/1729
f 1539/1735/1727 1532/1737/1729 1525/1728/1721
f 1539/1735/1727 1525/1728/1721 4563/1738/1730
f 4563/1738/1730 1525/1728/1721 1533/1730/1723
f 1532/1737/1729 1531/1736/1728 326/1739/364
f 1531/1736/1728 1536/1740/1731 326/1739/364
f 1531/1736/1728 1530/1741/1732 1536/1740/1731
f 1532/1737/1729 326/1739/364 1526/1742/363
f 1535/1743/1733 1537/1744/1734 4548/1745/1735
f 1534/1746/1736 1538/1747/1737 1535/1743/1733
f 4563/1738/1730 1533/1730/1723 1534/1746/1736
f 4564/1748/1738 1531/1736/1728 1539/1735/1727
f 1529/1734/1726 1540/1749/1739 1527/1732/1724
f 1541/1750/1740 1540/1749/1739 1529/1734/1726
f 4564/1748/1738 1539/1735/1727 4563/1738/1730
f 4564/1748/1738 1546/1751/1741 1531/1736/1728
f 1546/1751/1741 1530/1741/1732 1531/1736/1728
f 1530/1741/1732 1541/1750/1740 1529/1734/1726
f 1542/1752/1742 1541/1750/1740 1530/1741/1732
f 1542/1752/1742 1543/1753/1743 1541/1750/1740
f 1544/1754/1744 1543/1753/1743 1542/1752/1742
f 1545/1755/1745 1543/1753/1743 1544/1754/1744
f 1546/1751/1741 1542/1752/1742 1530/1741/1732
f 1547/1756/1746 1542/1752/1742 1546/1751/1741
f 1547/1756/1746 1544/1754/1744 1542/1752/1742
f 1548/1757/1747 1544/1754/1744 1547/1756/1746
f 1548/1757/1747 1545/1755/1745 1544/1754/1744
f 1549/1758/1748 1545/1755/1745 1548/1757/1747
f 4570/1759/1749 1548/1757/1747 1547/1756/1746
f 4571/1760/1750 1548/1757/1747 4570/1759/1749
f 4571/1760/1750 1549/1758/1748 1548/1757/1747
f 1552/1761/1751 1549/1758/1748 4571/1760/1750
f 1553/1762/1752 1549/1758/1748 1552/1761/1751
f 1550/1763/1753 1549/1758/1748 1553/1762/1752
f 1554/1764/1754 1550/1763/1753 1553/1762/1752
f 1555/1765/1755 1550/1763/1753 1554/1764/1754
f 1555/1765/1755 1551/1766/1756 1550/1763/1753
f 1555/1765/1755 1556/1767/1757 1551/1766/1756
f 1558/1768/1758 1559/1769/1759 1557/1770/1760
f 1557/1770/1760 1559/1769/1759 1556/1767/1757
f 1558/1768/1758 1560/1771/1761 1559/1769/1759
f 1562/1772/1762 1560/1771/1761 1558/1768/1758
f 1562/1772/1762 1561/1773/1763 1560/1771/1761
f 4640/1774/1764 1561/1773/1763 1562/1772/1762
f 4640/1774/1764 1563/1775/1765 1561/1773/1763
f 1565/1776/1766 1564/1777/1767 4640/1774/1764
f 1568/1141/1140 1565/1776/1766 1566/1778/1768
f 1568/1141/1140 1566/1778/1768 1567/1142/1141
f 986/1123/1122 1569/1779/1769 988/1143/1142
f 3685/1780/1770 1570/1781/1771 1563/1775/1765
f 1565/1776/1766 984/1140/1139 3685/1780/1770
f 1568/1141/1140 984/1140/1139 1565/1776/1766
f 1563/1775/1765 1572/1782/1772 1574/1783/1773
f 1563/1775/1765 1571/1784/1774 1572/1782/1772
f 1563/1775/1765 1570/1781/1771 1571/1784/1774
f 1572/1782/1772 1575/1634/1633 1574/1783/1773
f 1574/1783/1773 1575/1634/1633 3682/1785/1775
f 3682/1785/1775 1576/1644/1643 1573/1786/1776
f 1573/1786/1776 1576/1644/1643 3681/1787/1777
f 3682/1785/1775 1578/1788/1778 1576/1644/1643
f 1578/1788/1778 1579/1639/1638 1576/1644/1643
f 3681/1787/1777 5169/1640/1639 1577/1789/1779
f 3681/1787/1777 1576/1644/1643 5169/1640/1639
f 1579/1639/1638 1580/1635/1634 1434/1636/1635
f 1575/1634/1633 1578/1788/1778 3682/1785/1775
f 1578/1788/1778 1580/1635/1634 1579/1639/1638
f 1571/1784/1774 1581/1790/1780 1572/1782/1772
f 1572/1782/1772 1581/1790/1780 1575/1634/1633
f 1570/1781/1771 1581/1790/1780 1571/1784/1774
f 1581/1790/1780 1582/1630/1629 1575/1634/1633
f 1575/1634/1633 1583/1629/1628 1578/1788/1778
f 1578/1788/1778 1583/1629/1628 1580/1635/1634
f 3685/1780/1770 1584/1791/1781 1570/1781/1771
f 1570/1781/1771 1584/1791/1781 1581/1790/1780
f 1584/1791/1781 1585/1792/1782 1581/1790/1780
f 1585/1792/1782 1582/1630/1629 1581/1790/1780
f 1585/1792/1782 1586/1793/1783 1582/1630/1629
f 1584/1791/1781 1586/1793/1783 1585/1792/1782
f 1587/1794/1784 1586/1793/1783 1584/1791/1781
f 3685/1780/1770 1587/1794/1784 1584/1791/1781
f 1588/1795/1785 1429/1626/1625 1582/1630/1629
f 1588/1795/1785 1426/1619/1618 1429/1626/1625
f 1582/1630/1629 1589/1796/1786 1588/1795/1785
f 1586/1793/1783 1589/1796/1786 1582/1630/1629
f 1591/1797/1787 1589/1796/1786 1586/1793/1783
f 1587/1794/1784 1591/1797/1787 1586/1793/1783
f 3685/1780/1770 1591/1797/1787 1587/1794/1784
f 1588/1795/1785 1590/1798/1788 1426/1619/1618
f 1589/1796/1786 1593/1799/1789 1588/1795/1785
f 984/1140/1139 1591/1797/1787 3685/1780/1770
f 1590/1798/1788 1592/1620/1619 1426/1619/1618
f 1593/1799/1789 1590/1798/1788 1588/1795/1785
f 1591/1797/1787 983/1139/1138 1589/1796/1786
f 984/1140/1139 983/1139/1138 1591/1797/1787
f 1592/1620/1619 1418/1611/1610 1423/1617/1616
f 983/1139/1138 1593/1799/1789 1589/1796/1786
f 1595/1800/1790 1592/1620/1619 1590/1798/1788
f 981/1138/1137 1593/1799/1789 983/1139/1138
f 1592/1620/1619 1594/1610/1609 1418/1611/1610
f 1595/1800/1790 1594/1610/1609 1592/1620/1619
f 1596/1136/1135 1595/1800/1790 1590/1798/1788
f 1593/1799/1789 1596/1136/1135 1590/1798/1788
f 1594/1610/1609 1410/1591/1590 1413/1604/1603
f 1595/1800/1790 1597/1590/1589 1594/1610/1609
f 1596/1136/1135 978/1137/1136 1595/1800/1790
f 979/1134/1133 1596/1136/1135 1593/1799/1789
f 981/1138/1137 979/1134/1133 1593/1799/1789
f 1594/1610/1609 1597/1590/1589 1410/1591/1590
f 978/1137/1136 1597/1590/1589 1595/1800/1790
f 1410/1591/1590 1401/1588/1587 1409/1602/1601
f 978/1137/1136 1598/1587/1586 1597/1590/1589
f 977/1135/1134 1396/1801/1791 978/1137/1136
f 1599/1130/1129 971/1117/1116 976/1121/1120
f 1396/1801/1791 1395/1802/1792 978/1137/1136
f 978/1137/1136 1395/1802/1792 1598/1587/1586
f 976/1121/1120 1396/1801/1791 977/1135/1134
f 974/1129/1128 969/1118/1117 1599/1130/1129
f 976/1121/1120 968/1114/1113 1396/1801/1791
f 1395/1802/1792 1393/1585/1584 1598/1587/1586
f 1395/1802/1792 1600/1111/1110 1393/1585/1584
f 1396/1801/1791 964/1115/1114 1395/1802/1792
f 1393/1585/1584 1601/1803/1793 1391/1582/1581
f 1600/1111/1110 1601/1803/1793 1393/1585/1584
f 964/1115/1114 1602/1110/1109 1395/1802/1792
f 968/1114/1113 964/1115/1114 1396/1801/1791
f 1391/1582/1581 1603/1804/1794 1390/1578/1577
f 1601/1803/1793 1603/1804/1794 1391/1582/1581
f 1395/1802/1792 1602/1110/1109 1600/1111/1110
f 1603/1804/1794 1388/1575/1574 1390/1578/1577
f 1601/1803/1793 961/1109/1108 1603/1804/1794
f 961/1109/1108 1604/1105/1104 1603/1804/1794
f 960/1103/1102 961/1109/1108 1601/1803/1793
f 1600/1111/1110 960/1103/1102 1601/1803/1793
f 1603/1804/1794 1604/1105/1104 1388/1575/1574
f 1607/1101/1100 1605/1560/1559 1388/1575/1574
f 1604/1105/1104 1607/1101/1100 1388/1575/1574
f 1383/1568/1567 1380/1557/1556 1373/1556/1555
f 1607/1101/1100 1606/1102/1101 1605/1560/1559
f 1606/1102/1101 1608/1559/1558 1605/1560/1559
f 956/1098/1097 1607/1101/1100 1604/1105/1104
f 1609/1558/1557 1610/1550/1549 1372/1549/1548
f 1610/1550/1549 1328/1511/1510 1336/1517/1516
f 1611/1485/1484 1609/1558/1557 1608/1559/1558
f 1606/1102/1101 1611/1485/1484 1608/1559/1558
f 1610/1550/1549 1612/1510/1509 1328/1511/1510
f 1615/1490/1489 1612/1510/1509 1610/1550/1549
f 1609/1558/1557 1615/1490/1489 1610/1550/1549
f 955/1099/1098 1616/1475/1474 1606/1102/1101
f 1615/1490/1489 1613/1484/1483 1612/1510/1509
f 1613/1484/1483 1614/1489/1488 1612/1510/1509
f 1614/1489/1488 1316/1495/1494 1612/1510/1509
f 1612/1510/1509 1316/1495/1494 1326/1499/1498
f 1316/1495/1494 1315/1494/1493 1326/1499/1498
f 1611/1485/1484 1615/1490/1489 1609/1558/1557
f 1616/1475/1474 1611/1485/1484 1606/1102/1101
f 953/1095/1094 1617/1470/1469 955/1099/1098
f 1611/1485/1484 1303/1481/1480 1615/1490/1489
f 1617/1470/1469 1616/1475/1474 955/1099/1098
f 949/1087/1086 1618/1450/1449 953/1095/1094
f 947/1082/1081 945/1084/1083 950/1091/1090
f 1618/1450/1449 1290/1447/1446 953/1095/1094
f 945/1084/1083 942/1085/1084 949/1087/1086
f 1296/1469/1468 1619/1449/1448 1287/1459/1458
f 1290/1447/1446 1619/1449/1448 1296/1469/1468
f 949/1087/1086 944/1086/1085 1618/1450/1449
f 942/1085/1084 1621/1430/1429 944/1086/1085
f 1621/1430/1429 1620/1451/1450 944/1086/1085
f 938/1074/1073 942/1085/1084 945/1084/1083
f 1620/1451/1450 1264/1428/1427 1273/1439/1438
f 934/1072/1071 1621/1430/1429 942/1085/1084
f 938/1074/1073 934/1072/1071 942/1085/1084
f 1620/1451/1450 1622/1427/1426 1264/1428/1427
f 1621/1430/1429 1622/1427/1426 1620/1451/1450
f 933/1073/1072 1254/1421/1420 932/1071/1070
f 1624/1422/1421 1623/1425/1424 934/1072/1071
f 932/1071/1070 1624/1422/1421 934/1072/1071
f 1254/1421/1420 1624/1422/1421 932/1071/1070
f 936/1069/1068 1625/1417/1416 933/1073/1072
f 1625/1417/1416 1254/1421/1420 933/1073/1072
f 927/1059/1058 1627/1805/1795 936/1069/1068
f 1627/1805/1795 1625/1417/1416 936/1069/1068
f 1624/1422/1421 1626/1419/1418 1623/1425/1424
f 922/1058/1057 1627/1805/1795 927/1059/1058
f 922/1058/1057 1628/1418/1417 1627/1805/1795
f 919/1061/1060 1629/1806/1796 922/1058/1057
f 1628/1418/1417 1625/1417/1416 1627/1805/1795
f 922/1058/1057 1631/1807/1797 1628/1418/1417
f 1629/1806/1796 1631/1807/1797 922/1058/1057
f 914/1043/1042 1629/1806/1796 919/1061/1060
f 925/1055/1054 914/1043/1042 919/1061/1060
f 918/1044/1043 914/1043/1042 925/1055/1054
f 1629/1806/1796 1632/680/679 1631/1807/1797
f 914/1043/1042 1632/680/679 1629/1806/1796
f 1634/681/680 1632/680/679 914/1043/1042
f 920/1042/1041 1635/1808/1798 913/682/681
f 921/1047/1046 1635/1808/1798 920/1042/1041
f 1636/1046/1045 1635/1808/1798 921/1047/1046
f 917/1041/1040 912/1048/1047 915/1049/1048
f 910/1037/1036 1640/1809/1799 917/1041/1040
f 917/1041/1040 1640/1809/1799 912/1048/1047
f 913/682/681 1634/681/680 914/1043/1042
f 912/1048/1047 1637/686/685 1636/1046/1045
f 1636/1046/1045 1637/686/685 1635/1808/1798
f 1637/686/685 1638/684/683 1635/1808/1798
f 1635/1808/1798 1638/684/683 913/682/681
f 1640/1809/1799 1639/689/688 912/1048/1047
f 912/1048/1047 1639/689/688 1637/686/685
f 907/1035/1034 1640/1809/1799 910/1037/1036
f 1640/1809/1799 1641/1810/1800 1639/689/688
f 911/1032/1031 907/1035/1034 5035/1034/1033
f 911/1032/1031 1642/1811/1801 907/1035/1034
f 907/1035/1034 1643/1812/1802 1640/1809/1799
f 906/1027/1026 1642/1811/1801 911/1032/1031
f 1643/1812/1802 1641/1810/1800 1640/1809/1799
f 1642/1811/1801 1644/1024/1023 907/1035/1034
f 907/1035/1034 1644/1024/1023 1643/1812/1802
f 1641/1810/1800 602/693/692 1639/689/688
f 1645/691/690 602/693/692 1641/1810/1800
f 1643/1812/1802 1645/691/690 1641/1810/1800
f 906/1027/1026 900/1019/1018 1642/1811/1801
f 602/693/692 606/692/691 1639/689/688
f 1644/1024/1023 1645/691/690 1643/1812/1802
f 900/1019/1018 1644/1024/1023 1642/1811/1801
f 1644/1024/1023 1646/1813/1803 1645/691/690
f 1645/691/690 1648/699/698 606/692/691
f 606/692/691 607/695/694 1639/689/688
f 1639/689/688 607/695/694 603/687/686
f 898/1014/1013 1647/1814/1804 1644/1024/1023
f 1644/1024/1023 1647/1814/1804 1646/1813/1803
f 1646/1813/1803 1648/699/698 1645/691/690
f 1646/1813/1803 1649/1815/1805 1648/699/698
f 1647/1814/1804 894/1816/1806 1646/1813/1803
f 1646/1813/1803 894/1816/1806 1649/1815/1805
f 898/1014/1013 1650/1009/1008 1647/1814/1804
f 1647/1814/1804 1650/1009/1008 894/1816/1806
f 898/1014/1013 889/1013/1012 1650/1009/1008
f 610/700/699 612/698/697 607/695/694
f 894/1816/1806 1651/1817/1807 1649/1815/1805
f 1649/1815/1805 1651/1817/1807 1648/699/698
f 1651/1817/1807 611/701/700 1648/699/698
f 610/700/699 1652/711/710 612/698/697
f 1650/1009/1008 885/1004/1003 894/1816/1806
f 894/1816/1806 885/1004/1003 1651/1817/1807
f 620/704/703 612/698/697 1652/711/710
f 885/1004/1003 1653/1818/1808 1651/1817/1807
f 1651/1817/1807 1653/1818/1808 611/701/700
f 611/701/700 1653/1818/1808 610/700/699
f 621/705/704 615/702/701 619/706/705
f 1652/711/710 610/700/699 1653/1818/1808
f 889/1013/1012 882/997/996 1650/1009/1008
f 888/1003/1002 882/997/996 889/1013/1012
f 885/1004/1003 1654/999/998 1653/1818/1808
f 882/997/996 876/998/997 885/1004/1003
f 1652/711/710 1653/1818/1808 1656/1819/1809
f 638/723/722 1652/711/710 1656/1819/1809
f 625/709/708 1652/711/710 638/723/722
f 1656/1819/1809 1653/1818/1808 1654/999/998
f 634/1820/1810 625/709/708 638/723/722
f 629/712/711 625/709/708 634/1820/1810
f 1656/1819/1809 1654/999/998 873/990/989
f 1654/999/998 876/998/997 1655/988/987
f 635/722/721 629/712/711 634/1820/1810
f 626/714/713 629/712/711 635/722/721
f 636/717/716 626/714/713 635/722/721
f 1655/988/987 876/998/997 870/985/984
f 635/722/721 634/1820/1810 638/723/722
f 638/723/722 1656/1819/1809 1659/989/988
f 1657/724/723 638/723/722 1659/989/988
f 873/990/989 1655/988/987 871/981/980
f 1659/989/988 1656/1819/1809 873/990/989
f 640/725/724 1657/724/723 1658/729/728
f 647/730/729 643/727/726 648/728/727
f 642/592/591 647/730/729 649/736/735
f 644/732/731 642/592/591 649/736/735
f 873/990/989 871/981/980 1665/977/976
f 864/991/990 873/990/989 1665/977/976
f 1660/1821/1811 1657/724/723 1659/989/988
f 1658/729/728 1657/724/723 1660/1821/1811
f 648/728/727 1658/729/728 1663/1822/1812
f 1663/1822/1812 1658/729/728 1660/1821/1811
f 1661/735/734 648/728/727 1663/1822/1812
f 1662/1823/1813 864/991/990 1665/977/976
f 1660/1821/1811 1659/989/988 864/991/990
f 651/737/736 649/736/735 1661/735/734
f 1663/1822/1812 1660/1821/1811 667/754/753
f 1661/735/734 1663/1822/1812 1664/752/751
f 652/734/733 651/737/736 660/742/741
f 655/738/737 660/742/741 661/746/745
f 658/743/742 655/738/737 661/746/745
f 1660/1821/1811 864/991/990 1662/1823/1813
f 1661/735/734 1664/752/751 1668/749/748
f 651/737/736 1661/735/734 1668/749/748
f 1660/1821/1811 1662/1823/1813 1666/1824/1814
f 667/754/753 1660/1821/1811 1666/1824/1814
f 1664/752/751 1663/1822/1812 667/754/753
f 1662/1823/1813 1665/977/976 853/967/966
f 853/967/966 1665/977/976 852/955/954
f 1665/977/976 861/970/969 852/955/954
f 854/965/964 1662/1823/1813 853/967/966
f 1666/1824/1814 1662/1823/1813 854/965/964
f 667/754/753 1666/1824/1814 854/965/964
f 1667/753/752 667/754/753 845/960/959
f 1669/1825/1815 1667/753/752 845/960/959
f 1668/749/748 1667/753/752 1669/1825/1815
f 664/748/747 1668/749/748 1669/1825/1815
f 665/750/749 668/747/746 1672/761/760
f 671/756/755 665/750/749 1672/761/760
f 848/958/957 854/965/964 1675/956/955
f 845/960/959 854/965/964 848/958/957
f 667/754/753 854/965/964 845/960/959
f 664/748/747 1669/1825/1815 1674/1826/1816
f 1670/1827/1817 664/748/747 1674/1826/1816
f 666/751/750 664/748/747 1670/1827/1817
f 1671/1828/1818 666/751/750 1670/1827/1817
f 668/747/746 666/751/750 1671/1828/1818
f 1672/761/760 668/747/746 1671/1828/1818
f 1673/959/958 1669/1825/1815 845/960/959
f 1674/1826/1816 1669/1825/1815 1673/959/958
f 677/763/762 672/762/761 686/774/773
f 1671/1828/1818 1670/1827/1817 690/778/777
f 689/777/776 1671/1828/1818 690/778/777
f 1672/761/760 1671/1828/1818 689/777/776
f 688/775/774 1672/761/760 689/777/776
f 672/762/761 1672/761/760 688/775/774
f 686/774/773 672/762/761 688/775/774
f 678/766/765 677/763/762 686/774/773
f 1674/1826/1816 1673/959/958 1677/1829/1819
f 1677/1829/1819 1673/959/958 1678/1830/1820
f 1673/959/958 844/957/956 1678/1830/1820
f 1678/1830/1820 844/957/956 1675/956/955
f 1675/956/955 840/952/951 1679/1831/1821
f 1679/1831/1821 840/952/951 1682/944/943
f 1678/1830/1820 1675/956/955 1679/1831/1821
f 1674/1826/1816 1677/1829/1819 1680/1832/1822
f 1670/1827/1817 1674/1826/1816 1680/1832/1822
f 690/778/777 1670/1827/1817 1680/1832/1822
f 697/779/778 690/778/777 1676/1833/1823
f 690/778/777 1680/1832/1822 1676/1833/1823
f 1678/1830/1820 1679/1831/1821 1681/1834/1824
f 697/779/778 1676/1833/1823 700/791/790
f 1680/1832/1822 1677/1829/1819 706/799/798
f 1677/1829/1819 1678/1830/1820 706/799/798
f 706/799/798 1678/1830/1820 1681/1834/1824
f 1681/1834/1824 1679/1831/1821 707/801/800
f 1679/1831/1821 1682/944/943 707/801/800
f 700/791/790 1676/1833/1823 710/797/796
f 1676/1833/1823 1680/1832/1822 710/797/796
f 710/797/796 1680/1832/1822 705/798/797
f 705/798/797 1680/1832/1822 706/799/798
f 706/799/798 1681/1834/1824 715/800/799
f 715/800/799 1681/1834/1824 707/801/800
f 711/802/801 707/801/800 827/937/936
f 707/801/800 1682/944/943 827/937/936
f 827/937/936 1682/944/943 830/938/937
f 2167/1835/1825 1684/1836/1826 2169/1837/1827
f 2169/1837/1827 1684/1836/1826 1685/1838/1828
f 2169/1837/1827 1685/1838/1828 2170/1839/1829
f 1685/1838/1828 1686/1840/1830 2170/1839/1829
f 2170/1839/1829 1686/1840/1830 2172/1841/1831
f 2172/1841/1831 1686/1840/1830 1683/1842/1832
f 1686/1840/1830 1693/1843/1833 1687/1844/1834
f 1693/1843/1833 1688/1845/1835 1687/1844/1834
f 1689/1846/1836 1690/1847/1837 1688/1845/1835
f 1685/1838/1828 1693/1843/1833 1686/1840/1830
f 1689/1846/1836 2594/1848/1838 1690/1847/1837
f 1692/1849/1839 3274/1850/1840 2594/1848/1838
f 1689/1846/1836 1692/1849/1839 2594/1848/1838
f 1691/1851/1841 1689/1846/1836 1688/1845/1835
f 1691/1851/1841 1688/1845/1835 1693/1843/1833
f 1691/1851/1841 1694/1852/1842 1689/1846/1836
f 1694/1852/1842 1692/1849/1839 1689/1846/1836
f 1684/1836/1826 1691/1851/1841 1693/1843/1833
f 1684/1836/1826 1693/1843/1833 1685/1838/1828
f 1695/1853/1843 1694/1852/1842 1691/1851/1841
f 1696/1854/1844 1695/1853/1843 1691/1851/1841
f 1684/1836/1826 1696/1854/1844 1691/1851/1841
f 2171/1855/1845 1696/1854/1844 1684/1836/1826
f 1697/1856/1846 1698/1857/1847 1695/1853/1843
f 1697/1856/1846 1695/1853/1843 1696/1854/1844
f 1697/1856/1846 1696/1854/1844 2171/1855/1845
f 2168/1858/1848 1697/1856/1846 2171/1855/1845
f 2166/1859/1849 1698/1857/1847 1697/1856/1846
f 2166/1859/1849 1697/1856/1846 2168/1858/1848
f 1699/1860/1850 1700/1861/1851 1698/1857/1847
f 1699/1860/1850 1698/1857/1847 2166/1859/1849
f 1703/1862/1852 1699/1860/1850 2166/1859/1849
f 1701/1863/1853 1700/1861/1851 1699/1860/1850
f 1703/1862/1852 1701/1863/1853 1699/1860/1850
f 1702/1864/1854 1700/1861/1851 1701/1863/1853
f 1702/1864/1854 1701/1863/1853 1703/1862/1852
f 1706/1865/1855 1704/1866/1856 1702/1864/1854
f 1709/1867/1857 1706/1865/1855 5330/1868/1858
f 1707/1869/1859 1704/1866/1856 1706/1865/1855
f 1707/1869/1859 1708/1870/1860 1704/1866/1856
f 1709/1867/1857 1712/1871/1861 1706/1865/1855
f 1712/1871/1861 1707/1869/1859 1706/1865/1855
f 1710/1872/1862 1708/1870/1860 1707/1869/1859
f 1712/1871/1861 1710/1872/1862 1707/1869/1859
f 1715/1873/1863 1711/1874/1864 1710/1872/1862
f 1715/1873/1863 1710/1872/1862 1712/1871/1861
f 1714/1875/1865 1712/1871/1861 1713/1876/1866
f 1714/1875/1865 1717/1877/1867 1712/1871/1861
f 1717/1877/1867 1715/1873/1863 1712/1871/1861
f 1718/1878/1868 1716/1879/1869 1715/1873/1863
f 1717/1877/1867 1718/1878/1868 1715/1873/1863
f 1720/1880/1870 1717/1877/1867 1714/1875/1865
f 1727/1881/1871 1718/1878/1868 1717/1877/1867
f 1719/1882/1872 1727/1881/1871 1717/1877/1867
f 1720/1880/1870 1719/1882/1872 1717/1877/1867
f 1721/1883/1873 1720/1880/1870 1714/1875/1865
f 1721/1883/1873 1714/1875/1865 5318/1884/1874
f 2357/1885/1875 1721/1883/1873 5318/1884/1874
f 2363/1886/1876 1719/1882/1872 1720/1880/1870
f 1729/1887/1877 1722/1888/1878 2359/1889/1879
f 1724/1890/1880 1729/1887/1877 2359/1889/1879
f 1723/1891/1881 1729/1887/1877 1724/1890/1880
f 1722/1888/1878 1725/1892/1882 2360/1893/1883
f 1725/1892/1882 1726/1894/1884 2360/1893/1883
f 2360/1893/1883 1726/1894/1884 2363/1886/1876
f 1726/1894/1884 1719/1882/1872 2363/1886/1876
f 1726/1894/1884 1727/1881/1871 1719/1882/1872
f 2364/1895/1885 1728/1896/1886 2362/1897/1887
f 2362/1897/1887 1728/1896/1886 1723/1891/1881
f 1728/1896/1886 1729/1887/1877 1723/1891/1881
f 1729/1887/1877 1730/1898/1888 1722/1888/1878
f 1730/1898/1888 1725/1892/1882 1722/1888/1878
f 1725/1892/1882 1731/1899/1889 1726/1894/1884
f 1731/1899/1889 1727/1881/1871 1726/1894/1884
f 1731/1899/1889 1732/1900/1890 1727/1881/1871
f 1731/1899/1889 1735/1901/1891 1732/1900/1890
f 1735/1901/1891 1733/1902/1892 1732/1900/1890
f 1735/1901/1891 1734/1903/1893 1733/1902/1892
f 1730/1898/1888 1731/1899/1889 1725/1892/1882
f 1730/1898/1888 1735/1901/1891 1731/1899/1889
f 1735/1901/1891 1737/1904/1894 1734/1903/1893
f 1737/1904/1894 1736/1905/1895 1734/1903/1893
f 2375/1906/1896 1735/1901/1891 1730/1898/1888
f 2375/1906/1896 1737/1904/1894 1735/1901/1891
f 1737/1904/1894 1740/1907/1897 1736/1905/1895
f 1740/1907/1897 1738/1908/1898 1736/1905/1895
f 2376/1909/1899 1737/1904/1894 2375/1906/1896
f 2376/1909/1899 1739/1910/1900 1737/1904/1894
f 1739/1910/1900 1740/1907/1897 1737/1904/1894
f 1740/1907/1897 1741/1911/1901 1738/1908/1898
f 2376/1909/1899 1742/1912/1902 1739/1910/1900
f 1742/1912/1902 1740/1907/1897 1739/1910/1900
f 1742/1912/1902 1741/1911/1901 1740/1907/1897
f 1742/1912/1902 1743/1913/1903 1741/1911/1901
f 1744/1914/1904 1754/1915/1905 1743/1913/1903
f 2382/1916/1906 1745/1917/1907 1742/1912/1902
f 1745/1917/1907 1743/1913/1903 1742/1912/1902
f 1745/1917/1907 1744/1914/1904 1743/1913/1903
f 1746/1918/1908 1748/1919/1909 1747/1920/1910
f 1744/1914/1904 1749/1921/1911 1754/1915/1905
f 1744/1914/1904 1746/1918/1908 1749/1921/1911
f 1746/1918/1908 1747/1920/1910 1749/1921/1911
f 1745/1917/1907 2386/1922/1912 1744/1914/1904
f 2386/1922/1912 1746/1918/1908 1744/1914/1904
f 2386/1922/1912 1751/1923/1913 1746/1918/1908
f 1751/1923/1913 1748/1919/1909 1746/1918/1908
f 1750/1924/1914 2386/1922/1912 1745/1917/1907
f 1743/1913/1903 1754/1915/1905 1741/1911/1901
f 1747/1920/1910 1752/1925/1915 1749/1921/1911
f 1738/1908/1898 1741/1911/1901 3290/1926/1916
f 1741/1911/1901 1754/1915/1905 3290/1926/1916
f 1752/1925/1915 1755/1927/1917 1749/1921/1911
f 1754/1915/1905 1749/1921/1911 1753/1928/1918
f 1753/1928/1918 1749/1921/1911 1755/1927/1917
f 1753/1928/1918 1755/1927/1917 1756/1929/1919
f 1754/1915/1905 1753/1928/1918 1757/1930/1920
f 3289/1931/1921 1754/1915/1905 1757/1930/1920
f 1760/1932/1922 5334/1933/1923 1756/1929/1919
f 1753/1928/1918 1756/1929/1919 1758/1934/1924
f 1757/1930/1920 1753/1928/1918 1758/1934/1924
f 1756/1929/1919 5334/1933/1923 1759/1935/1925
f 1756/1929/1919 1759/1935/1925 1758/1934/1924
f 1758/1934/1924 1761/1936/1926 3285/1937/1927
f 1758/1934/1924 1759/1935/1925 1761/1936/1926
f 5332/1938/1928 1760/1932/1922 5331/1939/1929
f 1765/1940/1930 1763/1941/1931 1759/1935/1925
f 1761/1936/1926 1759/1935/1925 1762/1942/1932
f 1759/1935/1925 1763/1941/1931 1764/1943/1933
f 1759/1935/1925 1764/1943/1933 1762/1942/1932
f 1762/1942/1932 1764/1943/1933 1767/1944/1934
f 1762/1942/1932 1767/1944/1934 1768/1945/1935
f 3282/1946/1936 1762/1942/1932 1766/1947/1937
f 3282/1946/1936 1766/1947/1937 3280/1948/1938
f 1762/1942/1932 1768/1945/1935 1766/1947/1937
f 3280/1948/1938 1766/1947/1937 3278/1949/1939
f 1766/1947/1937 1772/1950/1940 1769/1951/1941
f 3278/1949/1939 1766/1947/1937 1769/1951/1941
f 1767/1944/1934 1770/1952/1942 1768/1945/1935
f 1766/1947/1937 1768/1945/1935 1771/1953/1943
f 3278/1949/1939 1769/1951/1941 3277/1954/1944
f 1770/1952/1942 1771/1953/1943 1768/1945/1935
f 1766/1947/1937 1771/1953/1943 1772/1950/1940
f 1769/1951/1941 1772/1950/1940 1773/1955/1945
f 1769/1951/1941 1773/1955/1945 1779/1956/1946
f 1769/1951/1941 1779/1956/1946 1777/1957/1947
f 3277/1954/1944 1769/1951/1941 1777/1957/1947
f 1772/1950/1940 1771/1953/1943 1774/1958/1948
f 1772/1950/1940 1774/1958/1948 1776/1959/1949
f 1772/1950/1940 1776/1959/1949 1773/1955/1945
f 1776/1959/1949 1774/1958/1948 1775/1960/1950
f 1779/1956/1946 1773/1955/1945 1778/1961/1951
f 3277/1954/1944 1777/1957/1947 1780/1962/1952
f 1776/1959/1949 1775/1960/1950 1783/1963/1953
f 1773/1955/1945 1776/1959/1949 1783/1963/1953
f 1778/1961/1951 1773/1955/1945 1783/1963/1953
f 1780/1962/1952 1777/1957/1947 1785/1964/1954
f 1777/1957/1947 1781/1965/1955 1785/1964/1954
f 1783/1963/1953 1775/1960/1950 1782/1966/1956
f 1779/1956/1946 1778/1961/1951 1781/1965/1955
f 1783/1963/1953 1782/1966/1956 1781/1965/1955
f 1778/1961/1951 1783/1963/1953 1781/1965/1955
f 1781/1965/1955 1786/1967/1957 1784/1968/1958
f 1781/1965/1955 1782/1966/1956 1786/1967/1957
f 3261/1969/1959 1785/1964/1954 3657/1970/1960
f 2463/1971/1961 1788/1972/1962 1789/1973/1963
f 1788/1972/1962 1790/1974/1964 1789/1973/1963
f 1790/1974/1964 1791/1975/1965 1789/1973/1963
f 1791/1975/1965 1792/1976/1966 5351/1977/1967
f 5351/1977/1967 1794/1978/1968 5352/1979/1969
f 1794/1978/1968 1793/1980/1970 5352/1979/1969
f 5352/1979/1969 1793/1980/1970 1775/1960/1950
f 1793/1980/1970 1782/1966/1956 1775/1960/1950
f 1790/1974/1964 1792/1976/1966 1791/1975/1965
f 1792/1976/1966 1794/1978/1968 5351/1977/1967
f 1800/1981/1971 1799/1982/1972 1788/1972/1962
f 1788/1972/1962 1799/1982/1972 1790/1974/1964
f 1790/1974/1964 1799/1982/1972 1792/1976/1966
f 1799/1982/1972 1795/1983/1973 1792/1976/1966
f 1795/1983/1973 1796/1984/1974 1792/1976/1966
f 1792/1976/1966 1796/1984/1974 1794/1978/1968
f 1796/1984/1974 1798/1985/1975 1794/1978/1968
f 1794/1978/1968 1798/1985/1975 1793/1980/1970
f 1782/1966/1956 1787/1986/1976 1786/1967/1957
f 1797/1987/1977 1787/1986/1976 1782/1966/1956
f 1793/1980/1970 1797/1987/1977 1782/1966/1956
f 1798/1985/1975 1797/1987/1977 1793/1980/1970
f 1801/1988/1978 1787/1986/1976 1797/1987/1977
f 1802/1989/1979 1801/1988/1978 1797/1987/1977
f 1798/1985/1975 1802/1989/1979 1797/1987/1977
f 1796/1984/1974 1802/1989/1979 1798/1985/1975
f 1803/1990/1980 1802/1989/1979 1796/1984/1974
f 1795/1983/1973 1803/1990/1980 1796/1984/1974
f 1804/1991/1981 1803/1990/1980 1795/1983/1973
f 1799/1982/1972 1804/1991/1981 1795/1983/1973
f 1805/1992/1982 1804/1991/1981 1799/1982/1972
f 1800/1981/1971 1805/1992/1982 1799/1982/1972
f 2470/1993/1983 1805/1992/1982 1800/1981/1971
f 2472/1994/1984 1805/1992/1982 2470/1993/1983
f 1802/1989/1979 1806/1995/1985 1801/1988/1978
f 1807/1996/1986 1806/1995/1985 1802/1989/1979
f 1803/1990/1980 1807/1996/1986 1802/1989/1979
f 1804/1991/1981 1808/1997/1987 1803/1990/1980
f 1809/1998/1988 1808/1997/1987 1804/1991/1981
f 1805/1992/1982 1809/1998/1988 1804/1991/1981
f 1810/1999/1989 1809/1998/1988 1805/1992/1982
f 2472/1994/1984 1810/1999/1989 1805/1992/1982
f 2482/2000/1990 1811/2001/1991 1810/1999/1989
f 1810/1999/1989 1811/2001/1991 1809/1998/1988
f 1811/2001/1991 1812/2002/1992 1809/1998/1988
f 1812/2002/1992 1818/2003/1993 1809/1998/1988
f 1809/1998/1988 1818/2003/1993 1808/1997/1987
f 1818/2003/1993 1813/2004/1994 1808/1997/1987
f 1813/2004/1994 1814/2005/1995 1808/1997/1987
f 1808/1997/1987 1814/2005/1995 1803/1990/1980
f 1814/2005/1995 1815/2006/1996 1803/1990/1980
f 1803/1990/1980 1815/2006/1996 1807/1996/1986
f 1807/1996/1986 1816/2007/1997 1806/1995/1985
f 1811/2001/1991 1817/2008/1998 1812/2002/1992
f 1817/2008/1998 1818/2003/1993 1812/2002/1992
f 1813/2004/1994 1819/2009/1999 1814/2005/1995
f 1819/2009/1999 1820/2010/2000 1814/2005/1995
f 1814/2005/1995 1820/2010/2000 1815/2006/1996
f 1817/2008/1998 1821/2011/2001 1818/2003/1993
f 1821/2011/2001 1822/2012/2002 1818/2003/1993
f 1818/2003/1993 1822/2012/2002 1813/2004/1994
f 1822/2012/2002 1823/2013/2003 1813/2004/1994
f 1813/2004/1994 1823/2013/2003 1819/2009/1999
f 1823/2013/2003 1824/2014/2004 1819/2009/1999
f 1819/2009/1999 1824/2014/2004 1820/2010/2000
f 1824/2014/2004 1825/2015/2005 1820/2010/2000
f 1820/2010/2000 1825/2015/2005 1815/2006/1996
f 1823/2013/2003 1826/2016/2006 1824/2014/2004
f 1822/2012/2002 1827/2017/2007 1823/2013/2003
f 1827/2017/2007 1826/2016/2006 1823/2013/2003
f 1827/2017/2007 1828/2018/2008 1826/2016/2006
f 1828/2018/2008 1829/2019/2009 1826/2016/2006
f 1828/2018/2008 1830/2020/2010 1829/2019/2009
f 1821/2011/2001 1831/2021/2011 1822/2012/2002
f 1831/2021/2011 1827/2017/2007 1822/2012/2002
f 1831/2021/2011 1832/2022/2012 1827/2017/2007
f 1832/2022/2012 1828/2018/2008 1827/2017/2007
f 1832/2022/2012 1833/2023/2013 1828/2018/2008
f 1833/2023/2013 1830/2020/2010 1828/2018/2008
f 1833/2023/2013 1834/2024/2014 1830/2020/2010
f 1817/2008/1998 1835/2025/2015 1821/2011/2001
f 1835/2025/2015 1831/2021/2011 1821/2011/2001
f 1835/2025/2015 1836/2026/2016 1831/2021/2011
f 1836/2026/2016 1832/2022/2012 1831/2021/2011
f 1836/2026/2016 1837/2027/2017 1832/2022/2012
f 1837/2027/2017 1833/2023/2013 1832/2022/2012
f 1837/2027/2017 1838/2028/2018 1833/2023/2013
f 1838/2028/2018 1834/2024/2014 1833/2023/2013
f 1838/2028/2018 1839/2029/2019 1834/2024/2014
f 1840/2030/2020 1841/2031/2021 1817/2008/1998
f 1841/2031/2021 1835/2025/2015 1817/2008/1998
f 1841/2031/2021 1842/2032/2022 1835/2025/2015
f 1842/2032/2022 1836/2026/2016 1835/2025/2015
f 1842/2032/2022 1848/2033/2023 1836/2026/2016
f 1848/2033/2023 1837/2027/2017 1836/2026/2016
f 1848/2033/2023 1843/2034/2024 1837/2027/2017
f 1843/2034/2024 1838/2028/2018 1837/2027/2017
f 1843/2034/2024 1844/2035/2025 1838/2028/2018
f 1844/2035/2025 1839/2029/2019 1838/2028/2018
f 1844/2035/2025 1845/2036/2026 1839/2029/2019
f 2487/2037/2027 1846/2038/2028 1840/2030/2020
f 1846/2038/2028 1841/2031/2021 1840/2030/2020
f 1846/2038/2028 1847/2039/2029 1841/2031/2021
f 1847/2039/2029 1842/2032/2022 1841/2031/2021
f 1847/2039/2029 1848/2033/2023 1842/2032/2022
f 1849/2040/2030 1843/2034/2024 1848/2033/2023
f 1849/2040/2030 1850/2041/2031 1843/2034/2024
f 1850/2041/2031 1844/2035/2025 1843/2034/2024
f 1850/2041/2031 1851/2042/2032 1844/2035/2025
f 1851/2042/2032 1845/2036/2026 1844/2035/2025
f 1851/2042/2032 1852/2043/2033 1845/2036/2026
f 2486/2044/2034 1853/2045/2035 2487/2037/2027
f 1853/2045/2035 1846/2038/2028 2487/2037/2027
f 1853/2045/2035 1854/2046/2036 1846/2038/2028
f 1854/2046/2036 1847/2039/2029 1846/2038/2028
f 1854/2046/2036 1855/2047/2037 1847/2039/2029
f 1855/2047/2037 1848/2033/2023 1847/2039/2029
f 1855/2047/2037 1856/2048/2038 1848/2033/2023
f 1856/2048/2038 1849/2040/2030 1848/2033/2023
f 1856/2048/2038 1857/2049/2039 1849/2040/2030
f 1857/2049/2039 1850/2041/2031 1849/2040/2030
f 1857/2049/2039 1858/2050/2040 1850/2041/2031
f 1858/2050/2040 1851/2042/2032 1850/2041/2031
f 1858/2050/2040 1859/2051/2041 1851/2042/2032
f 1859/2051/2041 1852/2043/2033 1851/2042/2032
f 1859/2051/2041 1860/2052/2042 1852/2043/2033
f 2485/2053/2043 1861/2054/2044 2486/2044/2034
f 1861/2054/2044 1853/2045/2035 2486/2044/2034
f 1861/2054/2044 1862/2055/2045 1853/2045/2035
f 1862/2055/2045 1854/2046/2036 1853/2045/2035
f 1862/2055/2045 1863/2056/2046 1854/2046/2036
f 1863/2056/2046 1855/2047/2037 1854/2046/2036
f 1863/2056/2046 1864/2057/2047 1855/2047/2037
f 1864/2057/2047 1856/2048/2038 1855/2047/2037
f 1864/2057/2047 1865/2058/2048 1856/2048/2038
f 1865/2058/2048 1857/2049/2039 1856/2048/2038
f 1865/2058/2048 1866/2059/2049 1857/2049/2039
f 1866/2059/2049 1858/2050/2040 1857/2049/2039
f 1866/2059/2049 1867/2060/2050 1858/2050/2040
f 1867/2060/2050 1859/2051/2041 1858/2050/2040
f 1867/2060/2050 1875/2061/2051 1859/2051/2041
f 1875/2061/2051 1860/2052/2042 1859/2051/2041
f 1875/2061/2051 1868/2062/2052 1860/2052/2042
f 1869/2063/2053 1878/2064/2054 2485/2053/2043
f 1878/2064/2054 1861/2054/2044 2485/2053/2043
f 1862/2055/2045 1870/2065/2055 1863/2056/2046
f 1870/2065/2055 1864/2057/2047 1863/2056/2046
f 1870/2065/2055 1871/2066/2056 1864/2057/2047
f 1871/2066/2056 1865/2058/2048 1864/2057/2047
f 1871/2066/2056 1872/2067/2057 1865/2058/2048
f 1872/2067/2057 1866/2059/2049 1865/2058/2048
f 1872/2067/2057 1873/2068/2058 1866/2059/2049
f 1873/2068/2058 1867/2060/2050 1866/2059/2049
f 1873/2068/2058 1874/2069/2059 1867/2060/2050
f 1874/2069/2059 1875/2061/2051 1867/2060/2050
f 1875/2061/2051 1876/2070/2060 1868/2062/2052
f 1877/2071/2061 1878/2064/2054 1869/2063/2053
f 1878/2064/2054 1879/2072/2062 1861/2054/2044
f 1879/2072/2062 1862/2055/2045 1861/2054/2044
f 1879/2072/2062 1887/2073/2063 1862/2055/2045
f 1887/2073/2063 1870/2065/2055 1862/2055/2045
f 1887/2073/2063 1880/2074/2064 1870/2065/2055
f 1880/2074/2064 1871/2066/2056 1870/2065/2055
f 1880/2074/2064 1881/2075/2065 1871/2066/2056
f 1881/2075/2065 1872/2067/2057 1871/2066/2056
f 1881/2075/2065 1882/2076/2066 1872/2067/2057
f 1882/2076/2066 1873/2068/2058 1872/2067/2057
f 1873/2068/2058 1883/2077/2067 1874/2069/2059
f 1883/2077/2067 1875/2061/2051 1874/2069/2059
f 1883/2077/2067 1884/2078/2068 1875/2061/2051
f 1884/2078/2068 1876/2070/2060 1875/2061/2051
f 1884/2078/2068 1885/2079/2069 1876/2070/2060
f 2484/2080/2070 1886/2081/2071 1877/2071/2061
f 1886/2081/2071 1878/2064/2054 1877/2071/2061
f 1886/2081/2071 1897/2082/2072 1878/2064/2054
f 1897/2082/2072 1879/2072/2062 1878/2064/2054
f 1887/2073/2063 1888/2083/2073 1880/2074/2064
f 1888/2083/2073 1881/2075/2065 1880/2074/2064
f 1881/2075/2065 1889/2084/2074 1882/2076/2066
f 1889/2084/2074 1873/2068/2058 1882/2076/2066
f 1889/2084/2074 1890/2085/2075 1873/2068/2058
f 1890/2085/2075 1883/2077/2067 1873/2068/2058
f 1890/2085/2075 1891/2086/2076 1883/2077/2067
f 1891/2086/2076 1884/2078/2068 1883/2077/2067
f 1891/2086/2076 1892/2087/2077 1884/2078/2068
f 1892/2087/2077 1885/2079/2069 1884/2078/2068
f 1892/2087/2077 1893/2088/2078 1885/2079/2069
f 1894/2089/2079 1895/2090/2080 2484/2080/2070
f 1895/2090/2080 1886/2081/2071 2484/2080/2070
f 1896/2091/2081 1897/2082/2072 1886/2081/2071
f 1897/2082/2072 1898/2092/2082 1879/2072/2062
f 1898/2092/2082 1887/2073/2063 1879/2072/2062
f 1898/2092/2082 1901/2093/2083 1887/2073/2063
f 1901/2093/2083 1888/2083/2073 1887/2073/2063
f 1888/2083/2073 1899/2094/2084 1881/2075/2065
f 1899/2094/2084 1889/2084/2074 1881/2075/2065
f 2493/2095/2085 1902/2096/2086 1900/2097/2087
f 1902/2096/2086 1894/2089/2079 1900/2097/2087
f 1902/2096/2086 1903/2098/2088 1894/2089/2079
f 1903/2098/2088 1895/2090/2080 1894/2089/2079
f 1903/2098/2088 1904/2099/2089 1895/2090/2080
f 1904/2099/2089 1886/2081/2071 1895/2090/2080
f 1904/2099/2089 1911/2100/2090 1886/2081/2071
f 1911/2100/2090 1896/2091/2081 1886/2081/2071
f 1911/2100/2090 1905/2101/2091 1896/2091/2081
f 1905/2101/2091 1897/2082/2072 1896/2091/2081
f 1905/2101/2091 1898/2092/2082 1897/2082/2072
f 1905/2101/2091 1906/2102/2092 1898/2092/2082
f 1906/2102/2092 1901/2093/2083 1898/2092/2082
f 1906/2102/2092 2070/2103/2093 1901/2093/2083
f 2070/2103/2093 1888/2083/2073 1901/2093/2083
f 2070/2103/2093 1907/2104/2094 1888/2083/2073
f 1907/2104/2094 1899/2094/2084 1888/2083/2073
f 1908/2105/2095 1912/2106/2096 2493/2095/2085
f 1912/2106/2096 1902/2096/2086 2493/2095/2085
f 1912/2106/2096 1909/2107/2097 1902/2096/2086
f 1909/2107/2097 1903/2098/2088 1902/2096/2086
f 1909/2107/2097 1910/2108/2098 1903/2098/2088
f 1910/2108/2098 1904/2099/2089 1903/2098/2088
f 2492/2109/2099 1912/2106/2096 1908/2105/2095
f 1913/2110/2100 1909/2107/2097 1912/2106/2096
f 1909/2107/2097 1914/2111/2101 1910/2108/2098
f 1914/2111/2101 1904/2099/2089 1910/2108/2098
f 1914/2111/2101 1915/2112/2102 1904/2099/2089
f 1915/2112/2102 1911/2100/2090 1904/2099/2089
f 1915/2112/2102 1916/2113/2103 1911/2100/2090
f 1916/2113/2103 1905/2101/2091 1911/2100/2090
f 1916/2113/2103 1917/2114/2104 1905/2101/2091
f 1917/2114/2104 1918/2115/2105 1905/2101/2091
f 1918/2115/2105 1906/2102/2092 1905/2101/2091
f 1918/2115/2105 1919/2116/2106 1906/2102/2092
f 1919/2116/2106 2070/2103/2093 1906/2102/2092
f 1920/2117/2107 1912/2106/2096 2492/2109/2099
f 1920/2117/2107 1921/2118/2108 1912/2106/2096
f 1921/2118/2108 1913/2110/2100 1912/2106/2096
f 1921/2118/2108 1909/2107/2097 1913/2110/2100
f 1921/2118/2108 1922/2119/2109 1909/2107/2097
f 1922/2119/2109 1914/2111/2101 1909/2107/2097
f 1922/2119/2109 1927/2120/2110 1914/2111/2101
f 1927/2120/2110 1915/2112/2102 1914/2111/2101
f 1927/2120/2110 1923/2121/2111 1915/2112/2102
f 1923/2121/2111 1916/2113/2103 1915/2112/2102
f 1923/2121/2111 1924/2122/2112 1916/2113/2103
f 1924/2122/2112 1917/2114/2104 1916/2113/2103
f 2491/2123/2113 1925/2124/2114 1920/2117/2107
f 1925/2124/2114 1921/2118/2108 1920/2117/2107
f 1925/2124/2114 1926/2125/2115 1921/2118/2108
f 1926/2125/2115 1922/2119/2109 1921/2118/2108
f 1926/2125/2115 1927/2120/2110 1922/2119/2109
f 1928/2126/2116 1923/2121/2111 1927/2120/2110
f 1923/2121/2111 1929/2127/2117 1924/2122/2112
f 1929/2127/2117 1917/2114/2104 1924/2122/2112
f 1929/2127/2117 1930/2128/2118 1917/2114/2104
f 1930/2128/2118 1918/2115/2105 1917/2114/2104
f 2490/2129/2119 1931/2130/2120 2491/2123/2113
f 1931/2130/2120 1925/2124/2114 2491/2123/2113
f 1931/2130/2120 1937/2131/2121 1925/2124/2114
f 1937/2131/2121 1926/2125/2115 1925/2124/2114
f 1937/2131/2121 1932/2132/2122 1926/2125/2115
f 1932/2132/2122 1933/2133/2123 1926/2125/2115
f 1933/2133/2123 1927/2120/2110 1926/2125/2115
f 1933/2133/2123 1934/2134/2124 1927/2120/2110
f 1934/2134/2124 1928/2126/2116 1927/2120/2110
f 1934/2134/2124 1923/2121/2111 1928/2126/2116
f 1934/2134/2124 1935/2135/2125 1923/2121/2111
f 1935/2135/2125 1929/2127/2117 1923/2121/2111
f 1935/2135/2125 1936/2136/2126 1929/2127/2117
f 1936/2136/2126 1930/2128/2118 1929/2127/2117
f 1933/2133/2123 1942/2137/2127 1934/2134/2124
f 1942/2137/2127 1943/2138/2128 1934/2134/2124
f 1943/2138/2128 1935/2135/2125 1934/2134/2124
f 1938/2139/2129 1939/2140/2130 2490/2129/2119
f 1939/2140/2130 1931/2130/2120 2490/2129/2119
f 1939/2140/2130 1940/2141/2131 1931/2130/2120
f 1940/2141/2131 1937/2131/2121 1931/2130/2120
f 1940/2141/2131 1941/2142/2132 1937/2131/2121
f 1941/2142/2132 1932/2132/2122 1937/2131/2121
f 1941/2142/2132 1933/2133/2123 1932/2132/2122
f 1941/2142/2132 1942/2137/2127 1933/2133/2123
f 1938/2139/2129 1945/2143/2133 1939/2140/2130
f 1945/2143/2133 1940/2141/2131 1939/2140/2130
f 1945/2143/2133 1950/2144/2134 1940/2141/2131
f 1950/2144/2134 1941/2142/2132 1940/2141/2131
f 1950/2144/2134 1946/2145/2135 1941/2142/2132
f 1946/2145/2135 1942/2137/2127 1941/2142/2132
f 1946/2145/2135 1947/2146/2136 1942/2137/2127
f 1947/2146/2136 1943/2138/2128 1942/2137/2127
f 1947/2146/2136 1948/2147/2137 1943/2138/2128
f 1944/2148/2138 1949/2149/2139 1938/2139/2129
f 1949/2149/2139 1945/2143/2133 1938/2139/2129
f 1949/2149/2139 1957/2150/2140 1945/2143/2133
f 1957/2150/2140 1950/2144/2134 1945/2143/2133
f 1955/2151/2141 1946/2145/2135 1950/2144/2134
f 1955/2151/2141 1951/2152/2142 1946/2145/2135
f 1951/2152/2142 1947/2146/2136 1946/2145/2135
f 1951/2152/2142 1948/2147/2137 1947/2146/2136
f 1951/2152/2142 1952/2153/2143 1948/2147/2137
f 1952/2153/2143 1953/2154/2144 1948/2147/2137
f 1954/2155/2145 1960/2156/2146 1952/2153/2143
f 1954/2155/2145 1952/2153/2143 1951/2152/2142
f 1955/2151/2141 1954/2155/2145 1951/2152/2142
f 1956/2157/2147 1955/2151/2141 1950/2144/2134
f 1957/2150/2140 1956/2157/2147 1950/2144/2134
f 1958/2158/2148 1957/2150/2140 1949/2149/2139
f 1958/2158/2148 1949/2149/2139 1944/2148/2138
f 1956/2157/2147 1959/2159/2149 1955/2151/2141
f 1959/2159/2149 1954/2155/2145 1955/2151/2141
f 1959/2159/2149 1965/2160/2150 1954/2155/2145
f 1965/2160/2150 1960/2156/2146 1954/2155/2145
f 1960/2156/2146 1967/2161/2151 1961/2162/2152
f 1967/2161/2151 1962/2163/2153 1961/2162/2152
f 1967/2161/2151 1963/2164/2154 1962/2163/2153
f 1963/2164/2154 1964/2165/2155 1962/2163/2153
f 1966/2166/2156 1960/2156/2146 1965/2160/2150
f 1966/2166/2156 1967/2161/2151 1960/2156/2146
f 1963/2164/2154 1977/2167/2157 1968/2168/2158
f 1977/2167/2157 1969/2169/2159 1968/2168/2158
f 1969/2169/2159 1970/2170/2160 1968/2168/2158
f 5218/2171/2161 1971/2172/2162 1956/2157/2147
f 1971/2172/2162 1959/2159/2149 1956/2157/2147
f 1971/2172/2162 1972/2173/2163 1959/2159/2149
f 1972/2173/2163 1965/2160/2150 1959/2159/2149
f 1972/2173/2163 1973/2174/2164 1965/2160/2150
f 1973/2174/2164 1966/2166/2156 1965/2160/2150
f 1973/2174/2164 1974/2175/2165 1966/2166/2156
f 1974/2175/2165 1967/2161/2151 1966/2166/2156
f 1974/2175/2165 1975/2176/2166 1967/2161/2151
f 1975/2176/2166 1963/2164/2154 1967/2161/2151
f 1975/2176/2166 1976/2177/2167 1963/2164/2154
f 1976/2177/2167 1977/2167/2157 1963/2164/2154
f 1984/2178/2168 1978/2179/2169 5218/2171/2161
f 1978/2179/2169 1971/2172/2162 5218/2171/2161
f 1971/2172/2162 1983/2180/2170 1972/2173/2163
f 1983/2180/2170 1973/2174/2164 1972/2173/2163
f 1983/2180/2170 1982/2181/2171 1973/2174/2164
f 1982/2181/2171 1974/2175/2165 1973/2174/2164
f 1979/2182/2172 1975/2176/2166 1974/2175/2165
f 1979/2182/2172 1980/2183/2173 1975/2176/2166
f 1980/2183/2173 1976/2177/2167 1975/2176/2166
f 1980/2183/2173 1981/2184/2174 1976/2177/2167
f 1981/2184/2174 1977/2167/2157 1976/2177/2167
f 1978/2179/2169 1983/2180/2170 1971/2172/2162
f 1985/2185/2175 1984/2178/2168 5223/2186/2176
f 1985/2185/2175 5223/2186/2176 5222/2187/2177
f 1985/2185/2175 5222/2187/2177 4172/2188/2178
f 1986/2189/2179 1988/2190/2180 1987/2191/2181
f 1989/2192/2182 1986/2189/2179 1990/2193/2183
f 1991/2194/2184 1990/2193/2183 1992/2195/2185
f 1993/2196/2186 1991/2194/2184 1992/2195/2185
f 1993/2196/2186 1992/2195/2185 1994/2197/2187
f 1995/2198/2188 1993/2196/2186 1994/2197/2187
f 1995/2198/2188 1994/2197/2187 1981/2184/2174
f 1996/2199/2189 1995/2198/2188 1981/2184/2174
f 1996/2199/2189 1981/2184/2174 1980/2183/2173
f 1996/2199/2189 1980/2183/2173 1979/2182/2172
f 1982/2181/2171 1996/2199/2189 1979/2182/2172
f 1982/2181/2171 1979/2182/2172 1974/2175/2165
f 1981/2184/2174 1994/2197/2187 1977/2167/2157
f 1994/2197/2187 1969/2169/2159 1977/2167/2157
f 1994/2197/2187 1992/2195/2185 1969/2169/2159
f 1992/2195/2185 2005/2200/2190 1969/2169/2159
f 1992/2195/2185 1990/2193/2183 2005/2200/2190
f 1990/2193/2183 1997/2201/2191 2005/2200/2190
f 1990/2193/2183 1986/2189/2179 1997/2201/2191
f 1986/2189/2179 1998/2202/2192 1997/2201/2191
f 1986/2189/2179 1987/2191/2181 1998/2202/2192
f 1987/2191/2181 1999/2203/2193 1998/2202/2192
f 1987/2191/2181 2000/2204/2194 1999/2203/2193
f 1987/2191/2181 2001/2205/2195 2000/2204/2194
f 2001/2205/2195 2002/2206/2196 2000/2204/2194
f 2001/2205/2195 2003/2207/2197 2002/2206/2196
f 2003/2207/2197 2004/2208/2198 2002/2206/2196
f 1997/2201/2191 2006/2209/2199 2005/2200/2190
f 1997/2201/2191 2007/2210/2200 2006/2209/2199
f 1997/2201/2191 1998/2202/2192 2007/2210/2200
f 1998/2202/2192 2008/2211/2201 2007/2210/2200
f 1998/2202/2192 1999/2203/2193 2008/2211/2201
f 1999/2203/2193 2009/2212/2202 2008/2211/2201
f 1999/2203/2193 2000/2204/2194 2009/2212/2202
f 2000/2204/2194 2010/2213/2203 2009/2212/2202
f 2000/2204/2194 2002/2206/2196 2010/2213/2203
f 2002/2206/2196 2011/2214/2204 2010/2213/2203
f 2002/2206/2196 2004/2208/2198 2011/2214/2204
f 2004/2208/2198 2012/2215/2205 2011/2214/2204
f 1969/2169/2159 2005/2200/2190 1970/2170/2160
f 2005/2200/2190 2013/2216/2206 1970/2170/2160
f 2005/2200/2190 2014/2217/2207 2013/2216/2206
f 2005/2200/2190 2006/2209/2199 2014/2217/2207
f 2006/2209/2199 2015/2218/2208 2014/2217/2207
f 2006/2209/2199 2007/2210/2200 2015/2218/2208
f 2007/2210/2200 2016/2219/2209 2015/2218/2208
f 2007/2210/2200 2008/2211/2201 2016/2219/2209
f 2008/2211/2201 2017/2220/2210 2016/2219/2209
f 2008/2211/2201 2009/2212/2202 2017/2220/2210
f 2009/2212/2202 2018/2221/2211 2017/2220/2210
f 2009/2212/2202 2010/2213/2203 2018/2221/2211
f 2010/2213/2203 2027/2222/2212 2018/2221/2211
f 2010/2213/2203 2011/2214/2204 2027/2222/2212
f 2011/2214/2204 3312/2223/2213 2027/2222/2212
f 2011/2214/2204 2012/2215/2205 3312/2223/2213
f 2012/2215/2205 2019/2224/2214 3312/2223/2213
f 1963/2164/2154 1968/2168/2158 1964/2165/2155
f 1968/2168/2158 2020/2225/2215 1964/2165/2155
f 1968/2168/2158 1970/2170/2160 2020/2225/2215
f 1970/2170/2160 2021/2226/2216 2020/2225/2215
f 1970/2170/2160 2013/2216/2206 2021/2226/2216
f 2013/2216/2206 2022/2227/2217 2021/2226/2216
f 2013/2216/2206 2014/2217/2207 2022/2227/2217
f 2014/2217/2207 2023/2228/2218 2022/2227/2217
f 2014/2217/2207 2015/2218/2208 2023/2228/2218
f 2015/2218/2208 2024/2229/2219 2023/2228/2218
f 2015/2218/2208 2016/2219/2209 2024/2229/2219
f 2016/2219/2209 2025/2230/2220 2024/2229/2219
f 2016/2219/2209 2017/2220/2210 2025/2230/2220
f 2017/2220/2210 2026/2231/2221 2025/2230/2220
f 2017/2220/2210 2018/2221/2211 2026/2231/2221
f 2018/2221/2211 2027/2222/2212 2026/2231/2221
f 2023/2228/2218 2024/2229/2219 2043/2232/2222
f 2023/2228/2218 2043/2232/2222 2028/2233/2223
f 2022/2227/2217 2023/2228/2218 2028/2233/2223
f 2022/2227/2217 2028/2233/2223 2029/2234/2224
f 2021/2226/2216 2022/2227/2217 2029/2234/2224
f 2021/2226/2216 2029/2234/2224 2030/2235/2225
f 2020/2225/2215 2021/2226/2216 2030/2235/2225
f 2020/2225/2215 2030/2235/2225 2031/2236/2226
f 1964/2165/2155 2020/2225/2215 2031/2236/2226
f 1964/2165/2155 2031/2236/2226 2032/2237/2227
f 1964/2165/2155 2032/2237/2227 2033/2238/2228
f 1962/2163/2153 1964/2165/2155 2033/2238/2228
f 1962/2163/2153 2033/2238/2228 2034/2239/2229
f 1961/2162/2152 1962/2163/2153 2034/2239/2229
f 1961/2162/2152 2034/2239/2229 2035/2240/2230
f 1960/2156/2146 1961/2162/2152 2035/2240/2230
f 1960/2156/2146 2035/2240/2230 1952/2153/2143
f 1952/2153/2143 2035/2240/2230 1953/2154/2144
f 2035/2240/2230 2036/2241/2231 1953/2154/2144
f 2035/2240/2230 2034/2239/2229 2036/2241/2231
f 2034/2239/2229 2037/2242/2232 2036/2241/2231
f 2034/2239/2229 2033/2238/2228 2037/2242/2232
f 2033/2238/2228 2038/2243/2233 2037/2242/2232
f 2033/2238/2228 2032/2237/2227 2038/2243/2233
f 2032/2237/2227 2039/2244/2234 2038/2243/2233
f 2032/2237/2227 2031/2236/2226 2039/2244/2234
f 2031/2236/2226 2040/2245/2235 2039/2244/2234
f 2031/2236/2226 2030/2235/2225 2040/2245/2235
f 2030/2235/2225 2041/2246/2236 2040/2245/2235
f 2030/2235/2225 2029/2234/2224 2041/2246/2236
f 2029/2234/2224 2042/2247/2237 2041/2246/2236
f 2029/2234/2224 2028/2233/2223 2042/2247/2237
f 2028/2233/2223 2043/2232/2222 2042/2247/2237
f 1948/2147/2137 1953/2154/2144 1943/2138/2128
f 1953/2154/2144 2044/2248/2238 1943/2138/2128
f 1953/2154/2144 2036/2241/2231 2044/2248/2238
f 2036/2241/2231 2045/2249/2239 2044/2248/2238
f 2036/2241/2231 2037/2242/2232 2045/2249/2239
f 2037/2242/2232 2046/2250/2240 2045/2249/2239
f 2037/2242/2232 2038/2243/2233 2046/2250/2240
f 2038/2243/2233 2047/2251/2241 2046/2250/2240
f 2038/2243/2233 2039/2244/2234 2047/2251/2241
f 2039/2244/2234 2048/2252/2242 2047/2251/2241
f 2039/2244/2234 2040/2245/2235 2048/2252/2242
f 2040/2245/2235 2049/2253/2243 2048/2252/2242
f 2040/2245/2235 2041/2246/2236 2049/2253/2243
f 2041/2246/2236 2056/2254/2244 2049/2253/2243
f 2041/2246/2236 2042/2247/2237 2056/2254/2244
f 2042/2247/2237 2050/2255/2245 2056/2254/2244
f 2042/2247/2237 2043/2232/2222 2050/2255/2245
f 2043/2232/2222 2051/2256/2246 2050/2255/2245
f 1943/2138/2128 2044/2248/2238 1935/2135/2125
f 2044/2248/2238 2045/2249/2239 1935/2135/2125
f 2045/2249/2239 2046/2250/2240 2052/2257/2247
f 2046/2250/2240 2053/2258/2248 2052/2257/2247
f 2046/2250/2240 2047/2251/2241 2053/2258/2248
f 2047/2251/2241 2054/2259/2249 2053/2258/2248
f 2047/2251/2241 2048/2252/2242 2054/2259/2249
f 2048/2252/2242 2055/2260/2250 2054/2259/2249
f 2048/2252/2242 2049/2253/2243 2055/2260/2250
f 2049/2253/2243 2056/2254/2244 2055/2260/2250
f 2056/2254/2244 2050/2255/2245 2061/2261/2251
f 2051/2256/2246 2057/2262/2252 2050/2255/2245
f 1935/2135/2125 2045/2249/2239 1936/2136/2126
f 2045/2249/2239 2058/2263/2253 1936/2136/2126
f 2045/2249/2239 2052/2257/2247 2058/2263/2253
f 2052/2257/2247 2059/2264/2254 2058/2263/2253
f 2052/2257/2247 2053/2258/2248 2059/2264/2254
f 2053/2258/2248 2060/2265/2255 2059/2264/2254
f 2053/2258/2248 2054/2259/2249 2060/2265/2255
f 2054/2259/2249 2055/2260/2250 2060/2265/2255
f 2055/2260/2250 2056/2254/2244 2061/2261/2251
f 2061/2261/2251 2050/2255/2245 2065/2266/2256
f 2050/2255/2245 2057/2262/2252 2065/2266/2256
f 1936/2136/2126 2058/2263/2253 1930/2128/2118
f 2058/2263/2253 2062/2267/2257 1930/2128/2118
f 2058/2263/2253 2059/2264/2254 2062/2267/2257
f 2059/2264/2254 2063/2268/2258 2062/2267/2257
f 2059/2264/2254 2060/2265/2255 2063/2268/2258
f 2060/2265/2255 2064/2269/2259 2063/2268/2258
f 2060/2265/2255 2055/2260/2250 2064/2269/2259
f 2055/2260/2250 2061/2261/2251 2064/2269/2259
f 2061/2261/2251 2068/2270/2260 2064/2269/2259
f 2061/2261/2251 2065/2266/2256 2068/2270/2260
f 2065/2266/2256 2057/2262/2252 2066/2271/2261
f 2057/2262/2252 2067/2272/2262 2066/2271/2261
f 2057/2262/2252 3298/2273/2263 2067/2272/2262
f 1930/2128/2118 2062/2267/2257 1918/2115/2105
f 2062/2267/2257 1919/2116/2106 1918/2115/2105
f 2062/2267/2257 2063/2268/2258 1919/2116/2106
f 2063/2268/2258 2064/2269/2259 1919/2116/2106
f 2064/2269/2259 2068/2270/2260 2071/2274/2264
f 2068/2270/2260 2065/2266/2256 2072/2275/2265
f 2065/2266/2256 2066/2271/2261 2072/2275/2265
f 2067/2272/2262 2069/2276/2266 2066/2271/2261
f 1919/2116/2106 2064/2269/2259 2070/2103/2093
f 2064/2269/2259 2071/2274/2264 2070/2103/2093
f 2071/2274/2264 2068/2270/2260 2075/2277/2267
f 2068/2270/2260 2072/2275/2265 2075/2277/2267
f 2072/2275/2265 2066/2271/2261 2073/2278/2268
f 2066/2271/2261 2078/2279/2269 2073/2278/2268
f 2066/2271/2261 2069/2276/2266 2078/2279/2269
f 2069/2276/2266 2074/2280/2270 2078/2279/2269
f 2070/2103/2093 2071/2274/2264 1907/2104/2094
f 2071/2274/2264 2075/2277/2267 1907/2104/2094
f 2075/2277/2267 2072/2275/2265 2083/2281/2271
f 2072/2275/2265 2076/2282/2272 2083/2281/2271
f 2072/2275/2265 2073/2278/2268 2076/2282/2272
f 2073/2278/2268 2077/2283/2273 2076/2282/2272
f 2073/2278/2268 2078/2279/2269 2077/2283/2273
f 2078/2279/2269 2074/2280/2270 2079/2284/2274
f 2074/2280/2270 2080/2285/2275 2079/2284/2274
f 1907/2104/2094 2075/2277/2267 2082/2286/2276
f 2075/2277/2267 2083/2281/2271 2082/2286/2276
f 2083/2281/2271 2076/2282/2272 2084/2287/2277
f 2076/2282/2272 2085/2288/2278 2084/2287/2277
f 2076/2282/2272 2077/2283/2273 2085/2288/2278
f 2078/2279/2269 2086/2289/2279 2077/2283/2273
f 2078/2279/2269 2079/2284/2274 2086/2289/2279
f 1907/2104/2094 2082/2286/2276 1899/2094/2084
f 2082/2286/2276 2087/2290/2280 1899/2094/2084
f 2082/2286/2276 2083/2281/2271 2087/2290/2280
f 2083/2281/2271 2088/2291/2281 2087/2290/2280
f 2083/2281/2271 2084/2287/2277 2088/2291/2281
f 2077/2283/2273 2086/2289/2279 2085/2288/2278
f 2086/2289/2279 2079/2284/2274 2089/2292/2282
f 1899/2094/2084 2087/2290/2280 1889/2084/2074
f 2087/2290/2280 2090/2293/2283 1889/2084/2074
f 2087/2290/2280 2088/2291/2281 2090/2293/2283
f 2084/2287/2277 2091/2294/2284 2088/2291/2281
f 2084/2287/2277 2085/2288/2278 2091/2294/2284
f 2085/2288/2278 2092/2295/2285 2091/2294/2284
f 2085/2288/2278 2086/2289/2279 2092/2295/2285
f 2086/2289/2279 2093/2296/2286 2092/2295/2285
f 2086/2289/2279 2089/2292/2282 2093/2296/2286
f 1889/2084/2074 2090/2293/2283 1890/2085/2075
f 2090/2293/2283 1891/2086/2076 1890/2085/2075
f 2090/2293/2283 2088/2291/2281 1891/2086/2076
f 2088/2291/2281 1892/2087/2077 1891/2086/2076
f 2088/2291/2281 2091/2294/2284 1892/2087/2077
f 2091/2294/2284 1893/2088/2078 1892/2087/2077
f 2091/2294/2284 2092/2295/2285 1893/2088/2078
f 2092/2295/2285 2094/2297/2287 1893/2088/2078
f 2092/2295/2285 2093/2296/2286 2094/2297/2287
f 2237/2298/2288 2096/2299/2289 2095/2300/2290
f 2232/2301/2291 2238/2302/2292 2233/2303/2293
f 2238/2302/2292 2098/2304/2294 2233/2303/2293
f 2233/2303/2293 2098/2304/2294 2099/2305/2295
f 2100/2306/2296 2101/2307/2297 2236/2308/2298
f 2236/2308/2298 2101/2307/2297 2235/2309/2299
f 2101/2307/2297 2102/2310/2300 2235/2309/2299
f 2235/2309/2299 2102/2310/2300 2103/2311/2301
f 2097/2312/2302 2104/2313/2303 2096/2299/2289
f 5358/2314/2304 2098/2304/2294 2238/2302/2292
f 2099/2305/2295 2105/2315/2305 2100/2306/2296
f 2100/2306/2296 2105/2315/2305 2101/2307/2297
f 2102/2310/2300 2106/2316/2306 2103/2311/2301
f 2103/2311/2301 2106/2316/2306 2097/2312/2302
f 2106/2316/2306 2104/2313/2303 2097/2312/2302
f 2106/2316/2306 2107/2317/2307 2104/2313/2303
f 2106/2316/2306 2111/2318/2308 2107/2317/2307
f 2099/2305/2295 2116/2319/2309 2105/2315/2305
f 2105/2315/2305 2108/2320/2310 2101/2307/2297
f 2101/2307/2297 2108/2320/2310 2102/2310/2300
f 2108/2320/2310 2109/2321/2311 2102/2310/2300
f 2102/2310/2300 2109/2321/2311 2106/2316/2306
f 2109/2321/2311 2110/2322/2312 2106/2316/2306
f 2110/2322/2312 2111/2318/2308 2106/2316/2306
f 2111/2318/2308 2112/2323/2313 5381/2324/2314
f 2112/2323/2313 2113/2325/2315 5381/2324/2314
f 2112/2323/2313 2114/2326/2316 2113/2325/2315
f 2114/2326/2316 5382/2327/2317 2113/2325/2315
f 2114/2326/2316 2195/2328/2318 5382/2327/2317
f 2195/2328/2318 5384/2329/2319 5382/2327/2317
f 2116/2319/2309 2108/2320/2310 2105/2315/2305
f 2108/2320/2310 2110/2322/2312 2109/2321/2311
f 2115/2330/2320 2117/2331/2321 2098/2304/2294
f 2098/2304/2294 2117/2331/2321 2116/2319/2309
f 2117/2331/2321 2118/2332/2322 2116/2319/2309
f 2118/2332/2322 2108/2320/2310 2116/2319/2309
f 2110/2322/2312 2120/2333/2323 2111/2318/2308
f 2120/2333/2323 2112/2323/2313 2111/2318/2308
f 2118/2332/2322 2119/2334/2324 2108/2320/2310
f 2119/2334/2324 2110/2322/2312 2108/2320/2310
f 2119/2334/2324 2120/2333/2323 2110/2322/2312
f 2115/2330/2320 2123/2335/2325 2117/2331/2321
f 2120/2333/2323 2124/2336/2326 2112/2323/2313
f 2124/2336/2326 2121/2337/2327 2112/2323/2313
f 2123/2335/2325 2125/2338/2328 2117/2331/2321
f 2117/2331/2321 2125/2338/2328 2118/2332/2322
f 2118/2332/2322 2125/2338/2328 2119/2334/2324
f 2125/2338/2328 2120/2333/2323 2119/2334/2324
f 2124/2336/2326 2126/2339/2329 2121/2337/2327
f 2127/2340/2330 2126/2339/2329 2124/2336/2326
f 2115/2330/2320 2317/2341/2331 2123/2335/2325
f 2123/2335/2325 2128/2342/2332 2125/2338/2328
f 2125/2338/2328 2129/2343/2333 2120/2333/2323
f 2129/2343/2333 2124/2336/2326 2120/2333/2323
f 2129/2343/2333 2127/2340/2330 2124/2336/2326
f 2317/2341/2331 2128/2342/2332 2123/2335/2325
f 2128/2342/2332 2129/2343/2333 2125/2338/2328
f 2128/2342/2332 2130/2344/2334 2129/2343/2333
f 2319/2345/2335 2130/2344/2334 2128/2342/2332
f 2130/2344/2334 2127/2340/2330 2129/2343/2333
f 2130/2344/2334 2131/2346/2336 2127/2340/2330
f 2319/2345/2335 2131/2346/2336 2130/2344/2334
f 2319/2345/2335 2132/2347/2337 2131/2346/2336
f 2320/2348/2338 2132/2347/2337 2319/2345/2335
f 2321/2349/2339 2132/2347/2337 2320/2348/2338
f 2322/2350/2340 2323/2351/2341 2321/2349/2339
f 2127/2340/2330 2133/2352/2342 2126/2339/2329
f 2131/2346/2336 2133/2352/2342 2127/2340/2330
f 2132/2347/2337 2133/2352/2342 2131/2346/2336
f 2132/2347/2337 2134/2353/2343 2133/2352/2342
f 2132/2347/2337 2135/2354/2344 2134/2353/2343
f 2321/2349/2339 2135/2354/2344 2132/2347/2337
f 2323/2351/2341 2136/2355/2345 2321/2349/2339
f 2126/2339/2329 2137/2356/2346 2121/2337/2327
f 2126/2339/2329 2138/2357/2347 2137/2356/2346
f 2133/2352/2342 2138/2357/2347 2126/2339/2329
f 2134/2353/2343 2139/2358/2348 2133/2352/2342
f 2134/2353/2343 2140/2359/2349 2139/2358/2348
f 2135/2354/2344 2140/2359/2349 2134/2353/2343
f 2321/2349/2339 2140/2359/2349 2135/2354/2344
f 2321/2349/2339 2136/2355/2345 2140/2359/2349
f 2139/2358/2348 2141/2360/2350 2133/2352/2342
f 2140/2359/2349 2142/2361/2351 2139/2358/2348
f 2136/2355/2345 2142/2361/2351 2140/2359/2349
f 2136/2355/2345 2143/2362/2352 2142/2361/2351
f 2329/2363/2353 2143/2362/2352 2136/2355/2345
f 2138/2357/2347 2194/2364/2354 2137/2356/2346
f 2138/2357/2347 2145/2365/2355 2194/2364/2354
f 2141/2360/2350 2145/2365/2355 2138/2357/2347
f 2139/2358/2348 2147/2366/2356 2141/2360/2350
f 2329/2363/2353 2146/2367/2357 2143/2362/2352
f 2141/2360/2350 2147/2366/2356 2145/2365/2355
f 2142/2361/2351 2148/2368/2358 2139/2358/2348
f 2143/2362/2352 2148/2368/2358 2142/2361/2351
f 2146/2367/2357 2148/2368/2358 2143/2362/2352
f 2139/2358/2348 2149/2369/2359 2147/2366/2356
f 2148/2368/2358 2149/2369/2359 2139/2358/2348
f 2146/2367/2357 2150/2370/2360 2148/2368/2358
f 2144/2371/2361 2151/2372/2362 2150/2370/2360
f 2144/2371/2361 2152/2373/2363 2151/2372/2362
f 2147/2366/2356 2154/2374/2364 2145/2365/2355
f 2147/2366/2356 2155/2375/2365 2154/2374/2364
f 2149/2369/2359 2155/2375/2365 2147/2366/2356
f 2148/2368/2358 2156/2376/2366 2149/2369/2359
f 2150/2370/2360 2156/2376/2366 2148/2368/2358
f 2150/2370/2360 2157/2377/2367 2156/2376/2366
f 2151/2372/2362 2157/2377/2367 2150/2370/2360
f 2152/2373/2363 2157/2377/2367 2151/2372/2362
f 2152/2373/2363 2158/2378/2368 2157/2377/2367
f 2149/2369/2359 2160/2379/2369 2155/2375/2365
f 2149/2369/2359 2161/2380/2370 2160/2379/2369
f 2156/2376/2366 2161/2380/2370 2149/2369/2359
f 2157/2377/2367 2159/2381/2371 2156/2376/2366
f 2159/2381/2371 2161/2380/2370 2156/2376/2366
f 2159/2381/2371 2162/2382/2372 2161/2380/2370
f 2163/2383/2373 5330/1868/1858 1703/1862/1852
f 2163/2383/2373 1703/1862/1852 2164/2384/2374
f 2161/2380/2370 2163/2383/2373 2164/2384/2374
f 2161/2380/2370 2164/2384/2374 2160/2379/2369
f 1703/1862/1852 2166/1859/1849 2164/2384/2374
f 2165/2385/2375 2167/1835/1825 2175/2386/2376
f 2175/2386/2376 2167/1835/1825 2169/1837/1827
f 2164/2384/2374 2166/1859/1849 2168/1858/1848
f 2164/2384/2374 2168/1858/1848 2160/2379/2369
f 2160/2379/2369 2168/1858/1848 2165/2385/2375
f 2168/1858/1848 2171/1855/1845 2165/2385/2375
f 2171/1855/1845 1684/1836/1826 2167/1835/1825
f 2165/2385/2375 2171/1855/1845 2167/1835/1825
f 2173/2387/2377 2170/1839/1829 2172/1841/1831
f 2173/2387/2377 2172/1841/1831 2174/2388/2378
f 2175/2386/2376 2169/1837/1827 2176/2389/2379
f 2176/2389/2379 2169/1837/1827 2170/1839/1829
f 2176/2389/2379 2170/1839/1829 2173/2387/2377
f 2180/2390/2380 2173/2387/2377 2178/2391/2381
f 2178/2391/2381 2173/2387/2377 2174/2388/2378
f 2178/2391/2381 2174/2388/2378 2177/2392/2382
f 2176/2389/2379 2173/2387/2377 2180/2390/2380
f 2160/2379/2369 2165/2385/2375 2155/2375/2365
f 2155/2375/2365 2165/2385/2375 2175/2386/2376
f 2155/2375/2365 2175/2386/2376 2154/2374/2364
f 2154/2374/2364 2175/2386/2376 2182/2393/2383
f 2182/2393/2383 2175/2386/2376 2176/2389/2379
f 2182/2393/2383 2176/2389/2379 2181/2394/2384
f 2181/2394/2384 2176/2389/2379 2180/2390/2380
f 2179/2395/2385 2177/2392/2382 4982/2396/2386
f 2178/2391/2381 2177/2392/2382 2179/2395/2385
f 2188/2397/2387 2178/2391/2381 2179/2395/2385
f 2185/2398/2388 2178/2391/2381 2188/2397/2387
f 2185/2398/2388 2180/2390/2380 2178/2391/2381
f 2181/2394/2384 2180/2390/2380 2186/2399/2389
f 2184/2400/2390 4982/2396/2386 2183/2401/2391
f 2184/2400/2390 2179/2395/2385 4982/2396/2386
f 2188/2397/2387 2179/2395/2385 2184/2400/2390
f 2186/2399/2389 2180/2390/2380 2185/2398/2388
f 2187/2402/2392 2181/2394/2384 2186/2399/2389
f 2145/2365/2355 2181/2394/2384 2187/2402/2392
f 2145/2365/2355 2182/2393/2383 2181/2394/2384
f 2154/2374/2364 2182/2393/2383 2145/2365/2355
f 2189/2403/2393 2185/2398/2388 2188/2397/2387
f 2188/2397/2387 2184/2400/2390 2193/2404/2394
f 2194/2364/2354 2185/2398/2388 2189/2403/2393
f 2194/2364/2354 2186/2399/2389 2185/2398/2388
f 2194/2364/2354 2187/2402/2392 2186/2399/2389
f 2145/2365/2355 2187/2402/2392 2194/2364/2354
f 2195/2328/2318 2190/2405/2395 5384/2329/2319
f 2190/2405/2395 2191/2406/2396 5384/2329/2319
f 2191/2406/2396 2193/2404/2394 2192/2407/2397
f 2196/2408/2398 2188/2397/2387 2193/2404/2394
f 2197/2409/2399 2188/2397/2387 2196/2408/2398
f 2197/2409/2399 2189/2403/2393 2188/2397/2387
f 2194/2364/2354 2189/2403/2393 2197/2409/2399
f 2190/2405/2395 2196/2408/2398 2191/2406/2396
f 2196/2408/2398 2193/2404/2394 2191/2406/2396
f 2137/2356/2346 2194/2364/2354 2197/2409/2399
f 2112/2323/2313 2121/2337/2327 2114/2326/2316
f 2121/2337/2327 2195/2328/2318 2114/2326/2316
f 2121/2337/2327 2122/2410/2400 2195/2328/2318
f 2122/2410/2400 2190/2405/2395 2195/2328/2318
f 2122/2410/2400 2196/2408/2398 2190/2405/2395
f 2122/2410/2400 2197/2409/2399 2196/2408/2398
f 2121/2337/2327 2197/2409/2399 2122/2410/2400
f 2121/2337/2327 2137/2356/2346 2197/2409/2399
f 2133/2352/2342 2141/2360/2350 2138/2357/2347
f 2198/2411/2401 2200/2412/2402 2199/2413/2403
f 2198/2411/2401 2201/2414/2404 2200/2412/2402
f 2201/2414/2404 2202/2415/2405 2200/2412/2402
f 2201/2414/2404 2203/2416/2406 2202/2415/2405
f 2203/2416/2406 2204/2417/2407 2202/2415/2405
f 2204/2417/2407 2206/2418/2408 2205/2419/2409
f 2207/2420/2410 2204/2417/2407 2203/2416/2406
f 2208/2421/2411 2207/2420/2410 2203/2416/2406
f 2208/2421/2411 2203/2416/2406 2201/2414/2404
f 2198/2411/2401 2208/2421/2411 2201/2414/2404
f 2209/2422/2412 2198/2411/2401 2210/2423/2413
f 2211/2424/2414 2209/2422/2412 2210/2423/2413
f 2211/2424/2414 2210/2423/2413 2213/2425/2415
f 2618/2426/2416 2211/2424/2414 2213/2425/2415
f 2618/2426/2416 2213/2425/2415 2212/2427/2417
f 2215/2428/2418 2220/2429/2419 2636/2430/2420
f 2636/2430/2420 2220/2429/2419 2635/2431/2421
f 2220/2429/2419 2216/2432/2422 2635/2431/2421
f 2216/2432/2422 2217/2433/2423 2218/2434/2424
f 2218/2434/2424 2207/2420/2410 2208/2421/2411
f 2218/2434/2424 2219/2435/2425 2207/2420/2410
f 2224/2436/2426 2219/2435/2425 2218/2434/2424
f 2217/2433/2423 2224/2436/2426 2218/2434/2424
f 2220/2429/2419 2217/2433/2423 2216/2432/2422
f 2226/2437/2427 2220/2429/2419 2215/2428/2418
f 2221/2438/2428 2226/2437/2427 2215/2428/2418
f 2219/2435/2425 2223/2439/2429 2207/2420/2410
f 2225/2440/2430 2224/2436/2426 2217/2433/2423
f 2220/2429/2419 2225/2440/2430 2217/2433/2423
f 2247/2441/2431 2226/2437/2427 2221/2438/2428
f 2222/2442/2432 2247/2441/2431 2221/2438/2428
f 2227/2443/2433 2223/2439/2429 2219/2435/2425
f 2224/2436/2426 2227/2443/2433 2219/2435/2425
f 2220/2429/2419 2229/2444/2434 2225/2440/2430
f 2226/2437/2427 2229/2444/2434 2220/2429/2419
f 2247/2441/2431 2228/2445/2435 2226/2437/2427
f 2229/2444/2434 2230/2446/2436 2225/2440/2430
f 2225/2440/2430 2230/2446/2436 2224/2436/2426
f 2230/2446/2436 2227/2443/2433 2224/2436/2426
f 2227/2443/2433 2234/2447/2437 2223/2439/2429
f 2228/2445/2435 2232/2301/2291 2229/2444/2434
f 2232/2301/2291 2233/2303/2293 2229/2444/2434
f 2229/2444/2434 2233/2303/2293 2230/2446/2436
f 2234/2447/2437 2235/2309/2299 2231/2448/2438
f 2230/2446/2436 2236/2308/2298 2227/2443/2433
f 2227/2443/2433 2236/2308/2298 2234/2447/2437
f 2236/2308/2298 2235/2309/2299 2234/2447/2437
f 2231/2448/2438 2237/2298/2288 2206/2418/2408
f 2234/2447/2437 2231/2448/2438 2206/2418/2408
f 2223/2439/2429 2234/2447/2437 2206/2418/2408
f 2223/2439/2429 2206/2418/2408 2204/2417/2407
f 2207/2420/2410 2223/2439/2429 2204/2417/2407
f 2103/2311/2301 2097/2312/2302 2231/2448/2438
f 2235/2309/2299 2103/2311/2301 2231/2448/2438
f 2230/2446/2436 2100/2306/2296 2236/2308/2298
f 2099/2305/2295 2100/2306/2296 2230/2446/2436
f 2233/2303/2293 2099/2305/2295 2230/2446/2436
f 2228/2445/2435 2238/2302/2292 2232/2301/2291
f 2243/2449/2439 2238/2302/2292 2228/2445/2435
f 2295/2450/2440 2240/2451/2441 2241/2452/2442
f 2295/2450/2440 2241/2452/2442 2244/2453/2443
f 2241/2452/2442 2245/2454/2444 2244/2453/2443
f 2245/2454/2444 2239/2455/2445 2246/2456/2446
f 2242/2457/2447 5363/2458/2448 2247/2441/2431
f 2247/2441/2431 5363/2458/2448 2243/2449/2439
f 2245/2454/2444 2246/2456/2446 2248/2459/2449
f 2246/2456/2446 2242/2457/2447 2247/2441/2431
f 2243/2449/2439 2228/2445/2435 2247/2441/2431
f 2228/2445/2435 2229/2444/2434 2226/2437/2427
f 2248/2459/2449 2246/2456/2446 2247/2441/2431
f 2249/2460/2450 2245/2454/2444 2248/2459/2449
f 2249/2460/2450 2244/2453/2443 2245/2454/2444
f 2251/2461/2451 2247/2441/2431 2222/2442/2432
f 2248/2459/2449 2247/2441/2431 2251/2461/2451
f 2252/2462/2452 2248/2459/2449 2251/2461/2451
f 2252/2462/2452 2249/2460/2450 2248/2459/2449
f 2253/2463/2453 2249/2460/2450 2252/2462/2452
f 2253/2463/2453 2250/2464/2454 2249/2460/2450
f 2254/2465/2455 2250/2464/2454 2253/2463/2453
f 2252/2462/2452 2251/2461/2451 2260/2466/2456
f 2255/2467/2457 2252/2462/2452 2260/2466/2456
f 2256/2468/2458 2252/2462/2452 2255/2467/2457
f 2256/2468/2458 2253/2463/2453 2252/2462/2452
f 2257/2469/2459 2253/2463/2453 2256/2468/2458
f 2257/2469/2459 2254/2465/2455 2253/2463/2453
f 2258/2470/2460 2257/2469/2459 2256/2468/2458
f 2258/2470/2460 2256/2468/2458 2261/2471/2461
f 2261/2471/2461 2256/2468/2458 2255/2467/2457
f 2261/2471/2461 2255/2467/2457 2259/2472/2462
f 2259/2472/2462 2255/2467/2457 2260/2466/2456
f 2260/2466/2456 2251/2461/2451 2638/2473/2463
f 2251/2461/2451 2222/2442/2432 2638/2473/2463
f 2638/2473/2463 2222/2442/2432 2221/2438/2428
f 2263/2474/2464 2259/2472/2462 2260/2466/2456
f 2261/2471/2461 2259/2472/2462 2263/2474/2464
f 2264/2475/2465 2258/2470/2460 2261/2471/2461
f 2262/2476/2466 2258/2470/2460 2264/2475/2465
f 2274/2477/2467 2258/2470/2460 2262/2476/2466
f 2274/2477/2467 2279/2478/2468 2258/2470/2460
f 2265/2479/2469 2261/2471/2461 2263/2474/2464
f 2265/2479/2469 2264/2475/2465 2261/2471/2461
f 2266/2480/2470 2262/2476/2466 2264/2475/2465
f 2266/2480/2470 2274/2477/2467 2262/2476/2466
f 2268/2481/2471 2274/2477/2467 2266/2480/2470
f 2269/2482/2472 2265/2479/2469 2263/2474/2464
f 2271/2483/2473 2264/2475/2465 2265/2479/2469
f 2271/2483/2473 2266/2480/2470 2264/2475/2465
f 2267/2484/2474 2268/2481/2471 2266/2480/2470
f 2875/2485/2475 2268/2481/2471 2267/2484/2474
f 2270/2486/2476 2265/2479/2469 2269/2482/2472
f 2270/2486/2476 2271/2483/2473 2265/2479/2469
f 2871/2487/2477 2266/2480/2470 2271/2483/2473
f 2273/2488/2478 2269/2482/2472 2272/2489/2479
f 2273/2488/2478 2270/2486/2476 2269/2482/2472
f 2872/2490/2480 2270/2486/2476 2273/2488/2478
f 2872/2490/2480 2271/2483/2473 2270/2486/2476
f 2623/2491/2481 2273/2488/2478 2272/2489/2479
f 2866/2492/2482 2273/2488/2478 2623/2491/2481
f 2866/2492/2482 2872/2490/2480 2273/2488/2478
f 2268/2481/2471 2275/2493/2483 2274/2477/2467
f 2276/2494/2484 2275/2493/2483 2268/2481/2471
f 2276/2494/2484 2277/2495/2485 2275/2493/2483
f 2278/2496/2486 2277/2495/2485 2276/2494/2484
f 2274/2477/2467 2280/2497/2487 2279/2478/2468
f 2275/2493/2483 2280/2497/2487 2274/2477/2467
f 2275/2493/2483 2281/2498/2488 2280/2497/2487
f 2277/2495/2485 2281/2498/2488 2275/2493/2483
f 2282/2499/2489 2281/2498/2488 2277/2495/2485
f 2282/2499/2489 4748/2500/2490 2281/2498/2488
f 2283/2501/2491 4748/2500/2490 2282/2499/2489
f 2281/2498/2488 2285/2502/2492 2284/2503/2493
f 2281/2498/2488 2284/2503/2493 2286/2504/2494
f 2281/2498/2488 2286/2504/2494 2280/2497/2487
f 2280/2497/2487 2286/2504/2494 2279/2478/2468
f 2279/2478/2468 2286/2504/2494 2257/2469/2459
f 2279/2478/2468 2257/2469/2459 2258/2470/2460
f 2286/2504/2494 2254/2465/2455 2257/2469/2459
f 2286/2504/2494 2287/2505/2495 2254/2465/2455
f 2284/2503/2493 2287/2505/2495 2286/2504/2494
f 2284/2503/2493 2288/2506/2496 2287/2505/2495
f 2285/2502/2492 2288/2506/2496 2284/2503/2493
f 2285/2502/2492 2289/2507/2497 2288/2506/2496
f 2287/2505/2495 2290/2508/2498 2254/2465/2455
f 2288/2506/2496 2290/2508/2498 2287/2505/2495
f 2288/2506/2496 2291/2509/2499 2290/2508/2498
f 2289/2507/2497 2291/2509/2499 2288/2506/2496
f 2254/2465/2455 2292/2510/2500 2250/2464/2454
f 2254/2465/2455 2293/2511/2501 2292/2510/2500
f 2290/2508/2498 2293/2511/2501 2254/2465/2455
f 2290/2508/2498 2294/2512/2502 2293/2511/2501
f 2291/2509/2499 2294/2512/2502 2290/2508/2498
f 2250/2464/2454 2292/2510/2500 2295/2450/2440
f 2250/2464/2454 2295/2450/2440 2249/2460/2450
f 2249/2460/2450 2295/2450/2440 2244/2453/2443
f 4765/2513/2503 2296/2514/2504 2293/2511/2501
f 2293/2511/2501 2296/2514/2504 2297/2515/2505
f 2293/2511/2501 2297/2515/2505 2292/2510/2500
f 2292/2510/2500 2297/2515/2505 2295/2450/2440
f 2297/2515/2505 2296/2514/2504 2240/2451/2441
f 2297/2515/2505 2240/2451/2441 2295/2450/2440
f 2240/2451/2441 2299/2516/2506 2298/2517/2507
f 2296/2514/2504 2299/2516/2506 2240/2451/2441
f 2296/2514/2504 2300/2518/2508 2299/2516/2506
f 2301/2519/2509 2300/2518/2508 2296/2514/2504
f 2300/2518/2508 2302/2520/2510 2299/2516/2506
f 2299/2516/2506 2302/2520/2510 2303/2521/2511
f 2299/2516/2506 2303/2521/2511 2298/2517/2507
f 2298/2517/2507 2303/2521/2511 2304/2522/2512
f 2305/2523/2513 5359/2524/2514 5362/2525/2515
f 2302/2520/2510 4775/2526/2516 2306/2527/2517
f 2302/2520/2510 2306/2527/2517 2303/2521/2511
f 2303/2521/2511 2306/2527/2517 2307/2528/2518
f 2303/2521/2511 2307/2528/2518 2304/2522/2512
f 2307/2528/2518 5361/2529/2519 2304/2522/2512
f 2307/2528/2518 2309/2530/2520 5361/2529/2519
f 2309/2530/2520 2308/2531/2521 5361/2529/2519
f 2305/2523/2513 5353/2532/2522 5359/2524/2514
f 4778/2533/2523 2309/2530/2520 2307/2528/2518
f 2309/2530/2520 2310/2534/2524 2308/2531/2521
f 2310/2534/2524 2305/2523/2513 2308/2531/2521
f 4781/2535/2525 2311/2536/2526 2309/2530/2520
f 2309/2530/2520 2313/2537/2527 2310/2534/2524
f 2312/2538/2528 2314/2539/2529 5353/2532/2522
f 5353/2532/2522 2314/2539/2529 5355/2540/2530
f 2313/2537/2527 2312/2538/2528 2310/2534/2524
f 2314/2539/2529 4788/2541/2531 5355/2540/2530
f 4788/2541/2531 2315/2542/2532 5354/2543/2533
f 5354/2543/2533 2315/2542/2532 2316/2544/2534
f 2316/2544/2534 4789/2545/2535 2317/2341/2331
f 4789/2545/2535 2318/2546/2536 2317/2341/2331
f 2317/2341/2331 2319/2345/2335 2128/2342/2332
f 2317/2341/2331 2320/2348/2338 2319/2345/2335
f 2318/2546/2536 2320/2348/2338 2317/2341/2331
f 2318/2546/2536 2321/2349/2339 2320/2348/2338
f 2318/2546/2536 2322/2350/2340 2321/2349/2339
f 4800/2547/2537 2323/2351/2341 2322/2350/2340
f 4797/2548/2538 2325/2549/2539 4801/2550/2540
f 4800/2547/2537 2324/2551/2541 2323/2351/2341
f 4801/2550/2540 2324/2551/2541 4800/2547/2537
f 2324/2551/2541 2326/2552/2542 2323/2351/2341
f 2325/2549/2539 2324/2551/2541 4801/2550/2540
f 2325/2549/2539 2327/2553/2543 2324/2551/2541
f 4799/2554/2544 2328/2555/2545 2325/2549/2539
f 2323/2351/2341 2329/2363/2353 2136/2355/2345
f 2326/2552/2542 2329/2363/2353 2323/2351/2341
f 2324/2551/2541 2330/2556/2546 2326/2552/2542
f 2327/2553/2543 2330/2556/2546 2324/2551/2541
f 2325/2549/2539 2331/2557/2547 2327/2553/2543
f 2326/2552/2542 2144/2371/2361 2329/2363/2353
f 2331/2557/2547 2330/2556/2546 2327/2553/2543
f 2326/2552/2542 2332/2558/2548 2144/2371/2361
f 2330/2556/2546 2332/2558/2548 2326/2552/2542
f 2330/2556/2546 2333/2559/2549 2332/2558/2548
f 2331/2557/2547 2333/2559/2549 2330/2556/2546
f 2331/2557/2547 2334/2560/2550 2333/2559/2549
f 2328/2555/2545 2334/2560/2550 2331/2557/2547
f 2587/2561/2551 2334/2560/2550 2328/2555/2545
f 2587/2561/2551 2335/2562/2552 2334/2560/2550
f 2334/2560/2550 2336/2563/2553 2333/2559/2549
f 2329/2363/2353 2150/2370/2360 2146/2367/2357
f 2144/2371/2361 2150/2370/2360 2329/2363/2353
f 2332/2558/2548 2152/2373/2363 2144/2371/2361
f 2332/2558/2548 2153/2564/2554 2152/2373/2363
f 2332/2558/2548 2337/2565/2555 2153/2564/2554
f 2333/2559/2549 2337/2565/2555 2332/2558/2548
f 2333/2559/2549 2338/2566/2556 2337/2565/2555
f 2336/2563/2553 2338/2566/2556 2333/2559/2549
f 2336/2563/2553 2339/2567/2557 2338/2566/2556
f 2336/2563/2553 2340/2568/2558 2339/2567/2557
f 2335/2562/2552 2340/2568/2558 2336/2563/2553
f 2335/2562/2552 2341/2569/2559 2340/2568/2558
f 2589/2570/2560 2341/2569/2559 2335/2562/2552
f 2589/2570/2560 2591/2571/2561 2341/2569/2559
f 2340/2568/2558 2342/2572/2562 2339/2567/2557
f 2341/2569/2559 2343/2573/2563 2340/2568/2558
f 2341/2569/2559 2344/2574/2564 2343/2573/2563
f 2341/2569/2559 2345/2575/2565 2344/2574/2564
f 2346/2576/2566 2345/2575/2565 2341/2569/2559
f 2347/2577/2567 2346/2576/2566 2591/2571/2561
f 2343/2573/2563 2342/2572/2562 2340/2568/2558
f 2346/2576/2566 2348/2578/2568 2345/2575/2565
f 2351/2579/2569 2349/2580/2570 2347/2577/2567
f 2344/2574/2564 2352/2581/2571 2343/2573/2563
f 2343/2573/2563 2352/2581/2571 2342/2572/2562
f 2352/2581/2571 2353/2582/2572 2342/2572/2562
f 2342/2572/2562 2353/2582/2572 2350/2583/2573
f 2345/2575/2565 2352/2581/2571 2344/2574/2564
f 2353/2582/2572 2354/2584/2574 2350/2583/2573
f 2348/2578/2568 2355/2585/2575 2345/2575/2565
f 2345/2575/2565 2355/2585/2575 2352/2581/2571
f 2353/2582/2572 2356/2586/2576 2354/2584/2574
f 2356/2586/2576 2357/1885/1875 2354/2584/2574
f 2348/2578/2568 2358/2587/2577 2355/2585/2575
f 2355/2585/2575 2359/1889/1879 2352/2581/2571
f 2352/2581/2571 2359/1889/1879 2353/2582/2572
f 2359/1889/1879 2356/2586/2576 2353/2582/2572
f 2356/2586/2576 2360/1893/1883 2357/1885/1875
f 2346/2576/2566 2361/2588/2578 2348/2578/2568
f 2348/2578/2568 2361/2588/2578 2358/2587/2577
f 2360/1893/1883 1721/1883/1873 2357/1885/1875
f 2347/2577/2567 2349/2580/2570 2346/2576/2566
f 2349/2580/2570 2362/1897/1887 2346/2576/2566
f 2346/2576/2566 2362/1897/1887 2361/2588/2578
f 2361/2588/2578 1724/1890/1880 2358/2587/2577
f 2358/2587/2577 1724/1890/1880 2355/2585/2575
f 2355/2585/2575 1724/1890/1880 2359/1889/1879
f 2359/1889/1879 2360/1893/1883 2356/2586/2576
f 2360/1893/1883 2363/1886/1876 1721/1883/1873
f 2362/1897/1887 1724/1890/1880 2361/2588/2578
f 2359/1889/1879 1722/1888/1878 2360/1893/1883
f 2363/1886/1876 1720/1880/1870 1721/1883/1873
f 2362/1897/1887 1723/1891/1881 1724/1890/1880
f 2349/2580/2570 2364/1895/1885 2362/1897/1887
f 2369/2589/2579 2364/1895/1885 2349/2580/2570
f 2572/2590/2580 2365/2591/2581 2351/2579/2569
f 2366/2592/2582 2365/2591/2581 2572/2590/2580
f 2366/2592/2582 2368/2593/2583 2365/2591/2581
f 2351/2579/2569 2369/2589/2579 2349/2580/2570
f 2367/2594/2584 2370/2595/2585 2366/2592/2582
f 2366/2592/2582 2370/2595/2585 2368/2593/2583
f 2351/2579/2569 2365/2591/2581 2369/2589/2579
f 2368/2593/2583 2371/2596/2586 2365/2591/2581
f 2364/1895/1885 2372/2597/2587 1728/1896/1886
f 2370/2595/2585 2371/2596/2586 2368/2593/2583
f 2364/1895/1885 2369/2589/2579 2372/2597/2587
f 1728/1896/1886 2374/2598/2588 1729/1887/1877
f 1729/1887/1877 2374/2598/2588 1730/1898/1888
f 2365/2591/2581 2371/2596/2586 2369/2589/2579
f 2369/2589/2579 2373/2599/2589 2372/2597/2587
f 2372/2597/2587 2373/2599/2589 1728/1896/1886
f 2373/2599/2589 2374/2598/2588 1728/1896/1886
f 2374/2598/2588 2375/1906/1896 1730/1898/1888
f 2374/2598/2588 2376/1909/1899 2375/1906/1896
f 2369/2589/2579 2559/2600/2590 2373/2599/2589
f 2559/2600/2590 2377/2601/2591 2373/2599/2589
f 2373/2599/2589 2377/2601/2591 2374/2598/2588
f 2377/2601/2591 2376/1909/1899 2374/2598/2588
f 2378/2602/2592 2376/1909/1899 2377/2601/2591
f 2378/2602/2592 2379/2603/2593 2376/1909/1899
f 2379/2603/2593 1742/1912/1902 2376/1909/1899
f 2379/2603/2593 2382/1916/1906 1742/1912/1902
f 2559/2600/2590 2378/2602/2592 2377/2601/2591
f 2559/2600/2590 2380/2604/2594 2378/2602/2592
f 2380/2604/2594 2379/2603/2593 2378/2602/2592
f 2380/2604/2594 2381/2605/2595 2379/2603/2593
f 2381/2605/2595 2382/1916/1906 2379/2603/2593
f 2382/1916/1906 1750/1924/1914 1745/1917/1907
f 2383/2606/2596 2381/2605/2595 2380/2604/2594
f 2383/2606/2596 2382/1916/1906 2381/2605/2595
f 2383/2606/2596 2384/2607/2597 2382/1916/1906
f 2384/2607/2597 1750/1924/1914 2382/1916/1906
f 2388/2608/2598 2384/2607/2597 2383/2606/2596
f 2385/2609/2599 1750/1924/1914 2384/2607/2597
f 2385/2609/2599 2386/1922/1912 1750/1924/1914
f 2387/2610/2600 2386/1922/1912 2385/2609/2599
f 2557/2611/2601 2388/2608/2598 2559/2600/2590
f 2388/2608/2598 2391/2612/2602 2384/2607/2597
f 2391/2612/2602 2385/2609/2599 2384/2607/2597
f 2557/2611/2601 2390/2613/2603 2388/2608/2598
f 2389/2614/2604 2390/2613/2603 2557/2611/2601
f 2556/2615/2605 2390/2613/2603 2389/2614/2604
f 2390/2613/2603 2391/2612/2602 2388/2608/2598
f 2555/2616/2606 2392/2617/2607 2556/2615/2605
f 2392/2617/2607 2393/2618/2608 2556/2615/2605
f 2393/2618/2608 2394/2619/2609 2556/2615/2605
f 2556/2615/2605 2394/2619/2609 2390/2613/2603
f 2390/2613/2603 2394/2619/2609 2391/2612/2602
f 2395/2620/2610 2385/2609/2599 2391/2612/2602
f 4533/2621/2611 2392/2617/2607 2555/2616/2606
f 2392/2617/2607 2396/2622/2612 2393/2618/2608
f 2394/2619/2609 2397/2623/2613 2391/2612/2602
f 2397/2623/2613 2395/2620/2610 2391/2612/2602
f 2398/2624/2614 2387/2610/2600 2385/2609/2599
f 2395/2620/2610 2398/2624/2614 2385/2609/2599
f 2393/2618/2608 2396/2622/2612 2394/2619/2609
f 2397/2623/2613 2404/2625/2615 2395/2620/2610
f 2387/2610/2600 2403/2626/2616 2386/1922/1912
f 2386/1922/1912 2403/2626/2616 1751/1923/1913
f 1751/1923/1913 2399/2627/2617 1748/1919/1909
f 2404/2625/2615 2401/2628/2618 2395/2620/2610
f 2395/2620/2610 2401/2628/2618 2398/2624/2614
f 2398/2624/2614 2402/2629/2619 2387/2610/2600
f 2402/2629/2619 2403/2626/2616 2387/2610/2600
f 2552/2630/2620 2408/2631/2621 2400/2632/2622
f 2400/2632/2622 2404/2625/2615 2397/2623/2613
f 2401/2628/2618 2411/2633/2623 2398/2624/2614
f 2398/2624/2614 2411/2633/2623 2402/2629/2619
f 2402/2629/2619 2405/2634/2624 2403/2626/2616
f 2404/2625/2615 2409/2635/2625 2401/2628/2618
f 2400/2632/2622 2406/2636/2626 2404/2625/2615
f 2408/2631/2621 2406/2636/2626 2400/2632/2622
f 2407/2637/2627 2429/2638/2628 2408/2631/2621
f 2429/2638/2628 2406/2636/2626 2408/2631/2621
f 2406/2636/2626 2416/2639/2629 2404/2625/2615
f 2416/2639/2629 2409/2635/2625 2404/2625/2615
f 2409/2635/2625 2410/2640/2630 2401/2628/2618
f 2410/2640/2630 2411/2633/2623 2401/2628/2618
f 2417/2641/2631 2412/2642/2632 2413/2643/2633
f 2416/2639/2629 2415/2644/2634 2409/2635/2625
f 2414/2645/2635 2417/2641/2631 2413/2643/2633
f 2410/2640/2630 2414/2645/2635 2411/2633/2623
f 2409/2635/2625 2422/2646/2636 2410/2640/2630
f 2415/2644/2634 2422/2646/2636 2409/2635/2625
f 2418/2647/2637 2415/2644/2634 2416/2639/2629
f 2423/2648/2638 2418/2647/2637 2416/2639/2629
f 2424/2649/2639 2423/2648/2638 2416/2639/2629
f 2419/2650/2640 2420/2651/2641 2414/2645/2635
f 2421/2652/2642 2419/2650/2640 2414/2645/2635
f 2410/2640/2630 2421/2652/2642 2414/2645/2635
f 2422/2646/2636 2421/2652/2642 2410/2640/2630
f 2415/2644/2634 2425/2653/2643 2422/2646/2636
f 2426/2654/2644 2425/2653/2643 2415/2644/2634
f 2418/2647/2637 2426/2654/2644 2415/2644/2634
f 2424/2649/2639 2427/2655/2645 2423/2648/2638
f 2428/2656/2646 2424/2649/2639 2429/2638/2628
f 2418/2647/2637 2536/2657/2647 2426/2654/2644
f 2536/2657/2647 2425/2653/2643 2426/2654/2644
f 2536/2657/2647 2431/2658/2648 2425/2653/2643
f 2431/2658/2648 2432/2659/2649 2425/2653/2643
f 2432/2659/2649 2433/2660/2650 2425/2653/2643
f 2425/2653/2643 2433/2660/2650 2422/2646/2636
f 2421/2652/2642 2434/2661/2651 2419/2650/2640
f 2434/2661/2651 2435/2662/2652 2419/2650/2640
f 2419/2650/2640 2435/2662/2652 2420/2651/2641
f 2420/2651/2641 2435/2662/2652 2430/2663/2653
f 2435/2662/2652 2436/2664/2654 2430/2663/2653
f 2431/2658/2648 2532/2665/2655 2432/2659/2649
f 2433/2660/2650 2437/2666/2656 2422/2646/2636
f 2422/2646/2636 2437/2666/2656 2421/2652/2642
f 2437/2666/2656 2434/2661/2651 2421/2652/2642
f 2532/2665/2655 2438/2667/2657 2432/2659/2649
f 2438/2667/2657 2433/2660/2650 2432/2659/2649
f 2433/2660/2650 2439/2668/2658 2437/2666/2656
f 2437/2666/2656 2440/2669/2659 2434/2661/2651
f 2440/2669/2659 2435/2662/2652 2434/2661/2651
f 2436/2664/2654 2442/2670/2660 5337/2671/2661
f 2438/2667/2657 2441/2672/2662 2433/2660/2650
f 2435/2662/2652 2440/2669/2659 2436/2664/2654
f 2441/2672/2662 2439/2668/2658 2433/2660/2650
f 2439/2668/2658 2444/2673/2663 2437/2666/2656
f 2444/2673/2663 2440/2669/2659 2437/2666/2656
f 2440/2669/2659 2445/2674/2664 2436/2664/2654
f 2436/2664/2654 2445/2674/2664 2442/2670/2660
f 2445/2674/2664 2443/2675/2665 2442/2670/2660
f 2444/2673/2663 2447/2676/2666 2440/2669/2659
f 2447/2676/2666 2448/2677/2667 2440/2669/2659
f 2440/2669/2659 2448/2677/2667 2445/2674/2664
f 2445/2674/2664 2449/2678/2668 2443/2675/2665
f 2449/2678/2668 2446/2679/2669 2443/2675/2665
f 2439/2668/2658 2450/2680/2670 2444/2673/2663
f 2450/2680/2670 2447/2676/2666 2444/2673/2663
f 2449/2678/2668 2451/2681/2671 2446/2679/2669
f 2451/2681/2671 2452/2682/2672 2446/2679/2669
f 2439/2668/2658 2453/2683/2673 2450/2680/2670
f 2450/2680/2670 2454/2684/2674 2447/2676/2666
f 2447/2676/2666 2454/2684/2674 2448/2677/2667
f 2454/2684/2674 2458/2685/2675 2448/2677/2667
f 2458/2685/2675 2455/2686/2676 2448/2677/2667
f 2448/2677/2667 2455/2686/2676 2445/2674/2664
f 2455/2686/2676 2456/2687/2677 2445/2674/2664
f 2445/2674/2664 2456/2687/2677 2449/2678/2668
f 2456/2687/2677 2451/2681/2671 2449/2678/2668
f 2451/2681/2671 2460/2688/2678 2452/2682/2672
f 2460/2688/2678 2457/2689/2679 2452/2682/2672
f 2453/2683/2673 2454/2684/2674 2450/2680/2670
f 2456/2687/2677 2459/2690/2680 2451/2681/2671
f 2459/2690/2680 2460/2688/2678 2451/2681/2671
f 2453/2683/2673 2461/2691/2681 2454/2684/2674
f 2454/2684/2674 2461/2691/2681 2458/2685/2675
f 2458/2685/2675 2456/2687/2677 2455/2686/2676
f 2459/2690/2680 2462/2692/2682 2460/2688/2678
f 2460/2688/2678 2463/1971/1961 2457/2689/2679
f 2457/2689/2679 2463/1971/1961 5348/2693/2683
f 2461/2691/2681 2464/2694/2684 2458/2685/2675
f 2464/2694/2684 2465/2695/2685 2458/2685/2675
f 2458/2685/2675 2465/2695/2685 2456/2687/2677
f 2456/2687/2677 2465/2695/2685 2459/2690/2680
f 2465/2695/2685 2468/2696/2686 2459/2690/2680
f 2459/2690/2680 2468/2696/2686 2462/2692/2682
f 2462/2692/2682 2466/2697/2687 2460/2688/2678
f 2460/2688/2678 2466/2697/2687 2463/1971/1961
f 2466/2697/2687 1788/1972/1962 2463/1971/1961
f 2464/2694/2684 2467/2698/2688 2465/2695/2685
f 2467/2698/2688 2468/2696/2686 2465/2695/2685
f 2471/2699/2689 2469/2700/2690 2468/2696/2686
f 2468/2696/2686 2469/2700/2690 2462/2692/2682
f 2462/2692/2682 2469/2700/2690 2466/2697/2687
f 2469/2700/2690 2470/1993/1983 2466/2697/2687
f 2470/1993/1983 1800/1981/1971 2466/2697/2687
f 2466/2697/2687 1800/1981/1971 1788/1972/1962
f 2467/2698/2688 2471/2699/2689 2468/2696/2686
f 2469/2700/2690 2472/1994/1984 2470/1993/1983
f 2473/2701/2691 2472/1994/1984 2469/2700/2690
f 2474/2702/2692 2469/2700/2690 2471/2699/2689
f 2475/2703/2693 2474/2702/2692 2471/2699/2689
f 2477/2704/2694 2475/2703/2693 2471/2699/2689
f 2467/2698/2688 2477/2704/2694 2471/2699/2689
f 2476/2705/2695 2477/2704/2694 2467/2698/2688
f 2511/2706/2696 2476/2705/2695 2467/2698/2688
f 2473/2701/2691 1810/1999/1989 2472/1994/1984
f 2469/2700/2690 2481/2707/2697 2473/2701/2691
f 2474/2702/2692 2481/2707/2697 2469/2700/2690
f 2478/2708/2698 2479/2709/2699 2476/2705/2695
f 2476/2705/2695 2479/2709/2699 2477/2704/2694
f 2479/2709/2699 2483/2710/2700 2477/2704/2694
f 2477/2704/2694 2483/2710/2700 2475/2703/2693
f 2475/2703/2693 2480/2711/2701 2474/2702/2692
f 2480/2711/2701 2481/2707/2697 2474/2702/2692
f 2473/2701/2691 2482/2000/1990 1810/1999/1989
f 2483/2710/2700 2484/2080/2070 2475/2703/2693
f 2484/2080/2070 2480/2711/2701 2475/2703/2693
f 2480/2711/2701 1869/2063/2053 2481/2707/2697
f 1869/2063/2053 2485/2053/2043 2481/2707/2697
f 2481/2707/2697 2485/2053/2043 2473/2701/2691
f 2485/2053/2043 2486/2044/2034 2473/2701/2691
f 2473/2701/2691 2486/2044/2034 2482/2000/1990
f 2486/2044/2034 2487/2037/2027 2482/2000/1990
f 2487/2037/2027 1811/2001/1991 2482/2000/1990
f 2479/2709/2699 1900/2097/2087 2483/2710/2700
f 1900/2097/2087 1894/2089/2079 2483/2710/2700
f 1894/2089/2079 2484/2080/2070 2483/2710/2700
f 2484/2080/2070 1877/2071/2061 2480/2711/2701
f 1877/2071/2061 1869/2063/2053 2480/2711/2701
f 2487/2037/2027 1840/2030/2020 1811/2001/1991
f 1840/2030/2020 1817/2008/1998 1811/2001/1991
f 2488/2712/2702 1944/2148/2138 2494/2713/2703
f 1944/2148/2138 1938/2139/2129 2494/2713/2703
f 2494/2713/2703 1938/2139/2129 2489/2714/2704
f 1938/2139/2129 2490/2129/2119 2489/2714/2704
f 2491/2123/2113 1920/2117/2107 2495/2715/2705
f 2495/2715/2705 1920/2117/2107 2492/2109/2099
f 2492/2109/2099 1908/2105/2095 2496/2716/2706
f 2496/2716/2706 1908/2105/2095 2493/2095/2085
f 2493/2095/2085 1900/2097/2087 2479/2709/2699
f 5178/2717/2707 2488/2712/2702 2494/2713/2703
f 2494/2713/2703 2489/2714/2704 2498/2718/2708
f 2489/2714/2704 2490/2129/2119 2499/2719/2709
f 2490/2129/2119 2491/2123/2113 2499/2719/2709
f 2499/2719/2709 2491/2123/2113 2495/2715/2705
f 2495/2715/2705 2492/2109/2099 2500/2720/2710
f 2500/2720/2710 2492/2109/2099 2496/2716/2706
f 2496/2716/2706 2493/2095/2085 2501/2721/2711
f 2501/2721/2711 2493/2095/2085 2478/2708/2698
f 2493/2095/2085 2479/2709/2699 2478/2708/2698
f 5182/2722/2712 5178/2717/2707 2497/2723/2713
f 5178/2717/2707 2494/2713/2703 2497/2723/2713
f 2497/2723/2713 2494/2713/2703 2504/2724/2714
f 2494/2713/2703 2498/2718/2708 2504/2724/2714
f 2498/2718/2708 2489/2714/2704 2499/2719/2709
f 2499/2719/2709 2495/2715/2705 2503/2725/2715
f 2503/2725/2715 2495/2715/2705 2500/2720/2710
f 2500/2720/2710 2496/2716/2706 2505/2726/2716
f 2505/2726/2716 2496/2716/2706 2501/2721/2711
f 2502/2727/2717 2478/2708/2698 2476/2705/2695
f 2501/2721/2711 2478/2708/2698 2502/2727/2717
f 2508/2728/2718 2501/2721/2711 2502/2727/2717
f 2505/2726/2716 2501/2721/2711 2508/2728/2718
f 2506/2729/2719 2500/2720/2710 2505/2726/2716
f 2503/2725/2715 2500/2720/2710 2506/2729/2719
f 2504/2724/2714 2499/2719/2709 2503/2725/2715
f 2498/2718/2708 2499/2719/2709 2504/2724/2714
f 2502/2727/2717 2476/2705/2695 2511/2706/2696
f 2509/2730/2720 2503/2725/2715 2506/2729/2719
f 2504/2724/2714 2503/2725/2715 2509/2730/2720
f 2507/2731/2721 2504/2724/2714 2509/2730/2720
f 2497/2723/2713 2504/2724/2714 2507/2731/2721
f 5184/2732/2722 2497/2723/2713 2507/2731/2721
f 5182/2722/2712 2497/2723/2713 5184/2732/2722
f 2508/2728/2718 2502/2727/2717 2511/2706/2696
f 2506/2729/2719 2505/2726/2716 2513/2733/2723
f 2509/2730/2720 2506/2729/2719 2513/2733/2723
f 2512/2734/2724 2507/2731/2721 2515/2735/2725
f 2507/2731/2721 2509/2730/2720 2515/2735/2725
f 2515/2735/2725 2509/2730/2720 2513/2733/2723
f 2513/2733/2723 2505/2726/2716 2510/2736/2726
f 2505/2726/2716 2508/2728/2718 2510/2736/2726
f 2510/2736/2726 2508/2728/2718 2514/2737/2727
f 2508/2728/2718 2511/2706/2696 2514/2737/2727
f 2511/2706/2696 2467/2698/2688 2464/2694/2684
f 2513/2733/2723 2510/2736/2726 2518/2738/2728
f 2514/2737/2727 2511/2706/2696 2461/2691/2681
f 2511/2706/2696 2464/2694/2684 2461/2691/2681
f 2519/2739/2729 2512/2734/2724 2517/2740/2730
f 2512/2734/2724 2515/2735/2725 2517/2740/2730
f 2517/2740/2730 2515/2735/2725 2518/2738/2728
f 2515/2735/2725 2513/2733/2723 2518/2738/2728
f 2518/2738/2728 2510/2736/2726 2516/2741/2731
f 2510/2736/2726 2514/2737/2727 2516/2741/2731
f 2516/2741/2731 2514/2737/2727 2453/2683/2673
f 2453/2683/2673 2514/2737/2727 2461/2691/2681
f 2518/2738/2728 2516/2741/2731 2521/2742/2732
f 2521/2742/2732 2516/2741/2731 2453/2683/2673
f 2519/2739/2729 2517/2740/2730 2523/2743/2733
f 2517/2740/2730 2518/2738/2728 2524/2744/2734
f 2524/2744/2734 2518/2738/2728 2520/2745/2735
f 2520/2745/2735 2518/2738/2728 2521/2742/2732
f 2521/2742/2732 2453/2683/2673 2522/2746/2736
f 2523/2743/2733 2517/2740/2730 2524/2744/2734
f 2522/2746/2736 2453/2683/2673 2439/2668/2658
f 2519/2739/2729 2523/2743/2733 2526/2747/2737
f 2524/2744/2734 2520/2745/2735 2527/2748/2738
f 2527/2748/2738 2520/2745/2735 2528/2749/2739
f 2520/2745/2735 2521/2742/2732 2528/2749/2739
f 2528/2749/2739 2521/2742/2732 2525/2750/2740
f 2521/2742/2732 2522/2746/2736 2525/2750/2740
f 2525/2750/2740 2522/2746/2736 2439/2668/2658
f 2519/2739/2729 2526/2747/2737 2530/2751/2741
f 2526/2747/2737 2523/2743/2733 2527/2748/2738
f 2523/2743/2733 2524/2744/2734 2527/2748/2738
f 2528/2749/2739 2525/2750/2740 2441/2672/2662
f 2525/2750/2740 2439/2668/2658 2441/2672/2662
f 5195/2752/2742 2530/2751/2741 2529/2753/2743
f 2530/2751/2741 2526/2747/2737 2531/2754/2744
f 2526/2747/2737 2527/2748/2738 2531/2754/2744
f 2531/2754/2744 2527/2748/2738 2534/2755/2745
f 2534/2755/2745 2527/2748/2738 2532/2665/2655
f 2527/2748/2738 2528/2749/2739 2532/2665/2655
f 2532/2665/2655 2528/2749/2739 2438/2667/2657
f 2438/2667/2657 2528/2749/2739 2441/2672/2662
f 2530/2751/2741 2531/2754/2744 2533/2756/2746
f 2535/2757/2747 2531/2754/2744 2534/2755/2745
f 2529/2753/2743 2530/2751/2741 2428/2656/2646
f 2428/2656/2646 2530/2751/2741 2533/2756/2746
f 2533/2756/2746 2531/2754/2744 2535/2757/2747
f 2534/2755/2745 2532/2665/2655 2431/2658/2648
f 2535/2757/2747 2534/2755/2745 2427/2655/2645
f 2427/2655/2645 2534/2755/2745 2536/2657/2647
f 2534/2755/2745 2431/2658/2648 2536/2657/2647
f 2537/2758/2748 5204/2759/2749 2541/2760/2750
f 5204/2759/2749 2529/2753/2743 2541/2760/2750
f 2529/2753/2743 2428/2656/2646 2541/2760/2750
f 2541/2760/2750 2428/2656/2646 2538/2761/2751
f 2428/2656/2646 2533/2756/2746 2427/2655/2645
f 2533/2756/2746 2535/2757/2747 2427/2655/2645
f 2428/2656/2646 2427/2655/2645 2424/2649/2639
f 2427/2655/2645 2536/2657/2647 2423/2648/2638
f 2423/2648/2638 2536/2657/2647 2418/2647/2637
f 2538/2761/2751 2428/2656/2646 2429/2638/2628
f 2541/2760/2750 2538/2761/2751 2540/2762/2752
f 2542/2763/2753 2537/2758/2748 2541/2760/2750
f 2543/2764/2754 2537/2758/2748 2542/2763/2753
f 2538/2761/2751 2429/2638/2628 2539/2765/2755
f 2540/2762/2752 2538/2761/2751 2539/2765/2755
f 2429/2638/2628 2424/2649/2639 2406/2636/2626
f 2539/2765/2755 2429/2638/2628 2407/2637/2627
f 2540/2762/2752 2539/2765/2755 2546/2766/2756
f 2545/2767/2757 2540/2762/2752 2546/2766/2756
f 2541/2760/2750 2540/2762/2752 2545/2767/2757
f 2544/2768/2758 2541/2760/2750 2545/2767/2757
f 2542/2763/2753 2541/2760/2750 2544/2768/2758
f 2424/2649/2639 2416/2639/2629 2406/2636/2626
f 2546/2766/2756 2539/2765/2755 2407/2637/2627
f 4480/2769/2759 2544/2768/2758 4484/2770/2760
f 4484/2770/2760 2544/2768/2758 2545/2767/2757
f 2547/2771/2761 2545/2767/2757 2548/2772/2762
f 2545/2767/2757 2546/2766/2756 2548/2772/2762
f 2546/2766/2756 2407/2637/2627 2550/2773/2763
f 2407/2637/2627 2408/2631/2621 2552/2630/2620
f 2551/2774/2764 2407/2637/2627 2552/2630/2620
f 2550/2773/2763 2407/2637/2627 2551/2774/2764
f 2548/2772/2762 2546/2766/2756 2550/2773/2763
f 4486/2775/2765 2547/2771/2761 2548/2772/2762
f 2548/2772/2762 2550/2773/2763 2549/2776/2766
f 4484/2770/2760 2547/2771/2761 4485/2777/2767
f 4485/2777/2767 2547/2771/2761 4486/2775/2765
f 4486/2775/2765 2548/2772/2762 2553/2778/2768
f 2553/2778/2768 2548/2772/2762 2549/2776/2766
f 2392/2617/2607 2552/2630/2620 2396/2622/2612
f 2552/2630/2620 2400/2632/2622 2396/2622/2612
f 2400/2632/2622 2397/2623/2613 2396/2622/2612
f 2396/2622/2612 2397/2623/2613 2394/2619/2609
f 2551/2774/2764 2552/2630/2620 2392/2617/2607
f 4533/2621/2611 2551/2774/2764 2392/2617/2607
f 2550/2773/2763 2551/2774/2764 4533/2621/2611
f 2554/2779/2769 2550/2773/2763 4533/2621/2611
f 2549/2776/2766 2550/2773/2763 2554/2779/2769
f 2553/2778/2768 2549/2776/2766 2554/2779/2769
f 4533/2621/2611 2555/2616/2606 4532/2780/2770
f 4532/2780/2770 2555/2616/2606 2561/2781/2771
f 2561/2781/2771 2556/2615/2605 2562/2782/2772
f 2562/2782/2772 2556/2615/2605 2558/2783/2773
f 2555/2616/2606 2556/2615/2605 2561/2781/2771
f 2556/2615/2605 2389/2614/2604 2558/2783/2773
f 2558/2783/2773 2389/2614/2604 2560/2784/2774
f 2560/2784/2774 2389/2614/2604 2557/2611/2601
f 2559/2600/2590 2388/2608/2598 2383/2606/2596
f 2560/2784/2774 2557/2611/2601 2559/2600/2590
f 2559/2600/2590 2383/2606/2596 2380/2604/2594
f 2562/2782/2772 2558/2783/2773 2563/2785/2775
f 2563/2785/2775 2558/2783/2773 2560/2784/2774
f 2560/2784/2774 2559/2600/2590 2371/2596/2586
f 2563/2785/2775 2560/2784/2774 2371/2596/2586
f 2371/2596/2586 2559/2600/2590 2369/2589/2579
f 2567/2786/2776 2561/2781/2771 2564/2787/2777
f 2564/2787/2777 2561/2781/2771 2562/2782/2772
f 2562/2782/2772 2563/2785/2775 2370/2595/2585
f 2564/2787/2777 2562/2782/2772 2370/2595/2585
f 2567/2786/2776 2564/2787/2777 2367/2594/2584
f 2370/2595/2585 2563/2785/2775 2371/2596/2586
f 2568/2788/2778 2565/2789/2779 2569/2790/2780
f 2569/2790/2780 2565/2789/2779 2566/2791/2781
f 2367/2594/2584 2564/2787/2777 2370/2595/2585
f 2569/2790/2780 2566/2791/2781 2567/2786/2776
f 2569/2790/2780 2567/2786/2776 2571/2792/2782
f 2571/2792/2782 2567/2786/2776 2367/2594/2584
f 2571/2792/2782 2367/2594/2584 2570/2793/2783
f 2570/2793/2783 2367/2594/2584 2573/2794/2784
f 4519/2795/2785 2569/2790/2780 2571/2792/2782
f 2573/2794/2784 2367/2594/2584 2366/2592/2582
f 2574/2796/2786 2570/2793/2783 2573/2794/2784
f 2574/2796/2786 2571/2792/2782 2570/2793/2783
f 4517/2797/2787 2571/2792/2782 2574/2796/2786
f 2579/2798/2788 2572/2590/2580 2575/2799/2789
f 2576/2800/2790 2572/2590/2580 2579/2798/2788
f 2576/2800/2790 2573/2794/2784 2572/2590/2580
f 2577/2801/2791 2573/2794/2784 2576/2800/2790
f 2577/2801/2791 2574/2796/2786 2573/2794/2784
f 2578/2802/2792 2574/2796/2786 2577/2801/2791
f 2580/2803/2793 2588/2804/2794 2586/2805/2795
f 2580/2803/2793 2579/2798/2788 2588/2804/2794
f 2580/2803/2793 2576/2800/2790 2579/2798/2788
f 2581/2806/2796 2576/2800/2790 2580/2803/2793
f 2581/2806/2796 2577/2801/2791 2576/2800/2790
f 2582/2807/2797 2577/2801/2791 2581/2806/2796
f 2582/2807/2797 2578/2802/2792 2577/2801/2791
f 2583/2808/2798 2581/2806/2796 2580/2803/2793
f 2584/2809/2799 2581/2806/2796 2583/2808/2798
f 2584/2809/2799 2582/2807/2797 2581/2806/2796
f 4507/2810/2800 2582/2807/2797 2584/2809/2799
f 4793/2811/2801 4796/2812/2802 4798/2813/2803
f 4794/2814/2804 4796/2812/2802 4793/2811/2801
f 4879/2815/2805 2583/2808/2798 4796/2812/2802
f 4798/2813/2803 2585/2816/2806 4799/2554/2544
f 4798/2813/2803 2583/2808/2798 2585/2816/2806
f 4796/2812/2802 2583/2808/2798 4798/2813/2803
f 2583/2808/2798 2586/2805/2795 2585/2816/2806
f 2583/2808/2798 2580/2803/2793 2586/2805/2795
f 2328/2555/2545 2331/2557/2547 2325/2549/2539
f 4799/2554/2544 2587/2561/2551 2328/2555/2545
f 2585/2816/2806 2587/2561/2551 4799/2554/2544
f 2585/2816/2806 2586/2805/2795 2587/2561/2551
f 2586/2805/2795 2588/2804/2794 2587/2561/2551
f 2587/2561/2551 2588/2804/2794 2335/2562/2552
f 2579/2798/2788 2575/2799/2789 2588/2804/2794
f 2334/2560/2550 2335/2562/2552 2336/2563/2553
f 2588/2804/2794 2589/2570/2560 2335/2562/2552
f 2588/2804/2794 2590/2817/2807 2589/2570/2560
f 2575/2799/2789 2590/2817/2807 2588/2804/2794
f 2589/2570/2560 2592/2818/2808 2591/2571/2561
f 2590/2817/2807 2592/2818/2808 2589/2570/2560
f 2590/2817/2807 2593/2819/2809 2592/2818/2808
f 2575/2799/2789 2593/2819/2809 2590/2817/2807
f 2573/2794/2784 2366/2592/2582 2572/2590/2580
f 2591/2571/2561 2346/2576/2566 2341/2569/2559
f 2592/2818/2808 2347/2577/2567 2591/2571/2561
f 2593/2819/2809 2347/2577/2567 2592/2818/2808
f 2593/2819/2809 2351/2579/2569 2347/2577/2567
f 2575/2799/2789 2351/2579/2569 2593/2819/2809
f 2572/2590/2580 2351/2579/2569 2575/2799/2789
f 2594/1848/1838 3269/2820/2810 2596/2821/2811
f 1690/2822/1837 2596/2823/2811 2595/2824/2812
f 1688/2825/1835 1690/2822/1837 2597/2826/2813
f 1687/2827/1834 1688/2825/1835 2597/2826/2813
f 1687/2827/1834 2597/2826/2813 2598/2828/2814
f 2597/2826/2813 2599/2829/2815 2605/2830/2816
f 1690/2822/1837 2594/2831/1838 2596/2823/2811
f 2601/2832/2817 3271/2833/2818 2606/2834/2819
f 2606/2834/2819 3271/2833/2818 2600/2835/2820
f 2600/2835/2820 3272/904/903 2602/905/904
f 2605/2830/2816 2599/2829/2815 2601/2832/2817
f 2603/2836/2821 2601/2832/2817 2606/2834/2819
f 2602/905/904 798/900/899 2742/906/905
f 2604/2837/2822 2600/2835/2820 2602/905/904
f 2604/2837/2822 2602/905/904 2741/2838/2823
f 2742/906/905 799/896/895 2740/907/906
f 2741/2838/2823 2602/905/904 2742/906/905
f 3867/2839/2824 2603/2836/2821 2604/2837/2822
f 2741/2838/2823 2742/906/905 2739/2840/2825
f 3865/2841/2826 2605/2830/2816 3866/2842/2827
f 3866/2842/2827 2605/2830/2816 3867/2839/2824
f 2605/2830/2816 2603/2836/2821 3867/2839/2824
f 3868/2843/2828 2598/2828/2814 3869/2844/2829
f 3869/2844/2829 2605/2830/2816 3865/2841/2826
f 2603/2836/2821 2606/2834/2819 2604/2837/2822
f 1686/2845/1830 2598/2828/2814 3868/2843/2828
f 2598/2828/2814 2605/2830/2816 3869/2844/2829
f 2606/2834/2819 2600/2835/2820 2604/2837/2822
f 2598/2828/2814 2597/2826/2813 2605/2830/2816
f 2605/2830/2816 2601/2832/2817 2603/2836/2821
f 5370/2846/2830 2608/2847/2831 2607/2848/2832
f 2610/2849/2833 2611/2850/2834 2612/2851/2835
f 2612/2851/2835 2611/2850/2834 2613/2852/2836
f 2612/2851/2835 2613/2852/2836 2614/2853/2837
f 2614/2853/2837 2613/2852/2836 2619/2854/2838
f 5370/2846/2830 2615/2855/2839 2608/2847/2831
f 2615/2855/2839 2616/2856/2840 2608/2847/2831
f 2615/2855/2839 2617/2857/2841 2616/2856/2840
f 2615/2855/2839 2614/2853/2837 2617/2857/2841
f 2614/2853/2837 2619/2854/2838 2617/2857/2841
f 2617/2857/2841 2626/2858/2842 2616/2856/2840
f 2619/2854/2838 2626/2858/2842 2617/2857/2841
f 2626/2858/2842 2618/2426/2416 2616/2856/2840
f 2611/2850/2834 2620/2859/2843 2613/2852/2836
f 2611/2850/2834 2621/2860/2844 2620/2859/2843
f 2610/2849/2833 2621/2860/2844 2611/2850/2834
f 2610/2849/2833 2622/2861/2845 2621/2860/2844
f 2609/2862/2846 2622/2861/2845 2610/2849/2833
f 2609/2862/2846 2623/2491/2481 2622/2861/2845
f 2860/2863/2847 2866/2492/2482 2623/2491/2481
f 2624/2864/2848 2211/2424/2414 2618/2426/2416
f 2626/2858/2842 2624/2864/2848 2618/2426/2416
f 2625/2865/2849 2624/2864/2848 2626/2858/2842
f 2627/2866/2850 2626/2858/2842 2619/2854/2838
f 2619/2854/2838 2613/2852/2836 2627/2866/2850
f 2623/2491/2481 2272/2489/2479 2622/2861/2845
f 2624/2864/2848 2209/2422/2412 2211/2424/2414
f 2626/2858/2842 2631/2867/2851 2625/2865/2849
f 2627/2866/2850 2631/2867/2851 2626/2858/2842
f 2613/2852/2836 2620/2859/2843 2627/2866/2850
f 2622/2861/2845 2628/2868/2852 2621/2860/2844
f 2622/2861/2845 2269/2482/2472 2628/2868/2852
f 2272/2489/2479 2269/2482/2472 2622/2861/2845
f 2624/2864/2848 2629/2869/2853 2209/2422/2412
f 2630/2870/2854 2629/2869/2853 2624/2864/2848
f 2625/2865/2849 2630/2870/2854 2624/2864/2848
f 2631/2867/2851 2630/2870/2854 2625/2865/2849
f 2620/2859/2843 2632/2871/2855 2627/2866/2850
f 2621/2860/2844 2632/2871/2855 2620/2859/2843
f 2621/2860/2844 2628/2868/2852 2632/2871/2855
f 2633/2872/2856 2198/2411/2401 2209/2422/2412
f 2629/2869/2853 2633/2872/2856 2209/2422/2412
f 2630/2870/2854 2633/2872/2856 2629/2869/2853
f 2631/2867/2851 2634/2873/2857 2630/2870/2854
f 2637/2874/2858 2631/2867/2851 2627/2866/2850
f 2632/2871/2855 2637/2874/2858 2627/2866/2850
f 2269/2482/2472 2263/2474/2464 2628/2868/2852
f 2633/2872/2856 2208/2421/2411 2198/2411/2401
f 2630/2870/2854 2635/2431/2421 2633/2872/2856
f 2636/2430/2420 2635/2431/2421 2630/2870/2854
f 2634/2873/2857 2636/2430/2420 2630/2870/2854
f 2637/2874/2858 2634/2873/2857 2631/2867/2851
f 2638/2473/2463 2637/2874/2858 2632/2871/2855
f 2628/2868/2852 2638/2473/2463 2632/2871/2855
f 2628/2868/2852 2263/2474/2464 2638/2473/2463
f 2633/2872/2856 2218/2434/2424 2208/2421/2411
f 2216/2432/2422 2218/2434/2424 2633/2872/2856
f 2635/2431/2421 2216/2432/2422 2633/2872/2856
f 2215/2428/2418 2636/2430/2420 2634/2873/2857
f 2637/2874/2858 2215/2428/2418 2634/2873/2857
f 2221/2438/2428 2215/2428/2418 2637/2874/2858
f 2638/2473/2463 2221/2438/2428 2637/2874/2858
f 2263/2474/2464 2260/2466/2456 2638/2473/2463
f 1686/1840/1830 1687/1844/1834 2598/2875/2814
f 2231/2876/2438 2096/2877/2289 2237/2878/2288
f 2231/2876/2438 2097/2879/2302 2096/2877/2289
f 2206/2880/2408 2237/2878/2288 2205/2881/2409
f 2641/2882/2859 2640/2883/2860 2639/2884/2861
f 2095/2885/2290 2640/2883/2860 2641/2882/2859
f 2237/2878/2288 2095/2885/2290 2641/2882/2859
f 2205/2881/2409 2237/2878/2288 2641/2882/2859
f 2205/2881/2409 2641/2882/2859 2642/2886/2862
f 2205/2881/2409 2642/2886/2862 2645/2887/2863
f 2204/2888/2407 2205/2881/2409 2645/2887/2863
f 2204/2888/2407 2645/2887/2863 2643/2889/2864
f 2202/2890/2405 2204/2888/2407 2643/2889/2864
f 2202/2890/2405 2643/2889/2864 2644/2891/2865
f 2200/2892/2402 2202/2890/2405 2644/2891/2865
f 2200/2892/2402 2644/2891/2865 3091/2893/2866
f 2643/2889/2864 2645/2887/2863 3099/2894/2867
f 2645/2887/2863 2642/2886/2862 2646/2895/2868
f 2642/2886/2862 2647/2896/2869 2646/2895/2868
f 2642/2886/2862 2641/2882/2859 2647/2896/2869
f 2641/2882/2859 2639/2884/2861 2647/2896/2869
f 2647/2896/2869 2639/2884/2861 2651/2897/2870
f 2639/2884/2861 2648/2898/2871 2651/2897/2870
f 2651/2897/2870 2648/2898/2871 2652/2899/2872
f 2648/2898/2871 2649/2900/2873 2652/2899/2872
f 3099/2894/2867 2645/2887/2863 3103/2901/2874
f 2645/2887/2863 2661/2902/2875 3103/2901/2874
f 2645/2887/2863 2646/2895/2868 2661/2902/2875
f 2646/2895/2868 2650/2903/2876 2661/2902/2875
f 2646/2895/2868 2647/2896/2869 2650/2903/2876
f 2647/2896/2869 2651/2897/2870 2650/2903/2876
f 2652/2899/2872 2649/2900/2873 2653/2904/2877
f 2653/2904/2877 2649/2900/2873 2654/2905/2878
f 2649/2900/2873 2655/2906/2879 2654/2905/2878
f 2650/2903/2876 2651/2897/2870 2662/2907/2880
f 2651/2897/2870 2652/2899/2872 2662/2907/2880
f 2662/2907/2880 2652/2899/2872 2653/2904/2877
f 2655/2906/2879 2656/2908/2881 5031/2909/2882
f 2656/2908/2881 5029/2910/2883 5031/2909/2882
f 3105/2911/2884 2659/2912/2885 2658/2913/2886
f 2659/2912/2885 2660/2914/2887 2658/2913/2886
f 2659/2912/2885 2661/2902/2875 2660/2914/2887
f 2661/2902/2875 2662/2907/2880 2660/2914/2887
f 2662/2907/2880 2663/2915/2888 2660/2914/2887
f 2662/2907/2880 2653/2904/2877 2663/2915/2888
f 2663/2915/2888 2653/2904/2877 2667/2916/2889
f 2653/2904/2877 2654/2905/2878 2667/2916/2889
f 2654/2905/2878 2655/2906/2879 2667/2916/2889
f 2664/2917/2890 2665/2918/2891 2668/2919/2892
f 2665/2918/2891 2669/2920/2893 2668/2919/2892
f 2665/2918/2891 2658/2913/2886 2669/2920/2893
f 2658/2913/2886 2670/2921/2894 2669/2920/2893
f 2658/2913/2886 2660/2914/2887 2670/2921/2894
f 2660/2914/2887 2671/2922/2895 2670/2921/2894
f 2660/2914/2887 2666/2923/2896 2671/2922/2895
f 2660/2914/2887 2663/2915/2888 2666/2923/2896
f 2663/2915/2888 2667/2916/2889 2666/2923/2896
f 2668/2919/2892 2669/2920/2893 3115/2924/2897
f 2666/2923/2896 2667/2916/2889 2673/2925/2898
f 2669/2920/2893 2670/2921/2894 2676/2926/2899
f 2670/2921/2894 2677/2927/2900 2676/2926/2899
f 2670/2921/2894 2671/2922/2895 2677/2927/2900
f 2671/2922/2895 2672/2928/2901 2677/2927/2900
f 2671/2922/2895 2666/2923/2896 2672/2928/2901
f 2666/2923/2896 2673/2925/2898 2672/2928/2901
f 2672/2928/2901 2673/2925/2898 2674/2929/2902
f 2674/2929/2902 2675/2930/2903 2679/2931/2904
f 2679/2931/2904 2675/2930/2903 2678/2932/2905
f 2680/2933/2906 5034/2934/2907 2701/2935/2908
f 5034/2934/2907 2704/2936/2909 2701/2935/2908
f 2672/2928/2901 2674/2929/2902 2679/2931/2904
f 2679/2931/2904 2678/2932/2905 2681/2937/2910
f 2677/2927/2900 2672/2928/2901 2686/2938/2911
f 2672/2928/2901 2679/2931/2904 2686/2938/2911
f 3121/2939/2912 2686/2938/2911 2684/2940/2913
f 3121/2939/2912 2677/2927/2900 2686/2938/2911
f 2681/2937/2910 2678/2932/2905 2687/2941/2914
f 2687/2941/2914 2678/2932/2905 2682/2942/2915
f 2678/2932/2905 2680/2933/2906 2682/2942/2915
f 2682/2942/2915 2680/2933/2906 2683/2943/2916
f 2686/2938/2911 2679/2931/2904 2681/2937/2910
f 2683/2943/2916 2701/2935/2908 2693/2944/2917
f 2693/2944/2917 2701/2935/2908 2697/2945/2918
f 2684/2940/2913 2686/2938/2911 2685/2946/2919
f 2686/2938/2911 2687/2941/2914 2685/2946/2919
f 2686/2938/2911 2681/2937/2910 2687/2941/2914
f 2682/2942/2915 2683/2943/2916 2692/2947/2920
f 2800/2948/2921 2688/2949/2922 2797/2950/2923
f 2800/2948/2921 2684/2940/2913 2688/2949/2922
f 2687/2941/2914 2682/2942/2915 2691/2951/2924
f 2797/2950/2923 2688/2949/2922 2792/2952/2925
f 2688/2949/2922 2684/2940/2913 2689/2953/2926
f 2684/2940/2913 2685/2946/2919 2689/2953/2926
f 2685/2946/2919 2691/2951/2924 2689/2953/2926
f 2685/2946/2919 2687/2941/2914 2691/2951/2924
f 2688/2949/2922 2690/2954/2927 2792/2952/2925
f 2688/2949/2922 2689/2953/2926 2690/2954/2927
f 2689/2953/2926 2691/2951/2924 2690/2954/2927
f 2691/2951/2924 2692/2947/2920 2786/2955/2928
f 2786/2955/2928 2692/2947/2920 2693/2944/2917
f 2690/2954/2927 2691/2951/2924 2786/2955/2928
f 2786/2955/2928 2693/2944/2917 2783/2956/2929
f 2783/2956/2929 2693/2944/2917 2694/2957/2930
f 2694/2957/2930 2696/2958/2931 2695/2959/2932
f 2695/2959/2932 2698/2960/2933 2774/2961/2934
f 2696/2958/2931 2698/2960/2933 2695/2959/2932
f 2691/2951/2924 2682/2942/2915 2692/2947/2920
f 2693/2944/2917 2697/2945/2918 2694/2957/2930
f 2692/2947/2920 2683/2943/2916 2693/2944/2917
f 2697/2945/2918 2699/2962/2935 2694/2957/2930
f 2694/2957/2930 2699/2962/2935 2696/2958/2931
f 2699/2962/2935 2698/2960/2933 2696/2958/2931
f 2680/2933/2906 2701/2935/2908 2683/2943/2916
f 2702/2963/2936 2703/2964/2937 2697/2945/2918
f 2697/2945/2918 2703/2964/2937 2699/2962/2935
f 2701/2935/2908 2704/2936/2909 2697/2945/2918
f 2704/2936/2909 2702/2963/2936 2697/2945/2918
f 2703/2964/2937 2705/2965/2938 2699/2962/2935
f 2704/2936/2909 2706/2966/2939 2702/2963/2936
f 2702/2963/2936 2706/2966/2939 2703/2964/2937
f 2699/2962/2935 2705/2965/2938 2768/2967/2940
f 2705/2965/2938 2707/2968/2941 2768/2967/2940
f 2707/2968/2941 2760/2969/2942 2768/2967/2940
f 2706/2966/2939 2709/2970/2943 2703/2964/2937
f 2709/2970/2943 2705/2965/2938 2703/2964/2937
f 2708/2971/2944 2762/2972/2945 2760/2969/2942
f 5027/2973/2946 2710/2974/2947 2706/2966/2939
f 2710/2974/2947 2709/2970/2943 2706/2966/2939
f 5027/2973/2946 2718/2975/2948 2710/2974/2947
f 2710/2974/2947 2711/2976/2949 2709/2970/2943
f 2718/2975/2948 2711/2976/2949 2710/2974/2947
f 2714/2977/2950 2713/2978/2951 5026/2979/2952
f 2711/2976/2949 2716/2980/2953 2709/2970/2943
f 2718/2975/2948 2717/2981/2954 2711/2976/2949
f 2713/2978/2951 2719/2982/2955 2718/2975/2948
f 5017/2983/2956 2720/2984/2957 2713/2978/2951
f 2720/2984/2957 2719/2982/2955 2713/2978/2951
f 2719/2982/2955 2722/2985/2958 2718/2975/2948
f 2722/2985/2958 2717/2981/2954 2718/2975/2948
f 2717/2981/2954 2721/2986/2959 2711/2976/2949
f 2711/2976/2949 2721/2986/2959 2716/2980/2953
f 2722/2985/2958 2723/2987/2960 2717/2981/2954
f 2719/2982/2955 5001/2988/2961 2722/2985/2958
f 2722/2985/2958 2724/2989/2962 2723/2987/2960
f 5001/2988/2961 2725/2990/2963 2722/2985/2958
f 2725/2990/2963 2724/2989/2962 2722/2985/2958
f 2724/2989/2962 2726/2991/2964 2723/2987/2960
f 2723/2987/2960 2726/2991/2964 2717/2981/2954
f 2726/2991/2964 2727/2992/2965 2717/2981/2954
f 2717/2981/2954 2727/2992/2965 2721/2986/2959
f 2725/2990/2963 2728/2993/2966 2724/2989/2962
f 2727/2992/2965 2729/2994/2967 2721/2986/2959
f 2728/2993/2966 2730/2995/2968 2724/2989/2962
f 2724/2989/2962 2730/2995/2968 2726/2991/2964
f 2728/2993/2966 4988/2996/2969 2730/2995/2968
f 4988/2996/2969 2732/2997/2970 2730/2995/2968
f 2730/2995/2968 2733/2998/2971 2726/2991/2964
f 2721/2986/2959 2729/2994/2967 2731/2999/2972
f 2732/2997/2970 2733/2998/2971 2730/2995/2968
f 2733/2998/2971 2736/3000/2973 2726/2991/2964
f 2736/3000/2973 2734/3001/2974 2726/2991/2964
f 2726/2991/2964 2734/3001/2974 2727/2992/2965
f 2727/2992/2965 2734/3001/2974 2729/2994/2967
f 2732/2997/2970 2735/3002/2975 2733/2998/2971
f 2734/3001/2974 2737/908/907 2729/2994/2967
f 2729/2994/2967 2737/908/907 2731/2999/2972
f 2732/2997/2970 4978/3003/2976 2735/3002/2975
f 2737/908/907 2738/897/896 2731/2999/2972
f 2733/2998/2971 2735/3002/2975 2736/3000/2973
f 2736/3000/2973 2739/2840/2825 2734/3001/2974
f 2739/2840/2825 2740/907/906 2734/3001/2974
f 2734/3001/2974 2740/907/906 2737/908/907
f 2735/3002/2975 2741/2838/2823 2736/3000/2973
f 2736/3000/2973 2741/2838/2823 2739/2840/2825
f 2739/2840/2825 2742/906/905 2740/907/906
f 3867/2839/2824 2604/2837/2822 2735/3002/2975
f 2735/3002/2975 2604/2837/2822 2741/2838/2823
f 2738/897/896 2743/910/909 2731/2999/2972
f 2731/2999/2972 2743/910/909 2744/911/910
f 2731/2999/2972 2744/911/910 2748/3004/2977
f 2721/2986/2959 2731/2999/2972 2748/3004/2977
f 2748/3004/2977 2744/911/910 2749/3005/2978
f 2749/3005/2978 2744/911/910 2745/3006/2979
f 2749/3005/2978 2745/3006/2979 2751/3007/2980
f 2751/3007/2980 2745/3006/2979 2750/3008/2981
f 2745/3006/2979 2746/3009/2982 2750/3008/2981
f 2721/2986/2959 2748/3004/2977 2716/2980/2953
f 2715/3010/2983 2748/3004/2977 2749/3005/2978
f 2750/3008/2981 2746/3009/2982 2752/3011/2984
f 2746/3009/2982 2747/3012/2985 2752/3011/2984
f 2752/3011/2984 2747/3012/2985 4973/3013/2986
f 2716/2980/2953 2748/3004/2977 2715/3010/2983
f 2712/3014/2987 2749/3005/2978 2751/3007/2980
f 2709/2970/2943 2716/2980/2953 2715/3010/2983
f 2715/3010/2983 2749/3005/2978 2712/3014/2987
f 2751/3007/2980 2750/3008/2981 2753/3015/2988
f 2712/3014/2987 2751/3007/2980 2753/3015/2988
f 2753/3015/2988 2752/3011/2984 2755/3016/2989
f 2712/3014/2987 2753/3015/2988 2708/2971/2944
f 2707/2968/2941 2712/3014/2987 2708/2971/2944
f 2705/2965/2938 2715/3010/2983 2712/3014/2987
f 2709/2970/2943 2715/3010/2983 2705/2965/2938
f 2705/2965/2938 2712/3014/2987 2707/2968/2941
f 2708/2971/2944 2753/3015/2988 2754/3017/2990
f 2760/2969/2942 2707/2968/2941 2708/2971/2944
f 2708/2971/2944 2754/3017/2990 2762/2972/2945
f 2762/2972/2945 2754/3017/2990 2757/3018/2991
f 2758/3019/2992 2759/3020/2993 5403/3021/2994
f 2762/2972/2945 2757/3018/2991 2763/3022/2995
f 2763/3022/2995 2757/3018/2991 2761/3023/2996
f 2757/3018/2991 2758/3019/2992 2761/3023/2996
f 2768/2967/2940 2760/2969/2942 2765/3024/2997
f 2760/2969/2942 2762/2972/2945 2765/3024/2997
f 2763/3022/2995 2761/3023/2996 2764/3025/2998
f 2765/3024/2997 2762/2972/2945 2766/3026/2999
f 2762/2972/2945 2763/3022/2995 2766/3026/2999
f 2763/3022/2995 2764/3025/2998 2767/3027/3000
f 2766/3026/2999 2763/3022/2995 2769/3028/3001
f 2769/3028/3001 2763/3022/2995 2767/3027/3000
f 2764/3025/2998 2761/3023/2996 2767/3027/3000
f 2767/3027/3000 2761/3023/2996 5401/3029/3002
f 2768/2967/2940 2765/3024/2997 2700/3030/3003
f 2700/3030/3003 2765/3024/2997 2769/3028/3001
f 2765/3024/2997 2766/3026/2999 2769/3028/3001
f 2699/2962/2935 2768/2967/2940 2698/2960/2933
f 2698/2960/2933 2768/2967/2940 2700/3030/3003
f 5391/3031/3004 2700/3030/3003 2773/3032/3005
f 2700/3030/3003 2769/3028/3001 2773/3032/3005
f 2769/3028/3001 2770/3033/3006 2773/3032/3005
f 2773/3032/3005 2770/3033/3006 2771/3034/3007
f 2698/2960/2933 2700/3030/3003 2774/2961/2934
f 2774/2961/2934 2700/3030/3003 5391/3031/3004
f 2774/2961/2934 5391/3031/3004 2775/3035/3008
f 5391/3031/3004 2773/3032/3005 5390/3036/3009
f 2773/3032/3005 5393/3037/3010 5390/3036/3009
f 2695/2959/2932 2774/2961/2934 2778/3038/3011
f 2783/2956/2929 2695/2959/2932 2777/3039/3012
f 2777/3039/3012 2695/2959/2932 2778/3038/3011
f 2778/3038/3011 2774/2961/2934 2776/3040/3013
f 2774/2961/2934 2775/3035/3008 2776/3040/3013
f 2775/3035/3008 5389/3041/3014 2776/3040/3013
f 2778/3038/3011 2776/3040/3013 2779/3042/3015
f 2776/3040/3013 5389/3041/3014 5388/3043/3016
f 2777/3039/3012 2778/3038/3011 5260/3044/3017
f 5260/3044/3017 2778/3038/3011 5258/3045/3018
f 2778/3038/3011 2779/3042/3015 5258/3045/3018
f 2781/3046/3019 5260/3044/3017 2780/3047/3020
f 2779/3042/3015 2776/3040/3013 5387/3048/3021
f 5261/3049/3022 2781/3046/3019 2780/3047/3020
f 2781/3046/3019 2782/3050/3023 5260/3044/3017
f 2782/3050/3023 2777/3039/3012 5260/3044/3017
f 2784/3051/3024 2783/2956/2929 2782/3050/3023
f 2782/3050/3023 2783/2956/2929 2777/3039/3012
f 2785/3052/3025 2784/3051/3024 5406/3053/3026
f 2785/3052/3025 2786/2955/2928 2784/3051/3024
f 2786/2955/2928 2783/2956/2929 2784/3051/3024
f 2694/2957/2930 2695/2959/2932 2783/2956/2929
f 2787/3054/3027 2792/2952/2925 2788/3055/3028
f 2792/2952/2925 2785/3052/3025 2788/3055/3028
f 2792/2952/2925 2690/2954/2927 2785/3052/3025
f 2690/2954/2927 2786/2955/2928 2785/3052/3025
f 2794/3056/3029 2789/3057/3030 5267/3058/3031
f 2789/3057/3030 2790/3059/3032 5271/3060/3033
f 2790/3059/3032 2787/3054/3027 5271/3060/3033
f 2790/3059/3032 2791/3061/3034 2787/3054/3027
f 2791/3061/3034 2792/2952/2925 2787/3054/3027
f 2795/3062/3035 2789/3057/3030 2794/3056/3029
f 2796/3063/3036 2790/3059/3032 2789/3057/3030
f 2791/3061/3034 2797/2950/2923 2792/2952/2925
f 2793/3064/3037 2795/3062/3035 2794/3056/3029
f 2795/3062/3035 2796/3063/3036 2789/3057/3030
f 2796/3063/3036 2803/3065/3038 2790/3059/3032
f 2803/3065/3038 2799/3066/3039 2790/3059/3032
f 2799/3066/3039 2791/3061/3034 2790/3059/3032
f 2799/3066/3039 2797/2950/2923 2791/3061/3034
f 2801/3067/3040 2802/3068/3041 2793/3064/3037
f 2808/3069/3042 2795/3062/3035 2802/3068/3041
f 2808/3069/3042 2798/3070/3043 2795/3062/3035
f 2798/3070/3043 2803/3065/3038 2796/3063/3036
f 2803/3065/3038 2804/3071/3044 2799/3066/3039
f 5274/3072/3045 2805/3073/3046 5244/3074/3047
f 5244/3074/3047 2805/3073/3046 2806/3075/3048
f 2802/3068/3041 2807/3076/3049 2808/3069/3042
f 2801/3067/3040 2807/3076/3049 2802/3068/3041
f 2807/3076/3049 2809/3077/3050 2808/3069/3042
f 2809/3077/3050 2798/3070/3043 2808/3069/3042
f 2809/3077/3050 2812/3078/3051 2798/3070/3043
f 2806/3075/3048 2810/3079/3052 2801/3067/3040
f 2801/3067/3040 2810/3079/3052 2807/3076/3049
f 2807/3076/3049 2811/3080/3053 2809/3077/3050
f 2810/3079/3052 2811/3080/3053 2807/3076/3049
f 2811/3080/3053 2813/3081/3054 2809/3077/3050
f 2813/3081/3054 2814/3082/3055 2809/3077/3050
f 2814/3082/3055 2812/3078/3051 2809/3077/3050
f 2814/3082/3055 2815/3083/3056 2812/3078/3051
f 2815/3083/3056 3120/3084/3057 2812/3078/3051
f 2815/3083/3056 2816/3085/3058 3120/3084/3057
f 2816/3085/3058 3118/3086/3059 3120/3084/3057
f 2816/3085/3058 2817/3087/3060 3118/3086/3059
f 2819/3088/3061 2820/3089/3062 2805/3073/3046
f 2805/3073/3046 2820/3089/3062 2821/3090/3063
f 2822/3091/3064 2814/3082/3055 2813/3081/3054
f 2810/3079/3052 2822/3091/3064 2811/3080/3053
f 2811/3080/3053 2822/3091/3064 2813/3081/3054
f 2823/3092/3065 2814/3082/3055 2822/3091/3064
f 2821/3090/3063 2824/3093/3066 2810/3079/3052
f 2810/3079/3052 2824/3093/3066 2822/3091/3064
f 2827/3094/3067 2825/3095/3068 2823/3092/3065
f 2818/3096/3069 2826/3097/3070 2819/3088/3061
f 2819/3088/3061 2826/3097/3070 2820/3089/3062
f 2820/3089/3062 2824/3093/3066 2821/3090/3063
f 2824/3093/3066 2835/3098/3071 2822/3091/3064
f 2822/3091/3064 2835/3098/3071 2823/3092/3065
f 2835/3098/3071 2827/3094/3067 2823/3092/3065
f 2827/3094/3067 2829/3099/3072 2828/3100/3073
f 2829/3099/3072 2830/3101/3074 2828/3100/3073
f 5277/3102/3075 2831/3103/3076 5278/3104/3077
f 2832/3105/3078 2833/3106/3079 2818/3096/3069
f 2818/3096/3069 2833/3106/3079 2826/3097/3070
f 2826/3097/3070 2834/3107/3080 2820/3089/3062
f 2820/3089/3062 2834/3107/3080 2824/3093/3066
f 2836/3108/3081 2831/3103/3076 5277/3102/3075
f 2831/3103/3076 2837/3109/3082 5278/3104/3077
f 5278/3104/3077 2837/3109/3082 2832/3105/3078
f 2831/3103/3076 2838/3110/3083 2837/3109/3082
f 2838/3110/3083 2839/3111/3084 2837/3109/3082
f 2836/3108/3081 2840/3112/3085 2831/3103/3076
f 2840/3112/3085 2838/3110/3083 2831/3103/3076
f 2840/3112/3085 2841/3113/3086 2838/3110/3083
f 2841/3113/3086 2842/3114/3087 2838/3110/3083
f 2838/3110/3083 2842/3114/3087 2839/3111/3084
f 2842/3114/3087 5365/3115/3088 2839/3111/3084
f 3070/3116/3089 2841/3113/3086 2840/3112/3085
f 2841/3113/3086 2843/3117/3090 2842/3114/3087
f 5365/3115/3088 2844/3118/3091 5366/3119/3092
f 2844/3118/3091 2845/3120/3093 5366/3119/3092
f 2844/3118/3091 2846/3121/3094 2845/3120/3093
f 2846/3121/3094 2847/3122/3095 2845/3120/3093
f 2845/3120/3093 2847/3122/3095 2848/3123/3096
f 2845/3120/3093 2848/3123/3096 5367/3124/3097
f 5367/3124/3097 2848/3123/3096 5369/3125/3098
f 2848/3123/3096 2849/3126/3099 5369/3125/3098
f 2848/3123/3096 2850/3127/3100 2849/3126/3099
f 2847/3122/3095 2850/3127/3100 2848/3123/3096
f 2847/3122/3095 2851/3128/3101 2850/3127/3100
f 2852/3129/3102 2851/3128/3101 2847/3122/3095
f 2854/3130/3103 2855/3131/3104 2853/3132/3105
f 2852/3129/3102 2856/3133/3106 2851/3128/3101
f 2853/3132/3105 2856/3133/3106 2852/3129/3102
f 2853/3132/3105 2857/3134/3107 2856/3133/3106
f 2855/3131/3104 2857/3134/3107 2853/3132/3105
f 2855/3131/3104 2858/3135/3108 2857/3134/3107
f 2859/3136/3109 2858/3135/3108 2855/3131/3104
f 2859/3136/3109 2862/3137/3110 2858/3135/3108
f 2851/3128/3101 2610/3138/2833 2850/3127/3100
f 2851/3128/3101 2609/3139/2846 2610/3138/2833
f 2856/3133/3106 2609/3139/2846 2851/3128/3101
f 2857/3134/3107 2860/3140/2847 2856/3133/3106
f 2857/3134/3107 2861/3141/3111 2860/3140/2847
f 2858/3135/3108 2861/3141/3111 2857/3134/3107
f 2862/3137/3110 2861/3141/3111 2858/3135/3108
f 2862/3137/3110 2863/3142/3112 2861/3141/3111
f 2863/3142/3112 2865/3143/3113 2861/3141/3111
f 2861/3141/3111 2865/3143/3113 2866/3144/2482
f 2861/3141/3111 2866/3144/2482 2860/3140/2847
f 2860/3140/2847 2623/3145/2481 2856/3133/3106
f 2856/3133/3106 2623/3145/2481 2609/3139/2846
f 2867/3146/3114 2863/3142/3112 2862/3137/3110
f 2867/3146/3114 2864/3147/3115 2863/3142/3112
f 2868/3148/3116 2864/3147/3115 2867/3146/3114
f 2864/3147/3115 2876/3149/3117 2863/3142/3112
f 2863/3142/3112 2876/3149/3117 2869/3150/3118
f 2863/3142/3112 2869/3150/3118 2865/3143/3113
f 2865/3143/3113 2869/3150/3118 2866/3144/2482
f 2876/3149/3117 2870/3151/3119 2869/3150/3118
f 2869/3150/3118 2870/3151/3119 2871/3152/2477
f 2869/3150/3118 2871/3152/2477 2872/3153/2480
f 2869/3150/3118 2872/3153/2480 2866/3144/2482
f 2870/3151/3119 2873/3154/3120 2871/3152/2477
f 2871/3152/2477 2271/3155/2473 2872/3153/2480
f 2871/3152/2477 2267/3156/2474 2266/3157/2470
f 2888/3158/3121 2950/3159/3122 2874/3160/3123
f 2874/3160/3123 2950/3159/3122 2875/3161/2475
f 2874/3160/3123 2875/3161/2475 2873/3154/3120
f 2873/3154/3120 2875/3161/2475 2267/3162/2474
f 2876/3149/3117 2873/3154/3120 2870/3151/3119
f 2878/3163/3124 2876/3149/3117 2864/3147/3115
f 2879/3164/3125 2878/3163/3124 2864/3147/3115
f 2868/3148/3116 2879/3164/3125 2864/3147/3115
f 2876/3149/3117 2874/3160/3123 2873/3154/3120
f 2880/3165/3126 2879/3164/3125 2868/3148/3116
f 2877/3166/3127 2880/3165/3126 2868/3148/3116
f 2881/3167/3128 2880/3165/3126 2877/3166/3127
f 2883/3168/3129 2882/3169/3130 2881/3167/3128
f 3041/3170/3131 2883/3168/3129 3044/3171/3132
f 2882/3169/3130 2880/3165/3126 2881/3167/3128
f 2880/3165/3126 2886/3172/3133 2879/3164/3125
f 2886/3172/3133 2890/3173/3134 2879/3164/3125
f 2879/3164/3125 2890/3173/3134 2878/3163/3124
f 2890/3173/3134 2887/3174/3135 2878/3163/3124
f 2887/3174/3135 2888/3158/3121 2878/3163/3124
f 2878/3163/3124 2888/3158/3121 2876/3149/3117
f 2888/3158/3121 2874/3160/3123 2876/3149/3117
f 2889/3175/3136 2886/3172/3133 2880/3165/3126
f 2887/3174/3135 2891/3176/3137 2888/3158/3121
f 2893/3177/3138 2895/3178/3139 2889/3175/3136
f 2889/3175/3136 2895/3178/3139 2886/3172/3133
f 2895/3178/3139 2896/3179/3140 2886/3172/3133
f 2886/3172/3133 2896/3179/3140 2890/3173/3134
f 2896/3179/3140 2894/3180/3141 2890/3173/3134
f 2890/3173/3134 2894/3180/3141 2887/3174/3135
f 2894/3180/3141 2939/3181/3142 2887/3174/3135
f 2887/3174/3135 2939/3181/3142 2891/3176/3137
f 3036/3182/3143 2897/3183/3144 3039/3184/3145
f 3039/3184/3145 2897/3183/3144 3037/3185/3146
f 3037/3185/3146 2898/3186/3147 2884/3187/3148
f 2884/3187/3148 2899/3188/3149 2885/3189/3150
f 2885/3189/3150 2899/3188/3149 2892/3190/3151
f 2899/3188/3149 2900/3191/3152 2892/3190/3151
f 2892/3190/3151 2900/3191/3152 2893/3177/3138
f 2900/3191/3152 2895/3178/3139 2893/3177/3138
f 2898/3186/3147 2901/3192/3153 2884/3187/3148
f 2884/3187/3148 2901/3192/3153 2899/3188/3149
f 2900/3191/3152 2902/3193/3154 2895/3178/3139
f 2895/3178/3139 2902/3193/3154 2896/3179/3140
f 2903/3194/3155 2904/3195/3156 3036/3182/3143
f 3036/3182/3143 2904/3195/3156 2897/3183/3144
f 2901/3192/3153 2905/3196/3157 2899/3188/3149
f 2899/3188/3149 2905/3196/3157 2900/3191/3152
f 3087/3197/3158 2906/3198/3159 5211/3199/3160
f 5211/3199/3160 2907/3200/3161 3035/3201/3162
f 3035/3201/3162 2907/3200/3161 2903/3194/3155
f 2903/3194/3155 2908/3202/3163 2904/3195/3156
f 2904/3195/3156 2909/3203/3164 2897/3183/3144
f 2897/3183/3144 2909/3203/3164 2898/3186/3147
f 2909/3203/3164 2910/3204/3165 2898/3186/3147
f 2898/3186/3147 2910/3204/3165 2901/3192/3153
f 5211/3199/3160 2906/3198/3159 2907/3200/3161
f 2907/3200/3161 2908/3202/3163 2903/3194/3155
f 2908/3202/3163 2911/3205/3166 2904/3195/3156
f 2904/3195/3156 2911/3205/3166 2909/3203/3164
f 2906/3198/3159 2912/3206/3167 2907/3200/3161
f 2907/3200/3161 2912/3206/3167 2908/3202/3163
f 2908/3202/3163 2913/3207/3168 2911/3205/3166
f 2906/3198/3159 2914/3208/3169 2912/3206/3167
f 2912/3206/3167 2915/3209/3170 2908/3202/3163
f 2908/3202/3163 2915/3209/3170 2913/3207/3168
f 2915/3209/3170 2916/3210/3171 2913/3207/3168
f 2913/3207/3168 2916/3210/3171 2911/3205/3166
f 3026/3211/3172 2914/3208/3169 2906/3198/3159
f 2914/3208/3169 2918/3212/3173 2912/3206/3167
f 2918/3212/3173 2915/3209/3170 2912/3206/3167
f 3026/3211/3172 2917/3213/3174 2914/3208/3169
f 2918/3212/3173 2919/3214/3175 2915/3209/3170
f 2915/3209/3170 2919/3214/3175 2916/3210/3171
f 2917/3213/3174 2920/3215/3176 2914/3208/3169
f 2914/3208/3169 2920/3215/3176 2918/3212/3173
f 2920/3215/3176 2921/3216/3177 2918/3212/3173
f 2918/3212/3173 2921/3216/3177 2919/3214/3175
f 2921/3216/3177 2922/3217/3178 2919/3214/3175
f 2901/3192/3153 2923/3218/3179 2905/3196/3157
f 2910/3204/3165 2923/3218/3179 2901/3192/3153
f 2910/3204/3165 2924/3219/3180 2923/3218/3179
f 2909/3203/3164 2924/3219/3180 2910/3204/3165
f 2909/3203/3164 2925/3220/3181 2924/3219/3180
f 2911/3205/3166 2925/3220/3181 2909/3203/3164
f 2911/3205/3166 2926/3221/3182 2925/3220/3181
f 2916/3210/3171 2926/3221/3182 2911/3205/3166
f 2916/3210/3171 2927/3222/3183 2926/3221/3182
f 2919/3214/3175 2927/3222/3183 2916/3210/3171
f 2919/3214/3175 2928/3223/3184 2927/3222/3183
f 2919/3214/3175 2929/3224/3185 2928/3223/3184
f 2922/3217/3178 2929/3224/3185 2919/3214/3175
f 2900/3191/3152 2930/3225/3186 2902/3193/3154
f 2905/3196/3157 2930/3225/3186 2900/3191/3152
f 2927/3222/3183 2931/3226/3187 2926/3221/3182
f 2928/3223/3184 2931/3226/3187 2927/3222/3183
f 2896/3179/3140 2932/3227/3188 2894/3180/3141
f 2902/3193/3154 2932/3227/3188 2896/3179/3140
f 2905/3196/3157 2933/3228/3189 2930/3225/3186
f 2923/3218/3179 2933/3228/3189 2905/3196/3157
f 2923/3218/3179 2934/3229/3190 2933/3228/3189
f 2924/3219/3180 2934/3229/3190 2923/3218/3179
f 2924/3219/3180 2935/3230/3191 2934/3229/3190
f 2925/3220/3181 2935/3230/3191 2924/3219/3180
f 2925/3220/3181 2936/3231/3192 2935/3230/3191
f 2926/3221/3182 2936/3231/3192 2925/3220/3181
f 2926/3221/3182 2937/3232/3193 2936/3231/3192
f 2931/3226/3187 2937/3232/3193 2926/3221/3182
f 2931/3226/3187 2938/3233/3194 2937/3232/3193
f 2894/3180/3141 2940/3234/3195 2939/3181/3142
f 2932/3227/3188 2940/3234/3195 2894/3180/3141
f 2932/3227/3188 2941/3235/3196 2940/3234/3195
f 2902/3193/3154 2941/3235/3196 2932/3227/3188
f 2902/3193/3154 2942/3236/3197 2941/3235/3196
f 2930/3225/3186 2942/3236/3197 2902/3193/3154
f 2930/3225/3186 2943/3237/3198 2942/3236/3197
f 2933/3228/3189 2943/3237/3198 2930/3225/3186
f 2933/3228/3189 2944/3238/3199 2943/3237/3198
f 2934/3229/3190 2944/3238/3199 2933/3228/3189
f 2934/3229/3190 2945/3239/3200 2944/3238/3199
f 2935/3230/3191 2945/3239/3200 2934/3229/3190
f 2945/3239/3200 2946/3240/3201 2944/3238/3199
f 2944/3238/3199 2946/3240/3201 2947/3241/3202
f 2944/3238/3199 2947/3241/3202 2943/3237/3198
f 2943/3237/3198 2947/3241/3202 2948/3242/3203
f 2943/3237/3198 2948/3242/3203 2942/3236/3197
f 2942/3236/3197 2948/3242/3203 2941/3235/3196
f 2941/3235/3196 2948/3242/3203 2949/3243/3204
f 2941/3235/3196 2949/3243/3204 2940/3234/3195
f 2940/3234/3195 2949/3243/3204 2939/3181/3142
f 2939/3181/3142 2949/3243/3204 2891/3176/3137
f 2891/3176/3137 2950/3159/3122 2888/3158/3121
f 2875/3161/2475 2276/3244/2484 2268/3245/2471
f 2950/3159/3122 2276/3244/2484 2875/3161/2475
f 2950/3159/3122 2278/3246/2486 2276/3244/2484
f 2891/3176/3137 2278/3246/2486 2950/3159/3122
f 2949/3243/3204 2278/3246/2486 2891/3176/3137
f 2949/3243/3204 2951/3247/3205 2278/3246/2486
f 2948/3242/3203 2951/3247/3205 2949/3243/3204
f 2948/3242/3203 2952/3248/3206 2951/3247/3205
f 2948/3242/3203 2953/3249/3207 2952/3248/3206
f 2278/3246/2486 2282/3250/2489 2277/3251/2485
f 2951/3247/3205 2282/3250/2489 2278/3246/2486
f 2951/3247/3205 2283/3252/2491 2282/3250/2489
f 2952/3248/3206 2283/3252/2491 2951/3247/3205
f 2952/3248/3206 2954/3253/3208 2283/3252/2491
f 2953/3249/3207 2954/3253/3208 2952/3248/3206
f 2953/3249/3207 2955/3254/3209 2954/3253/3208
f 2956/3255/3210 2955/3254/3209 2953/3249/3207
f 2957/3256/3211 2958/3257/3212 2956/3255/3210
f 2959/3258/3213 2958/3257/3212 2957/3256/3211
f 2959/3258/3213 2960/3259/3214 2958/3257/3212
f 2955/3254/3209 2961/3260/3215 2954/3253/3208
f 2955/3254/3209 2962/3261/3216 2961/3260/3215
f 2956/3255/3210 2962/3261/3216 2955/3254/3209
f 2956/3255/3210 2963/3262/3217 2962/3261/3216
f 2958/3257/3212 2963/3262/3217 2956/3255/3210
f 2968/3263/3218 2960/3259/3214 2959/3258/3213
f 2968/3263/3218 2964/3264/3219 2960/3259/3214
f 2969/3265/3220 2964/3264/3219 2968/3263/3218
f 2969/3265/3220 2965/3266/3221 2964/3264/3219
f 2970/3267/3222 2965/3266/3221 2969/3265/3220
f 2970/3267/3222 2966/3268/3223 2965/3266/3221
f 2970/3267/3222 2967/3269/3224 2966/3268/3223
f 2971/3270/3225 2967/3269/3224 2970/3267/3222
f 2971/3270/3225 2972/3271/3226 2967/3269/3224
f 2973/3272/3227 2972/3271/3226 2971/3270/3225
f 2973/3272/3227 2974/3273/3228 2972/3271/3226
f 2975/3274/3229 2974/3273/3228 2973/3272/3227
f 2975/3274/3229 2976/3275/3230 2974/3273/3228
f 2977/3276/3231 2976/3275/3230 2975/3274/3229
f 2977/3276/3231 2978/3277/3232 2976/3275/3230
f 2947/3241/3202 2953/3249/3207 2948/3242/3203
f 2947/3241/3202 2956/3255/3210 2953/3249/3207
f 2946/3240/3201 2956/3255/3210 2947/3241/3202
f 2946/3240/3201 2957/3256/3211 2956/3255/3210
f 2979/3278/3233 2957/3256/3211 2946/3240/3201
f 2979/3278/3233 2959/3258/3213 2957/3256/3211
f 2980/3279/3234 2959/3258/3213 2979/3278/3233
f 2980/3279/3234 2968/3263/3218 2959/3258/3213
f 2981/3280/3235 2968/3263/3218 2980/3279/3234
f 2981/3280/3235 2969/3265/3220 2968/3263/3218
f 2982/3281/3236 2969/3265/3220 2981/3280/3235
f 2982/3281/3236 2970/3267/3222 2969/3265/3220
f 2983/3282/3237 2970/3267/3222 2982/3281/3236
f 2983/3282/3237 2971/3270/3225 2970/3267/3222
f 2986/3283/3238 2983/3282/3237 2987/3284/3239
f 2987/3284/3239 2983/3282/3237 2988/3285/3240
f 2988/3285/3240 2983/3282/3237 2982/3281/3236
f 2988/3285/3240 2982/3281/3236 2938/3233/3194
f 2938/3233/3194 2982/3281/3236 2981/3280/3235
f 2938/3233/3194 2981/3280/3235 2936/3231/3192
f 2936/3231/3192 2981/3280/3235 2980/3279/3234
f 2936/3231/3192 2980/3279/3234 2935/3230/3191
f 2935/3230/3191 2980/3279/3234 2979/3278/3233
f 2935/3230/3191 2979/3278/3233 2945/3239/3200
f 2945/3239/3200 2979/3278/3233 2946/3240/3201
f 2937/3232/3193 2938/3233/3194 2936/3231/3192
f 2989/3286/3241 2988/3285/3240 2938/3233/3194
f 2990/3287/3242 2988/3285/3240 2989/3286/3241
f 2990/3287/3242 2987/3284/3239 2988/3285/3240
f 2991/3288/3243 2987/3284/3239 2990/3287/3242
f 2991/3288/3243 2986/3283/3238 2987/3284/3239
f 2992/3289/3244 2986/3283/3238 2991/3288/3243
f 2992/3289/3244 2985/3290/3245 2986/3283/3238
f 2993/3291/3246 2985/3290/3245 2992/3289/3244
f 2993/3291/3246 2984/3292/3247 2985/3290/3245
f 2999/3293/3248 2984/3292/3247 2993/3291/3246
f 2998/3294/3249 2999/3293/3248 2993/3291/3246
f 2995/3295/3250 2994/3296/3251 2999/3293/3248
f 2931/3226/3187 2989/3286/3241 2938/3233/3194
f 2928/3223/3184 2989/3286/3241 2931/3226/3187
f 2928/3223/3184 2990/3287/3242 2989/3286/3241
f 2996/3297/3252 2990/3287/3242 2928/3223/3184
f 2996/3297/3252 2991/3288/3243 2990/3287/3242
f 2996/3297/3252 2992/3289/3244 2991/3288/3243
f 2997/3298/3253 2992/3289/3244 2996/3297/3252
f 2997/3298/3253 2993/3291/3246 2992/3289/3244
f 2997/3298/3253 2998/3294/3249 2993/3291/3246
f 3000/3299/3254 2995/3295/3250 2999/3293/3248
f 2929/3224/3185 2996/3297/3252 2928/3223/3184
f 3005/3300/3255 2996/3297/3252 2929/3224/3185
f 3005/3300/3255 2997/3298/3253 2996/3297/3252
f 3002/3301/3256 2997/3298/3253 3005/3300/3255
f 3002/3301/3256 2998/3294/3249 2997/3298/3253
f 3003/3302/3257 2998/3294/3249 3002/3301/3256
f 3003/3302/3257 2999/3293/3248 2998/3294/3249
f 3003/3302/3257 3000/3299/3254 2999/3293/3248
f 3004/3303/3258 3000/3299/3254 3003/3302/3257
f 3004/3303/3258 3001/3304/3259 3000/3299/3254
f 3004/3303/3258 4704/3305/3260 3001/3304/3259
f 2922/3217/3178 3005/3300/3255 2929/3224/3185
f 3006/3306/3261 3002/3301/3256 3005/3300/3255
f 3006/3306/3261 3003/3302/3257 3002/3301/3256
f 3006/3306/3261 3004/3303/3258 3003/3302/3257
f 3007/3307/3262 3004/3303/3258 3006/3306/3261
f 3009/3308/3263 3004/3303/3258 3007/3307/3262
f 3009/3308/3263 3008/3309/3264 3004/3303/3258
f 3010/3310/3265 3011/3311/3266 3017/3312/3267
f 3011/3311/3266 4685/3313/3268 3017/3312/3267
f 4685/3313/3268 3009/3308/3263 3007/3307/3262
f 4677/3314/3269 3010/3310/3265 3014/3315/3270
f 3010/3310/3265 3017/3312/3267 3014/3315/3270
f 3017/3312/3267 4685/3313/3268 3012/3316/3271
f 4685/3313/3268 3007/3307/3262 3012/3316/3271
f 3015/3317/3272 4677/3314/3269 3016/3318/3273
f 4677/3314/3269 3014/3315/3270 3016/3318/3273
f 3012/3316/3271 3007/3307/3262 3006/3306/3261
f 3018/3319/3274 3013/3320/3275 3015/3317/3272
f 3016/3318/3273 3014/3315/3270 3019/3321/3276
f 3019/3321/3276 3014/3315/3270 3022/3322/3277
f 3014/3315/3270 3017/3312/3267 3022/3322/3277
f 3018/3319/3274 3015/3317/3272 3021/3323/3278
f 3015/3317/3272 3016/3318/3273 3021/3323/3278
f 3021/3323/3278 3016/3318/3273 3019/3321/3276
f 3022/3322/3277 3017/3312/3267 3020/3324/3279
f 3017/3312/3267 3012/3316/3271 3020/3324/3279
f 3012/3316/3271 3006/3306/3261 3020/3324/3279
f 3020/3324/3279 3006/3306/3261 3005/3300/3255
f 3019/3321/3276 3022/3322/3277 3023/3325/3280
f 3018/3319/3274 3021/3323/3278 3027/3326/3281
f 3021/3323/3278 3019/3321/3276 3023/3325/3280
f 3022/3322/3277 3020/3324/3279 2921/3216/3177
f 3020/3324/3279 3005/3300/3255 2921/3216/3177
f 2921/3216/3177 3005/3300/3255 2922/3217/3178
f 3021/3323/3278 3023/3325/3280 3024/3327/3282
f 3023/3325/3280 3022/3322/3277 2917/3213/3174
f 2917/3213/3174 3022/3322/3277 2920/3215/3176
f 3022/3322/3277 2921/3216/3177 2920/3215/3176
f 3025/3328/3283 3018/3319/3274 3028/3329/3284
f 3028/3329/3284 3018/3319/3274 3027/3326/3281
f 3027/3326/3281 3021/3323/3278 3029/3330/3285
f 3029/3330/3285 3021/3323/3278 3024/3327/3282
f 3024/3327/3282 3023/3325/3280 2917/3213/3174
f 3024/3327/3282 2917/3213/3174 3026/3211/3172
f 3030/3331/3286 3025/3328/3283 3028/3329/3284
f 3029/3330/3285 3024/3327/3282 3032/3332/3287
f 3032/3332/3287 3024/3327/3282 3026/3211/3172
f 3028/3329/3284 3027/3326/3281 3031/3333/3288
f 3031/3333/3288 3027/3326/3281 3029/3330/3285
f 3032/3332/3287 3026/3211/3172 2906/3198/3159
f 3030/3331/3286 3028/3329/3284 5224/3334/3289
f 5224/3334/3289 3028/3329/3284 5225/3335/3290
f 3028/3329/3284 3031/3333/3288 5225/3335/3290
f 3031/3333/3288 3029/3330/3285 3034/3336/3291
f 3034/3336/3291 3029/3330/3285 3032/3332/3287
f 3032/3332/3287 2906/3198/3159 3087/3197/3158
f 4649/3337/3292 3033/3338/3293 3089/3339/3294
f 3089/3339/3294 3030/3331/3286 5224/3334/3289
f 5225/3335/3290 3031/3333/3288 5226/3340/3295
f 5226/3340/3295 3031/3333/3288 3034/3336/3291
f 3038/3341/3296 3036/3182/3143 3042/3342/3297
f 3042/3342/3297 3036/3182/3143 3039/3184/3145
f 3039/3184/3145 3037/3185/3146 3045/3343/3298
f 3045/3343/3298 3037/3185/3146 2884/3187/3148
f 2885/3189/3150 2892/3190/3151 3041/3170/3131
f 3041/3170/3131 2892/3190/3151 2883/3168/3129
f 2892/3190/3151 2893/3177/3138 2883/3168/3129
f 2883/3168/3129 2893/3177/3138 2882/3169/3130
f 2893/3177/3138 2889/3175/3136 2882/3169/3130
f 2882/3169/3130 2889/3175/3136 2880/3165/3126
f 3040/3344/3299 3038/3341/3296 3042/3342/3297
f 3045/3343/3298 2884/3187/3148 2885/3189/3150
f 3049/3345/3300 2885/3189/3150 3041/3170/3131
f 3045/3343/3298 2885/3189/3150 3049/3345/3300
f 2881/3167/3128 2877/3166/3127 3043/3346/3301
f 3048/3347/3302 2881/3167/3128 3043/3346/3301
f 2883/3168/3129 2881/3167/3128 3048/3347/3302
f 3081/3348/3303 3041/3170/3131 3044/3171/3132
f 3049/3345/3300 3041/3170/3131 3081/3348/3303
f 3060/3349/3304 3039/3184/3145 3045/3343/3298
f 3042/3342/3297 3039/3184/3145 3060/3349/3304
f 3082/3350/3305 3040/3344/3299 3042/3342/3297
f 3083/3351/3306 3040/3344/3299 3082/3350/3305
f 3048/3347/3302 3043/3346/3301 3051/3352/3307
f 3080/3353/3308 3042/3342/3297 3060/3349/3304
f 3051/3352/3307 3043/3346/3301 3047/3354/3309
f 3081/3348/3303 3044/3171/3132 3050/3355/3310
f 3050/3355/3310 3048/3347/3302 3059/3356/3311
f 3059/3356/3311 3048/3347/3302 3056/3357/3312
f 3048/3347/3302 3051/3352/3307 3056/3357/3312
f 3051/3352/3307 3047/3354/3309 3055/3358/3313
f 3055/3358/3313 3047/3354/3309 3052/3359/3314
f 3055/3358/3313 3052/3359/3314 3054/3360/3315
f 3067/3361/3316 3053/3362/3317 3068/3363/3318
f 3066/3364/3319 3053/3362/3317 3067/3361/3316
f 3066/3364/3319 3052/3359/3314 3053/3362/3317
f 3054/3360/3315 3052/3359/3314 3066/3364/3319
f 3056/3357/3312 3051/3352/3307 3055/3358/3313
f 3057/3365/3320 3054/3360/3315 3066/3364/3319
f 3058/3366/3321 3054/3360/3315 3057/3365/3320
f 3058/3366/3321 3055/3358/3313 3054/3360/3315
f 3056/3357/3312 3055/3358/3313 3058/3366/3321
f 3059/3356/3311 3056/3357/3312 3062/3367/3322
f 3062/3367/3322 3056/3357/3312 3058/3366/3321
f 3063/3368/3323 3081/3348/3303 3064/3369/3324
f 3061/3370/3325 3081/3348/3303 3063/3368/3323
f 3064/3369/3324 3059/3356/3311 3062/3367/3322
f 3062/3367/3322 3058/3366/3321 3065/3371/3326
f 3065/3371/3326 3058/3366/3321 3057/3365/3320
f 3060/3349/3304 3079/3372/3327 5281/3373/3328
f 5281/3373/3328 3079/3372/3327 3061/3370/3325
f 5281/3373/3328 3061/3370/3325 3072/3374/3329
f 3072/3374/3329 3061/3370/3325 3063/3368/3323
f 3063/3368/3323 3064/3369/3324 3073/3375/3330
f 3064/3369/3324 3062/3367/3322 3071/3376/3331
f 3071/3376/3331 3062/3367/3322 3070/3116/3089
f 3073/3375/3330 3064/3369/3324 3071/3376/3331
f 3070/3116/3089 3065/3371/3326 2841/3113/3086
f 3065/3371/3326 3057/3365/3320 2843/3117/3090
f 3057/3365/3320 3066/3364/3319 2843/3117/3090
f 2843/3117/3090 3066/3364/3319 3067/3361/3316
f 2841/3113/3086 3065/3371/3326 2843/3117/3090
f 2843/3117/3090 3067/3361/3316 3069/3377/3332
f 3069/3377/3332 3067/3361/3316 2844/3118/3091
f 3067/3361/3316 3068/3363/3318 2844/3118/3091
f 2844/3118/3091 3068/3363/3318 2846/3121/3094
f 3071/3376/3331 3070/3116/3089 2840/3112/3085
f 2843/3117/3090 3069/3377/3332 2842/3114/3087
f 2842/3114/3087 3069/3377/3332 5365/3115/3088
f 3069/3377/3332 2844/3118/3091 5365/3115/3088
f 5281/3373/3328 3072/3374/3329 5280/3378/3333
f 5279/3379/3334 3073/3375/3330 2836/3108/3081
f 2836/3108/3081 3071/3376/3331 2840/3112/3085
f 3073/3375/3330 3071/3376/3331 2836/3108/3081
f 3072/3374/3329 3073/3375/3330 5279/3379/3334
f 3072/3374/3329 3063/3368/3323 3073/3375/3330
f 5233/3380/3335 3075/3381/3336 5231/3382/3337
f 5232/3383/3338 3075/3381/3336 5233/3380/3335
f 5231/3382/3337 3074/3384/3339 5282/3385/3340
f 3074/3384/3339 3060/3349/3304 5281/3373/3328
f 5232/3383/3338 3078/3386/3341 3075/3381/3336
f 3076/3387/3342 3078/3386/3341 5232/3383/3338
f 3074/3384/3339 3080/3353/3308 3060/3349/3304
f 5231/3382/3337 3080/3353/3308 3074/3384/3339
f 3064/3369/3324 3050/3355/3310 3059/3356/3311
f 3081/3348/3303 3050/3355/3310 3064/3369/3324
f 3079/3372/3327 3081/3348/3303 3061/3370/3325
f 3079/3372/3327 3049/3345/3300 3081/3348/3303
f 3079/3372/3327 3045/3343/3298 3049/3345/3300
f 3060/3349/3304 3045/3343/3298 3079/3372/3327
f 3075/3381/3336 3083/3351/3306 3082/3350/3305
f 3078/3386/3341 3083/3351/3306 3075/3381/3336
f 3082/3350/3305 3042/3342/3297 3080/3353/3308
f 3078/3386/3341 3085/3388/3343 3083/3351/3306
f 5227/3389/3344 3085/3388/3343 3078/3386/3341
f 3083/3351/3306 3035/3201/3162 3040/3344/3299
f 3085/3388/3343 3035/3201/3162 3083/3351/3306
f 3084/3390/3345 3087/3197/3158 5227/3389/3344
f 5227/3389/3344 3087/3197/3158 3085/3388/3343
f 3088/3391/3346 3089/3339/3294 5224/3334/3289
f 5226/3340/3295 3034/3336/3291 3086/3392/3347
f 3086/3392/3347 3034/3336/3291 3084/3390/3345
f 3035/3201/3162 3038/3341/3296 3040/3344/3299
f 2608/3393/2831 3090/3394/3348 2607/3395/2832
f 2616/3396/2840 3090/3394/3348 2608/3393/2831
f 2616/3396/2840 2618/3397/2416 3090/3394/3348
f 2618/3397/2416 2212/3398/2417 3090/3394/3348
f 2199/3399/2403 2200/2892/2402 3091/2893/2866
f 2199/3399/2403 3091/2893/2866 3092/3400/3349
f 2214/3401/3350 2199/3399/2403 3092/3400/3349
f 2214/3401/3350 3092/3400/3349 3095/3402/3351
f 2213/3403/2415 2214/3401/3350 3095/3402/3351
f 2213/3403/2415 3095/3402/3351 3094/3404/3352
f 2212/3398/2417 2213/3403/2415 3094/3404/3352
f 2212/3398/2417 3094/3404/3352 3093/3405/3353
f 3090/3394/3348 2212/3398/2417 3093/3405/3353
f 3090/3394/3348 3093/3405/3353 5378/3406/3354
f 2607/3395/2832 3090/3394/3348 5378/3406/3354
f 2210/3407/2413 2199/3399/2403 2214/3401/3350
f 2210/3407/2413 2198/3408/2401 2199/3399/2403
f 2213/3403/2415 2210/3409/2413 2214/3401/3350
f 3095/3402/3351 3092/3400/3349 3096/3410/3355
f 3092/3400/3349 3097/3411/3356 3096/3410/3355
f 3092/3400/3349 3091/2893/2866 3097/3411/3356
f 3091/2893/2866 3098/3412/3357 3097/3411/3356
f 3091/2893/2866 2644/2891/2865 3098/3412/3357
f 2644/2891/2865 3099/2894/2867 3098/3412/3357
f 2644/2891/2865 2643/2889/2864 3099/2894/2867
f 3093/3405/3353 3094/3404/3352 3106/3413/3358
f 3094/3404/3352 3107/3414/3359 3106/3413/3358
f 3094/3404/3352 3095/3402/3351 3107/3414/3359
f 3095/3402/3351 3096/3410/3355 3107/3414/3359
f 3096/3410/3355 3097/3411/3356 3100/3415/3360
f 3097/3411/3356 3101/3416/3361 3100/3415/3360
f 3097/3411/3356 3098/3412/3357 3101/3416/3361
f 3098/3412/3357 3102/3417/3362 3101/3416/3361
f 3098/3412/3357 3099/2894/2867 3102/3417/3362
f 3099/2894/2867 3103/2901/2874 3102/3417/3362
f 3096/3410/3355 3100/3415/3360 3104/3418/3363
f 3100/3415/3360 2664/2917/2890 3104/3418/3363
f 3100/3415/3360 3101/3416/3361 2664/2917/2890
f 3101/3416/3361 3105/2911/2884 2664/2917/2890
f 3101/3416/3361 3102/3417/3362 3105/2911/2884
f 3102/3417/3362 2659/2912/2885 3105/2911/2884
f 3102/3417/3362 3103/2901/2874 2659/2912/2885
f 3103/2901/2874 2661/2902/2875 2659/2912/2885
f 2661/2902/2875 2650/2903/2876 2662/2907/2880
f 2829/3099/3072 5380/3419/3364 2830/3101/3074
f 5380/3419/3364 3106/3413/3358 2830/3101/3074
f 3106/3413/3358 3111/3420/3365 2830/3101/3074
f 3106/3413/3358 3107/3414/3359 3111/3420/3365
f 3107/3414/3359 3108/3421/3366 3111/3420/3365
f 3108/3421/3366 3104/3418/3363 3109/3422/3367
f 3104/3418/3363 2664/2917/2890 3109/3422/3367
f 2664/2917/2890 3105/2911/2884 2665/2918/2891
f 3105/2911/2884 2658/2913/2886 2665/2918/2891
f 2827/3094/3067 2828/3100/3073 2825/3095/3068
f 2828/3100/3073 3110/3423/3368 2825/3095/3068
f 2828/3100/3073 2830/3101/3074 3110/3423/3368
f 2830/3101/3074 3111/3420/3365 3110/3423/3368
f 3111/3420/3365 3108/3421/3366 3113/3424/3369
f 3108/3421/3366 3112/3425/3370 3113/3424/3369
f 3108/3421/3366 3109/3422/3367 3112/3425/3370
f 3109/3422/3367 2668/2919/2892 3112/3425/3370
f 3109/3422/3367 2664/2917/2890 2668/2919/2892
f 2823/3092/3065 2825/3095/3068 2814/3082/3055
f 2825/3095/3068 2815/3083/3056 2814/3082/3055
f 2825/3095/3068 3110/3423/3368 2815/3083/3056
f 3110/3423/3368 2816/3085/3058 2815/3083/3056
f 3110/3423/3368 3111/3420/3365 2816/3085/3058
f 3111/3420/3365 3113/3424/3369 2816/3085/3058
f 3113/3424/3369 3112/3425/3370 3114/3426/3371
f 3112/3425/3370 3115/2924/2897 3114/3426/3371
f 3112/3425/3370 2668/2919/2892 3115/2924/2897
f 2816/3085/3058 3113/3424/3369 2817/3087/3060
f 3113/3424/3369 3114/3426/3371 2817/3087/3060
f 3114/3426/3371 3116/3427/3372 2817/3087/3060
f 3114/3426/3371 3115/2924/2897 3116/3427/3372
f 3115/2924/2897 3117/3428/3373 3116/3427/3372
f 3115/2924/2897 2669/2920/2893 3117/3428/3373
f 2669/2920/2893 2676/2926/2899 3117/3428/3373
f 2817/3087/3060 3122/3429/3374 3118/3086/3059
f 2817/3087/3060 3116/3427/3372 3122/3429/3374
f 3116/3427/3372 3117/3428/3373 3122/3429/3374
f 2676/2926/2899 2677/2927/2900 3121/2939/2912
f 3122/3429/3374 3117/3428/3373 3119/3430/3375
f 3117/3428/3373 3121/2939/2912 3119/3430/3375
f 3117/3428/3373 2676/2926/2899 3121/2939/2912
f 2812/3078/3051 3120/3084/3057 2798/3070/3043
f 3120/3084/3057 2804/3071/3044 2803/3065/3038
f 3120/3084/3057 3118/3086/3059 2804/3071/3044
f 3118/3086/3059 3122/3429/3374 2804/3071/3044
f 2798/3070/3043 3120/3084/3057 2803/3065/3038
f 3122/3429/3374 3119/3430/3375 2797/2950/2923
f 3119/3430/3375 2800/2948/2921 2797/2950/2923
f 3119/3430/3375 3121/2939/2912 2800/2948/2921
f 3121/2939/2912 2684/2940/2913 2800/2948/2921
f 2804/3071/3044 2797/2950/2923 2799/3066/3039
f 2804/3071/3044 3122/3429/3374 2797/2950/2923
f 3657/3431/1960 3126/3432/3376 3125/3433/3377
f 1785/3434/1954 3126/3432/3376 3657/3431/1960
f 1785/3434/1954 1784/3435/1958 3126/3432/3376
f 3127/3436/3378 3123/3437/3379 3124/3438/3380
f 3125/3433/3377 3126/3432/3376 3124/3438/3380
f 3134/3439/3381 3124/3438/3380 3126/3432/3376
f 3134/3439/3381 3127/3436/3378 3124/3438/3380
f 3132/3440/3382 3129/3441/3383 3136/3442/3384
f 3133/3443/3385 3129/3441/3383 3132/3440/3382
f 3133/3443/3385 3130/3444/3386 3129/3441/3383
f 3131/3445/3387 3130/3444/3386 3133/3443/3385
f 3135/3446/3388 3127/3436/3378 3134/3439/3381
f 3135/3446/3388 3128/3447/3389 3127/3436/3378
f 3136/3442/3384 3128/3447/3389 3135/3446/3388
f 3137/3448/3390 3131/3445/3387 3133/3443/3385
f 3140/3449/3391 3131/3445/3387 3137/3448/3390
f 1786/3450/1957 3126/3432/3376 1784/3435/1958
f 1786/3450/1957 3134/3439/3381 3126/3432/3376
f 3138/3451/3392 3132/3440/3382 3136/3442/3384
f 3139/3452/3393 3132/3440/3382 3138/3451/3392
f 3139/3452/3393 3133/3443/3385 3132/3440/3382
f 3137/3448/3390 3133/3443/3385 3139/3452/3393
f 1787/3453/1976 3134/3439/3381 1786/3450/1957
f 1787/3453/1976 3135/3446/3388 3134/3439/3381
f 1787/3453/1976 3136/3442/3384 3135/3446/3388
f 3138/3451/3392 3136/3442/3384 1787/3453/1976
f 1816/3454/1997 3137/3448/3390 3139/3452/3393
f 3142/3455/3394 3137/3448/3390 1816/3454/1997
f 3142/3455/3394 3140/3449/3391 3137/3448/3390
f 3141/3456/3395 3140/3449/3391 3142/3455/3394
f 1801/3457/1978 3138/3451/3392 1787/3453/1976
f 1806/3458/1985 3138/3451/3392 1801/3457/1978
f 1806/3458/1985 3139/3452/3393 3138/3451/3392
f 1816/3454/1997 3139/3452/3393 1806/3458/1985
f 1825/3459/2005 3141/3456/3395 3142/3455/3394
f 3143/3460/3396 3141/3456/3395 1825/3459/2005
f 3144/3461/3397 3145/3462/3398 3143/3460/3396
f 3146/3463/3399 3145/3462/3398 3144/3461/3397
f 3146/3463/3399 3147/3464/3400 3145/3462/3398
f 3148/3465/3401 3147/3464/3400 3146/3463/3399
f 3148/3465/3401 3149/3466/3402 3147/3464/3400
f 1815/3467/1996 1816/3454/1997 1807/3468/1986
f 1815/3467/1996 3142/3455/3394 1816/3454/1997
f 1825/3459/2005 3142/3455/3394 1815/3467/1996
f 1824/3469/2004 3143/3460/3396 1825/3459/2005
f 1829/3470/2009 3143/3460/3396 1824/3469/2004
f 1829/3470/2009 3144/3461/3397 3143/3460/3396
f 1830/3471/2010 3144/3461/3397 1829/3470/2009
f 1830/3471/2010 3146/3463/3399 3144/3461/3397
f 1834/3472/2014 3146/3463/3399 1830/3471/2010
f 1834/3472/2014 3148/3465/3401 3146/3463/3399
f 1839/3473/2019 3148/3465/3401 1834/3472/2014
f 1839/3473/2019 3150/3474/3403 3148/3465/3401
f 1845/3475/2026 3150/3474/3403 1839/3473/2019
f 1845/3475/2026 3151/3476/3404 3150/3474/3403
f 1852/3477/2033 3151/3476/3404 1845/3475/2026
f 1852/3477/2033 3152/3478/3405 3151/3476/3404
f 1826/3479/2006 1829/3470/2009 1824/3469/2004
f 3150/3474/3403 3149/3466/3402 3148/3465/3401
f 3150/3474/3403 3153/3480/3406 3149/3466/3402
f 3151/3476/3404 3153/3480/3406 3150/3474/3403
f 3151/3476/3404 3154/3481/3407 3153/3480/3406
f 3152/3478/3405 3154/3481/3407 3151/3476/3404
f 3152/3478/3405 3155/3482/3408 3154/3481/3407
f 3156/3483/3409 3155/3482/3408 3152/3478/3405
f 1868/3484/2052 3157/3485/3410 3156/3483/3409
f 3158/3486/3411 3157/3485/3410 1868/3484/2052
f 3158/3486/3411 3159/3487/3412 3157/3485/3410
f 3160/3488/3413 3159/3487/3412 3158/3486/3411
f 3160/3488/3413 3161/3489/3414 3159/3487/3412
f 2094/3490/2287 3161/3489/3414 3160/3488/3413
f 2094/3490/2287 3162/3491/3415 3161/3489/3414
f 2093/3492/2286 3162/3491/3415 2094/3490/2287
f 2093/3492/2286 2089/3493/2282 3162/3491/3415
f 1860/3494/2042 3152/3478/3405 1852/3477/2033
f 1860/3494/2042 3156/3483/3409 3152/3478/3405
f 1868/3484/2052 3156/3483/3409 1860/3494/2042
f 1876/3495/2060 3158/3486/3411 1868/3484/2052
f 1885/3496/2069 3158/3486/3411 1876/3495/2060
f 1885/3496/2069 3160/3488/3413 3158/3486/3411
f 1893/3497/2078 3160/3488/3413 1885/3496/2069
f 1893/3497/2078 2094/3490/2287 3160/3488/3413
f 3159/3487/3412 3163/3498/3416 3157/3485/3410
f 3159/3487/3412 3164/3499/3417 3163/3498/3416
f 3161/3489/3414 3164/3499/3417 3159/3487/3412
f 3161/3489/3414 3165/3500/3418 3164/3499/3417
f 3162/3491/3415 3165/3500/3418 3161/3489/3414
f 3162/3491/3415 3166/3501/3419 3165/3500/3418
f 2089/3493/2282 3166/3501/3419 3162/3491/3415
f 2079/3502/2274 3166/3501/3419 2089/3493/2282
f 2079/3502/2274 3167/3503/3420 3166/3501/3419
f 2080/3504/2275 3167/3503/3420 2079/3502/2274
f 2080/3504/2275 2081/3505/3421 3167/3503/3420
f 3168/3506/3422 3170/3507/3423 3169/3508/3424
f 3163/3498/3416 3170/3507/3423 3168/3506/3422
f 3163/3498/3416 3171/3509/3425 3170/3507/3423
f 3164/3499/3417 3171/3509/3425 3163/3498/3416
f 3164/3499/3417 3172/3510/3426 3171/3509/3425
f 3165/3500/3418 3172/3510/3426 3164/3499/3417
f 3165/3500/3418 3173/3511/3427 3172/3510/3426
f 3166/3501/3419 3173/3511/3427 3165/3500/3418
f 3166/3501/3419 3174/3512/3428 3173/3511/3427
f 3167/3503/3420 3174/3512/3428 3166/3501/3419
f 2081/3505/3421 3175/3513/3429 3167/3503/3420
f 3170/3507/3423 3177/3514/3430 3176/3515/3431
f 3171/3509/3425 3177/3514/3430 3170/3507/3423
f 3171/3509/3425 3178/3516/3432 3177/3514/3430
f 3172/3510/3426 3178/3516/3432 3171/3509/3425
f 3172/3510/3426 3179/3517/3433 3178/3516/3432
f 3173/3511/3427 3179/3517/3433 3172/3510/3426
f 3173/3511/3427 3180/3518/3434 3179/3517/3433
f 3174/3512/3428 3180/3518/3434 3173/3511/3427
f 3174/3512/3428 3181/3519/3435 3180/3518/3434
f 3167/3503/3420 3181/3519/3435 3174/3512/3428
f 3167/3503/3420 3182/3520/3436 3181/3519/3435
f 3175/3513/3429 3182/3520/3436 3167/3503/3420
f 3175/3513/3429 3183/3521/3437 3182/3520/3436
f 3177/3514/3430 3185/3522/3438 3176/3515/3431
f 3178/3516/3432 3185/3522/3438 3177/3514/3430
f 3179/3517/3433 3186/3523/3439 3178/3516/3432
f 3180/3518/3434 3186/3523/3439 3179/3517/3433
f 3181/3519/3435 3187/3524/3440 3180/3518/3434
f 3182/3520/3436 3187/3524/3440 3181/3519/3435
f 3188/3525/3441 3183/3521/3437 3175/3513/3429
f 3188/3525/3441 3189/3526/3442 3183/3521/3437
f 3189/3526/3442 3190/3527/3443 3183/3521/3437
f 3183/3521/3437 3190/3527/3443 3191/3528/3444
f 3183/3521/3437 3191/3528/3444 3182/3520/3436
f 3182/3520/3436 3191/3528/3444 3187/3524/3440
f 3187/3524/3440 3191/3528/3444 3192/3529/3445
f 3187/3524/3440 3192/3529/3445 3193/3530/3446
f 3187/3524/3440 3193/3530/3446 3180/3518/3434
f 4962/499/498 447/500/499 4961/3531/3447
f 4961/3531/3447 447/500/499 3194/3532/3448
f 4961/3531/3447 3194/3532/3448 3189/3526/3442
f 3189/3526/3442 3194/3532/3448 3190/3527/3443
f 3190/3527/3443 3195/3533/3449 3191/3528/3444
f 3191/3528/3444 3195/3533/3449 3192/3529/3445
f 3192/3529/3445 3198/3534/3450 3197/3535/3451
f 3195/3533/3449 3198/3534/3450 3192/3529/3445
f 3190/3527/3443 3199/3536/3452 3195/3533/3449
f 3194/3532/3448 3199/3536/3452 3190/3527/3443
f 3195/3533/3449 3200/3537/3453 3198/3534/3450
f 3199/3536/3452 3200/3537/3453 3195/3533/3449
f 3199/3536/3452 3201/3538/3454 3200/3537/3453
f 3194/3532/3448 3201/3538/3454 3199/3536/3452
f 3194/3532/3448 3202/3539/3455 3201/3538/3454
f 447/500/499 3202/3539/3455 3194/3532/3448
f 446/498/497 3202/3539/3455 447/500/499
f 446/498/497 453/507/506 3202/3539/3455
f 444/496/495 453/507/506 446/498/497
f 448/501/500 453/507/506 444/496/495
f 454/506/505 3203/786/785 453/507/506
f 453/507/506 3204/3540/3456 3202/3539/3455
f 453/507/506 3205/792/791 3204/3540/3456
f 3203/786/785 3205/792/791 453/507/506
f 3209/3541/3457 3208/3542/3458 3206/3543/3459
f 3209/3541/3457 3210/3544/3460 3208/3542/3458
f 3200/3537/3453 3210/3544/3460 3209/3541/3457
f 3200/3537/3453 3211/3545/3461 3210/3544/3460
f 3201/3538/3454 3211/3545/3461 3200/3537/3453
f 3201/3538/3454 3212/3546/3462 3211/3545/3461
f 3202/3539/3455 3212/3546/3462 3201/3538/3454
f 3202/3539/3455 3204/3540/3456 3212/3546/3462
f 3210/3544/3460 3211/3545/3461 3213/3547/3463
f 3211/3545/3461 3215/3548/3464 3214/3549/3465
f 3212/3546/3462 3215/3548/3464 3211/3545/3461
f 3212/3546/3462 3216/3550/3466 3215/3548/3464
f 3212/3546/3462 3217/3551/3467 3216/3550/3466
f 3204/3540/3456 3217/3551/3467 3212/3546/3462
f 3204/3540/3456 3218/788/787 3217/3551/3467
f 3205/792/791 3218/788/787 3204/3540/3456
f 3205/792/791 701/787/786 3218/788/787
f 3217/3551/3467 3219/3552/3468 3216/3550/3466
f 3218/788/787 3219/3552/3468 3217/3551/3467
f 3220/3553/3469 3229/3554/3470 3918/3555/3471
f 3220/3553/3469 3221/830/829 3229/3554/3470
f 3222/3556/3472 3221/830/829 3220/3553/3469
f 3222/3556/3472 3223/3557/3473 3221/830/829
f 3922/3558/3474 3223/3557/3473 3222/3556/3472
f 3922/3558/3474 3224/3559/3475 3223/3557/3473
f 3225/3560/3476 3224/3559/3475 3922/3558/3474
f 3225/3560/3476 3226/3561/3477 3224/3559/3475
f 3214/3549/3465 3226/3561/3477 3225/3560/3476
f 3214/3549/3465 3227/3562/3478 3226/3561/3477
f 3216/3550/3466 3227/3562/3478 3214/3549/3465
f 3216/3550/3466 3228/3563/3479 3227/3562/3478
f 3219/3552/3468 3228/3563/3479 3216/3550/3466
f 3219/3552/3468 699/789/788 3228/3563/3479
f 3218/788/787 699/789/788 3219/3552/3468
f 3224/3559/3475 728/823/822 3223/3557/3473
f 3224/3559/3475 724/816/815 728/823/822
f 3226/3561/3477 724/816/815 3224/3559/3475
f 3226/3561/3477 720/814/813 724/816/815
f 3226/3561/3477 716/810/809 720/814/813
f 3227/3562/3478 716/810/809 3226/3561/3477
f 3227/3562/3478 712/803/802 716/810/809
f 3228/3563/3479 712/803/802 3227/3562/3478
f 3228/3563/3479 702/793/792 712/803/802
f 699/789/788 702/793/792 3228/3563/3479
f 3231/3564/3480 764/857/856 772/866/865
f 3231/3564/3480 758/852/851 764/857/856
f 3235/3565/3481 758/852/851 3231/3564/3480
f 3235/3565/3481 754/843/842 758/852/851
f 3236/842/841 754/843/842 3235/3565/3481
f 3232/3566/3482 743/839/838 3236/842/841
f 3229/3554/3470 743/839/838 3232/3566/3482
f 3229/3554/3470 739/831/830 743/839/838
f 3229/3554/3470 3221/830/829 739/831/830
f 3223/3557/3473 728/823/822 3221/830/829
f 774/874/873 772/866/865 771/859/858
f 3230/3567/3483 772/866/865 774/874/873
f 3230/3567/3483 3231/3564/3480 772/866/865
f 3918/3555/3471 3229/3554/3470 3232/3566/3482
f 3233/3568/3484 774/874/873 778/873/872
f 3234/3569/3485 774/874/873 3233/3568/3484
f 3234/3569/3485 3230/3567/3483 774/874/873
f 3240/3570/3486 3230/3567/3483 3234/3569/3485
f 3240/3570/3486 3231/3564/3480 3230/3567/3483
f 3235/3565/3481 3231/3564/3480 3240/3570/3486
f 3912/3571/3487 3232/3566/3482 3236/842/841
f 3243/3572/3488 778/873/872 3237/876/875
f 3238/3573/3489 778/873/872 3243/3572/3488
f 3238/3573/3489 3233/3568/3484 778/873/872
f 3239/3574/3490 3233/3568/3484 3238/3573/3489
f 3239/3574/3490 3234/3569/3485 3233/3568/3484
f 3241/3575/3491 3234/3569/3485 3239/3574/3490
f 3240/3570/3486 3234/3569/3485 3241/3575/3491
f 3910/3576/3492 3235/3565/3481 3240/3570/3486
f 3910/3576/3492 3240/3570/3486 3906/3577/3493
f 3906/3577/3493 3240/3570/3486 3241/3575/3491
f 3241/3575/3491 3239/3574/3490 3242/3578/3494
f 3242/3578/3494 3239/3574/3490 3238/3573/3489
f 3242/3578/3494 3238/3573/3489 3244/3579/3495
f 3244/3579/3495 3238/3573/3489 3243/3572/3488
f 3245/879/878 782/880/879 3246/885/884
f 3247/3580/3496 3245/879/878 3246/885/884
f 3243/3572/3488 3237/876/875 3900/3581/3497
f 3244/3579/3495 3243/3572/3488 3894/3582/3498
f 3902/3583/3499 3244/3579/3495 3901/3584/3500
f 3902/3583/3499 3242/3578/3494 3244/3579/3495
f 3900/3581/3497 3237/876/875 3899/3585/3501
f 3899/3585/3501 3237/876/875 3245/879/878
f 3899/3585/3501 3245/879/878 3247/3580/3496
f 3247/3580/3496 3246/885/884 787/884/883
f 3899/3585/3501 3247/3580/3496 3248/3586/3502
f 3247/3580/3496 787/884/883 3249/3587/3503
f 3248/3586/3502 3247/3580/3496 3249/3587/3503
f 3248/3586/3502 3249/3587/3503 3250/3588/3504
f 3251/889/888 3249/3587/3503 787/884/883
f 3253/3589/3505 3249/3587/3503 3251/889/888
f 3253/3589/3505 3250/3588/3504 3249/3587/3503
f 3252/3590/3506 3250/3588/3504 3253/3589/3505
f 3252/3590/3506 5212/3591/3507 3250/3588/3504
f 3257/3592/3508 3251/889/888 789/888/887
f 3253/3589/3505 3251/889/888 3257/3592/3508
f 3255/3593/3509 3252/3590/3506 3253/3589/3505
f 3254/3594/3510 3252/3590/3506 3255/3593/3509
f 3255/3593/3509 3253/3589/3505 3258/3595/3511
f 3258/3595/3511 3253/3589/3505 3257/3592/3508
f 3256/893/892 3257/3592/3508 789/888/887
f 3260/3596/3512 3254/3594/3510 3255/3593/3509
f 3259/3597/3513 3254/3594/3510 3260/3596/3512
f 3262/3598/3514 3258/3595/3511 3257/3592/3508
f 3260/3596/3512 3255/3593/3509 3258/3595/3511
f 3260/3596/3512 3258/3595/3511 3265/3599/3515
f 3265/3599/3515 3258/3595/3511 3262/3598/3514
f 3262/3598/3514 3257/3592/3508 3263/898/897
f 3263/898/897 3257/3592/3508 3256/893/892
f 3264/3600/3516 3261/3601/1959 3259/3597/3513
f 3264/3600/3516 3259/3597/3513 3266/3602/3517
f 3266/3602/3517 3259/3597/3513 3260/3596/3512
f 3266/3602/3517 3260/3596/3512 3265/3599/3515
f 3273/3603/3518 3261/3601/1959 3264/3600/3516
f 3267/902/901 3265/3599/3515 3262/3598/3514
f 3267/902/901 3262/3598/3514 3263/898/897
f 3654/3604/3519 3264/3600/3516 3655/3605/3520
f 3655/3605/3520 3264/3600/3516 3266/3602/3517
f 3266/3602/3517 3265/3599/3515 3268/3606/3521
f 3268/3606/3521 3265/3599/3515 3267/902/901
f 3655/3605/3520 3266/3602/3517 3268/3606/3521
f 3269/3607/2810 3655/3605/3520 3268/3606/3521
f 3268/3606/3521 3267/902/901 3271/2833/2818
f 3271/2833/2818 3267/902/901 3270/903/902
f 3269/3607/2810 3268/3606/3521 3271/2833/2818
f 3269/3607/2810 3271/2833/2818 2595/2824/2812
f 2596/2823/2811 3269/3607/2810 2595/2824/2812
f 3270/903/902 800/901/900 3272/904/903
f 3271/2833/2818 3270/903/902 3272/904/903
f 1690/2822/1837 2595/2824/2812 2599/2829/2815
f 3271/2833/2818 3272/904/903 2600/2835/2820
f 2595/2824/2812 3271/2833/2818 2601/2832/2817
f 2599/2829/2815 2595/2824/2812 2601/2832/2817
f 2597/2826/2813 1690/2822/1837 2599/2829/2815
f 3275/3608/3522 3277/1954/1944 1780/1962/1952
f 3275/3608/3522 1780/1962/1952 3274/3609/1840
f 3275/3608/3522 3274/3609/1840 1692/3610/1839
f 1694/1852/1842 3275/3608/3522 1692/3610/1839
f 3276/3611/3523 3275/3608/3522 1694/1852/1842
f 1695/1853/1843 3276/3611/3523 1694/1852/1842
f 3276/3611/3523 3277/1954/1944 3275/3608/3522
f 3279/3612/3524 3278/1949/1939 3277/1954/1944
f 3279/3612/3524 3277/1954/1944 3276/3611/3523
f 1698/1857/1847 3279/3612/3524 3276/3611/3523
f 1698/1857/1847 3276/3611/3523 1695/1853/1843
f 3280/1948/1938 3278/1949/1939 3279/3612/3524
f 3281/3613/3525 3280/1948/1938 3279/3612/3524
f 1700/1861/1851 3281/3613/3525 3279/3612/3524
f 1700/1861/1851 3279/3612/3524 1698/1857/1847
f 3281/3613/3525 3282/1946/1936 3280/1948/1938
f 1705/3614/3526 3282/1946/1936 3281/3613/3525
f 1704/1866/1856 1705/3614/3526 3281/3613/3525
f 1704/1866/1856 3281/3613/3525 1700/1861/1851
f 1702/1864/1854 1704/1866/1856 1700/1861/1851
f 1761/1936/1926 1762/1942/1932 3282/1946/1936
f 1708/1870/1860 3283/3615/3527 1704/1866/1856
f 3283/3615/3527 1705/3614/3526 1704/1866/1856
f 3285/1937/1927 1761/1936/1926 3282/1946/1936
f 1710/1872/1862 3283/3615/3527 1708/1870/1860
f 3283/3615/3527 3285/1937/1927 1705/3614/3526
f 3285/1937/1927 3282/1946/1936 1705/3614/3526
f 1711/1874/1864 3283/3615/3527 1710/1872/1862
f 1711/1874/1864 3284/3616/3528 3283/3615/3527
f 3284/3616/3528 3285/1937/1927 3283/3615/3527
f 3286/3617/3529 3284/3616/3528 1711/1874/1864
f 1715/1873/1863 3286/3617/3529 1711/1874/1864
f 3286/3617/3529 1757/1930/1920 3284/3616/3528
f 1757/1930/1920 3285/1937/1927 3284/3616/3528
f 1757/1930/1920 1758/1934/1924 3285/1937/1927
f 3289/1931/1921 1757/1930/1920 3286/3617/3529
f 1716/1879/1869 3289/1931/1921 3286/3617/3529
f 1716/1879/1869 3286/3617/3529 1715/1873/1863
f 3288/3618/3530 3289/1931/1921 1716/1879/1869
f 1718/1878/1868 3288/3618/3530 1716/1879/1869
f 3287/3619/3531 1718/1878/1868 1727/1881/1871
f 1732/1900/1890 3287/3619/3531 1727/1881/1871
f 1732/1900/1890 1733/1902/1892 3287/3619/3531
f 1733/1902/1892 1718/1878/1868 3287/3619/3531
f 1733/1902/1892 3288/3618/3530 1718/1878/1868
f 3288/3618/3530 3290/1926/1916 3289/1931/1921
f 1734/1903/1893 3288/3618/3530 1733/1902/1892
f 1734/1903/1893 1736/1905/1895 3288/3618/3530
f 1736/1905/1895 3290/1926/1916 3288/3618/3530
f 3290/1926/1916 1754/1915/1905 3289/1931/1921
f 1738/1908/1898 3290/1926/1916 1736/1905/1895
f 2074/2280/2270 3291/3620/3532 2080/2285/2275
f 3291/3620/3532 2081/3621/3421 2080/2285/2275
f 3291/3620/3532 3293/3622/3533 2081/3621/3421
f 2067/2272/2262 3292/3623/3534 2069/2276/2266
f 3292/3623/3534 2074/2280/2270 2069/2276/2266
f 3292/3623/3534 3291/3620/3532 2074/2280/2270
f 3298/2273/2263 3292/3623/3534 2067/2272/2262
f 3298/2273/2263 3294/3624/3535 3292/3623/3534
f 3294/3624/3535 3291/3620/3532 3292/3623/3534
f 3294/3624/3535 3300/3625/3536 3291/3620/3532
f 3300/3625/3536 3293/3622/3533 3291/3620/3532
f 3300/3625/3536 3295/3626/3537 3293/3622/3533
f 3295/3626/3537 3296/3627/3538 3293/3622/3533
f 3295/3626/3537 3297/3628/3539 3296/3627/3538
f 3298/2273/2263 3299/3629/3540 3294/3624/3535
f 3299/3629/3540 3300/3625/3536 3294/3624/3535
f 3300/3625/3536 3301/3630/3541 3295/3626/3537
f 2051/2256/2246 3298/2273/2263 2057/2262/2252
f 2051/2256/2246 3302/3631/3542 3298/2273/2263
f 3302/3631/3542 3299/3629/3540 3298/2273/2263
f 3299/3629/3540 3303/3632/3543 3300/3625/3536
f 3303/3632/3543 3301/3630/3541 3300/3625/3536
f 3302/3631/3542 3308/3633/3544 3299/3629/3540
f 3308/3633/3544 3303/3632/3543 3299/3629/3540
f 3303/3632/3543 3305/3634/3545 3301/3630/3541
f 3305/3634/3545 3304/3635/3546 3301/3630/3541
f 3305/3634/3545 3309/3636/3547 3304/3635/3546
f 3309/3636/3547 3306/3637/485 3304/3635/3546
f 3309/3636/3547 3307/3638/483 3306/3637/485
f 2043/2232/2222 2025/2230/2220 2051/2256/2246
f 2025/2230/2220 2026/2231/2221 2051/2256/2246
f 2026/2231/2221 3302/3631/3542 2051/2256/2246
f 3311/3639/3548 3303/3632/3543 3308/3633/3544
f 3311/3639/3548 3305/3634/3545 3303/3632/3543
f 3310/3640/3549 3313/3641/3550 3309/3636/3547
f 3310/3640/3549 3309/3636/3547 3305/3634/3545
f 3310/3640/3549 3305/3634/3545 3311/3639/3548
f 3312/2223/2213 3311/3639/3548 3308/3633/3544
f 2027/2222/2212 3312/2223/2213 3308/3633/3544
f 2027/2222/2212 3308/3633/3544 3302/3631/3542
f 2026/2231/2221 2027/2222/2212 3302/3631/3542
f 2024/2229/2219 2025/2230/2220 2043/2232/2222
f 3312/2223/2213 2019/2224/2214 3311/3639/3548
f 2019/2224/2214 3310/3640/3549 3311/3639/3548
f 3314/3642/3551 3313/3641/3550 3310/3640/3549
f 2012/2215/2205 3314/3642/3551 2019/2224/2214
f 3314/3642/3551 3310/3640/3549 2019/2224/2214
f 2004/2208/2198 3315/3643/3552 2012/2215/2205
f 3315/3643/3552 3316/3644/3553 2012/2215/2205
f 3316/3644/3553 3314/3642/3551 2012/2215/2205
f 3316/3644/3553 3317/3645/3554 3314/3642/3551
f 3317/3645/3554 3318/3646/3555 3314/3642/3551
f 3318/3646/3555 3313/3641/3550 3314/3642/3551
f 3318/3646/3555 3319/3647/489 3313/3641/3550
f 3313/3641/3550 3307/3638/483 3309/3636/3547
f 3313/3641/3550 438/3648/487 3307/3638/483
f 3319/3647/489 438/3648/487 3313/3641/3550
f 3318/3646/3555 434/3649/490 3319/3647/489
f 2003/2207/2197 3320/3650/3556 2004/2208/2198
f 3320/3650/3556 3315/3643/3552 2004/2208/2198
f 3320/3650/3556 3321/3651/3557 3315/3643/3552
f 3321/3651/3557 3316/3644/3553 3315/3643/3552
f 3321/3651/3557 3322/3652/3558 3316/3644/3553
f 3322/3652/3558 3317/3645/3554 3316/3644/3553
f 3322/3652/3558 3323/3653/3559 3317/3645/3554
f 3323/3653/3559 3318/3646/3555 3317/3645/3554
f 3323/3653/3559 3324/3654/474 3318/3646/3555
f 3324/3654/474 434/3649/490 3318/3646/3555
f 3324/3654/474 426/3655/473 434/3649/490
f 3325/3656/3560 3324/3654/474 3323/3653/3559
f 3326/3657/3561 3325/3656/3560 3323/3653/3559
f 3326/3657/3561 3323/3653/3559 3322/3652/3558
f 3327/3658/3562 3326/3657/3561 3322/3652/3558
f 3327/3658/3562 3322/3652/3558 3321/3651/3557
f 3328/3659/3563 3327/3658/3562 3321/3651/3557
f 3328/3659/3563 3321/3651/3557 3320/3650/3556
f 3329/3660/3564 3328/3659/3563 3320/3650/3556
f 3329/3660/3564 3320/3650/3556 2003/2207/2197
f 3329/3660/3564 2003/2207/2197 2001/2205/2195
f 3333/3661/3565 3329/3660/3564 2001/2205/2195
f 3333/3661/3565 2001/2205/2195 1987/2191/2181
f 1988/2190/2180 3333/3661/3565 1987/2191/2181
f 3330/3662/3566 1989/2192/2182 3331/3663/3567
f 1989/2192/2182 3332/3664/3568 1986/2189/2179
f 3332/3664/3568 1988/2190/2180 1986/2189/2179
f 3333/3661/3565 3334/3665/3569 3329/3660/3564
f 3334/3665/3569 3328/3659/3563 3329/3660/3564
f 3334/3665/3569 3335/3666/3570 3328/3659/3563
f 3335/3666/3570 3327/3658/3562 3328/3659/3563
f 3335/3666/3570 3326/3657/3561 3327/3658/3562
f 3335/3666/3570 3336/3667/3571 3326/3657/3561
f 3337/3668/3572 3334/3665/3569 3333/3661/3565
f 3338/3669/3573 3337/3668/3572 3333/3661/3565
f 3338/3669/3573 3333/3661/3565 1988/2190/2180
f 3339/3670/3574 3338/3669/3573 1988/2190/2180
f 3339/3670/3574 1988/2190/2180 3332/3664/3568
f 3340/3671/3575 3339/3670/3574 3332/3664/3568
f 3340/3671/3575 3332/3664/3568 1989/2192/2182
f 3330/3662/3566 3340/3671/3575 1989/2192/2182
f 3341/3672/3576 3340/3671/3575 3330/3662/3566
f 5152/3673/3577 3341/3672/3576 3330/3662/3566
f 3342/3674/3578 3341/3672/3576 5152/3673/3577
f 3343/3675/3579 3342/3674/3578 5152/3673/3577
f 3344/3676/3580 3342/3674/3578 3343/3675/3579
f 3345/3677/3581 3344/3676/3580 3343/3675/3579
f 3346/3678/3582 3344/3676/3580 3345/3677/3581
f 3347/3679/3583 3337/3668/3572 3338/3669/3573
f 3348/3680/3584 3347/3679/3583 3338/3669/3573
f 3348/3680/3584 3338/3669/3573 3339/3670/3574
f 3341/3672/3576 3348/3680/3584 3339/3670/3574
f 3341/3672/3576 3339/3670/3574 3340/3671/3575
f 3342/3674/3578 3349/3681/3585 3341/3672/3576
f 3350/3682/3586 3349/3681/3585 3342/3674/3578
f 3344/3676/3580 3350/3682/3586 3342/3674/3578
f 3351/3683/3587 3350/3682/3586 3344/3676/3580
f 3346/3678/3582 3351/3683/3587 3344/3676/3580
f 3352/3684/3588 3351/3683/3587 3346/3678/3582
f 5156/3685/3589 3352/3684/3588 3346/3678/3582
f 3353/3686/3590 3352/3684/3588 5156/3685/3589
f 5157/3687/3591 3367/3688/3592 3353/3686/3590
f 3354/3689/3593 3356/3690/3594 3355/3691/3595
f 3354/3689/3593 3355/3691/3595 3357/3692/3596
f 3358/3693/3597 3354/3689/3593 3357/3692/3596
f 3358/3693/3597 3357/3692/3596 3347/3679/3583
f 3348/3680/3584 3358/3693/3597 3347/3679/3583
f 3359/3694/3598 3348/3680/3584 3341/3672/3576
f 3349/3681/3585 3359/3694/3598 3341/3672/3576
f 3360/3695/3599 3359/3694/3598 3349/3681/3585
f 3350/3682/3586 3360/3695/3599 3349/3681/3585
f 3351/3683/3587 3360/3695/3599 3350/3682/3586
f 3362/3696/3600 3361/3697/3601 3358/3693/3597
f 3362/3696/3600 3358/3693/3597 3348/3680/3584
f 3359/3694/3598 3362/3696/3600 3348/3680/3584
f 3363/3698/3602 3359/3694/3598 3360/3695/3599
f 3351/3683/3587 3363/3698/3602 3360/3695/3599
f 3364/3699/3603 3363/3698/3602 3351/3683/3587
f 3352/3684/3588 3364/3699/3603 3351/3683/3587
f 3365/3700/3604 3364/3699/3603 3352/3684/3588
f 3353/3686/3590 3365/3700/3604 3352/3684/3588
f 3366/3701/3605 3365/3700/3604 3353/3686/3590
f 3367/3688/3592 3386/3702/3606 3366/3701/3605
f 3380/3703/3607 3386/3702/3606 3367/3688/3592
f 3368/3704/3608 3380/3703/3607 3367/3688/3592
f 3369/3705/3609 3371/3706/3610 3370/3707/3611
f 3369/3705/3609 3370/3707/3611 3372/3708/3612
f 3373/3709/3613 3369/3705/3609 3372/3708/3612
f 3373/3709/3613 3372/3708/3612 3361/3697/3601
f 3374/3710/3614 3373/3709/3613 3361/3697/3601
f 3374/3710/3614 3361/3697/3601 3362/3696/3600
f 3375/3711/3615 3374/3710/3614 3362/3696/3600
f 3375/3711/3615 3362/3696/3600 3359/3694/3598
f 3363/3698/3602 3375/3711/3615 3359/3694/3598
f 3364/3699/3603 3375/3711/3615 3363/3698/3602
f 3365/3700/3604 3379/3712/3616 3364/3699/3603
f 3376/3713/3617 3379/3712/3616 3365/3700/3604
f 3366/3701/3605 3376/3713/3617 3365/3700/3604
f 3377/3714/3618 3376/3713/3617 3366/3701/3605
f 3386/3702/3606 3377/3714/3618 3366/3701/3605
f 3378/3715/3619 3374/3710/3614 3375/3711/3615
f 3364/3699/3603 3378/3715/3619 3375/3711/3615
f 3379/3712/3616 3378/3715/3619 3364/3699/3603
f 3387/3716/3620 3386/3702/3606 3380/3703/3607
f 5163/3717/3621 3387/3716/3620 3380/3703/3607
f 3381/3718/3622 3387/3716/3620 5163/3717/3621
f 5164/3719/3623 3381/3718/3622 5163/3717/3621
f 3382/3720/3624 3381/3718/3622 5164/3719/3623
f 4241/3721/3625 3382/3720/3624 5164/3719/3623
f 3384/3722/3626 3396/3723/3627 3383/3724/3628
f 3384/3722/3626 3383/3724/3628 3378/3715/3619
f 3379/3712/3616 3384/3722/3626 3378/3715/3619
f 3385/3725/3629 3384/3722/3626 3379/3712/3616
f 3376/3713/3617 3385/3725/3629 3379/3712/3616
f 3377/3714/3618 3385/3725/3629 3376/3713/3617
f 3386/3702/3606 4245/3726/3630 3377/3714/3618
f 3388/3727/3631 3389/3728/3632 3390/3729/3633
f 3390/3729/3633 3389/3728/3632 3391/3730/3634
f 3390/3729/3633 3391/3730/3634 3392/3731/3635
f 3392/3731/3635 3391/3730/3634 3393/3732/3636
f 3392/3731/3635 3393/3732/3636 3394/3733/3637
f 3395/3734/3638 3392/3731/3635 3394/3733/3637
f 3395/3734/3638 3394/3733/3637 3396/3723/3627
f 3385/3725/3629 3396/3723/3627 3384/3722/3626
f 3377/3714/3618 3397/3735/3639 3385/3725/3629
f 3398/3736/3640 3400/3737/3641 3399/3738/3642
f 3398/3736/3640 3399/3738/3642 3401/3739/3643
f 3401/3739/3643 3399/3738/3642 3402/3740/3644
f 3401/3739/3643 3402/3740/3644 3403/3741/3645
f 3388/3727/3631 3403/3741/3645 3389/3728/3632
f 3391/3730/3634 3404/3742/3646 3393/3732/3636
f 3393/3732/3636 3404/3742/3646 3405/3743/3647
f 3393/3732/3636 3405/3743/3647 3406/3744/3648
f 3394/3733/3637 3393/3732/3636 3406/3744/3648
f 3394/3733/3637 3406/3744/3648 3383/3724/3628
f 3396/3723/3627 3394/3733/3637 3383/3724/3628
f 3402/3740/3644 3414/3745/3649 3403/3741/3645
f 3403/3741/3645 3414/3745/3649 3407/3746/3650
f 3403/3741/3645 3407/3746/3650 3389/3728/3632
f 3389/3728/3632 3407/3746/3650 3408/3747/3651
f 3389/3728/3632 3408/3747/3651 3391/3730/3634
f 3391/3730/3634 3408/3747/3651 3404/3742/3646
f 3404/3742/3646 3409/3748/3652 3405/3743/3647
f 3405/3743/3647 3409/3748/3652 3410/3749/3653
f 3405/3743/3647 3410/3749/3653 3371/3706/3610
f 3406/3744/3648 3405/3743/3647 3371/3706/3610
f 3406/3744/3648 3371/3706/3610 3369/3705/3609
f 3383/3724/3628 3406/3744/3648 3369/3705/3609
f 3383/3724/3628 3369/3705/3609 3373/3709/3613
f 3383/3724/3628 3373/3709/3613 3374/3710/3614
f 3378/3715/3619 3383/3724/3628 3374/3710/3614
f 3411/3750/3654 3413/3751/3655 3412/3752/3656
f 3411/3750/3654 3412/3752/3656 3414/3745/3649
f 3414/3745/3649 3412/3752/3656 3415/3753/3657
f 3414/3745/3649 3415/3753/3657 3407/3746/3650
f 3407/3746/3650 3415/3753/3657 3408/3747/3651
f 3408/3747/3651 3416/3754/3658 3404/3742/3646
f 3404/3742/3646 3416/3754/3658 3417/3755/3659
f 3404/3742/3646 3417/3755/3659 3409/3748/3652
f 3409/3748/3652 3417/3755/3659 3418/3756/3660
f 3409/3748/3652 3418/3756/3660 3410/3749/3653
f 3410/3749/3653 3418/3756/3660 3419/3757/3661
f 3410/3749/3653 3419/3757/3661 3370/3707/3611
f 3371/3706/3610 3410/3749/3653 3370/3707/3611
f 3415/3753/3657 3420/3758/3662 3408/3747/3651
f 3408/3747/3651 3420/3758/3662 3416/3754/3658
f 3417/3755/3659 3421/3759/3663 3418/3756/3660
f 3418/3756/3660 3421/3759/3663 3419/3757/3661
f 3419/3757/3661 3422/3760/3664 3423/3761/3665
f 3370/3707/3611 3419/3757/3661 3423/3761/3665
f 3370/3707/3611 3423/3761/3665 3356/3690/3594
f 3370/3707/3611 3356/3690/3594 3354/3689/3593
f 3372/3708/3612 3370/3707/3611 3354/3689/3593
f 3372/3708/3612 3354/3689/3593 3358/3693/3597
f 3361/3697/3601 3372/3708/3612 3358/3693/3597
f 3424/3762/3666 3426/3763/3667 3425/3764/3668
f 3424/3762/3666 3425/3764/3668 3420/3758/3662
f 3420/3758/3662 3425/3764/3668 3427/3765/3669
f 3420/3758/3662 3427/3765/3669 3416/3754/3658
f 3416/3754/3658 3427/3765/3669 3428/3766/3670
f 3416/3754/3658 3428/3766/3670 3417/3755/3659
f 3417/3755/3659 3428/3766/3670 3421/3759/3663
f 3419/3757/3661 3421/3759/3663 3429/3767/3671
f 3419/3757/3661 3429/3767/3671 3422/3760/3664
f 3422/3760/3664 3429/3767/3671 3430/3768/3672
f 3423/3761/3665 3422/3760/3664 3430/3768/3672
f 3423/3761/3665 3430/3768/3672 3431/3769/3673
f 3356/3690/3594 3423/3761/3665 3431/3769/3673
f 3356/3690/3594 3431/3769/3673 3355/3691/3595
f 3428/3766/3670 3432/3770/3674 3421/3759/3663
f 3421/3759/3663 3432/3770/3674 3433/3771/3675
f 3421/3759/3663 3433/3771/3675 3429/3767/3671
f 3429/3767/3671 3433/3771/3675 3430/3768/3672
f 3430/3768/3672 3433/3771/3675 3434/3772/3676
f 3430/3768/3672 3434/3772/3676 3435/3773/3677
f 3431/3769/3673 3430/3768/3672 3435/3773/3677
f 3431/3769/3673 3435/3773/3677 3436/3774/3678
f 3355/3691/3595 3431/3769/3673 3436/3774/3678
f 3357/3692/3596 3355/3691/3595 3436/3774/3678
f 3357/3692/3596 3436/3774/3678 3337/3668/3572
f 3347/3679/3583 3357/3692/3596 3337/3668/3572
f 3432/3770/3674 3437/3775/3679 3438/3776/3680
f 3432/3770/3674 3438/3776/3680 3433/3771/3675
f 3433/3771/3675 3438/3776/3680 3439/3777/3681
f 3433/3771/3675 3439/3777/3681 3434/3772/3676
f 3434/3772/3676 3439/3777/3681 3440/3778/3682
f 3434/3772/3676 3440/3778/3682 3336/3667/3571
f 3435/3773/3677 3434/3772/3676 3336/3667/3571
f 3435/3773/3677 3336/3667/3571 3335/3666/3570
f 3436/3774/3678 3435/3773/3677 3335/3666/3570
f 3436/3774/3678 3335/3666/3570 3334/3665/3569
f 3337/3668/3572 3436/3774/3678 3334/3665/3569
f 3336/3667/3571 3325/3656/3560 3326/3657/3561
f 3336/3667/3571 3440/3778/3682 3325/3656/3560
f 3438/3776/3680 3441/3779/3683 3439/3777/3681
f 3437/3775/3679 3441/3779/3683 3438/3776/3680
f 3437/3775/3679 3442/3780/3684 3441/3779/3683
f 3469/3781/3685 3442/3780/3684 3437/3775/3679
f 3469/3781/3685 3443/3782/482 3442/3780/3684
f 3468/3783/3686 3443/3782/482 3469/3781/3685
f 3468/3783/3686 3444/3784/481 3443/3782/482
f 3443/3782/482 3446/3785/3687 3442/3780/3684
f 3442/3780/3684 3446/3785/3687 3447/3786/3688
f 3442/3780/3684 3447/3786/3688 3441/3779/3683
f 3441/3779/3683 3447/3786/3688 429/3787/475
f 3441/3779/3683 429/3787/475 428/3788/476
f 3441/3779/3683 428/3788/476 3439/3777/3681
f 3439/3777/3681 428/3788/476 427/3789/480
f 3439/3777/3681 427/3789/480 3440/3778/3682
f 3440/3778/3682 427/3789/480 425/3790/472
f 3440/3778/3682 425/3790/472 3325/3656/3560
f 3325/3656/3560 425/3790/472 3324/3654/474
f 3447/3786/3688 430/3791/477 429/3787/475
f 3446/3785/3687 430/3791/477 3447/3786/3688
f 3446/3785/3687 431/3792/478 430/3791/477
f 3443/3782/482 431/3792/478 3446/3785/3687
f 3443/3782/482 432/3793/479 431/3792/478
f 3445/3794/3689 433/3795/466 3444/3784/481
f 3445/3794/3689 3448/3796/1284 433/3795/466
f 1104/3797/1285 1121/3798/468 3448/3796/1284
f 3449/3799/3690 1113/3800/1276 1111/3801/1274
f 3449/3799/3690 1111/3801/1274 3450/3802/3691
f 3450/3802/3691 1111/3801/1274 1109/3803/1272
f 3450/3802/3691 1109/3803/1272 3451/3804/3692
f 3451/3804/3692 1109/3803/1272 1107/3805/1269
f 3451/3804/3692 1107/3805/1269 3452/3806/3693
f 3452/3806/3693 1107/3805/1269 1106/3807/1271
f 3452/3806/3693 1106/3807/1271 3453/3808/3694
f 3453/3808/3694 1106/3807/1271 1105/3809/1288
f 3453/3808/3694 1105/3809/1288 3457/3810/3695
f 3457/3810/3695 1105/3809/1288 1103/3811/1286
f 3457/3810/3695 1103/3811/1286 3456/3812/3696
f 3456/3812/3696 1103/3811/1286 1104/3797/1285
f 3456/3812/3696 1104/3797/1285 3455/3813/3697
f 3455/3813/3697 1104/3797/1285 3448/3796/1284
f 3455/3813/3697 3448/3796/1284 3454/3814/3698
f 3454/3814/3698 3448/3796/1284 3445/3794/3689
f 3467/3815/3699 3444/3784/481 3468/3783/3686
f 3467/3815/3699 3445/3794/3689 3444/3784/481
f 3454/3814/3698 3445/3794/3689 3467/3815/3699
f 3458/3816/3700 3453/3808/3694 3457/3810/3695
f 3459/3817/3701 3453/3808/3694 3458/3816/3700
f 3459/3817/3701 3452/3806/3693 3453/3808/3694
f 3460/3818/3702 3452/3806/3693 3459/3817/3701
f 3460/3818/3702 3451/3804/3692 3452/3806/3693
f 3461/3819/3703 3451/3804/3692 3460/3818/3702
f 3461/3819/3703 3450/3802/3691 3451/3804/3692
f 3462/3820/3704 3459/3817/3701 3458/3816/3700
f 3462/3820/3704 3458/3816/3700 3463/3821/3705
f 3463/3821/3705 3458/3816/3700 3457/3810/3695
f 3463/3821/3705 3457/3810/3695 3464/3822/3706
f 3464/3822/3706 3457/3810/3695 3456/3812/3696
f 3464/3822/3706 3456/3812/3696 3465/3823/3707
f 3465/3823/3707 3456/3812/3696 3455/3813/3697
f 3465/3823/3707 3455/3813/3697 3466/3824/3708
f 3466/3824/3708 3455/3813/3697 3454/3814/3698
f 3466/3824/3708 3454/3814/3698 3425/3764/3668
f 3425/3764/3668 3454/3814/3698 3467/3815/3699
f 3469/3781/3685 3437/3775/3679 3432/3770/3674
f 3470/3825/3709 3462/3820/3704 3463/3821/3705
f 3470/3825/3709 3463/3821/3705 3471/3826/3710
f 3471/3826/3710 3463/3821/3705 3464/3822/3706
f 3471/3826/3710 3464/3822/3706 3472/3827/3711
f 3472/3827/3711 3464/3822/3706 3465/3823/3707
f 3472/3827/3711 3465/3823/3707 3473/3828/3712
f 3473/3828/3712 3465/3823/3707 3466/3824/3708
f 3473/3828/3712 3466/3824/3708 3426/3763/3667
f 3426/3763/3667 3466/3824/3708 3425/3764/3668
f 3425/3764/3668 3467/3815/3699 3427/3765/3669
f 3427/3765/3669 3467/3815/3699 3468/3783/3686
f 3427/3765/3669 3468/3783/3686 3428/3766/3670
f 3428/3766/3670 3468/3783/3686 3469/3781/3685
f 3428/3766/3670 3469/3781/3685 3432/3770/3674
f 3474/3829/3713 3476/3830/3714 3475/3831/3715
f 3474/3829/3713 3475/3831/3715 3477/3832/3716
f 3477/3832/3716 3475/3831/3715 3478/3833/3717
f 3477/3832/3716 3478/3833/3717 3479/3834/3718
f 3479/3834/3718 3478/3833/3717 3480/3835/3719
f 3479/3834/3718 3480/3835/3719 3481/3836/3720
f 3481/3836/3720 3480/3835/3719 3470/3825/3709
f 3481/3836/3720 3470/3825/3709 3482/3837/3721
f 3482/3837/3721 3470/3825/3709 3483/3838/3722
f 3483/3838/3722 3470/3825/3709 3471/3826/3710
f 3483/3838/3722 3471/3826/3710 3484/3839/3723
f 3484/3839/3723 3471/3826/3710 3472/3827/3711
f 3484/3839/3723 3472/3827/3711 3485/3840/3724
f 3485/3840/3724 3472/3827/3711 3473/3828/3712
f 3485/3840/3724 3473/3828/3712 3426/3763/3667
f 3485/3840/3724 3426/3763/3667 3424/3762/3666
f 3486/3841/3725 3477/3832/3716 3487/3842/3726
f 3487/3842/3726 3477/3832/3716 3479/3834/3718
f 3487/3842/3726 3479/3834/3718 3488/3843/3727
f 3488/3843/3727 3479/3834/3718 3481/3836/3720
f 3488/3843/3727 3481/3836/3720 3489/3844/3728
f 3489/3844/3728 3481/3836/3720 3482/3837/3721
f 3489/3844/3728 3482/3837/3721 3490/3845/3729
f 3490/3845/3729 3482/3837/3721 3483/3838/3722
f 3490/3845/3729 3483/3838/3722 3491/3846/3730
f 3491/3846/3730 3483/3838/3722 3484/3839/3723
f 3491/3846/3730 3484/3839/3723 3413/3751/3655
f 3413/3751/3655 3484/3839/3723 3485/3840/3724
f 3413/3751/3655 3485/3840/3724 3412/3752/3656
f 3412/3752/3656 3485/3840/3724 3424/3762/3666
f 3412/3752/3656 3424/3762/3666 3415/3753/3657
f 3415/3753/3657 3424/3762/3666 3420/3758/3662
f 3492/3847/3731 3494/3848/3732 3493/3849/3733
f 3492/3847/3731 3493/3849/3733 3495/3850/3734
f 3495/3850/3734 3493/3849/3733 3496/3851/3735
f 3495/3850/3734 3496/3851/3735 3497/3852/3736
f 3497/3852/3736 3496/3851/3735 3486/3841/3725
f 3497/3852/3736 3486/3841/3725 3498/3853/3737
f 3498/3853/3737 3486/3841/3725 3487/3842/3726
f 3498/3853/3737 3487/3842/3726 3499/3854/3738
f 3499/3854/3738 3487/3842/3726 3488/3843/3727
f 3499/3854/3738 3488/3843/3727 3500/3855/3739
f 3500/3855/3739 3488/3843/3727 3489/3844/3728
f 3500/3855/3739 3489/3844/3728 3501/3856/3740
f 3501/3856/3740 3489/3844/3728 3490/3845/3729
f 3501/3856/3740 3490/3845/3729 3502/3857/3741
f 3502/3857/3741 3490/3845/3729 3491/3846/3730
f 3502/3857/3741 3491/3846/3730 3503/3858/3742
f 3503/3858/3742 3491/3846/3730 3413/3751/3655
f 3503/3858/3742 3413/3751/3655 3411/3750/3654
f 3504/3859/3743 3497/3852/3736 3505/3860/3744
f 3505/3860/3744 3497/3852/3736 3498/3853/3737
f 3505/3860/3744 3498/3853/3737 3506/3861/3745
f 3506/3861/3745 3498/3853/3737 3499/3854/3738
f 3506/3861/3745 3499/3854/3738 3507/3862/3746
f 3507/3862/3746 3499/3854/3738 3500/3855/3739
f 3507/3862/3746 3500/3855/3739 3508/3863/3747
f 3508/3863/3747 3500/3855/3739 3501/3856/3740
f 3508/3863/3747 3501/3856/3740 3509/3864/3748
f 3509/3864/3748 3501/3856/3740 3502/3857/3741
f 3509/3864/3748 3502/3857/3741 3510/3865/3749
f 3510/3865/3749 3502/3857/3741 3503/3858/3742
f 3510/3865/3749 3503/3858/3742 3400/3737/3641
f 3400/3737/3641 3503/3858/3742 3411/3750/3654
f 3400/3737/3641 3411/3750/3654 3399/3738/3642
f 3399/3738/3642 3411/3750/3654 3414/3745/3649
f 3399/3738/3642 3414/3745/3649 3402/3740/3644
f 3511/3866/3750 3513/3867/3751 3512/3868/3752
f 3511/3866/3750 3512/3868/3752 3514/3869/3753
f 3514/3869/3753 3512/3868/3752 3504/3859/3743
f 3514/3869/3753 3504/3859/3743 3515/3870/3754
f 3515/3870/3754 3504/3859/3743 3505/3860/3744
f 3515/3870/3754 3505/3860/3744 3516/3871/3755
f 3516/3871/3755 3505/3860/3744 3506/3861/3745
f 3516/3871/3755 3506/3861/3745 3517/3872/3756
f 3517/3872/3756 3506/3861/3745 3507/3862/3746
f 3517/3872/3756 3507/3862/3746 3518/3873/3757
f 3518/3873/3757 3507/3862/3746 3508/3863/3747
f 3518/3873/3757 3508/3863/3747 3509/3864/3748
f 3518/3873/3757 3509/3864/3748 3519/3874/3758
f 3519/3874/3758 3509/3864/3748 3510/3865/3749
f 3519/3874/3758 3510/3865/3749 3520/3875/3759
f 3520/3875/3759 3510/3865/3749 3400/3737/3641
f 3520/3875/3759 3400/3737/3641 3398/3736/3640
f 3521/3876/3760 3516/3871/3755 3522/3877/3761
f 3522/3877/3761 3516/3871/3755 3517/3872/3756
f 3522/3877/3761 3517/3872/3756 3523/3878/3762
f 3523/3878/3762 3517/3872/3756 3518/3873/3757
f 3523/3878/3762 3518/3873/3757 3524/3879/3763
f 3524/3879/3763 3518/3873/3757 3525/3880/3764
f 3525/3880/3764 3518/3873/3757 3519/3874/3758
f 3525/3880/3764 3519/3874/3758 3526/3881/3765
f 3526/3881/3765 3519/3874/3758 3520/3875/3759
f 3526/3881/3765 3520/3875/3759 3527/3882/3766
f 3527/3882/3766 3520/3875/3759 3398/3736/3640
f 3527/3882/3766 3398/3736/3640 3528/3883/3767
f 3528/3883/3767 3398/3736/3640 3401/3739/3643
f 3528/3883/3767 3401/3739/3643 3529/3884/3768
f 3529/3884/3768 3401/3739/3643 3403/3741/3645
f 3529/3884/3768 3403/3741/3645 3388/3727/3631
f 3530/3885/3769 3531/3886/3770 3521/3876/3760
f 3530/3885/3769 3521/3876/3760 3532/3887/3771
f 3532/3887/3771 3521/3876/3760 3522/3877/3761
f 3532/3887/3771 3522/3877/3761 3533/3888/3772
f 3533/3888/3772 3522/3877/3761 3523/3878/3762
f 3533/3888/3772 3523/3878/3762 3524/3879/3763
f 3533/3888/3772 3524/3879/3763 3534/3889/3773
f 3534/3889/3773 3524/3879/3763 3525/3880/3764
f 3534/3889/3773 3525/3880/3764 3535/3890/3774
f 3535/3890/3774 3525/3880/3764 3526/3881/3765
f 3535/3890/3774 3526/3881/3765 3536/3891/3775
f 3536/3891/3775 3526/3881/3765 3527/3882/3766
f 3536/3891/3775 3527/3882/3766 3537/3892/3776
f 3537/3892/3776 3527/3882/3766 3528/3883/3767
f 3537/3892/3776 3528/3883/3767 3538/3893/3777
f 3538/3893/3777 3528/3883/3767 3529/3884/3768
f 3538/3893/3777 3529/3884/3768 3539/3894/3778
f 3540/3895/3779 3534/3889/3773 3541/3896/3780
f 3541/3896/3780 3534/3889/3773 3535/3890/3774
f 3541/3896/3780 3535/3890/3774 3536/3891/3775
f 3541/3896/3780 3536/3891/3775 3542/3897/3781
f 3542/3897/3781 3536/3891/3775 3537/3892/3776
f 3542/3897/3781 3537/3892/3776 3548/3898/3782
f 3548/3898/3782 3537/3892/3776 3538/3893/3777
f 3548/3898/3782 3538/3893/3777 3549/3899/3783
f 3549/3899/3783 3538/3893/3777 3539/3894/3778
f 3549/3899/3783 3539/3894/3778 3543/3900/3784
f 3543/3900/3784 3539/3894/3778 3544/3901/3785
f 3543/3900/3784 3544/3901/3785 3550/3902/3786
f 3550/3902/3786 3544/3901/3785 3545/3903/3787
f 3546/3904/3788 3540/3895/3779 3541/3896/3780
f 3546/3904/3788 3541/3896/3780 3547/3905/3789
f 3547/3905/3789 3541/3896/3780 3542/3897/3781
f 3547/3905/3789 3542/3897/3781 3548/3898/3782
f 3549/3899/3783 3543/3900/3784 3552/3906/3790
f 3552/3906/3790 3543/3900/3784 3550/3902/3786
f 3539/3894/3778 3529/3884/3768 3388/3727/3631
f 3539/3894/3778 3388/3727/3631 3544/3901/3785
f 3544/3901/3785 3388/3727/3631 3390/3729/3633
f 3544/3901/3785 3390/3729/3633 3392/3731/3635
f 3544/3901/3785 3392/3731/3635 3395/3734/3638
f 3545/3903/3787 3544/3901/3785 3395/3734/3638
f 3545/3903/3787 3395/3734/3638 3396/3723/3627
f 3385/3725/3629 3545/3903/3787 3396/3723/3627
f 3397/3735/3639 3545/3903/3787 3385/3725/3629
f 3551/3907/3791 3397/3735/3639 3377/3714/3618
f 4245/3726/3630 3551/3907/3791 3377/3714/3618
f 3553/3908/3792 3551/3907/3791 4245/3726/3630
f 3397/3735/3639 3550/3902/3786 3545/3903/3787
f 3552/3906/3790 3550/3902/3786 3397/3735/3639
f 3551/3907/3791 3552/3906/3790 3397/3735/3639
f 3556/3909/3793 3554/3910/3794 3553/3908/3792
f 3555/3911/3795 3554/3910/3794 3556/3909/3793
f 3558/3912/3796 3555/3911/3795 3556/3909/3793
f 3557/3913/3797 3558/3912/3796 3556/3909/3793
f 66/74/73 3558/3912/3796 3557/3913/3797
f 66/74/73 3559/3914/3798 3558/3912/3796
f 3559/3914/3798 3560/3915/3799 3558/3912/3796
f 3560/3915/3799 3555/3911/3795 3558/3912/3796
f 3554/3910/3794 3561/3916/3800 3553/3908/3792
f 3561/3916/3800 3562/3917/3801 3553/3908/3792
f 3553/3908/3792 3562/3917/3801 3551/3907/3791
f 3555/3911/3795 3563/3918/3802 3554/3910/3794
f 3563/3918/3802 3561/3916/3800 3554/3910/3794
f 3561/3916/3800 3565/3919/3803 3562/3917/3801
f 3562/3917/3801 3549/3899/3783 3551/3907/3791
f 3551/3907/3791 3549/3899/3783 3552/3906/3790
f 3559/3914/3798 3566/3920/3804 3560/3915/3799
f 3560/3915/3799 3566/3920/3804 3563/3918/3802
f 3566/3920/3804 3567/3921/3805 3563/3918/3802
f 3567/3921/3805 3564/3922/3806 3563/3918/3802
f 3563/3918/3802 3564/3922/3806 3561/3916/3800
f 3564/3922/3806 3565/3919/3803 3561/3916/3800
f 3568/3923/3807 3570/3924/3808 3569/3925/3809
f 3568/3923/3807 3569/3925/3809 3571/3926/3810
f 3568/3923/3807 3571/3926/3810 4957/3927/3811
f 4957/3927/3811 3571/3926/3810 3567/3921/3805
f 3567/3921/3805 3571/3926/3810 3572/3928/3812
f 3567/3921/3805 3572/3928/3812 3564/3922/3806
f 3564/3922/3806 3572/3928/3812 3565/3919/3803
f 3571/3926/3810 3573/3929/3813 3572/3928/3812
f 3571/3926/3810 3569/3925/3809 3573/3929/3813
f 64/71/70 63/70/69 3575/3930/3814
f 3572/3928/3812 3576/3931/3815 3565/3919/3803
f 3573/3929/3813 3576/3931/3815 3572/3928/3812
f 3573/3929/3813 3577/3932/3816 3576/3931/3815
f 3569/3925/3809 3577/3932/3816 3573/3929/3813
f 3569/3925/3809 3578/3933/3817 3577/3932/3816
f 3569/3925/3809 3579/3934/3818 3578/3933/3817
f 3570/3924/3808 3579/3934/3818 3569/3925/3809
f 3574/3935/3819 3579/3934/3818 3570/3924/3808
f 3574/3935/3819 61/3936/3820 3579/3934/3818
f 62/3937/3821 61/3936/3820 3574/3935/3819
f 62/3937/3821 3574/3935/3819 3575/3930/3814
f 63/70/69 62/3937/3821 3575/3930/3814
f 3562/3917/3801 3548/3898/3782 3549/3899/3783
f 3565/3919/3803 3548/3898/3782 3562/3917/3801
f 3565/3919/3803 3547/3905/3789 3548/3898/3782
f 3576/3931/3815 3547/3905/3789 3565/3919/3803
f 3577/3932/3816 3547/3905/3789 3576/3931/3815
f 3577/3932/3816 3546/3904/3788 3547/3905/3789
f 3578/3933/3817 3546/3904/3788 3577/3932/3816
f 3578/3933/3817 3580/3938/3822 3546/3904/3788
f 3579/3934/3818 3580/3938/3822 3578/3933/3817
f 3579/3934/3818 61/3936/3820 3580/3938/3822
f 58/62/61 63/70/69 60/69/68
f 58/62/61 62/3937/3821 63/70/69
f 3585/3939/3823 61/3936/3820 62/3937/3821
f 3585/3939/3823 3581/3940/3824 61/3936/3820
f 61/3936/3820 3581/3940/3824 3582/3941/3825
f 61/3936/3820 3582/3941/3825 3583/3942/3826
f 61/3936/3820 3583/3942/3826 3580/3938/3822
f 3580/3938/3822 3583/3942/3826 3540/3895/3779
f 3580/3938/3822 3540/3895/3779 3546/3904/3788
f 3584/3943/3827 62/3937/3821 58/62/61
f 3584/3943/3827 3585/3939/3823 62/3937/3821
f 3581/3940/3824 3586/3944/3828 3582/3941/3825
f 3582/3941/3825 3586/3944/3828 3530/3885/3769
f 3582/3941/3825 3530/3885/3769 3583/3942/3826
f 3583/3942/3826 3530/3885/3769 3532/3887/3771
f 3583/3942/3826 3532/3887/3771 3533/3888/3772
f 3583/3942/3826 3533/3888/3772 3540/3895/3779
f 3540/3895/3779 3533/3888/3772 3534/3889/3773
f 3587/3945/3829 3581/3940/3824 3585/3939/3823
f 3587/3945/3829 3588/3946/3830 3581/3940/3824
f 3581/3940/3824 3588/3946/3830 3586/3944/3828
f 3586/3944/3828 3588/3946/3830 3531/3886/3770
f 3586/3944/3828 3531/3886/3770 3530/3885/3769
f 58/62/61 3589/3947/3831 3584/3943/3827
f 3589/3947/3831 3585/3939/3823 3584/3943/3827
f 3589/3947/3831 3587/3945/3829 3585/3939/3823
f 3587/3945/3829 3590/3948/3832 3588/3946/3830
f 3588/3946/3830 3590/3948/3832 3511/3866/3750
f 3588/3946/3830 3511/3866/3750 3514/3869/3753
f 3588/3946/3830 3514/3869/3753 3531/3886/3770
f 3531/3886/3770 3514/3869/3753 3515/3870/3754
f 3531/3886/3770 3515/3870/3754 3521/3876/3760
f 3521/3876/3760 3515/3870/3754 3516/3871/3755
f 53/55/54 3591/3949/3833 58/62/61
f 3591/3949/3833 3589/3947/3831 58/62/61
f 3587/3945/3829 3513/3867/3751 3590/3948/3832
f 3590/3948/3832 3513/3867/3751 3511/3866/3750
f 51/56/55 3591/3949/3833 53/55/54
f 51/56/55 3592/3950/3834 3591/3949/3833
f 3592/3950/3834 3589/3947/3831 3591/3949/3833
f 3592/3950/3834 3593/3951/3835 3589/3947/3831
f 3593/3951/3835 3587/3945/3829 3589/3947/3831
f 3593/3951/3835 3594/3952/3836 3587/3945/3829
f 3594/3952/3836 3513/3867/3751 3587/3945/3829
f 3513/3867/3751 3594/3952/3836 3595/3953/3837
f 3513/3867/3751 3595/3953/3837 3492/3847/3731
f 3513/3867/3751 3492/3847/3731 3512/3868/3752
f 3512/3868/3752 3492/3847/3731 3495/3850/3734
f 3512/3868/3752 3495/3850/3734 3504/3859/3743
f 3504/3859/3743 3495/3850/3734 3497/3852/3736
f 48/52/51 51/56/55 46/50/49
f 48/52/51 3596/3954/3838 51/56/55
f 3596/3954/3838 3592/3950/3834 51/56/55
f 3596/3954/3838 3597/3955/3839 3592/3950/3834
f 3597/3955/3839 3593/3951/3835 3592/3950/3834
f 3597/3955/3839 3594/3952/3836 3593/3951/3835
f 3597/3955/3839 3598/3956/3840 3594/3952/3836
f 3594/3952/3836 3598/3956/3840 3599/3957/3841
f 3594/3952/3836 3599/3957/3841 3595/3953/3837
f 3595/3953/3837 3599/3957/3841 3494/3848/3732
f 3595/3953/3837 3494/3848/3732 3492/3847/3731
f 3653/3958/3842 3606/3959/3843 3597/3955/3839
f 3606/3959/3843 3600/3960/3844 3597/3955/3839
f 3600/3960/3844 3598/3956/3840 3597/3955/3839
f 3600/3960/3844 3601/3961/3845 3598/3956/3840
f 3598/3956/3840 3601/3961/3845 3602/3962/3846
f 3598/3956/3840 3602/3962/3846 3599/3957/3841
f 3599/3957/3841 3602/3962/3846 3603/3963/3847
f 3599/3957/3841 3603/3963/3847 3494/3848/3732
f 3494/3848/3732 3603/3963/3847 3604/3964/3848
f 3494/3848/3732 3604/3964/3848 3493/3849/3733
f 3493/3849/3733 3604/3964/3848 3605/3965/3849
f 3493/3849/3733 3605/3965/3849 3496/3851/3735
f 3496/3851/3735 3605/3965/3849 3474/3829/3713
f 3496/3851/3735 3474/3829/3713 3486/3841/3725
f 3486/3841/3725 3474/3829/3713 3477/3832/3716
f 3606/3959/3843 3607/3966/3850 3600/3960/3844
f 3607/3966/3850 3608/3967/3851 3600/3960/3844
f 3608/3967/3851 3601/3961/3845 3600/3960/3844
f 3608/3967/3851 3609/3968/3852 3601/3961/3845
f 3601/3961/3845 3609/3968/3852 3610/3969/3853
f 3601/3961/3845 3610/3969/3853 3602/3962/3846
f 3602/3962/3846 3610/3969/3853 3611/3970/3854
f 3602/3962/3846 3611/3970/3854 3603/3963/3847
f 3603/3963/3847 3611/3970/3854 3612/3971/3855
f 3603/3963/3847 3612/3971/3855 3604/3964/3848
f 3604/3964/3848 3612/3971/3855 3613/3972/3856
f 3604/3964/3848 3613/3972/3856 3605/3965/3849
f 3605/3965/3849 3613/3972/3856 3476/3830/3714
f 3605/3965/3849 3476/3830/3714 3474/3829/3713
f 3651/3973/3857 3615/3974/3858 3614/3975/3859
f 3615/3974/3858 3616/3976/3860 3614/3975/3859
f 3617/3977/3861 3606/3959/3843 3616/3976/3860
f 3617/3977/3861 3618/3978/3862 3606/3959/3843
f 3618/3978/3862 3607/3966/3850 3606/3959/3843
f 3618/3978/3862 3619/3979/3863 3607/3966/3850
f 3619/3979/3863 3608/3967/3851 3607/3966/3850
f 3619/3979/3863 3620/3980/3864 3608/3967/3851
f 3620/3980/3864 3609/3968/3852 3608/3967/3851
f 3620/3980/3864 3621/3981/3865 3609/3968/3852
f 3609/3968/3852 3621/3981/3865 3622/3982/3866
f 3615/3974/3858 3631/3983/3867 3616/3976/3860
f 3631/3983/3867 3617/3977/3861 3616/3976/3860
f 3631/3983/3867 3629/3984/3868 3617/3977/3861
f 3629/3984/3868 3618/3978/3862 3617/3977/3861
f 3629/3984/3868 3619/3979/3863 3618/3978/3862
f 3629/3984/3868 3623/3985/3869 3619/3979/3863
f 3623/3985/3869 3620/3980/3864 3619/3979/3863
f 3623/3985/3869 3624/3986/3870 3620/3980/3864
f 3624/3986/3870 3621/3981/3865 3620/3980/3864
f 3624/3986/3870 3625/3987/3871 3621/3981/3865
f 3621/3981/3865 3625/3987/3871 3626/3988/3872
f 3621/3981/3865 3626/3988/3872 3622/3982/3866
f 3627/3989/3873 3628/3990/3874 3624/3986/3870
f 3627/3989/3873 3624/3986/3870 3623/3985/3869
f 3637/3991/3875 3627/3989/3873 3623/3985/3869
f 3637/3991/3875 3623/3985/3869 3629/3984/3868
f 3630/3992/3876 3629/3984/3868 3631/3983/3867
f 3632/3993/3877 3631/3983/3867 3615/3974/3858
f 3632/3993/3877 3615/3974/3858 3633/3994/3878
f 3634/3995/3879 3632/3993/3877 3633/3994/3878
f 3634/3995/3879 3633/3994/3878 3639/3996/3880
f 3635/3997/3881 3632/3993/3877 3634/3995/3879
f 3635/3997/3881 3636/3998/3882 3632/3993/3877
f 3636/3998/3882 3631/3983/3867 3632/3993/3877
f 3636/3998/3882 3630/3992/3876 3631/3983/3867
f 3630/3992/3876 3637/3991/3875 3629/3984/3868
f 1353/3999/1537 3630/3992/3876 3636/3998/3882
f 1353/3999/1537 1349/4000/1534 3630/3992/3876
f 1523/4001/1719 3639/3996/3880 3638/4002/1718
f 1523/4001/1719 1362/4003/3883 3639/3996/3880
f 1362/4003/3883 3634/3995/3879 3639/3996/3880
f 1362/4003/3883 3635/3997/3881 3634/3995/3879
f 1362/4003/3883 1364/4004/3884 3635/3997/3881
f 1364/4004/3884 3636/3998/3882 3635/3997/3881
f 1364/4004/3884 1353/3999/1537 3636/3998/3882
f 1523/4001/1719 1361/4005/1540 1362/4003/3883
f 1361/4006/1540 1356/4007/1536 1364/4004/3884
f 1356/4007/1536 1353/3999/1537 1364/4004/3884
f 1361/4006/1540 1364/4004/3884 1362/4003/3883
f 1360/4008/1543 1355/4009/1539 1361/4006/1540
f 1521/4010/1716 1363/4011/1545 1523/4001/1719
f 1363/4011/1545 1361/4005/1540 1523/4001/1719
f 1363/4011/1545 1360/4012/1543 1361/4005/1540
f 3643/4013/1717 1522/4014/1715 3644/4015/3885
f 1522/4014/1715 3638/4002/1718 3644/4015/3885
f 15/20/19 25/31/30 13/17/16
f 16/21/20 26/32/31 15/20/19
f 16/21/20 3640/4016/1704 26/32/31
f 26/32/31 3645/4017/3886 27/33/32
f 3641/4018/1708 3645/4017/3886 26/32/31
f 3641/4018/1708 3642/4019/1720 3645/4017/3886
f 3642/4019/1720 3643/4013/1717 3645/4017/3886
f 3643/4013/1717 3644/4015/3885 3645/4017/3886
f 3644/4015/3885 3646/4020/3887 3645/4017/3886
f 3644/4015/3885 3638/4002/1718 3646/4020/3887
f 3638/4002/1718 3647/4021/3888 3646/4020/3887
f 3638/4002/1718 3639/3996/3880 3647/4021/3888
f 3647/4021/3888 3639/3996/3880 3648/4022/3889
f 3646/4020/3887 3647/4021/3888 3648/4022/3889
f 3646/4020/3887 3648/4022/3889 3649/4023/3890
f 3645/4017/3886 3646/4020/3887 3649/4023/3890
f 3645/4017/3886 3649/4023/3890 27/33/32
f 27/33/32 3649/4023/3890 33/43/42
f 27/33/32 33/43/42 32/37/36
f 3649/4023/3890 3650/4024/3891 33/43/42
f 3649/4023/3890 3648/4022/3889 3650/4024/3891
f 3648/4022/3889 3639/3996/3880 3651/3973/3857
f 3639/3996/3880 3633/3994/3878 3651/3973/3857
f 3633/3994/3878 3615/3974/3858 3651/3973/3857
f 38/44/43 41/42/41 32/37/36
f 33/43/42 3650/4024/3891 38/44/43
f 3650/4024/3891 3648/4022/3889 3652/4025/3892
f 3648/4022/3889 3651/3973/3857 3652/4025/3892
f 38/44/43 3650/4024/3891 44/48/47
f 3650/4024/3891 3652/4025/3892 44/48/47
f 3651/3973/3857 47/51/50 3652/4025/3892
f 3651/3973/3857 3614/3975/3859 47/51/50
f 3616/3976/3860 3653/3958/3842 3614/3975/3859
f 3616/3976/3860 3606/3959/3843 3653/3958/3842
f 3652/4025/3892 47/51/50 44/48/47
f 47/51/50 3614/3975/3859 48/52/51
f 3614/3975/3859 3596/3954/3838 48/52/51
f 3614/3975/3859 3653/3958/3842 3596/3954/3838
f 3653/3958/3842 3597/3955/3839 3596/3954/3838
f 3269/3607/2810 3654/3604/3519 3655/3605/3520
f 2594/2831/1838 3654/3604/3519 3269/3607/2810
f 3259/3597/3513 3656/4026/3893 3254/3594/3510
f 3657/3431/1960 3656/4026/3893 3259/3597/3513
f 3261/3601/1959 3657/3431/1960 3259/3597/3513
f 3654/3604/3519 3273/3603/3518 3264/3600/3516
f 1780/4027/1952 3261/3601/1959 3273/3603/3518
f 1780/4027/1952 1785/4028/1954 3261/3601/1959
f 1785/4028/1954 1781/4029/1955 1784/4030/1958
f 3274/4031/1840 1780/4032/1952 3273/3603/3518
f 3274/4033/1840 3654/3604/3519 2594/2831/1838
f 3274/4031/1840 3273/3603/3518 3654/3604/3519
f 1777/4034/1947 1779/4035/1946 1781/4036/1955
f 14/4037/17 15/4038/19 13/4039/16
f 3668/4040/3894 3661/4041/3895 3660/4042/3896
f 3668/4040/3894 3662/4043/3897 3661/4041/3895
f 3662/4043/3897 3663/4044/3898 3661/4041/3895
f 3663/4044/3898 3664/4045/3899 3661/4041/3895
f 3663/4044/3898 3665/4046/3900 3664/4045/3899
f 3663/4044/3898 3669/4047/3901 3665/4046/3900
f 3669/4047/3901 3666/4048/3902 3665/4046/3900
f 3669/4047/3901 3667/4049/3903 3666/4048/3902
f 3706/4050/3904 3660/4042/3896 3707/4051/3905
f 3706/4050/3904 3668/4040/3894 3660/4042/3896
f 3676/4052/3906 3668/4040/3894 3706/4050/3904
f 3673/4053/3907 3670/4054/3908 3668/4040/3894
f 3670/4054/3908 3662/4043/3897 3668/4040/3894
f 3670/4054/3908 1449/1651/1650 3662/4043/3897
f 1449/1651/1650 3663/4044/3898 3662/4043/3897
f 1449/1651/1650 3671/1650/1649 3663/4044/3898
f 3671/1650/1649 3669/4047/3901 3663/4044/3898
f 3669/4047/3901 3672/1655/1654 3667/4049/3903
f 3676/4052/3906 3673/4053/3907 3668/4040/3894
f 3674/1653/1652 3672/1655/1654 3669/4047/3901
f 3671/1650/1649 3674/1653/1652 3669/4047/3901
f 3675/4055/3909 3670/4054/3908 3673/4053/3907
f 3678/4056/3910 3675/4055/3909 3677/4057/3911
f 3677/4057/3911 3675/4055/3909 3673/4053/3907
f 3677/4057/3911 3673/4053/3907 3676/4052/3906
f 3680/4058/3912 5170/4059/3913 3678/4056/3910
f 1577/1789/1779 5170/4059/3913 3680/4058/3912
f 3679/4060/3914 3678/4056/3910 3677/4057/3911
f 3679/4060/3914 3677/4057/3911 3676/4052/3906
f 1551/1766/1756 3678/4056/3910 3679/4060/3914
f 3680/4058/3912 3678/4056/3910 1551/1766/1756
f 3680/4058/3912 3681/1787/1777 1577/1789/1779
f 3710/4061/3915 3680/4058/3912 1551/1766/1756
f 3710/4061/3915 3681/1787/1777 3680/4058/3912
f 1559/1769/1759 3681/1787/1777 3710/4061/3915
f 1559/1769/1759 1573/1786/1776 3681/1787/1777
f 3682/1785/1775 1573/1786/1776 1559/1769/1759
f 3684/4062/3916 3682/1785/1775 1559/1769/1759
f 3684/4062/3916 3683/4063/3917 3682/1785/1775
f 1561/1773/1763 3683/4063/3917 3684/4062/3916
f 1563/1775/1765 3683/4063/3917 1561/1773/1763
f 1560/1771/1761 3684/4062/3916 1559/1769/1759
f 1561/1773/1763 3684/4062/3916 1560/1771/1761
f 4640/1774/1764 1564/1777/1767 1563/1775/1765
f 1565/1776/1766 3685/1780/1770 1564/1777/1767
f 3640/1710/1704 3641/1715/1708 26/4064/31
f 3686/4065/3918 3688/4066/3919 3687/4067/3920
f 3672/1655/1654 3686/4065/3918 3667/4049/3903
f 3672/1655/1654 3689/4068/3921 3686/4065/3918
f 3689/4068/3921 3688/4066/3919 3686/4065/3918
f 3689/4068/3921 3690/4069/3922 3688/4066/3919
f 3690/4069/3922 3691/4070/3923 3688/4066/3919
f 3690/4069/3922 3692/4071/3924 3691/4070/3923
f 3690/4069/3922 3695/4072/3925 3692/4071/3924
f 3695/4072/3925 3693/4073/3926 3692/4071/3924
f 3693/4073/3926 3694/4074/3927 3692/4071/3924
f 1452/1656/1655 3689/4068/3921 3672/1655/1654
f 1452/1656/1655 1454/1659/1658 3689/4068/3921
f 1454/1659/1658 3690/4069/3922 3689/4068/3921
f 1454/1659/1658 1453/1661/1660 3690/4069/3922
f 1453/1661/1660 3695/4072/3925 3690/4069/3922
f 1453/1661/1660 3693/4073/3926 3695/4072/3925
f 1453/1661/1660 1459/1664/1663 3693/4073/3926
f 1459/1664/1663 1461/1669/1668 3693/4073/3926
f 1461/1669/1668 3696/4075/3928 3693/4073/3926
f 1461/1669/1668 1465/1668/1667 3696/4075/3928
f 1465/1668/1667 1470/1674/1673 3696/4075/3928
f 1470/1674/1673 3697/4076/3929 3696/4075/3928
f 1470/1674/1673 3700/4077/3930 3697/4076/3929
f 1470/1674/1673 1476/1682/1681 3700/4077/3930
f 1476/1682/1681 1480/1686/1685 3700/4077/3930
f 3696/4075/3928 3697/4076/3929 3699/4078/3931
f 3696/4075/3928 3699/4079/3931 3733/4080/3932
f 3699/4078/3931 3700/4077/3930 3736/4081/3933
f 1469/1673/1672 1473/1679/1678 1470/1674/1673
f 1473/1679/1678 1476/1682/1681 1470/1674/1673
f 12/4082/15 3701/4083/18 7/4084/12
f 1497/1702/1697 3701/4083/18 12/4082/15
f 1/1703/3 12/4082/15 5/4085/10
f 1527/1732/1724 3703/4086/3934 3702/4087/3935
f 3705/4088/3936 3703/4086/3934 1527/1732/1724
f 3703/4086/3934 3704/4089/3937 3857/4090/3938
f 3704/4089/3937 3858/4091/3939 3857/4090/3938
f 1527/1732/1724 3702/4087/3935 1528/4092/1725
f 3660/4042/3896 3703/4086/3934 3705/4088/3936
f 3660/4042/3896 3704/4089/3937 3703/4086/3934
f 3660/4042/3896 3661/4041/3895 3704/4089/3937
f 3661/4041/3895 3859/4093/3940 3704/4089/3937
f 3661/4041/3895 3664/4045/3899 3859/4093/3940
f 1540/1749/1739 3660/4042/3896 3705/4088/3936
f 3707/4051/3905 3660/4042/3896 1540/1749/1739
f 3679/4060/3914 3676/4052/3906 3708/4094/3941
f 3708/4094/3941 3676/4052/3906 3706/4050/3904
f 3708/4094/3941 3706/4050/3904 3707/4051/3905
f 1540/1749/1739 3705/4088/3936 1527/1732/1724
f 1541/1750/1740 3707/4051/3905 1540/1749/1739
f 1543/1753/1743 3707/4051/3905 1541/1750/1740
f 1543/1753/1743 3708/4094/3941 3707/4051/3905
f 3709/4095/3942 3679/4060/3914 3708/4094/3941
f 1545/1755/1745 3708/4094/3941 1543/1753/1743
f 1545/1755/1745 3709/4095/3942 3708/4094/3941
f 1549/1758/1748 3709/4095/3942 1545/1755/1745
f 1550/1763/1753 3709/4095/3942 1549/1758/1748
f 1550/1763/1753 3679/4060/3914 3709/4095/3942
f 1551/1766/1756 3679/4060/3914 1550/1763/1753
f 1556/1767/1757 3710/4061/3915 1551/1766/1756
f 1559/1769/1759 3710/4061/3915 1556/1767/1757
f 1497/4096/1697 16/21/20 3701/4097/18
f 1497/4096/1697 1503/4098/1703 16/21/20
f 3697/4099/3929 3700/4100/3930 3699/4101/3931
f 3700/4100/3930 1480/4102/1685 3711/4103/3943
f 3736/4104/3933 3717/428/427 380/425/424
f 3736/4104/3933 3712/4105/3944 3717/428/427
f 3736/4104/3933 3700/4100/3930 3712/4105/3944
f 3700/4100/3930 3711/4103/3943 3713/433/432
f 3711/4103/3943 3714/438/437 3713/433/432
f 1480/4102/1685 3714/438/437 3711/4103/3943
f 1480/4102/1685 3698/439/438 3714/438/437
f 3712/4105/3944 3715/431/430 3717/428/427
f 3712/4105/3944 3713/433/432 3715/431/430
f 3700/4100/3930 3713/433/432 3712/4105/3944
f 3713/433/432 3716/432/431 3715/431/430
f 3714/438/437 3698/439/438 390/6/6
f 3718/4106/3945 380/425/424 3719/423/422
f 3720/4107/3946 3718/4106/3945 3719/423/422
f 3725/4108/3947 3720/4107/3946 3721/417/416
f 3720/4107/3946 3719/423/422 375/419/418
f 3721/417/416 3720/4107/3946 375/419/418
f 3725/4108/3947 3721/417/416 367/411/410
f 3855/4109/3948 3725/4108/3947 367/411/410
f 3659/4110/3949 3724/4111/3950 3723/4112/3951
f 3727/4113/3952 3725/4108/3947 3724/4111/3950
f 3726/4114/3953 3720/4107/3946 3725/4108/3947
f 3729/4115/3954 3726/4114/3953 3725/4108/3947
f 3729/4115/3954 3725/4108/3947 3727/4113/3952
f 3659/4110/3949 3727/4113/3952 3724/4111/3950
f 3658/4116/3955 3659/4110/3949 3723/4112/3951
f 3728/4117/3956 3726/4114/3953 3729/4115/3954
f 3732/4118/3957 3728/4117/3956 3729/4115/3954
f 3738/4119/3958 3729/4115/3954 3727/4113/3952
f 3738/4119/3958 3732/4118/3957 3729/4115/3954
f 3730/4120/3959 3728/4117/3956 3732/4118/3957
f 3730/4120/3959 3731/4121/3960 3728/4117/3956
f 3691/4122/3923 3730/4120/3959 3732/4118/3957
f 3692/4123/3924 3730/4120/3959 3691/4122/3923
f 3692/4123/3924 3694/4124/3927 3730/4120/3959
f 3694/4124/3927 3731/4121/3960 3730/4120/3959
f 3694/4124/3927 3733/4125/3932 3731/4121/3960
f 3733/4125/3932 3734/4126/3961 3731/4121/3960
f 3726/4114/3953 3734/4126/3961 3720/4107/3946
f 3728/4117/3956 3734/4126/3961 3726/4114/3953
f 3731/4121/3960 3734/4126/3961 3728/4117/3956
f 3734/4126/3961 3718/4106/3945 3720/4107/3946
f 3734/4126/3961 3735/4127/3962 3718/4106/3945
f 3733/4125/3932 3735/4127/3962 3734/4126/3961
f 3733/4125/3932 3699/4101/3931 3735/4127/3962
f 3735/4127/3962 3736/4104/3933 3718/4106/3945
f 3735/4127/3962 3699/4101/3931 3736/4104/3933
f 3718/4106/3945 3736/4104/3933 380/425/424
f 3666/4128/3902 3658/4116/3955 3737/4129/3963
f 3664/4130/3899 3860/4131/3964 3859/4132/3940
f 3664/4130/3899 3665/4133/3900 3860/4131/3964
f 3665/4133/3900 3737/4129/3963 3860/4131/3964
f 3665/4133/3900 3666/4128/3902 3737/4129/3963
f 3667/4134/3903 3658/4116/3955 3666/4128/3902
f 3667/4134/3903 3686/4135/3918 3658/4116/3955
f 3686/4135/3918 3659/4110/3949 3658/4116/3955
f 3686/4135/3918 3687/4136/3920 3659/4110/3949
f 3687/4136/3920 3738/4119/3958 3659/4110/3949
f 3688/4137/3919 3738/4119/3958 3687/4136/3920
f 3688/4137/3919 3691/4122/3923 3738/4119/3958
f 3691/4122/3923 3732/4118/3957 3738/4119/3958
f 3738/4119/3958 3727/4113/3952 3659/4110/3949
f 1349/1535/1534 3637/4138/3875 3630/4139/3876
f 1349/1535/1534 3627/4140/3873 3637/4138/3875
f 1339/1523/1522 3739/4141/3965 1344/1525/1524
f 1344/1525/1524 3739/4141/3965 1345/1534/1533
f 3739/4141/3965 3740/4142/3966 1345/1534/1533
f 1345/1534/1533 3740/4142/3966 1349/1535/1534
f 3740/4142/3966 3741/4143/3967 1349/1535/1534
f 1349/1535/1534 3741/4143/3967 3627/4140/3873
f 3741/4143/3967 3742/4144/3968 3627/4140/3873
f 3739/4141/3965 3743/4145/3969 3740/4142/3966
f 3743/4145/3969 3744/4146/3970 3740/4142/3966
f 3740/4142/3966 3744/4146/3970 3741/4143/3967
f 3744/4146/3970 3745/4147/3971 3741/4143/3967
f 3741/4143/3967 3745/4147/3971 3742/4144/3968
f 3745/4147/3971 3746/4148/3972 3742/4144/3968
f 1335/1522/1521 3747/4149/3973 1339/1523/1522
f 1339/1523/1522 3747/4149/3973 3739/4141/3965
f 3747/4149/3973 3743/4145/3969 3739/4141/3965
f 3743/4145/3969 3748/4150/3974 3744/4146/3970
f 3748/4150/3974 3749/4151/3975 3744/4146/3970
f 3744/4146/3970 3749/4151/3975 3745/4147/3971
f 3749/4151/3975 3746/4148/3972 3745/4147/3971
f 3743/4145/3969 3751/4152/3976 3748/4150/3974
f 3747/4149/3973 3751/4152/3976 3743/4145/3969
f 1335/1522/1521 1323/4153/3977 3747/4149/3973
f 1322/1503/1502 1323/4153/3977 1335/1522/1521
f 1334/1516/1515 1322/1503/1502 1335/1522/1521
f 1324/1502/1501 1322/1503/1502 1334/1516/1515
f 1333/1514/1513 1324/1502/1501 1334/1516/1515
f 1325/1501/1500 1324/1502/1501 1333/1514/1513
f 1331/1513/1512 1325/1501/1500 1333/1514/1513
f 1327/1508/1507 1325/1501/1500 1331/1513/1512
f 3752/4154/3978 1138/1305/1304 1137/1304/1303
f 3752/4154/3978 3753/4155/3979 1138/1305/1304
f 3754/4156/3980 3753/4155/3979 3752/4154/3978
f 3754/4156/3980 3755/4157/3981 3753/4155/3979
f 3756/4158/3982 3755/4157/3981 3754/4156/3980
f 3756/4158/3982 3757/4159/3983 3755/4157/3981
f 3758/4160/3984 3757/4159/3983 3756/4158/3982
f 3758/4160/3984 3759/4161/3985 3757/4159/3983
f 3760/4162/3986 3759/4161/3985 3758/4160/3984
f 3760/4162/3986 3761/4163/3987 3759/4161/3985
f 3748/4150/3974 3761/4163/3987 3760/4162/3986
f 3751/4152/3976 3761/4163/3987 3748/4150/3974
f 3747/4149/3973 1320/1506/1505 3751/4152/3976
f 1318/1504/1503 1320/1506/1505 3747/4149/3973
f 1323/4153/3977 1318/1504/1503 3747/4149/3973
f 1322/1503/1502 1318/1504/1503 1323/4153/3977
f 1320/1506/1505 1321/1507/1506 3751/4152/3976
f 1321/1507/1506 3762/4164/3988 3751/4152/3976
f 3751/4152/3976 3762/4164/3988 3761/4163/3987
f 3761/4163/3987 3762/4164/3988 3763/4165/3989
f 3761/4163/3987 3763/4165/3989 3759/4161/3985
f 3759/4161/3985 3763/4165/3989 3764/4166/3990
f 3759/4161/3985 3764/4166/3990 3757/4159/3983
f 3757/4159/3983 3764/4166/3990 3765/4167/3991
f 3757/4159/3983 3765/4167/3991 3755/4157/3981
f 3755/4157/3981 3765/4167/3991 3766/4168/3992
f 3755/4157/3981 3766/4168/3992 3753/4155/3979
f 3753/4155/3979 3766/4168/3992 3767/4169/3993
f 3753/4155/3979 3767/4169/3993 1138/1305/1304
f 1138/1305/1304 3767/4169/3993 1146/1313/1312
f 1138/1305/1304 1146/1313/1312 1136/1303/1302
f 1136/1303/1302 1146/1313/1312 1144/1311/1310
f 1136/1303/1302 1144/1311/1310 1134/1301/1300
f 1134/1301/1300 1144/1311/1310 1139/1306/1305
f 3767/4169/3993 1147/1314/1313 1146/1313/1312
f 3767/4169/3993 3768/4170/3994 1147/1314/1313
f 3766/4168/3992 3768/4170/3994 3767/4169/3993
f 3765/4167/3991 3769/4171/3995 3766/4168/3992
f 3764/4166/3990 3769/4171/3995 3765/4167/3991
f 3764/4166/3990 3770/4172/3996 3769/4171/3995
f 3763/4165/3989 3770/4172/3996 3764/4166/3990
f 3763/4165/3989 3771/4173/3997 3770/4172/3996
f 3762/4164/3988 3771/4173/3997 3763/4165/3989
f 3762/4164/3988 3772/4174/3998 3771/4173/3997
f 1321/1507/1506 3772/4174/3998 3762/4164/3988
f 3773/4175/3999 3772/4174/3998 1321/1507/1506
f 1319/1505/1504 3773/4175/3999 1321/1507/1506
f 3774/4176/4000 3773/4175/3999 1319/1505/1504
f 1312/1497/1496 3774/4176/4000 1319/1505/1504
f 1309/1492/1491 3774/4176/4000 1312/1497/1496
f 3768/4170/3994 1153/1319/1318 1147/1314/1313
f 3768/4170/3994 1156/1322/1321 1153/1319/1318
f 3766/4168/3992 1156/1322/1321 3768/4170/3994
f 3766/4168/3992 1158/1324/1323 1156/1322/1321
f 3769/4171/3995 1158/1324/1323 3766/4168/3992
f 3769/4171/3995 3775/4177/4001 1158/1324/1323
f 3770/4172/3996 3775/4177/4001 3769/4171/3995
f 3770/4172/3996 3776/4178/4002 3775/4177/4001
f 3771/4173/3997 3776/4178/4002 3770/4172/3996
f 3771/4173/3997 3777/4179/4003 3776/4178/4002
f 3772/4174/3998 3777/4179/4003 3771/4173/3997
f 3772/4174/3998 3778/4180/4004 3777/4179/4003
f 3773/4175/3999 3778/4180/4004 3772/4174/3998
f 3779/4181/4005 3778/4180/4004 3773/4175/3999
f 3774/4176/4000 3779/4181/4005 3773/4175/3999
f 1309/1492/1491 3779/4181/4005 3774/4176/4000
f 1304/1488/1487 3779/4181/4005 1309/1492/1491
f 3775/4177/4001 1159/1325/1324 1158/1324/1323
f 3775/4177/4001 1165/1331/1330 1159/1325/1324
f 3776/4178/4002 1165/1331/1330 3775/4177/4001
f 3776/4178/4002 1167/1333/1332 1165/1331/1330
f 3777/4179/4003 1167/1333/1332 3776/4178/4002
f 3777/4179/4003 1169/1335/1334 1167/1333/1332
f 3778/4180/4004 1169/1335/1334 3777/4179/4003
f 3778/4180/4004 3780/1337/1336 1169/1335/1334
f 3779/4181/4005 3780/1337/1336 3778/4180/4004
f 3783/4182/4006 3780/1337/1336 3779/4181/4005
f 1304/1488/1487 3783/4182/4006 3779/4181/4005
f 3781/4183/4007 3783/4182/4006 1304/1488/1487
f 3784/1487/1486 3781/4183/4007 1304/1488/1487
f 3783/4182/4006 3782/1338/1337 3780/1337/1336
f 1299/1473/1472 1307/1479/1478 1308/1482/1481
f 1168/1334/1333 1178/1347/1346 1166/1332/1331
f 1168/1334/1333 3785/4184/4008 1178/1347/1346
f 1170/1336/1335 3785/4184/4008 1168/1334/1333
f 3786/4185/4009 1170/1336/1335 3782/1338/1337
f 3783/4182/4006 3786/4185/4009 3782/1338/1337
f 3781/4183/4007 3786/4185/4009 3783/4182/4006
f 3784/1487/1486 3789/4186/4010 3781/4183/4007
f 1292/1472/1471 3789/4186/4010 3784/1487/1486
f 1305/1478/1477 1292/1472/1471 3784/1487/1486
f 1178/1347/1346 1184/1352/1351 1177/1346/1345
f 1178/1347/1346 1188/1359/1358 1184/1352/1351
f 3785/4184/4008 1188/1359/1358 1178/1347/1346
f 3785/4184/4008 3787/1361/1360 1188/1359/1358
f 1170/1336/1335 3787/1361/1360 3785/4184/4008
f 1170/1336/1335 3786/4185/4009 3787/1361/1360
f 3781/4183/4007 3788/4187/4011 3786/4185/4009
f 3789/4186/4010 3788/4187/4011 3781/4183/4007
f 3786/4185/4009 1194/1363/1362 3787/1361/1360
f 3788/4187/4011 1194/1363/1362 3786/4185/4009
f 1293/1463/1462 3789/4186/4010 1292/1472/1471
f 3789/4186/4010 3790/4188/4012 3788/4187/4011
f 1293/1463/1462 1285/1462/1461 3789/4186/4010
f 1289/1464/1463 1293/1463/1462 1299/1473/1472
f 1194/1363/1362 3790/4188/4012 1193/1362/1361
f 3788/4187/4011 3790/4188/4012 1194/1363/1362
f 3789/4186/4010 1285/1462/1461 3790/4188/4012
f 1190/1357/1356 3791/1374/1373 1198/1367/1366
f 1191/1358/1357 3791/1374/1373 1190/1357/1356
f 1191/1358/1357 3792/1376/1375 3791/1374/1373
f 1192/1360/1359 3792/1376/1375 1191/1358/1357
f 1193/1362/1361 3793/4189/4013 1192/1360/1359
f 3790/4188/4012 3793/4189/4013 1193/1362/1361
f 3791/1374/1373 1205/1372/1371 1198/1367/1366
f 1192/1360/1359 3794/4190/4014 3792/1376/1375
f 3793/4189/4013 3794/4190/4014 1192/1360/1359
f 1285/1462/1461 3793/4189/4013 3790/4188/4012
f 1280/1461/1460 3793/4189/4013 1285/1462/1461
f 3794/4190/4014 1207/1375/1374 3792/1376/1375
f 3794/4190/4014 1209/1382/1381 1207/1375/1374
f 3793/4189/4013 1209/1382/1381 3794/4190/4014
f 3793/4189/4013 1210/4191/4015 1209/1382/1381
f 1280/1461/1460 1210/4191/4015 3793/4189/4013
f 3797/1452/1451 1281/1460/1459 1275/1453/1452
f 3795/4192/4016 1210/4191/4015 1280/1461/1460
f 3796/4193/4017 3795/4192/4016 1280/1461/1460
f 1281/1460/1459 3796/4193/4017 1280/1461/1460
f 3797/1452/1451 3796/4193/4017 1281/1460/1459
f 1274/1444/1443 1276/1446/1445 1277/1454/1453
f 1278/1455/1454 1274/1444/1443 1277/1454/1453
f 1270/1441/1440 1274/1444/1443 1278/1455/1454
f 1279/1448/1447 1270/1441/1440 1278/1455/1454
f 1209/1382/1381 3798/4194/4018 1214/1381/1380
f 1210/4191/4015 3798/4194/4018 1209/1382/1381
f 3795/4192/4016 3798/4194/4018 1210/4191/4015
f 3798/4194/4018 3799/1388/1387 1214/1381/1380
f 3800/1390/1389 3798/4194/4018 3795/4192/4016
f 3796/4193/4017 3800/1390/1389 3795/4192/4016
f 3797/1452/1451 3801/4195/4019 3796/4193/4017
f 1276/1446/1445 3801/4195/4019 3797/1452/1451
f 1269/1445/1444 3801/4195/4019 1276/1446/1445
f 3799/1388/1387 1219/1386/1385 1214/1381/1380
f 3798/4194/4018 3800/1390/1389 3799/1388/1387
f 3796/4193/4017 3802/4196/4020 3800/1390/1389
f 3801/4195/4019 3802/4196/4020 3796/4193/4017
f 1269/1445/1444 3802/4196/4020 3801/4195/4019
f 1262/1435/1434 3802/4196/4020 1269/1445/1444
f 1265/1442/1441 1262/1435/1434 1269/1445/1444
f 1266/1433/1432 1262/1435/1434 1265/1442/1441
f 1272/1440/1439 1267/1438/1437 1271/1443/1442
f 1221/1389/1388 1224/1393/1392 1219/1386/1385
f 3800/1390/1389 3803/4197/4021 1221/1389/1388
f 3802/4196/4020 3803/4197/4021 3800/1390/1389
f 1262/1435/1434 1263/4198/4022 3802/4196/4020
f 1220/1387/1386 1224/1393/1392 1226/642/641
f 1221/1389/1388 3804/1395/1394 1224/1393/1392
f 1221/1389/1388 3805/1396/1395 3804/1395/1394
f 1221/1389/1388 3803/4197/4021 3805/1396/1395
f 3806/1398/1397 3803/4197/4021 3802/4196/4020
f 1263/4198/4022 3806/1398/1397 3802/4196/4020
f 3807/1399/1398 3806/1398/1397 1263/4198/4022
f 1262/1435/1434 3807/1399/1398 1263/4198/4022
f 1261/1434/1433 3807/1399/1398 1262/1435/1434
f 3803/4197/4021 1229/1397/1396 3805/1396/1395
f 3806/1398/1397 1229/1397/1396 3803/4197/4021
f 1229/1397/1396 3809/1406/1405 3808/1404/1403
f 3807/1399/1398 3809/1406/1405 1229/1397/1396
f 1261/1434/1433 3809/1406/1405 3807/1399/1398
f 3810/4199/4023 3809/1406/1405 1261/1434/1433
f 1258/1436/1435 3810/4199/4023 1261/1434/1433
f 1259/1432/1431 3810/4199/4023 1258/1436/1435
f 1229/1397/1396 3808/1404/1403 1231/1401/1400
f 3810/4199/4023 3811/1407/1406 3809/1406/1405
f 1260/1431/1430 3810/4199/4023 1259/1432/1431
f 3809/1406/1405 1233/1405/1404 3808/1404/1403
f 1260/1431/1430 3812/4200/4024 3810/4199/4023
f 3812/4200/4024 3811/1407/1406 3810/4199/4023
f 1252/4201/4025 1260/1431/1430 1257/1429/1428
f 1256/1426/1425 1252/4201/4025 1257/1429/1428
f 1233/1405/1404 1236/1410/1409 1232/1403/1402
f 3811/1407/1406 3813/4202/4026 1233/1405/1404
f 3812/4200/4024 3813/4202/4026 3811/1407/1406
f 1233/1405/1404 3813/4202/4026 1236/1410/1409
f 1252/4201/4025 3813/4202/4026 3812/4200/4024
f 1260/1431/1430 1252/4201/4025 3812/4200/4024
f 3813/4202/4026 1240/1411/1410 1236/1410/1409
f 3813/4202/4026 1252/4201/4025 1240/1411/1410
f 1256/1426/1425 3814/1414/1413 1252/4201/4025
f 1251/1415/1414 3814/1414/1413 1256/1426/1425
f 1240/1411/1410 3814/1414/1413 1241/1412/1411
f 1252/4201/4025 3814/1414/1413 1240/1411/1410
f 1250/1420/1419 1251/1415/1414 1253/1424/1423
f 1250/1420/1419 1247/675/674 1251/1415/1414
f 1249/674/673 1247/675/674 1626/1419/1418
f 1529/4203/1726 1528/4204/1725 1536/4205/1731
f 1530/4206/1732 1529/4203/1726 1536/4205/1731
f 330/368/367 3815/4207/4027 322/362/361
f 322/362/361 3815/4207/4027 323/363/362
f 3815/4207/4027 328/367/366 323/363/362
f 1536/4205/1731 1528/4204/1725 3816/4208/4028
f 1536/4205/1731 3816/4208/4028 326/365/364
f 326/365/364 3816/4208/4028 327/366/365
f 327/366/365 3817/4209/4029 330/368/367
f 330/368/367 3817/4209/4029 3815/4207/4027
f 3815/4207/4027 332/372/371 328/367/366
f 3816/4208/4028 3818/4210/4030 327/366/365
f 327/366/365 3818/4210/4030 3817/4209/4029
f 332/372/371 3819/4211/4031 331/369/368
f 331/369/368 3820/4212/4032 333/373/372
f 3818/4210/4030 3821/4213/4033 3817/4209/4029
f 3817/4209/4029 3821/4213/4033 3815/4207/4027
f 3821/4213/4033 3822/4214/4034 3815/4207/4027
f 3815/4207/4027 3822/4214/4034 332/372/371
f 3822/4214/4034 3819/4211/4031 332/372/371
f 3819/4211/4031 3820/4212/4032 331/369/368
f 3820/4212/4032 3823/4215/4035 333/373/372
f 333/373/372 3823/4215/4035 334/375/374
f 3823/4215/4035 3825/380/379 334/375/374
f 3819/4211/4031 3824/4216/4036 3820/4212/4032
f 3818/4210/4030 3826/4217/4037 3821/4213/4033
f 3826/4217/4037 3827/4218/4038 3821/4213/4033
f 3821/4213/4033 3827/4218/4038 3822/4214/4034
f 3827/4218/4038 3828/4219/4039 3822/4214/4034
f 3822/4214/4034 3828/4219/4039 3819/4211/4031
f 3828/4219/4039 3824/4216/4036 3819/4211/4031
f 3824/4216/4036 3829/4220/4040 3820/4212/4032
f 3820/4212/4032 3829/4220/4040 3823/4215/4035
f 3825/380/379 342/384/383 335/378/377
f 3826/4217/4037 3857/4221/3938 3827/4218/4038
f 3827/4218/4038 3830/4222/4041 3828/4219/4039
f 3828/4219/4039 3831/4223/4042 3824/4216/4036
f 3824/4216/4036 3831/4223/4042 3829/4220/4040
f 3823/4215/4035 3832/4224/4043 3825/380/379
f 3825/380/379 3832/4224/4043 342/384/383
f 342/384/383 343/385/384 341/381/380
f 3857/4221/3938 3858/4225/3939 3827/4218/4038
f 3858/4225/3939 3833/4226/4044 3827/4218/4038
f 3827/4218/4038 3833/4226/4044 3830/4222/4041
f 3830/4222/4041 3834/4227/4045 3828/4219/4039
f 3828/4219/4039 3834/4227/4045 3831/4223/4042
f 3829/4220/4040 3832/4224/4043 3823/4215/4035
f 342/384/383 3837/4228/4046 343/385/384
f 3833/4226/4044 3835/4229/4047 3830/4222/4041
f 3835/4229/4047 3834/4227/4045 3830/4222/4041
f 3834/4227/4045 3836/4230/4048 3831/4223/4042
f 3831/4223/4042 3836/4230/4048 3829/4220/4040
f 3836/4230/4048 3832/4224/4043 3829/4220/4040
f 3832/4224/4043 3841/4231/4049 342/384/383
f 3841/4231/4049 3837/4228/4046 342/384/383
f 3837/4228/4046 348/390/389 343/385/384
f 3835/4229/4047 3861/4232/4050 3834/4227/4045
f 3834/4227/4045 3838/4233/4051 3836/4230/4048
f 3861/4232/4050 3856/4234/4052 3834/4227/4045
f 3856/4234/4052 3838/4233/4051 3834/4227/4045
f 3838/4233/4051 3839/4235/4053 3836/4230/4048
f 3839/4235/4053 3840/4236/4054 3836/4230/4048
f 3836/4230/4048 3840/4236/4054 3832/4224/4043
f 3840/4236/4054 3841/4231/4049 3832/4224/4043
f 3841/4231/4049 3842/4237/4055 3837/4228/4046
f 3842/4237/4055 3843/4238/4056 3837/4228/4046
f 3837/4228/4046 3843/4238/4056 348/390/389
f 3840/4236/4054 3842/4237/4055 3841/4231/4049
f 348/390/389 3846/401/400 349/391/390
f 3846/401/400 355/396/395 349/391/390
f 3856/4234/4052 3847/4239/4057 3838/4233/4051
f 3838/4233/4051 3847/4239/4057 3839/4235/4053
f 3839/4235/4053 3844/4240/4058 3840/4236/4054
f 3844/4240/4058 3845/4241/4059 3840/4236/4054
f 3840/4236/4054 3845/4241/4059 3842/4237/4055
f 3843/4238/4056 3846/401/400 348/390/389
f 3843/4238/4056 3850/402/401 3846/401/400
f 3845/4241/4059 3843/4238/4056 3842/4237/4055
f 3839/4235/4053 3847/4239/4057 3844/4240/4058
f 3848/4242/4060 3850/402/401 3843/4238/4056
f 3845/4241/4059 3848/4242/4060 3843/4238/4056
f 3849/4243/4061 3848/4242/4060 3845/4241/4059
f 3844/4240/4058 3849/4243/4061 3845/4241/4059
f 3847/4239/4057 3849/4243/4061 3844/4240/4058
f 3847/4239/4057 3851/4244/4062 3849/4243/4061
f 3722/4245/4063 3851/4244/4062 3847/4239/4057
f 3849/4243/4061 3853/4246/4064 3848/4242/4060
f 3851/4244/4062 3853/4246/4064 3849/4243/4061
f 3848/4242/4060 363/406/405 3850/402/401
f 3852/410/409 363/406/405 3848/4242/4060
f 3853/4246/4064 3852/410/409 3848/4242/4060
f 3854/4247/4065 3853/4246/4064 3851/4244/4062
f 3853/4246/4064 367/411/410 3852/410/409
f 3854/4247/4065 367/411/410 3853/4246/4064
f 3855/4109/3948 367/411/410 3854/4247/4065
f 3723/4112/3951 3854/4247/4065 3851/4244/4062
f 3722/4245/4063 3723/4112/3951 3851/4244/4062
f 3856/4234/4052 3722/4245/4063 3847/4239/4057
f 3724/4111/3950 3725/4108/3947 3855/4109/3948
f 3724/4111/3950 3855/4109/3948 3854/4247/4065
f 3723/4112/3951 3724/4111/3950 3854/4247/4065
f 3703/4248/3934 3862/4249/4066 3702/4250/3935
f 3703/4248/3934 3857/4221/3938 3862/4249/4066
f 3858/4225/3939 3859/4132/3940 3833/4226/4044
f 3859/4132/3940 3835/4229/4047 3833/4226/4044
f 3859/4132/3940 3860/4131/3964 3835/4229/4047
f 3860/4131/3964 3861/4232/4050 3835/4229/4047
f 3860/4131/3964 3856/4234/4052 3861/4232/4050
f 3860/4131/3964 3737/4129/3963 3856/4234/4052
f 3737/4129/3963 3722/4245/4063 3856/4234/4052
f 3658/4116/3955 3723/4112/3951 3722/4245/4063
f 3737/4129/3963 3658/4116/3955 3722/4245/4063
f 3704/4251/3937 3859/4132/3940 3858/4225/3939
f 3862/4249/4066 3857/4221/3938 3826/4217/4037
f 3702/4250/3935 3862/4249/4066 3826/4217/4037
f 3702/4250/3935 3826/4217/4037 3818/4210/4030
f 3702/4250/3935 3818/4210/4030 3816/4208/4028
f 1528/4204/1725 3702/4250/3935 3816/4208/4028
f 1631/1807/1797 595/678/677 3863/677/676
f 1248/1416/1415 3864/670/669 1245/671/670
f 1246/672/671 3864/670/669 1248/1416/1415
f 1628/1418/1417 3863/677/676 1630/676/675
f 1631/1807/1797 3863/677/676 1628/1418/1417
f 1632/680/679 595/678/677 1631/1807/1797
f 3693/4073/3926 3733/4252/3932 3694/4074/3927
f 3693/4073/3926 3696/4075/3928 3733/4252/3932
f 2174/4253/2378 2172/4254/1831 1683/4255/1832
f 2174/4253/2378 1683/4255/1832 4974/4256/4067
f 2177/4257/2382 2174/4253/2378 4974/4256/4067
f 2177/4257/2382 4974/4256/4067 4979/4258/4068
f 2177/4257/2382 4979/4258/4068 4986/4259/4069
f 4982/4260/2386 2177/4257/2382 4986/4259/4069
f 4975/4261/4070 3865/2841/2826 4976/4262/4071
f 4976/4262/4071 3865/2841/2826 4981/4263/4072
f 3865/2841/2826 3866/2842/2827 4981/4263/4072
f 4981/4263/4072 3866/2842/2827 3867/2839/2824
f 1683/4255/1832 3868/2843/2828 4975/4261/4070
f 4975/4261/4070 3869/2844/2829 3865/2841/2826
f 1683/4255/1832 1686/2845/1830 3868/2843/2828
f 4975/4261/4070 3868/2843/2828 3869/2844/2829
f 3143/3460/3396 3870/4264/4073 3141/3456/3395
f 3145/3462/3398 3870/4264/4073 3143/3460/3396
f 3145/3462/3398 3871/4265/4074 3870/4264/4073
f 3147/3464/3400 3871/4265/4074 3145/3462/3398
f 3147/3464/3400 3872/4266/4075 3871/4265/4074
f 3149/3466/3402 3872/4266/4075 3147/3464/3400
f 3149/3466/3402 3873/4267/4076 3872/4266/4075
f 3153/3480/3406 3873/4267/4076 3149/3466/3402
f 3153/3480/3406 3874/4268/4077 3873/4267/4076
f 3154/3481/3407 3874/4268/4077 3153/3480/3406
f 3154/3481/3407 3875/4269/4078 3874/4268/4077
f 3155/3482/3408 3875/4269/4078 3154/3481/3407
f 3155/3482/3408 3169/3508/3424 3875/4269/4078
f 3156/3483/3409 3169/3508/3424 3155/3482/3408
f 3156/3483/3409 3168/3506/3422 3169/3508/3424
f 3157/3485/3410 3168/3506/3422 3156/3483/3409
f 3157/3485/3410 3163/3498/3416 3168/3506/3422
f 3141/3456/3395 3870/4264/4073 3140/3449/3391
f 3871/4265/4074 3876/4270/4079 3870/4264/4073
f 3871/4265/4074 3877/4271/4080 3876/4270/4079
f 3872/4266/4075 3877/4271/4080 3871/4265/4074
f 3874/4268/4077 3878/4272/4081 3873/4267/4076
f 3875/4269/4078 3878/4272/4081 3874/4268/4077
f 3875/4269/4078 3879/4273/4082 3878/4272/4081
f 3169/3508/3424 3879/4273/4082 3875/4269/4078
f 3140/3449/3391 3880/4274/4083 3131/3445/3387
f 3870/4264/4073 3880/4274/4083 3140/3449/3391
f 3870/4264/4073 3876/4270/4079 3880/4274/4083
f 3877/4271/4080 3881/4275/4084 3876/4270/4079
f 3872/4266/4075 3882/4276/4085 3877/4271/4080
f 3873/4267/4076 3882/4276/4085 3872/4266/4075
f 3873/4267/4076 3883/4277/4086 3882/4276/4085
f 3878/4272/4081 3883/4277/4086 3873/4267/4076
f 3169/3508/3424 3176/3515/3431 3879/4273/4082
f 3170/3507/3423 3176/3515/3431 3169/3508/3424
f 3880/4274/4083 3884/4278/4087 3131/3445/3387
f 3876/4270/4079 3884/4278/4087 3880/4274/4083
f 3876/4270/4079 3885/4279/4088 3884/4278/4087
f 3881/4275/4084 3885/4279/4088 3876/4270/4079
f 3877/4271/4080 3885/4279/4088 3881/4275/4084
f 3877/4271/4080 3886/4280/4089 3885/4279/4088
f 3882/4276/4085 3886/4280/4089 3877/4271/4080
f 3878/4272/4081 3887/4281/4090 3883/4277/4086
f 3879/4273/4082 3887/4281/4090 3878/4272/4081
f 3879/4273/4082 3184/4282/4091 3887/4281/4090
f 3176/3515/3431 3184/4282/4091 3879/4273/4082
f 3886/4280/4089 3888/4283/4092 3885/4279/4088
f 3885/4279/4088 3888/4283/4092 3884/4278/4087
f 3884/4278/4087 3889/4284/4093 3131/3445/3387
f 3131/3445/3387 3889/4284/4093 3130/3444/3386
f 3129/3441/3383 3890/4285/4094 3136/3442/3384
f 3136/3442/3384 3890/4285/4094 3128/3447/3389
f 3886/4280/4089 3891/4286/4095 3888/4283/4092
f 3888/4283/4092 3891/4286/4095 3892/4287/4096
f 3888/4283/4092 3892/4287/4096 3893/4288/4097
f 3888/4283/4092 3893/4288/4097 3884/4278/4087
f 3884/4278/4087 3893/4288/4097 3889/4284/4093
f 3889/4284/4093 3894/3582/3498 3130/3444/3386
f 3130/3444/3386 3894/3582/3498 3129/3441/3383
f 3890/4285/4094 3895/4289/4098 3128/3447/3389
f 3129/3441/3383 3896/4290/4099 3890/4285/4094
f 3894/3582/3498 3896/4290/4099 3129/3441/3383
f 3889/4284/4093 3897/4291/4100 3894/3582/3498
f 3893/4288/4097 3897/4291/4100 3889/4284/4093
f 3890/4285/4094 3900/3581/3497 3899/3585/3501
f 3896/4290/4099 3900/3581/3497 3890/4285/4094
f 3893/4288/4097 3901/3584/3500 3897/4291/4100
f 3892/4287/4096 3901/3584/3500 3893/4288/4097
f 3892/4287/4096 3902/3583/3499 3901/3584/3500
f 3891/4286/4095 3902/3583/3499 3892/4287/4096
f 3891/4286/4095 3903/4292/4101 3902/3583/3499
f 3898/4293/4102 3903/4292/4101 3891/4286/4095
f 3898/4293/4102 3904/4294/4103 3903/4292/4101
f 3905/4295/4104 3904/4294/4103 3898/4293/4102
f 3905/4295/4104 3906/3577/3493 3904/4294/4103
f 3907/4296/4105 3906/3577/3493 3905/4295/4104
f 3901/3584/3500 3244/3579/3495 3897/4291/4100
f 3897/4291/4100 3244/3579/3495 3894/3582/3498
f 3903/4292/4101 3242/3578/3494 3902/3583/3499
f 3904/4294/4103 3242/3578/3494 3903/4292/4101
f 3904/4294/4103 3241/3575/3491 3242/3578/3494
f 3906/3577/3493 3241/3575/3491 3904/4294/4103
f 3909/4297/4106 3911/4298/4107 3910/3576/3492
f 3908/4299/4108 3911/4298/4107 3909/4297/4106
f 3908/4299/4108 3912/3571/3487 3911/4298/4107
f 4920/4300/4109 3912/3571/3487 3908/4299/4108
f 4920/4300/4109 3913/4301/4110 3912/3571/3487
f 3914/4302/4111 3913/4301/4110 4920/4300/4109
f 3210/3544/3460 3213/3547/3463 3208/3542/3458
f 3206/3543/3459 3915/4303/4112 3207/4304/4113
f 3207/4304/4113 3915/4303/4112 3916/4305/4114
f 3207/4304/4113 3916/4305/4114 3914/4302/4111
f 3914/4302/4111 3916/4305/4114 3917/4306/4115
f 3914/4302/4111 3917/4306/4115 3913/4301/4110
f 3913/4301/4110 3917/4306/4115 3912/3571/3487
f 3911/4298/4107 3235/3565/3481 3910/3576/3492
f 3911/4298/4107 3236/842/841 3235/3565/3481
f 3912/3571/3487 3236/842/841 3911/4298/4107
f 3917/4306/4115 3918/3555/3471 3912/3571/3487
f 3916/4305/4114 3918/3555/3471 3917/4306/4115
f 3916/4305/4114 3919/4307/4116 3918/3555/3471
f 3915/4303/4112 3919/4307/4116 3916/4305/4114
f 3915/4303/4112 3920/4308/4117 3919/4307/4116
f 3206/3543/3459 3920/4308/4117 3915/4303/4112
f 3206/3543/3459 3921/4309/4118 3920/4308/4117
f 3208/3542/3458 3921/4309/4118 3206/3543/3459
f 3208/3542/3458 3922/3558/3474 3921/4309/4118
f 3213/3547/3463 3922/3558/3474 3208/3542/3458
f 3211/3545/3461 3214/3549/3465 3213/3547/3463
f 3918/3555/3471 3232/3566/3482 3912/3571/3487
f 3920/4308/4117 3918/3555/3471 3919/4307/4116
f 3920/4308/4117 3220/3553/3469 3918/3555/3471
f 3921/4309/4118 3220/3553/3469 3920/4308/4117
f 3921/4309/4118 3222/3556/3472 3220/3553/3469
f 3922/3558/3474 3222/3556/3472 3921/4309/4118
f 3213/3547/3463 3225/3560/3476 3922/3558/3474
f 3214/3549/3465 3225/3560/3476 3213/3547/3463
f 3215/3548/3464 3216/3550/3466 3214/3549/3465
f 3923/4310/4119 3925/4311/4120 3924/4312/4121
f 3923/4310/4119 3926/4313/4122 3925/4311/4120
f 3927/4314/4123 3926/4313/4122 3923/4310/4119
f 3927/4314/4123 3928/4315/4124 3926/4313/4122
f 3929/4316/4125 4339/4317/4126 4926/4318/4127
f 3929/4316/4125 3930/4319/4128 4339/4317/4126
f 3931/4320/4129 3930/4319/4128 3929/4316/4125
f 3931/4320/4129 3924/4312/4121 3930/4319/4128
f 3932/4321/4130 3924/4312/4121 3931/4320/4129
f 3932/4321/4130 3923/4310/4119 3924/4312/4121
f 3933/4322/4131 3935/4323/4132 3934/4324/4133
f 3933/4322/4131 3934/4324/4133 3928/4315/4124
f 3928/4315/4124 3934/4324/4133 3936/4325/4134
f 3928/4315/4124 3936/4325/4134 3926/4313/4122
f 3926/4313/4122 3936/4325/4134 3937/4326/4135
f 3926/4313/4122 3937/4326/4135 3925/4311/4120
f 3925/4311/4120 3937/4326/4135 3938/4327/4136
f 3925/4311/4120 3938/4327/4136 3939/4328/4137
f 3939/4328/4137 3938/4327/4136 3940/4329/4138
f 3939/4328/4137 3940/4329/4138 3941/4330/4139
f 3941/4330/4139 3940/4329/4138 3942/4331/4140
f 3941/4330/4139 3942/4331/4140 3943/4332/4141
f 3943/4332/4141 3942/4331/4140 3944/4333/4142
f 3944/4333/4142 3945/4334/4143 4337/4335/4144
f 4337/4335/4144 3945/4334/4143 4336/4336/4145
f 3944/4333/4142 3946/4337/4146 3945/4334/4143
f 3944/4333/4142 3947/4338/4147 3946/4337/4146
f 3942/4331/4140 3947/4338/4147 3944/4333/4142
f 3942/4331/4140 3948/4339/4148 3947/4338/4147
f 3940/4329/4138 3948/4339/4148 3942/4331/4140
f 3940/4329/4138 3949/4340/4149 3948/4339/4148
f 3938/4327/4136 3949/4340/4149 3940/4329/4138
f 3938/4327/4136 3950/4341/4150 3949/4340/4149
f 3937/4326/4135 3950/4341/4150 3938/4327/4136
f 3937/4326/4135 3951/4342/4151 3950/4341/4150
f 3936/4325/4134 3951/4342/4151 3937/4326/4135
f 3936/4325/4134 3952/4343/4152 3951/4342/4151
f 3934/4324/4133 3952/4343/4152 3936/4325/4134
f 3934/4324/4133 3953/4344/4153 3952/4343/4152
f 3935/4323/4132 3953/4344/4153 3934/4324/4133
f 3935/4323/4132 3954/4345/4154 3953/4344/4153
f 3955/4346/4155 3954/4345/4154 3935/4323/4132
f 3946/4337/4146 3956/4347/4156 4359/4348/4157
f 3947/4338/4147 3956/4347/4156 3946/4337/4146
f 3947/4338/4147 3957/4349/4158 3956/4347/4156
f 3948/4339/4148 3957/4349/4158 3947/4338/4147
f 3948/4339/4148 3958/4350/4159 3957/4349/4158
f 3949/4340/4149 3958/4350/4159 3948/4339/4148
f 3949/4340/4149 3959/4351/4160 3958/4350/4159
f 3950/4341/4150 3959/4351/4160 3949/4340/4149
f 3950/4341/4150 3960/4352/4161 3959/4351/4160
f 3951/4342/4151 3960/4352/4161 3950/4341/4150
f 3951/4342/4151 3961/4353/4162 3960/4352/4161
f 3952/4343/4152 3961/4353/4162 3951/4342/4151
f 3952/4343/4152 3962/4354/4163 3961/4353/4162
f 3953/4344/4153 3962/4354/4163 3952/4343/4152
f 3953/4344/4153 3963/4355/4164 3962/4354/4163
f 3954/4345/4154 3963/4355/4164 3953/4344/4153
f 4359/4348/4157 3965/4356/4165 3964/4357/4166
f 3956/4347/4156 3965/4356/4165 4359/4348/4157
f 3956/4347/4156 3966/4358/4167 3965/4356/4165
f 3957/4349/4158 3966/4358/4167 3956/4347/4156
f 3958/4350/4159 3966/4358/4167 3957/4349/4158
f 3958/4350/4159 3967/4359/4168 3966/4358/4167
f 3959/4351/4160 3967/4359/4168 3958/4350/4159
f 3959/4351/4160 3968/4360/4169 3967/4359/4168
f 3960/4352/4161 3968/4360/4169 3959/4351/4160
f 3960/4352/4161 3969/4361/4170 3968/4360/4169
f 3961/4353/4162 3969/4361/4170 3960/4352/4161
f 3961/4353/4162 3970/4362/4171 3969/4361/4170
f 3962/4354/4163 3970/4362/4171 3961/4353/4162
f 3962/4354/4163 3971/4363/4172 3970/4362/4171
f 3963/4355/4164 3971/4363/4172 3962/4354/4163
f 3967/4359/4168 3979/4364/4173 3972/4365/4174
f 3967/4359/4168 3972/4365/4174 3966/4358/4167
f 3966/4358/4167 3972/4365/4174 3973/4366/4175
f 3966/4358/4167 3973/4366/4175 3965/4356/4165
f 3965/4356/4165 3973/4366/4175 3974/4367/4176
f 3965/4356/4165 3974/4367/4176 3975/4368/4177
f 3965/4356/4165 3975/4368/4177 3964/4357/4166
f 3964/4357/4166 3975/4368/4177 3976/4369/4178
f 3964/4357/4166 3976/4369/4178 3977/4370/4179
f 3977/4370/4179 3976/4369/4178 3978/4371/4180
f 3977/4370/4179 3978/4371/4180 4364/4372/4181
f 3979/4364/4173 3980/4373/4182 3981/4374/4183
f 3979/4364/4173 3981/4374/4183 3972/4365/4174
f 3973/4366/4175 3972/4365/4174 3982/4375/4184
f 3973/4366/4175 3982/4375/4184 3983/4376/4185
f 3973/4366/4175 3983/4376/4185 3974/4367/4176
f 3975/4368/4177 3974/4367/4176 3984/4377/4186
f 3975/4368/4177 3984/4377/4186 3976/4369/4178
f 3976/4369/4178 3984/4377/4186 3985/4378/4187
f 3976/4369/4178 3985/4378/4187 3978/4371/4180
f 3983/4376/4185 3986/4379/4188 3974/4367/4176
f 3974/4367/4176 3986/4379/4188 3984/4377/4186
f 3984/4377/4186 3986/4379/4188 3987/4380/4189
f 3984/4377/4186 3987/4380/4189 3985/4378/4187
f 3985/4378/4187 3987/4380/4189 3988/4381/4190
f 3985/4378/4187 3988/4381/4190 4365/4382/4191
f 4365/4382/4191 3988/4381/4190 3989/4383/4192
f 4365/4382/4191 3989/4383/4192 3990/4384/4193
f 3990/4384/4193 3989/4383/4192 3991/4385/4194
f 3990/4384/4193 3991/4385/4194 3992/4386/4195
f 3987/4380/4189 3994/4387/4196 3993/4388/4197
f 3986/4379/4188 3994/4387/4196 3987/4380/4189
f 3986/4379/4188 3995/4389/4198 3994/4387/4196
f 3983/4376/4185 3995/4389/4198 3986/4379/4188
f 3982/4375/4184 3995/4389/4198 3983/4376/4185
f 3996/4390/4199 3995/4389/4198 3982/4375/4184
f 3996/4390/4199 3997/4391/4200 3995/4389/4198
f 3998/4392/4201 3997/4391/4200 3996/4390/4199
f 3998/4392/4201 4293/4393/4202 3997/4391/4200
f 3999/4394/4203 4293/4393/4202 3998/4392/4201
f 3997/4391/4200 4000/4395/4204 3995/4389/4198
f 3995/4389/4198 4000/4395/4204 4001/4396/4205
f 3995/4389/4198 4001/4396/4205 4002/4397/4206
f 3995/4389/4198 4002/4397/4206 3994/4387/4196
f 3994/4387/4196 4002/4397/4206 4003/4398/4207
f 3994/4387/4196 4003/4398/4207 4004/4399/4208
f 3994/4387/4196 4004/4399/4208 3993/4388/4197
f 3993/4388/4197 4004/4399/4208 4005/4400/4209
f 3993/4388/4197 4005/4400/4209 4006/4401/4210
f 4006/4401/4210 4005/4400/4209 4007/4402/4211
f 4006/4401/4210 4007/4402/4211 4008/4403/4212
f 4008/4403/4212 4007/4402/4211 4009/4404/4213
f 4000/4395/4204 4010/4405/4214 4011/4406/4215
f 4000/4395/4204 4011/4406/4215 4001/4396/4205
f 4001/4396/4205 4011/4406/4215 4012/4407/4216
f 4001/4396/4205 4012/4407/4216 4002/4397/4206
f 4002/4397/4206 4012/4407/4216 4013/4408/4217
f 4002/4397/4206 4013/4408/4217 4003/4398/4207
f 4003/4398/4207 4013/4408/4217 4004/4399/4208
f 4004/4399/4208 4013/4408/4217 4014/4409/4218
f 4004/4399/4208 4014/4409/4218 4005/4400/4209
f 4005/4400/4209 4014/4409/4218 4015/4410/4219
f 4005/4400/4209 4015/4410/4219 4007/4402/4211
f 4007/4402/4211 4015/4410/4219 4009/4404/4213
f 4011/4406/4215 4025/4411/4220 4012/4407/4216
f 4012/4407/4216 4025/4411/4220 4016/4412/4221
f 4012/4407/4216 4016/4412/4221 4013/4408/4217
f 4013/4408/4217 4016/4412/4221 4014/4409/4218
f 4009/4404/4213 4015/4410/4219 4017/4413/4222
f 4009/4404/4213 4017/4413/4222 4018/4414/4223
f 4009/4404/4213 4018/4414/4223 4019/4415/4224
f 4019/4415/4224 4018/4414/4223 4020/4416/4225
f 4019/4415/4224 4020/4416/4225 4021/4417/4226
f 4021/4417/4226 4020/4416/4225 4022/4418/4227
f 4023/4419/4228 4024/4420/4229 4025/4411/4220
f 4025/4411/4220 4024/4420/4229 4016/4412/4221
f 4016/4412/4221 4026/4421/4230 4014/4409/4218
f 4014/4409/4218 4026/4421/4230 4027/4422/4231
f 4014/4409/4218 4027/4422/4231 4015/4410/4219
f 4015/4410/4219 4027/4422/4231 4028/4423/4232
f 4015/4410/4219 4028/4423/4232 4017/4413/4222
f 4024/4420/4229 4029/4424/4233 4030/4425/4234
f 4024/4420/4229 4030/4425/4234 4016/4412/4221
f 4016/4412/4221 4030/4425/4234 4026/4421/4230
f 4026/4421/4230 4031/4426/4235 4027/4422/4231
f 4027/4422/4231 4031/4426/4235 4032/4427/4236
f 4027/4422/4231 4032/4427/4236 4028/4423/4232
f 4030/4425/4234 4029/4424/4233 4033/4428/4237
f 4030/4425/4234 4033/4428/4237 4034/4429/4238
f 4030/4425/4234 4034/4429/4238 4035/4430/4239
f 4030/4425/4234 4035/4430/4239 4026/4421/4230
f 4026/4421/4230 4035/4430/4239 4036/4431/4240
f 4026/4421/4230 4036/4431/4240 4031/4426/4235
f 4031/4426/4235 4036/4431/4240 4044/4432/4241
f 4031/4426/4235 4044/4432/4241 4032/4427/4236
f 4038/4433/4242 4039/4434/4243 4411/4435/4244
f 4029/4424/4233 4040/4436/4245 4041/4437/4246
f 4029/4424/4233 4041/4437/4246 4042/4438/4247
f 4029/4424/4233 4042/4438/4247 4033/4428/4237
f 4033/4428/4237 4042/4438/4247 4043/4439/4248
f 4033/4428/4237 4043/4439/4248 4034/4429/4238
f 4034/4429/4238 4043/4439/4248 4035/4430/4239
f 4035/4430/4239 4043/4439/4248 4044/4432/4241
f 4035/4430/4239 4044/4432/4241 4036/4431/4240
f 4044/4432/4241 4045/4440/4249 4032/4427/4236
f 4032/4427/4236 4045/4440/4249 4417/4441/4250
f 4040/4436/4245 4308/4442/4251 4046/4443/4252
f 4040/4436/4245 4046/4443/4252 4047/4444/4253
f 4040/4436/4245 4047/4444/4253 4041/4437/4246
f 4041/4437/4246 4047/4444/4253 4048/4445/4254
f 4041/4437/4246 4048/4445/4254 4042/4438/4247
f 4042/4438/4247 4048/4445/4254 4043/4439/4248
f 4043/4439/4248 4048/4445/4254 4049/4446/4255
f 4043/4439/4248 4049/4446/4255 4044/4432/4241
f 4307/4447/4256 4050/4448/4257 4308/4442/4251
f 4308/4442/4251 4050/4448/4257 4051/4449/4258
f 4308/4442/4251 4051/4449/4258 4052/4450/4259
f 4308/4442/4251 4052/4450/4259 4046/4443/4252
f 4046/4443/4252 4052/4450/4259 4053/4451/4260
f 4046/4443/4252 4053/4451/4260 4047/4444/4253
f 4047/4444/4253 4053/4451/4260 4054/4452/4261
f 4047/4444/4253 4054/4452/4261 4048/4445/4254
f 4048/4445/4254 4054/4452/4261 4055/4453/4262
f 4048/4445/4254 4055/4453/4262 4049/4446/4255
f 4049/4446/4255 4055/4453/4262 4056/4454/4263
f 4049/4446/4255 4056/4454/4263 4060/4455/4264
f 4050/4448/4257 4057/4456/4265 4051/4449/4258
f 4051/4449/4258 4057/4456/4265 4058/4457/4266
f 4051/4449/4258 4058/4457/4266 4052/4450/4259
f 4052/4450/4259 4058/4457/4266 4059/4458/4267
f 4052/4450/4259 4059/4458/4267 4053/4451/4260
f 4053/4451/4260 4059/4458/4267 4054/4452/4261
f 4054/4452/4261 4059/4458/4267 4061/4459/4268
f 4054/4452/4261 4061/4459/4268 4055/4453/4262
f 4055/4453/4262 4061/4459/4268 4062/4460/4269
f 4055/4453/4262 4062/4460/4269 4056/4454/4263
f 4056/4454/4263 4062/4460/4269 4060/4455/4264
f 4060/4455/4264 4423/4461/4270 4422/4462/4271
f 4062/4460/4269 4063/4463/4272 4060/4455/4264
f 4060/4455/4264 4063/4463/4272 4423/4461/4270
f 4423/4461/4270 4063/4463/4272 4426/4464/4273
f 4061/4459/4268 4065/4465/4274 4062/4460/4269
f 4062/4460/4269 4065/4465/4274 4063/4463/4272
f 4063/4463/4272 4066/4466/4275 4426/4464/4273
f 4426/4464/4273 4066/4466/4275 4064/4467/4276
f 4065/4465/4274 4322/4468/4277 4063/4463/4272
f 4063/4463/4272 4322/4468/4277 4067/4469/4278
f 4063/4463/4272 4067/4469/4278 4066/4466/4275
f 4066/4466/4275 4068/4470/4279 4064/4467/4276
f 4064/4467/4276 4068/4470/4279 4069/4471/4280
f 4322/4468/4277 4070/4472/4281 4067/4469/4278
f 4067/4469/4278 4070/4472/4281 4066/4466/4275
f 4066/4466/4275 4070/4472/4281 4068/4470/4279
f 4431/4473/4282 4069/4471/4280 4071/4474/4283
f 4069/4471/4280 4068/4470/4279 4071/4474/4283
f 4068/4470/4279 4072/4475/4284 4071/4474/4283
f 4071/4474/4283 4073/4476/4285 4433/4477/4286
f 4433/4477/4286 4073/4476/4285 4074/4478/4287
f 4068/4470/4279 4076/4479/4288 4072/4475/4284
f 4071/4474/4283 4072/4475/4284 4073/4476/4285
f 4072/4475/4284 4075/4480/4289 4073/4476/4285
f 4076/4479/4288 4075/4480/4289 4072/4475/4284
f 4073/4476/4285 4077/4481/4290 4074/4478/4287
f 4073/4476/4285 4075/4480/4289 4077/4481/4290
f 4076/4479/4288 4078/4482/4291 4075/4480/4289
f 4075/4480/4289 4079/4483/4292 4441/4484/4293
f 4078/4482/4291 4079/4483/4292 4075/4480/4289
f 4078/4482/4291 4080/4485/4294 4079/4483/4292
f 4328/4486/4295 4080/4485/4294 4078/4482/4291
f 4080/4485/4294 4443/4487/4296 4079/4483/4292
f 4080/4485/4294 4081/4488/4297 4443/4487/4296
f 4328/4486/4295 4082/4489/4298 4080/4485/4294
f 4330/4490/4299 4082/4489/4298 4328/4486/4295
f 4083/4491/4300 4082/4489/4298 4330/4490/4299
f 4331/4492/4301 4084/4493/4302 4083/4491/4300
f 4082/4489/4298 4085/4494/4303 4080/4485/4294
f 4083/4491/4300 4086/4495/4304 4082/4489/4298
f 4084/4493/4302 4086/4495/4304 4083/4491/4300
f 4084/4493/4302 4087/4496/4305 4086/4495/4304
f 4332/4497/4306 4087/4496/4305 4084/4493/4302
f 4332/4497/4306 4088/4498/4307 4087/4496/4305
f 4332/4497/4306 4089/4499/4308 4088/4498/4307
f 230/263/262 4089/4499/4308 4332/4497/4306
f 230/263/262 4092/4500/4309 4089/4499/4308
f 4087/4496/4305 4090/4501/4310 4086/4495/4304
f 4087/4496/4305 4091/4502/4311 4090/4501/4310
f 4088/4498/4307 4091/4502/4311 4087/4496/4305
f 223/254/253 217/251/250 4092/4500/4309
f 217/251/250 4093/4503/4312 4092/4500/4309
f 217/251/250 4094/4504/4313 4093/4503/4312
f 218/250/249 4094/4504/4313 217/251/250
f 213/236/235 204/238/237 210/243/242
f 4097/4505/4314 4096/4506/4315 4094/4504/4313
f 218/250/249 4097/4505/4314 4094/4504/4313
f 4099/4507/4316 4097/4505/4314 218/250/249
f 211/244/243 4099/4507/4316 218/250/249
f 210/243/242 4099/4507/4316 211/244/243
f 204/238/237 4098/4508/4317 210/243/242
f 201/219/218 205/237/236 213/236/235
f 208/232/231 201/219/218 213/236/235
f 4098/4508/4317 4099/4507/4316 210/243/242
f 205/237/236 4098/4508/4317 204/238/237
f 197/223/222 4100/222/221 202/233/232
f 4098/4508/4317 4101/4509/4318 4099/4507/4316
f 205/237/236 4104/4510/4319 4098/4508/4317
f 193/220/219 201/219/218 200/231/230
f 4100/222/221 193/220/219 200/231/230
f 4102/4511/4320 4106/4512/4321 4097/4505/4314
f 4101/4509/4318 4102/4511/4320 4099/4507/4316
f 4098/4508/4317 4103/4513/4322 4101/4509/4318
f 4104/4510/4319 4103/4513/4322 4098/4508/4317
f 189/218/217 4104/4510/4319 205/237/236
f 201/219/218 189/218/217 205/237/236
f 4104/4510/4319 4107/4514/4323 4103/4513/4322
f 189/218/217 4108/4515/4324 4104/4510/4319
f 4101/4509/4318 4110/4516/4325 4102/4511/4320
f 4107/4514/4323 4101/4509/4318 4103/4513/4322
f 183/211/210 181/206/205 189/218/217
f 190/217/216 183/211/210 193/220/219
f 184/212/211 183/211/210 190/217/216
f 4107/4514/4323 4110/4516/4325 4101/4509/4318
f 4108/4515/4324 4107/4514/4323 4104/4510/4319
f 189/218/217 4112/4517/4326 4108/4515/4324
f 4109/4518/4327 4116/4519/4328 4106/4512/4321
f 4113/4520/4329 4109/4518/4327 4110/4516/4325
f 4108/4515/4324 4111/4521/4330 4107/4514/4323
f 4112/4517/4326 4111/4521/4330 4108/4515/4324
f 181/206/205 4112/4517/4326 189/218/217
f 4111/4521/4330 4113/4520/4329 4110/4516/4325
f 4107/4514/4323 4111/4521/4330 4110/4516/4325
f 4112/4517/4326 4115/204/203 4111/4521/4330
f 181/206/205 176/202/201 4112/4517/4326
f 4114/4522/4331 4116/4519/4328 4109/4518/4327
f 4113/4520/4329 4117/4523/4332 4114/4522/4331
f 176/202/201 4115/204/203 4112/4517/4326
f 4118/203/202 4117/4523/4332 4113/4520/4329
f 4111/4521/4330 4118/203/202 4113/4520/4329
f 4115/204/203 4118/203/202 4111/4521/4330
f 176/202/201 172/201/200 4115/204/203
f 4114/4522/4331 4119/4524/4333 4116/4519/4328
f 4116/4519/4328 4119/4524/4333 4467/4525/4334
f 4114/4522/4331 4121/4526/4335 4119/4524/4333
f 4117/4523/4332 4121/4526/4335 4114/4522/4331
f 4118/203/202 166/188/187 4117/4523/4332
f 4117/4523/4332 4122/4527/4336 4121/4526/4335
f 4117/4523/4332 4123/185/184 4122/4527/4336
f 166/188/187 4123/185/184 4117/4523/4332
f 165/184/183 166/188/187 4118/203/202
f 172/201/200 165/184/183 4118/203/202
f 173/200/199 165/184/183 172/201/200
f 171/190/189 165/184/183 173/200/199
f 4121/4526/4335 4124/4528/4337 5311/4529/4338
f 4123/185/184 4125/4530/4339 4122/4527/4336
f 4122/4527/4336 4125/4530/4339 4121/4526/4335
f 4121/4526/4335 4125/4530/4339 4124/4528/4337
f 4125/4530/4339 4126/4531/4340 4124/4528/4337
f 4129/4532/4341 4126/4531/4340 4125/4530/4339
f 158/179/178 4127/180/179 4123/185/184
f 4123/185/184 4127/180/179 4125/4530/4339
f 4129/4532/4341 4128/4533/4342 4126/4531/4340
f 4127/180/179 4130/4534/4343 4125/4530/4339
f 4130/4534/4343 4129/4532/4341 4125/4530/4339
f 4129/4532/4341 4131/4535/4344 4128/4533/4342
f 154/178/177 4130/4534/4343 4127/180/179
f 4130/4534/4343 4131/4535/4344 4129/4532/4341
f 4132/4536/4345 4144/4537/4346 4131/4535/4344
f 4132/4536/4345 4149/4538/4347 4144/4537/4346
f 154/178/177 4133/4539/4348 4130/4534/4343
f 4130/4534/4343 4133/4539/4348 4131/4535/4344
f 4133/4539/4348 4132/4536/4345 4131/4535/4344
f 4132/4536/4345 4136/4540/4349 4149/4538/4347
f 4136/4540/4349 4140/4541/4350 4149/4538/4347
f 4135/165/164 4136/4540/4349 4132/4536/4345
f 151/167/166 145/162/161 156/176/175
f 156/176/175 145/162/161 154/178/177
f 145/162/161 4134/163/162 154/178/177
f 154/178/177 4134/163/162 4133/4539/4348
f 4133/4539/4348 4135/165/164 4132/4536/4345
f 4134/163/162 144/164/163 4133/4539/4348
f 4133/4539/4348 144/164/163 4135/165/164
f 4135/165/164 4137/4542/4351 4136/4540/4349
f 139/159/158 4137/4542/4351 4135/165/164
f 136/154/153 4137/4542/4351 139/159/158
f 136/154/153 4138/4543/4352 4137/4542/4351
f 135/147/146 4139/140/139 136/154/153
f 4139/140/139 4138/4543/4352 136/154/153
f 131/143/142 128/141/140 4139/140/139
f 4136/4540/4349 4141/4544/4353 4140/4541/4350
f 4137/4542/4351 4141/4544/4353 4136/4540/4349
f 4137/4542/4351 4142/4545/4354 4141/4544/4353
f 4138/4543/4352 4142/4545/4354 4137/4542/4351
f 4139/140/139 125/138/137 4138/4543/4352
f 125/138/137 4143/136/135 4138/4543/4352
f 4131/4535/4344 4144/4537/4346 4128/4533/4342
f 4140/4541/4350 4146/4546/4355 4145/4547/4356
f 4141/4544/4353 4146/4546/4355 4140/4541/4350
f 4141/4544/4353 4147/4548/4357 4146/4546/4355
f 4141/4544/4353 4142/4545/4354 4147/4548/4357
f 4126/4531/4340 4128/4533/4342 4148/4549/4358
f 4128/4533/4342 4151/4550/4359 4148/4549/4358
f 4128/4533/4342 4144/4537/4346 4151/4550/4359
f 4144/4537/4346 4149/4538/4347 4151/4550/4359
f 4145/4547/4356 4150/4551/4360 4140/4541/4350
f 4124/4528/4337 4126/4531/4340 4154/4552/4361
f 4126/4531/4340 4148/4549/4358 4154/4552/4361
f 4154/4552/4361 4148/4549/4358 5310/4553/4362
f 4151/4550/4359 4149/4538/4347 4152/4554/4363
f 4149/4538/4347 4153/4555/4364 4152/4554/4363
f 4149/4538/4347 4140/4541/4350 4153/4555/4364
f 5310/4553/4362 4148/4549/4358 4155/4556/4365
f 4151/4550/4359 4156/4557/4366 4148/4549/4358
f 4151/4550/4359 4152/4554/4363 4156/4557/4366
f 4157/4558/4367 5125/4559/4368 4159/4560/4369
f 4153/4555/4364 4157/4558/4367 4152/4554/4363
f 4156/4557/4366 4152/4554/4363 4162/4561/4370
f 4148/4549/4358 4156/4557/4366 4155/4556/4365
f 4157/4558/4367 4159/4560/4369 4160/4562/4371
f 4157/4558/4367 4160/4562/4371 4152/4554/4363
f 4156/4557/4366 4162/4561/4370 4155/4556/4365
f 4162/4561/4370 4152/4554/4363 4161/4563/4372
f 4155/4556/4365 4162/4561/4370 4163/4564/4373
f 4470/4565/4374 4163/4564/4373 4469/4566/4375
f 4163/4564/4373 4162/4561/4370 5207/4567/4376
f 4162/4561/4370 4164/4568/4377 5207/4567/4376
f 4162/4561/4370 4161/4563/4372 4164/4568/4377
f 4160/4562/4371 4159/4560/4369 5193/4569/4378
f 4159/4560/4369 4165/4570/4379 5193/4569/4378
f 5119/4571/4380 4170/4572/4381 4169/4573/4382
f 4166/4574/4383 5119/4571/4380 4168/4575/4384
f 4158/4576/4385 4166/4574/4383 4165/4570/4379
f 4158/4576/4385 4165/4570/4379 4159/4560/4369
f 4152/4554/4363 4160/4562/4371 4161/4563/4372
f 4165/4570/4379 4166/4574/4383 4167/4577/4386
f 4166/4574/4383 4168/4575/4384 4167/4577/4386
f 4168/4575/4384 5119/4571/4380 4169/4573/4382
f 4181/4578/4387 4171/4579/4388 4170/4572/4381
f 4186/4580/4389 1985/2185/2175 4172/2188/2178
f 4173/4581/4390 4186/4580/4389 4172/2188/2178
f 4174/4582/4391 4173/4581/4390 4175/4583/4392
f 4176/4584/4393 4174/4582/4391 4175/4583/4392
f 4177/4585/4394 4176/4584/4393 4171/4579/4388
f 4181/4578/4387 4177/4585/4394 4171/4579/4388
f 4177/4585/4394 4178/4586/4395 4176/4584/4393
f 4180/4587/4396 4182/4588/4397 4177/4585/4394
f 4182/4588/4397 4178/4586/4395 4177/4585/4394
f 4178/4586/4395 4174/4582/4391 4176/4584/4393
f 4180/4587/4396 4177/4585/4394 4181/4578/4387
f 4179/4589/4398 4182/4588/4397 4180/4587/4396
f 4183/4590/4399 4184/4591/4400 4179/4589/4398
f 4179/4589/4398 4184/4591/4400 4182/4588/4397
f 4182/4588/4397 4185/4592/4401 4178/4586/4395
f 4185/4592/4401 4174/4582/4391 4178/4586/4395
f 4174/4582/4391 4186/4580/4389 4173/4581/4390
f 4184/4591/4400 4187/4593/4402 4182/4588/4397
f 4182/4588/4397 4187/4593/4402 4185/4592/4401
f 5112/4594/4403 4188/4595/4404 4183/4590/4399
f 4188/4595/4404 4189/4596/4405 4183/4590/4399
f 4183/4590/4399 4189/4596/4405 4184/4591/4400
f 4184/4591/4400 4189/4596/4405 4187/4593/4402
f 4185/4592/4401 4190/4597/4406 4174/4582/4391
f 4174/4582/4391 4190/4597/4406 4186/4580/4389
f 4190/4597/4406 4191/4598/4407 4186/4580/4389
f 4186/4580/4389 4191/4598/4407 1985/2185/2175
f 4187/4593/4402 4190/4597/4406 4185/4592/4401
f 4191/4598/4407 4192/4599/4408 1985/2185/2175
f 106/123/122 4193/4600/4409 5112/4594/4403
f 4193/4600/4409 4194/4601/4410 5112/4594/4403
f 5112/4594/4403 4194/4601/4410 4188/4595/4404
f 4194/4601/4410 4195/4602/4411 4188/4595/4404
f 4188/4595/4404 4195/4602/4411 4189/4596/4405
f 4195/4602/4411 4196/4603/4412 4189/4596/4405
f 4189/4596/4405 4196/4603/4412 4187/4593/4402
f 4196/4603/4412 4197/4604/4413 4187/4593/4402
f 4197/4604/4413 4198/4605/4414 4187/4593/4402
f 4187/4593/4402 4198/4605/4414 4190/4597/4406
f 4190/4597/4406 4192/4599/4408 4191/4598/4407
f 4192/4599/4408 1984/2178/2168 1985/2185/2175
f 108/125/124 4193/4600/4409 106/123/122
f 4194/4601/4410 4196/4603/4412 4195/4602/4411
f 4198/4605/4414 4199/4606/4415 4190/4597/4406
f 4190/4597/4406 4199/4606/4415 4192/4599/4408
f 4192/4599/4408 4200/4607/4416 1984/2178/2168
f 4200/4607/4416 1978/2179/2169 1984/2178/2168
f 108/125/124 4201/4608/4417 4193/4600/4409
f 4193/4600/4409 4202/4609/4418 4194/4601/4410
f 4202/4609/4418 4203/4610/4419 4194/4601/4410
f 4194/4601/4410 4203/4610/4419 4196/4603/4412
f 4197/4604/4413 4204/4611/4420 4198/4605/4414
f 4198/4605/4414 4204/4611/4420 4199/4606/4415
f 4199/4606/4415 4205/4612/4421 4192/4599/4408
f 4192/4599/4408 4205/4612/4421 4200/4607/4416
f 4200/4607/4416 1983/2180/2170 1978/2179/2169
f 4201/4608/4417 4202/4609/4418 4193/4600/4409
f 4202/4609/4418 4206/4613/4422 4203/4610/4419
f 4205/4612/4421 4207/4614/4423 4200/4607/4416
f 4200/4607/4416 4207/4614/4423 1983/2180/2170
f 105/121/120 4201/4608/4417 108/125/124
f 4206/4613/4422 4208/4615/4424 4203/4610/4419
f 4203/4610/4419 4208/4615/4424 4196/4603/4412
f 4208/4615/4424 4209/4616/4425 4196/4603/4412
f 4196/4603/4412 4209/4616/4425 4197/4604/4413
f 4209/4616/4425 4204/4611/4420 4197/4604/4413
f 4204/4611/4420 4210/4617/4426 4199/4606/4415
f 4210/4617/4426 4211/4618/4427 4199/4606/4415
f 4199/4606/4415 4211/4618/4427 4205/4612/4421
f 4207/4614/4423 4212/4619/4428 1983/2180/2170
f 4212/4619/4428 1982/2181/2171 1983/2180/2170
f 4209/4616/4425 4210/4617/4426 4204/4611/4420
f 4211/4618/4427 4213/4620/4429 4205/4612/4421
f 4205/4612/4421 4213/4620/4429 4207/4614/4423
f 4213/4620/4429 4214/4621/4430 4207/4614/4423
f 4207/4614/4423 4214/4621/4430 4212/4619/4428
f 4214/4621/4430 4215/4622/4431 4212/4619/4428
f 4212/4619/4428 4215/4622/4431 1982/2181/2171
f 4201/4608/4417 105/121/120 4202/4609/4418
f 105/121/120 4216/4623/4432 4202/4609/4418
f 4202/4609/4418 4216/4623/4432 4206/4613/4422
f 4216/4623/4432 4217/4624/4433 4206/4613/4422
f 4206/4613/4422 4217/4624/4433 4208/4615/4424
f 4208/4615/4424 4218/4625/4434 4209/4616/4425
f 4209/4616/4425 4218/4625/4434 4210/4617/4426
f 4218/4625/4434 4219/4626/4435 4210/4617/4426
f 4210/4617/4426 4219/4626/4435 4211/4618/4427
f 4211/4618/4427 4219/4626/4435 4213/4620/4429
f 4219/4626/4435 4220/4627/4436 4213/4620/4429
f 4220/4627/4436 4221/4628/4437 4213/4620/4429
f 4213/4620/4429 4221/4628/4437 4214/4621/4430
f 4221/4628/4437 4222/4629/4438 4214/4621/4430
f 4214/4621/4430 4222/4629/4438 4215/4622/4431
f 105/121/120 4223/4630/4439 4216/4623/4432
f 4217/4624/4433 4218/4625/4434 4208/4615/4424
f 103/118/117 4224/4631/4440 104/120/119
f 104/120/119 4223/4630/4439 105/121/120
f 4217/4624/4433 4225/4632/4441 4218/4625/4434
f 98/115/114 4224/4631/4440 103/118/117
f 4223/4630/4439 4226/4633/4442 4216/4623/4432
f 4216/4623/4432 4226/4633/4442 4217/4624/4433
f 98/115/114 4227/4634/4443 4224/4631/4440
f 4226/4633/4442 4225/4632/4441 4217/4624/4433
f 102/116/115 4227/4634/4443 98/115/114
f 4224/4631/4440 4228/4635/4444 104/120/119
f 104/120/119 4228/4635/4444 4223/4630/4439
f 4228/4635/4444 4229/4636/4445 4223/4630/4439
f 4223/4630/4439 4229/4636/4445 4226/4633/4442
f 4229/4636/4445 4230/4637/4446 4226/4633/4442
f 4226/4633/4442 4230/4637/4446 4225/4632/4441
f 4231/4638/4447 4233/4639/4448 4232/4640/4449
f 4234/4641/4450 4231/4638/4447 4232/4640/4449
f 4229/4636/4445 4235/4642/4451 4230/4637/4446
f 4224/4631/4440 4236/4643/4452 4228/4635/4444
f 4227/4634/4443 4236/4643/4452 4224/4631/4440
f 4230/4637/4446 4235/4642/4451 5140/4644/4453
f 4235/4642/4451 4237/4645/4454 5140/4644/4453
f 5140/4644/4453 4237/4645/4454 4234/4641/4450
f 4237/4645/4454 4231/4638/4447 4234/4641/4450
f 4227/4634/4443 4238/4646/4455 4236/4643/4452
f 73/80/79 100/113/112 99/85/84
f 4228/4635/4444 4244/4647/4456 5161/4648/4457
f 4236/4643/4452 4244/4647/4456 4228/4635/4444
f 4227/4634/4443 4240/77/76 4238/4646/4455
f 5364/4649/4458 4240/77/76 4227/4634/4443
f 100/113/112 4239/78/77 5364/4649/4458
f 4239/78/77 4240/77/76 5364/4649/4458
f 73/80/79 4239/78/77 100/113/112
f 73/80/79 69/68/67 4239/78/77
f 4248/75/74 4241/3721/3625 4242/4650/4459
f 4243/4651/4460 4248/75/74 4242/4650/4459
f 4243/4651/4460 4244/4647/4456 4236/4643/4452
f 4238/4646/4455 4243/4651/4460 4236/4643/4452
f 4240/77/76 67/73/72 4238/4646/4455
f 4247/4652/4461 3382/3720/3624 4241/3721/3625
f 4248/75/74 4247/4652/4461 4241/3721/3625
f 3387/3716/3620 4245/3726/3630 3386/3702/3606
f 4246/4653/4462 4245/3726/3630 3387/3716/3620
f 3381/3718/3622 4246/4653/4462 3387/3716/3620
f 3556/3909/3793 4246/4653/4462 3381/3718/3622
f 3382/3720/3624 3556/3909/3793 3381/3718/3622
f 3557/3913/3797 3556/3909/3793 3382/3720/3624
f 4247/4652/4461 3557/3913/3797 3382/3720/3624
f 4238/4646/4455 67/73/72 4243/4651/4460
f 4246/4653/4462 3553/3908/3792 4245/3726/3630
f 3556/3909/3793 3553/3908/3792 4246/4653/4462
f 66/74/73 3557/3913/3797 4247/4652/4461
f 4248/75/74 66/74/73 4247/4652/4461
f 67/73/72 4248/75/74 4243/4651/4460
f 1525/4654/1721 1532/4655/1729 1526/364/363
f 4548/4656/1735 1537/4657/1734 4249/4658/4463
f 1537/4657/1734 4250/4659/4464 4249/4658/4463
f 1535/4660/1733 1538/4661/1737 1537/4657/1734
f 1524/4662/1722 4251/353/352 1538/4661/1737
f 1526/364/363 4251/353/352 1524/4662/1722
f 1526/364/363 317/352/351 4251/353/352
f 317/352/351 1526/364/363 318/358/357
f 1533/4663/1723 1538/4661/1737 1534/4664/1736
f 1533/4663/1723 1524/4662/1722 1538/4661/1737
f 4252/4665/4465 4253/4666/4466 4547/4667/4467
f 4252/4665/4465 4254/4668/4468 4253/4666/4466
f 4254/4668/4468 4255/4669/4469 4253/4666/4466
f 4254/4668/4468 4256/4670/4470 4255/4669/4469
f 4333/4671/4471 4256/4670/4470 4254/4668/4468
f 4333/4671/4471 4257/4672/4472 4256/4670/4470
f 4250/4659/4464 4257/4672/4472 4333/4671/4471
f 1537/4657/1734 4258/4673/4473 4250/4659/4464
f 1538/4661/1737 4258/4673/4473 1537/4657/1734
f 1538/4661/1737 4259/4674/4474 4258/4673/4473
f 4251/353/352 4259/4674/4474 1538/4661/1737
f 4253/4666/4466 4260/4675/4475 4540/4676/4476
f 4253/4666/4466 4255/4669/4469 4260/4675/4475
f 4255/4669/4469 4261/4677/4477 4260/4675/4475
f 4255/4669/4469 4262/4678/4478 4261/4677/4477
f 4256/4670/4470 4262/4678/4478 4255/4669/4469
f 4250/4659/4464 4263/4679/4479 4257/4672/4472
f 4258/4673/4473 4263/4679/4479 4250/4659/4464
f 4259/4674/4474 4264/4680/4480 4258/4673/4473
f 4251/353/352 4264/4680/4480 4259/4674/4474
f 4251/353/352 312/349/348 4264/4680/4480
f 3955/4346/4155 4265/4681/4481 3954/4345/4154
f 4261/4677/4477 4265/4681/4481 3955/4346/4155
f 4261/4677/4477 4266/4682/4482 4265/4681/4481
f 4262/4678/4478 4266/4682/4482 4261/4677/4477
f 4262/4678/4478 4267/4683/4483 4266/4682/4482
f 4256/4670/4470 4267/4683/4483 4262/4678/4478
f 4256/4670/4470 4268/4684/4484 4267/4683/4483
f 4257/4672/4472 4268/4684/4484 4256/4670/4470
f 4257/4672/4472 4269/4685/4485 4268/4684/4484
f 4263/4679/4479 4269/4685/4485 4257/4672/4472
f 4258/4673/4473 4270/4686/4486 4263/4679/4479
f 4264/4680/4480 4270/4686/4486 4258/4673/4473
f 4264/4680/4480 311/347/346 4270/4686/4486
f 312/349/348 311/347/346 4264/4680/4480
f 3954/4345/4154 4271/4687/4487 3963/4355/4164
f 4265/4681/4481 4271/4687/4487 3954/4345/4154
f 4265/4681/4481 4272/4688/4488 4271/4687/4487
f 4266/4682/4482 4272/4688/4488 4265/4681/4481
f 4266/4682/4482 4273/4689/4489 4272/4688/4488
f 4267/4683/4483 4273/4689/4489 4266/4682/4482
f 4267/4683/4483 4274/4690/4490 4273/4689/4489
f 4268/4684/4484 4274/4690/4490 4267/4683/4483
f 4268/4684/4484 4275/4691/4491 4274/4690/4490
f 4269/4685/4485 4275/4691/4491 4268/4684/4484
f 4263/4679/4479 4276/4692/4492 4269/4685/4485
f 4270/4686/4486 4276/4692/4492 4263/4679/4479
f 4270/4686/4486 4277/341/340 4276/4692/4492
f 4270/4686/4486 308/344/343 4277/341/340
f 311/347/346 308/344/343 4270/4686/4486
f 3963/4355/4164 4278/4693/4493 3971/4363/4172
f 4271/4687/4487 4278/4693/4493 3963/4355/4164
f 4271/4687/4487 4279/4694/4494 4278/4693/4493
f 4272/4688/4488 4279/4694/4494 4271/4687/4487
f 4272/4688/4488 4280/4695/4495 4279/4694/4494
f 4273/4689/4489 4280/4695/4495 4272/4688/4488
f 4273/4689/4489 4281/4696/4496 4280/4695/4495
f 4274/4690/4490 4281/4696/4496 4273/4689/4489
f 4274/4690/4490 307/343/342 4281/4696/4496
f 4275/4691/4491 307/343/342 4274/4690/4490
f 4275/4691/4491 305/342/341 307/343/342
f 4269/4685/4485 305/342/341 4275/4691/4491
f 4269/4685/4485 304/339/338 305/342/341
f 4276/4692/4492 304/339/338 4269/4685/4485
f 4276/4692/4492 303/338/337 304/339/338
f 4277/341/340 303/338/337 4276/4692/4492
f 307/343/342 306/340/339 4282/4697/4497
f 307/343/342 4282/4697/4497 4281/4696/4496
f 4281/4696/4496 4282/4697/4497 4283/4698/4498
f 4281/4696/4496 4283/4698/4498 4280/4695/4495
f 4280/4695/4495 4283/4698/4498 4284/4699/4499
f 4280/4695/4495 4284/4699/4499 4279/4694/4494
f 4279/4694/4494 4284/4699/4499 4285/4700/4500
f 4279/4694/4494 4285/4700/4500 4278/4693/4493
f 4278/4693/4493 4285/4700/4500 4286/4701/4501
f 4278/4693/4493 4286/4701/4501 3971/4363/4172
f 3971/4363/4172 4286/4701/4501 4287/4702/4502
f 3971/4363/4172 4287/4702/4502 3970/4362/4171
f 3970/4362/4171 4287/4702/4502 4288/4703/4503
f 3970/4362/4171 4288/4703/4503 3969/4361/4170
f 3969/4361/4170 4288/4703/4503 3979/4364/4173
f 3969/4361/4170 3979/4364/4173 3968/4360/4169
f 3968/4360/4169 3979/4364/4173 3967/4359/4168
f 306/340/339 289/327/326 290/328/327
f 306/340/339 290/328/327 292/330/329
f 306/340/339 292/330/329 4282/4697/4497
f 4282/4697/4497 292/330/329 294/332/331
f 4282/4697/4497 294/332/331 4283/4698/4498
f 4283/4698/4498 294/332/331 296/334/333
f 4283/4698/4498 296/334/333 4284/4699/4499
f 4284/4699/4499 296/334/333 4289/4704/4504
f 4284/4699/4499 4289/4704/4504 4285/4700/4500
f 4285/4700/4500 4289/4704/4504 4290/4705/4505
f 4285/4700/4500 4290/4705/4505 4286/4701/4501
f 4286/4701/4501 4290/4705/4505 4291/4706/4506
f 4286/4701/4501 4291/4706/4506 4287/4702/4502
f 4287/4702/4502 4291/4706/4506 3980/4373/4182
f 4287/4702/4502 3980/4373/4182 4288/4703/4503
f 4288/4703/4503 3980/4373/4182 3979/4364/4173
f 296/334/333 295/333/332 4292/4707/4507
f 296/334/333 4292/4707/4507 4289/4704/4504
f 4289/4704/4504 4292/4707/4507 4290/4705/4505
f 4290/4705/4505 4292/4707/4507 4291/4706/4506
f 4291/4706/4506 4292/4707/4507 3999/4394/4203
f 4291/4706/4506 3999/4394/4203 3980/4373/4182
f 3980/4373/4182 3999/4394/4203 3998/4392/4201
f 3980/4373/4182 3998/4392/4201 3981/4374/4183
f 3981/4374/4183 3998/4392/4201 3996/4390/4199
f 3981/4374/4183 3996/4390/4199 3972/4365/4174
f 3972/4365/4174 3996/4390/4199 3982/4375/4184
f 4292/4707/4507 4293/4393/4202 3999/4394/4203
f 4292/4707/4507 4294/4708/4508 4293/4393/4202
f 295/333/332 4294/4708/4508 4292/4707/4507
f 293/331/330 4294/4708/4508 295/333/332
f 293/331/330 282/317/316 4294/4708/4508
f 291/329/328 282/317/316 293/331/330
f 291/329/328 281/316/315 282/317/316
f 283/318/317 281/316/315 291/329/328
f 4294/4708/4508 282/317/316 4295/4709/4509
f 4294/4708/4508 4295/4709/4509 4293/4393/4202
f 4293/4393/4202 4295/4709/4509 4296/4710/4510
f 4293/4393/4202 4296/4710/4510 3997/4391/4200
f 3997/4391/4200 4296/4710/4510 4000/4395/4204
f 282/317/316 272/309/308 273/310/309
f 282/317/316 273/310/309 4295/4709/4509
f 4295/4709/4509 273/310/309 4297/4711/4511
f 4295/4709/4509 4297/4711/4511 4296/4710/4510
f 4296/4710/4510 4297/4711/4511 4010/4405/4214
f 4296/4710/4510 4010/4405/4214 4000/4395/4204
f 273/310/309 274/311/310 4298/4712/4512
f 273/310/309 4298/4712/4512 4297/4711/4511
f 4297/4711/4511 4298/4712/4512 4299/4713/4513
f 4297/4711/4511 4299/4713/4513 4010/4405/4214
f 4010/4405/4214 4299/4713/4513 4023/4419/4228
f 4010/4405/4214 4023/4419/4228 4011/4406/4215
f 4011/4406/4215 4023/4419/4228 4025/4411/4220
f 270/304/303 267/299/298 274/311/310
f 274/311/310 4300/4714/4514 4298/4712/4512
f 4298/4712/4512 4300/4714/4514 4301/4715/4515
f 4298/4712/4512 4301/4715/4515 4299/4713/4513
f 4299/4713/4513 4301/4715/4515 4023/4419/4228
f 274/311/310 267/299/298 262/300/299
f 274/311/310 262/300/299 4302/301/300
f 274/311/310 4302/301/300 4300/4714/4514
f 4300/4714/4514 4302/301/300 4303/4716/4516
f 4300/4714/4514 4303/4716/4516 4301/4715/4515
f 4301/4715/4515 4303/4716/4516 4304/4717/4517
f 4301/4715/4515 4304/4717/4517 4023/4419/4228
f 4023/4419/4228 4304/4717/4517 4024/4420/4229
f 4302/301/300 263/297/296 4305/4718/4518
f 4302/301/300 4305/4718/4518 4303/4716/4516
f 4024/4420/4229 4304/4717/4517 4040/4436/4245
f 4024/4420/4229 4040/4436/4245 4029/4424/4233
f 263/297/296 258/292/291 4305/4718/4518
f 4305/4718/4518 258/292/291 4306/4719/4519
f 4305/4718/4518 4306/4719/4519 4303/4716/4516
f 4303/4716/4516 4306/4719/4519 4307/4447/4256
f 4303/4716/4516 4307/4447/4256 4304/4717/4517
f 4304/4717/4517 4307/4447/4256 4308/4442/4251
f 4304/4717/4517 4308/4442/4251 4040/4436/4245
f 258/292/291 257/293/292 4306/4719/4519
f 256/290/289 252/284/283 253/285/284
f 256/290/289 253/285/284 257/293/292
f 257/293/292 4309/283/282 4310/4720/4520
f 257/293/292 4310/4720/4520 4306/4719/4519
f 4306/4719/4519 4310/4720/4520 4050/4448/4257
f 4306/4719/4519 4050/4448/4257 4307/4447/4256
f 257/293/292 253/285/284 4309/283/282
f 4310/4720/4520 4311/4721/4521 4050/4448/4257
f 4050/4448/4257 4311/4721/4521 4312/4722/4522
f 4050/4448/4257 4312/4722/4522 4313/4723/4523
f 4050/4448/4257 4313/4723/4523 4057/4456/4265
f 4309/283/282 4314/4724/4524 4310/4720/4520
f 4310/4720/4520 4314/4724/4524 4311/4721/4521
f 4311/4721/4521 4315/4725/4525 4312/4722/4522
f 4312/4722/4522 4315/4725/4525 4316/4726/4526
f 4312/4722/4522 4316/4726/4526 4313/4723/4523
f 4313/4723/4523 4316/4726/4526 4057/4456/4265
f 4057/4456/4265 4316/4726/4526 4317/4727/4527
f 4057/4456/4265 4317/4727/4527 4058/4457/4266
f 4058/4457/4266 4317/4727/4527 4059/4458/4267
f 4309/283/282 246/279/278 4314/4724/4524
f 4314/4724/4524 246/279/278 4318/280/279
f 4314/4724/4524 4318/280/279 4311/4721/4521
f 4311/4721/4521 4318/280/279 4319/4728/4528
f 4311/4721/4521 4319/4728/4528 4315/4725/4525
f 4315/4725/4525 4319/4728/4528 4316/4726/4526
f 4316/4726/4526 4319/4728/4528 4317/4727/4527
f 4318/280/279 243/275/274 244/272/271
f 4318/280/279 244/272/271 4319/4728/4528
f 4319/4728/4528 4320/4729/4529 4317/4727/4527
f 4061/4459/4268 4059/4458/4267 4065/4465/4274
f 4319/4728/4528 244/272/271 4320/4729/4529
f 4317/4727/4527 4321/273/272 4059/4458/4267
f 4059/4458/4267 4321/273/272 4065/4465/4274
f 4065/4465/4274 4321/273/272 4322/4468/4277
f 4320/4729/4529 244/272/271 4321/273/272
f 4320/4729/4529 4321/273/272 4317/4727/4527
f 4322/4468/4277 4321/273/272 4323/4730/4530
f 4321/273/272 235/270/269 4324/267/266
f 4321/273/272 4324/267/266 4325/4731/4531
f 4321/273/272 4325/4731/4531 4323/4730/4530
f 4322/4468/4277 4323/4730/4530 4326/4732/4532
f 4322/4468/4277 4326/4732/4532 4070/4472/4281
f 4324/267/266 234/268/267 4325/4731/4531
f 4325/4731/4531 234/268/267 4327/4733/4533
f 4325/4731/4531 4327/4733/4533 4323/4730/4530
f 4323/4730/4530 4327/4733/4533 4326/4732/4532
f 4326/4732/4532 4327/4733/4533 4076/4479/4288
f 4326/4732/4532 4076/4479/4288 4070/4472/4281
f 4070/4472/4281 4076/4479/4288 4068/4470/4279
f 234/268/267 4328/4486/4295 4327/4733/4533
f 234/268/267 229/264/263 4329/4734/4534
f 233/266/265 229/264/263 234/268/267
f 4327/4733/4533 4078/4482/4291 4076/4479/4288
f 4327/4733/4533 4328/4486/4295 4078/4482/4291
f 234/268/267 4330/4490/4299 4328/4486/4295
f 4329/4734/4534 4330/4490/4299 234/268/267
f 229/264/263 4331/4492/4301 4329/4734/4534
f 4329/4734/4534 4083/4491/4300 4330/4490/4299
f 4331/4492/4301 4083/4491/4300 4329/4734/4534
f 229/264/263 4084/4493/4302 4331/4492/4301
f 229/264/263 4332/4497/4306 4084/4493/4302
f 229/264/263 230/263/262 4332/4497/4306
f 225/260/259 223/254/253 230/263/262
f 226/259/258 223/254/253 225/260/259
f 224/255/254 223/254/253 226/259/258
f 223/254/253 4092/4500/4309 230/263/262
f 222/249/248 217/251/250 223/254/253
f 220/253/252 219/252/251 227/256/255
f 4557/4735/4535 4252/4665/4465 4550/4736/4536
f 4557/4735/4535 4333/4671/4471 4252/4665/4465
f 4333/4671/4471 4254/4668/4468 4252/4665/4465
f 4335/4737/4537 4334/4738/4538 4736/4739/4539
f 4335/4737/4537 4336/4336/4145 4334/4738/4538
f 4337/4335/4144 4336/4336/4145 4335/4737/4537
f 4338/4740/4540 3944/4333/4142 4337/4335/4144
f 4339/4317/4126 3944/4333/4142 4338/4740/4540
f 4339/4317/4126 3943/4332/4141 3944/4333/4142
f 4339/4317/4126 3941/4330/4139 3943/4332/4141
f 3930/4319/4128 3941/4330/4139 4339/4317/4126
f 3930/4319/4128 3939/4328/4137 3941/4330/4139
f 3924/4312/4121 3939/4328/4137 3930/4319/4128
f 3924/4312/4121 3925/4311/4120 3939/4328/4137
f 4736/4739/4539 4334/4738/4538 4340/4741/4541
f 4341/4742/4542 4343/4743/4543 4342/4744/4544
f 4342/4744/4544 4343/4743/4543 4345/4745/4545
f 4345/4745/4545 4343/4743/4543 4344/4746/4546
f 4345/4745/4545 4344/4746/4546 4346/4747/4547
f 4345/4745/4545 4346/4747/4547 4347/4748/4548
f 4344/4746/4546 4349/4749/4549 4348/4750/4550
f 4343/4743/4543 4349/4749/4549 4344/4746/4546
f 4343/4743/4543 4350/4751/4551 4349/4749/4549
f 4343/4743/4543 4351/4752/4552 4350/4751/4551
f 4341/4742/4542 4351/4752/4552 4343/4743/4543
f 4341/4742/4542 4340/4741/4541 4351/4752/4552
f 4334/4738/4538 4352/4753/4553 4340/4741/4541
f 4334/4738/4538 4353/4754/4554 4352/4753/4553
f 4334/4738/4538 4354/4755/4555 4353/4754/4554
f 4336/4336/4145 4354/4755/4555 4334/4738/4538
f 4336/4336/4145 3946/4337/4146 4354/4755/4555
f 3945/4334/4143 3946/4337/4146 4336/4336/4145
f 4348/4750/4550 4356/4756/4556 4355/4757/4557
f 4349/4749/4549 4356/4756/4556 4348/4750/4550
f 4349/4749/4549 4357/4758/4558 4356/4756/4556
f 4350/4751/4551 4357/4758/4558 4349/4749/4549
f 4350/4751/4551 4351/4752/4552 4357/4758/4558
f 4340/4741/4541 4358/4759/4559 4351/4752/4552
f 4340/4741/4541 4352/4753/4553 4358/4759/4559
f 4354/4755/4555 4359/4348/4157 4353/4754/4554
f 3946/4337/4146 4359/4348/4157 4354/4755/4555
f 4355/4757/4557 4361/4760/4560 4360/4761/4561
f 4356/4756/4556 4361/4760/4560 4355/4757/4557
f 4356/4756/4556 4362/4762/4562 4361/4760/4560
f 4357/4758/4558 4362/4762/4562 4356/4756/4556
f 4357/4758/4558 4363/4763/4563 4362/4762/4562
f 4351/4752/4552 4363/4763/4563 4357/4758/4558
f 4351/4752/4552 4364/4372/4181 4363/4763/4563
f 4358/4759/4559 4364/4372/4181 4351/4752/4552
f 4352/4753/4553 4364/4372/4181 4358/4759/4559
f 4352/4753/4553 3977/4370/4179 4364/4372/4181
f 4353/4754/4554 3977/4370/4179 4352/4753/4553
f 4353/4754/4554 3964/4357/4166 3977/4370/4179
f 4359/4348/4157 3964/4357/4166 4353/4754/4554
f 4364/4372/4181 3978/4371/4180 4365/4382/4191
f 4364/4372/4181 4365/4382/4191 4366/4764/4564
f 4364/4372/4181 4366/4764/4564 4363/4763/4563
f 4363/4763/4563 4366/4764/4564 4367/4765/4565
f 4363/4763/4563 4367/4765/4565 4362/4762/4562
f 4362/4762/4562 4367/4765/4565 4368/4766/4566
f 4362/4762/4562 4368/4766/4566 4361/4760/4560
f 4361/4760/4560 4368/4766/4566 4369/4767/4567
f 4361/4760/4560 4369/4767/4567 4360/4761/4561
f 4360/4761/4561 4369/4767/4567 4370/4768/4568
f 4360/4761/4561 4370/4768/4568 4371/4769/4569
f 4371/4769/4569 4370/4768/4568 4372/4770/4570
f 4371/4769/4569 4372/4770/4570 4373/4771/4571
f 4373/4771/4571 4372/4770/4570 4374/4772/4572
f 4373/4771/4571 4374/4772/4572 4375/4773/4573
f 3978/4371/4180 3985/4378/4187 4365/4382/4191
f 4365/4382/4191 3990/4384/4193 4366/4764/4564
f 4366/4764/4564 3990/4384/4193 3992/4386/4195
f 4366/4764/4564 3992/4386/4195 4367/4765/4565
f 4367/4765/4565 3992/4386/4195 4376/4774/4574
f 4367/4765/4565 4376/4774/4574 4368/4766/4566
f 4368/4766/4566 4376/4774/4574 4377/4775/4575
f 4368/4766/4566 4377/4775/4575 4369/4767/4567
f 4369/4767/4567 4377/4775/4575 4378/4776/4576
f 4369/4767/4567 4378/4776/4576 4370/4768/4568
f 4370/4768/4568 4378/4776/4576 4372/4770/4570
f 4372/4770/4570 4379/4777/4577 4374/4772/4572
f 3992/4386/4195 3991/4385/4194 4380/4778/4578
f 3992/4386/4195 4380/4778/4578 4376/4774/4574
f 4376/4774/4574 4380/4778/4578 4381/4779/4579
f 4376/4774/4574 4381/4779/4579 4377/4775/4575
f 4377/4775/4575 4381/4779/4579 4378/4776/4576
f 4378/4776/4576 4381/4779/4579 4382/4780/4580
f 4378/4776/4576 4382/4780/4580 4372/4770/4570
f 4372/4770/4570 4382/4780/4580 4383/4781/4581
f 4372/4770/4570 4383/4781/4581 4379/4777/4577
f 4379/4777/4577 4383/4781/4581 4384/4782/4582
f 4379/4777/4577 4384/4782/4582 4385/4783/4583
f 4385/4783/4583 4384/4782/4582 4386/4784/4584
f 4385/4783/4583 4386/4784/4584 4387/4785/4585
f 4387/4785/4585 4386/4784/4584 4388/4786/4586
f 4387/4785/4585 4388/4786/4586 4389/4787/4587
f 4389/4787/4587 4388/4786/4586 4390/4788/4588
f 4389/4787/4587 4390/4788/4588 4391/4789/4589
f 4383/4781/4581 4393/4790/4590 4392/4791/4591
f 4382/4780/4580 4393/4790/4590 4383/4781/4581
f 4382/4780/4580 4394/4792/4592 4393/4790/4590
f 4381/4779/4579 4394/4792/4592 4382/4780/4580
f 4381/4779/4579 4395/4793/4593 4394/4792/4592
f 4380/4778/4578 4395/4793/4593 4381/4779/4579
f 4380/4778/4578 4396/4794/4594 4395/4793/4593
f 3991/4385/4194 4396/4794/4594 4380/4778/4578
f 3989/4383/4192 4396/4794/4594 3991/4385/4194
f 3989/4383/4192 4008/4403/4212 4396/4794/4594
f 3988/4381/4190 4008/4403/4212 3989/4383/4192
f 3988/4381/4190 4006/4401/4210 4008/4403/4212
f 3988/4381/4190 3993/4388/4197 4006/4401/4210
f 3987/4380/4189 3993/4388/4197 3988/4381/4190
f 4008/4403/4212 4009/4404/4213 4396/4794/4594
f 4396/4794/4594 4009/4404/4213 4397/4795/4595
f 4396/4794/4594 4397/4795/4595 4395/4793/4593
f 4395/4793/4593 4397/4795/4595 4398/4796/4596
f 4395/4793/4593 4398/4796/4596 4399/4797/4597
f 4395/4793/4593 4399/4797/4597 4394/4792/4592
f 4394/4792/4592 4399/4797/4597 4400/4798/4598
f 4394/4792/4592 4400/4798/4598 4393/4790/4590
f 4393/4790/4590 4400/4798/4598 4392/4791/4591
f 4392/4791/4591 4400/4798/4598 4401/4799/4599
f 4392/4791/4591 4401/4799/4599 4839/4800/4600
f 4839/4800/4600 4401/4799/4599 4402/4801/4601
f 4397/4795/4595 4009/4404/4213 4019/4415/4224
f 4397/4795/4595 4019/4415/4224 4021/4417/4226
f 4397/4795/4595 4021/4417/4226 4398/4796/4596
f 4398/4796/4596 4021/4417/4226 4403/4802/4602
f 4398/4796/4596 4403/4802/4602 4399/4797/4597
f 4399/4797/4597 4403/4802/4602 4404/4803/4603
f 4399/4797/4597 4404/4803/4603 4400/4798/4598
f 4400/4798/4598 4404/4803/4603 4405/4804/4604
f 4400/4798/4598 4405/4804/4604 4401/4799/4599
f 4401/4799/4599 4405/4804/4604 4406/4805/4605
f 4401/4799/4599 4406/4805/4605 4402/4801/4601
f 4021/4417/4226 4022/4418/4227 4403/4802/4602
f 4403/4802/4602 4022/4418/4227 4407/4806/4606
f 4403/4802/4602 4407/4806/4606 4404/4803/4603
f 4404/4803/4603 4407/4806/4606 4405/4804/4604
f 4405/4804/4604 4408/4807/4607 4406/4805/4605
f 4406/4805/4605 4408/4807/4607 4409/4808/4608
f 4406/4805/4605 4409/4808/4608 4842/4809/4609
f 4017/4413/4222 4028/4423/4232 4410/4810/4610
f 4017/4413/4222 4410/4810/4610 4018/4414/4223
f 4018/4414/4223 4410/4810/4610 4020/4416/4225
f 4020/4416/4225 4410/4810/4610 4022/4418/4227
f 4022/4418/4227 4411/4435/4244 4407/4806/4606
f 4407/4806/4606 4411/4435/4244 4412/4811/4611
f 4407/4806/4606 4412/4811/4611 4405/4804/4604
f 4405/4804/4604 4412/4811/4611 4413/4812/4612
f 4405/4804/4604 4413/4812/4612 4408/4807/4607
f 4028/4423/4232 4032/4427/4236 4410/4810/4610
f 4410/4810/4610 4032/4427/4236 4037/4813/4613
f 4410/4810/4610 4037/4813/4613 4038/4433/4242
f 4410/4810/4610 4038/4433/4242 4022/4418/4227
f 4022/4418/4227 4038/4433/4242 4411/4435/4244
f 4412/4811/4611 4414/4814/4614 4413/4812/4612
f 4411/4435/4244 4039/4434/4243 4412/4811/4611
f 4414/4814/4614 4415/4815/4615 4413/4812/4612
f 4032/4427/4236 4417/4441/4250 4037/4813/4613
f 4037/4813/4613 4417/4441/4250 4038/4433/4242
f 4038/4433/4242 4417/4441/4250 4039/4434/4243
f 4039/4434/4243 4418/4816/4616 4412/4811/4611
f 4412/4811/4611 4418/4816/4616 4414/4814/4614
f 4417/4441/4250 4418/4816/4616 4039/4434/4243
f 4418/4816/4616 4419/4817/4617 4414/4814/4614
f 4414/4814/4614 4419/4817/4617 4420/4818/4618
f 4414/4814/4614 4420/4818/4618 4415/4815/4615
f 4415/4815/4615 4420/4818/4618 4421/4819/4619
f 4415/4815/4615 4421/4819/4619 4416/4820/4620
f 4049/4446/4255 4060/4455/4264 4044/4432/4241
f 4044/4432/4241 4060/4455/4264 4045/4440/4249
f 4045/4440/4249 4060/4455/4264 4422/4462/4271
f 4045/4440/4249 4422/4462/4271 4417/4441/4250
f 4417/4441/4250 4422/4462/4271 4423/4461/4270
f 4417/4441/4250 4423/4461/4270 4418/4816/4616
f 4418/4816/4616 4423/4461/4270 4424/4821/4621
f 4418/4816/4616 4424/4821/4621 4419/4817/4617
f 4419/4817/4617 4425/4822/4622 4420/4818/4618
f 4423/4461/4270 4426/4464/4273 4424/4821/4621
f 4424/4821/4621 4427/4823/4623 4419/4817/4617
f 4419/4817/4617 4427/4823/4623 4425/4822/4622
f 4425/4822/4622 4848/4824/4624 4420/4818/4618
f 4427/4823/4623 4428/4825/4625 4425/4822/4622
f 4425/4822/4622 4428/4825/4625 4429/4826/4626
f 4425/4822/4622 4429/4826/4626 4848/4824/4624
f 4426/4464/4273 4064/4467/4276 4424/4821/4621
f 4424/4821/4621 4064/4467/4276 4427/4823/4623
f 4427/4823/4623 4064/4467/4276 4428/4825/4625
f 4848/4824/4624 4429/4826/4626 4430/4827/4627
f 4848/4824/4624 4430/4827/4627 4849/4828/4628
f 4064/4467/4276 4069/4471/4280 4428/4825/4625
f 4428/4825/4625 4069/4471/4280 4431/4473/4282
f 4428/4825/4625 4431/4473/4282 4429/4826/4626
f 4429/4826/4626 4432/4829/4629 4430/4827/4627
f 4431/4473/4282 4432/4829/4629 4429/4826/4626
f 4432/4829/4629 4433/4477/4286 4430/4827/4627
f 4430/4827/4627 4433/4477/4286 4434/4830/4630
f 4431/4473/4282 4071/4474/4283 4432/4829/4629
f 4432/4829/4629 4071/4474/4283 4433/4477/4286
f 4434/4830/4630 4854/4831/4631 4852/4832/4632
f 4433/4477/4286 4435/4833/4633 4434/4830/4630
f 4434/4830/4630 4435/4833/4633 4854/4831/4631
f 4433/4477/4286 4074/4478/4287 4435/4833/4633
f 4854/4831/4631 4435/4833/4633 4436/4834/4634
f 4436/4834/4634 4437/4835/4635 4855/4836/4636
f 4435/4833/4633 4438/4837/4637 4439/4838/4638
f 4435/4833/4633 4439/4838/4638 4436/4834/4634
f 4436/4834/4634 4439/4838/4638 4437/4835/4635
f 4435/4833/4633 4074/4478/4287 4438/4837/4637
f 4439/4838/4638 4866/4839/4639 4437/4835/4635
f 4439/4838/4638 4438/4837/4637 4866/4839/4639
f 4074/4478/4287 4077/4481/4290 4438/4837/4637
f 4438/4837/4637 4440/4840/4640 4867/4841/4641
f 4438/4837/4637 4077/4481/4290 4440/4840/4640
f 4075/4480/4289 4441/4484/4293 4077/4481/4290
f 4077/4481/4290 4442/4842/4642 4440/4840/4640
f 4441/4484/4293 4442/4842/4642 4077/4481/4290
f 4079/4483/4292 4443/4487/4296 4441/4484/4293
f 4443/4487/4296 4442/4842/4642 4441/4484/4293
f 4080/4485/4294 4085/4494/4303 4081/4488/4297
f 4081/4488/4297 4444/4843/4643 4443/4487/4296
f 4081/4488/4297 4445/4844/4644 4444/4843/4643
f 4081/4488/4297 4085/4494/4303 4445/4844/4644
f 4082/4489/4298 4446/4845/4645 4085/4494/4303
f 4086/4495/4304 4090/4501/4310 4082/4489/4298
f 4085/4494/4303 4446/4845/4645 4445/4844/4644
f 4082/4489/4298 4090/4501/4310 4446/4845/4645
f 4088/4498/4307 4447/4846/4646 4091/4502/4311
f 4089/4499/4308 4447/4846/4646 4088/4498/4307
f 4089/4499/4308 4448/4847/4647 4447/4846/4646
f 4091/4502/4311 4449/4848/4648 4090/4501/4310
f 4091/4502/4311 4447/4846/4646 4449/4848/4648
f 4089/4499/4308 4450/4849/4649 4448/4847/4647
f 4092/4500/4309 4450/4849/4649 4089/4499/4308
f 4092/4500/4309 4093/4503/4312 4450/4849/4649
f 4093/4503/4312 4094/4504/4313 4095/4850/4650
f 4449/4848/4648 4506/4851/4651 4875/4852/4652
f 4447/4846/4646 4451/4853/4653 4449/4848/4648
f 4448/4847/4647 4451/4853/4653 4447/4846/4646
f 4450/4849/4649 4451/4853/4653 4448/4847/4647
f 4451/4853/4653 4504/4854/4654 4449/4848/4648
f 4451/4853/4653 4452/4855/4655 4504/4854/4654
f 4451/4853/4653 4450/4849/4649 4452/4855/4655
f 4093/4503/4312 4095/4850/4650 4450/4849/4649
f 4094/4504/4313 4453/4856/4656 4095/4850/4650
f 4094/4504/4313 4096/4506/4315 4453/4856/4656
f 4095/4850/4650 4503/4857/4657 4450/4849/4649
f 4095/4850/4650 4454/4858/4658 4503/4857/4657
f 4453/4856/4656 4454/4858/4658 4095/4850/4650
f 4096/4506/4315 4455/4859/4659 4453/4856/4656
f 4106/4512/4321 4455/4859/4659 4096/4506/4315
f 4097/4505/4314 4106/4512/4321 4096/4506/4315
f 4099/4507/4316 4102/4511/4320 4097/4505/4314
f 4503/4857/4657 4457/4860/4660 4456/4861/4661
f 4454/4858/4658 4457/4860/4660 4503/4857/4657
f 4453/4856/4656 4455/4859/4659 4454/4858/4658
f 4106/4512/4321 4105/4862/4662 4455/4859/4659
f 4454/4858/4658 4458/4863/4663 4457/4860/4660
f 4454/4858/4658 4459/4864/4664 4458/4863/4663
f 4455/4859/4659 4459/4864/4664 4454/4858/4658
f 4455/4859/4659 4460/4865/4665 4459/4864/4664
f 4105/4862/4662 4461/4866/4666 4455/4859/4659
f 4461/4866/4666 4460/4865/4665 4455/4859/4659
f 4462/4867/4667 4461/4866/4666 4105/4862/4662
f 4106/4512/4321 4462/4867/4667 4105/4862/4662
f 4102/4511/4320 4109/4518/4327 4106/4512/4321
f 4110/4516/4325 4109/4518/4327 4102/4511/4320
f 4459/4864/4664 4463/4868/4668 4458/4863/4663
f 4459/4864/4664 4464/4869/4669 4463/4868/4668
f 4460/4865/4665 4464/4869/4669 4459/4864/4664
f 4460/4865/4665 4461/4866/4666 4464/4869/4669
f 4106/4512/4321 4116/4519/4328 4462/4867/4667
f 4461/4866/4666 4465/4870/4670 4464/4869/4669
f 4461/4866/4666 4466/4871/4671 4465/4870/4670
f 4462/4867/4667 4466/4871/4671 4461/4866/4666
f 4462/4867/4667 4467/4525/4334 4466/4871/4671
f 4116/4519/4328 4467/4525/4334 4462/4867/4667
f 4113/4520/4329 4114/4522/4331 4109/4518/4327
f 4467/4525/4334 4468/4872/4672 4466/4871/4671
f 4471/4873/4673 4470/4565/4374 4469/4566/4375
f 4467/4525/4334 4472/4874/4674 4468/4872/4672
f 4120/4875/4675 4472/4874/4674 4467/4525/4334
f 4119/4524/4333 4120/4875/4675 4467/4525/4334
f 4465/4870/4670 4469/4566/4375 4476/4876/4676
f 4471/4873/4673 4469/4566/4375 4465/4870/4670
f 4466/4871/4671 4468/4872/4672 4471/4873/4673
f 4466/4871/4671 4471/4873/4673 4465/4870/4670
f 4478/4877/4677 4476/4876/4676 4477/4878/4678
f 4476/4876/4676 4473/4879/4679 4477/4878/4678
f 4477/4878/4678 4473/4879/4679 4479/4880/4680
f 4473/4879/4679 4474/4881/4681 4479/4880/4680
f 4479/4880/4680 4474/4881/4681 4475/4882/4682
f 4484/2770/2760 2545/2767/2757 2547/2771/2761
f 4479/4880/4680 4475/4882/4682 4480/2769/2759
f 4465/4870/4670 4476/4876/4676 4491/4883/4683
f 4491/4883/4683 4476/4876/4676 4478/4877/4677
f 4478/4877/4677 4477/4878/4678 4487/4884/4684
f 4487/4884/4684 4477/4878/4678 4481/4885/4685
f 4481/4885/4685 4477/4878/4678 4483/4886/4686
f 4477/4878/4678 4479/4880/4680 4483/4886/4686
f 4479/4880/4680 4480/2769/2759 4482/4887/4687
f 4491/4883/4683 4478/4877/4677 4487/4884/4684
f 4483/4886/4686 4479/4880/4680 4482/4887/4687
f 4482/4887/4687 4480/2769/2759 4484/2770/2760
f 4487/4884/4684 4481/4885/4685 4488/4888/4688
f 4488/4888/4688 4481/4885/4685 4483/4886/4686
f 4483/4886/4686 4482/4887/4687 4525/4889/4689
f 4530/4890/4690 4486/2775/2765 2553/2778/2768
f 4485/2777/2767 4486/2775/2765 4530/4890/4690
f 4484/2770/2760 4485/2777/2767 4524/4891/4691
f 4526/4892/4692 4484/2770/2760 4524/4891/4691
f 4482/4887/4687 4484/2770/2760 4526/4892/4692
f 4488/4888/4688 4483/4886/4686 4525/4889/4689
f 4494/4893/4693 4487/4884/4684 4488/4888/4688
f 4491/4883/4683 4487/4884/4684 4494/4893/4693
f 4490/4894/4694 4488/4888/4688 4489/4895/4695
f 4494/4893/4693 4488/4888/4688 4490/4894/4694
f 4463/4868/4668 4491/4883/4683 4494/4893/4693
f 4492/4896/4696 4490/4894/4694 4489/4895/4695
f 4496/4897/4697 4490/4894/4694 4492/4896/4696
f 4494/4893/4693 4490/4894/4694 4496/4897/4697
f 4464/4869/4669 4491/4883/4683 4463/4868/4668
f 4464/4869/4669 4465/4870/4670 4491/4883/4683
f 4495/4898/4698 4492/4896/4696 4493/4899/4699
f 4497/4900/4700 4492/4896/4696 4495/4898/4698
f 4497/4900/4700 4496/4897/4697 4492/4896/4696
f 4458/4863/4663 4463/4868/4668 4494/4893/4693
f 4499/4901/4701 4495/4898/4698 4516/4902/4702
f 4497/4900/4700 4495/4898/4698 4499/4901/4701
f 4457/4860/4660 4494/4893/4693 4496/4897/4697
f 4458/4863/4663 4494/4893/4693 4457/4860/4660
f 4456/4861/4661 4496/4897/4697 4497/4900/4700
f 4457/4860/4660 4496/4897/4697 4456/4861/4661
f 4500/4903/4703 4498/4904/4704 4512/4905/4705
f 4500/4903/4703 4499/4901/4701 4498/4904/4704
f 4501/4906/4706 4497/4900/4700 4499/4901/4701
f 4502/4907/4707 4497/4900/4700 4501/4906/4706
f 4456/4861/4661 4497/4900/4700 4502/4907/4707
f 4501/4906/4706 4499/4901/4701 4500/4903/4703
f 4452/4855/4655 4456/4861/4661 4502/4907/4707
f 4503/4857/4657 4456/4861/4661 4452/4855/4655
f 4504/4854/4654 4501/4906/4706 4506/4851/4651
f 4504/4854/4654 4502/4907/4707 4501/4906/4706
f 4452/4855/4655 4502/4907/4707 4504/4854/4654
f 4450/4849/4649 4503/4857/4657 4452/4855/4655
f 4449/4848/4648 4504/4854/4654 4506/4851/4651
f 4877/4908/4708 4508/4909/4709 4507/2810/2800
f 4877/4908/4708 4509/4910/4710 4508/4909/4709
f 4505/4911/4711 4509/4910/4710 4877/4908/4708
f 4505/4911/4711 4510/4912/4712 4509/4910/4710
f 4506/4851/4651 4510/4912/4712 4505/4911/4711
f 4506/4851/4651 4501/4906/4706 4510/4912/4712
f 4508/4909/4709 2582/2807/2797 4507/2810/2800
f 4509/4910/4710 4511/4913/4713 4508/4909/4709
f 4510/4912/4712 4511/4913/4713 4509/4910/4710
f 4501/4906/4706 4512/4905/4705 4510/4912/4712
f 4501/4906/4706 4500/4903/4703 4512/4905/4705
f 4508/4909/4709 4513/4914/4714 2582/2807/2797
f 4511/4913/4713 4513/4914/4714 4508/4909/4709
f 4510/4912/4712 4513/4914/4714 4511/4913/4713
f 4510/4912/4712 4514/4915/4715 4513/4914/4714
f 4512/4905/4705 4514/4915/4715 4510/4912/4712
f 4513/4914/4714 2578/2802/2792 2582/2807/2797
f 4512/4905/4705 4515/4916/4716 4514/4915/4715
f 4512/4905/4705 4498/4904/4704 4515/4916/4716
f 4513/4914/4714 4514/4915/4715 2578/2802/2792
f 4515/4916/4716 4518/4917/4717 4514/4915/4715
f 4498/4904/4704 4518/4917/4717 4515/4916/4716
f 4498/4904/4704 4516/4902/4702 4518/4917/4717
f 4499/4901/4701 4516/4902/4702 4498/4904/4704
f 2578/2802/2792 4517/2797/2787 2574/2796/2786
f 4514/4915/4715 4517/2797/2787 2578/2802/2792
f 4518/4917/4717 4517/2797/2787 4514/4915/4715
f 4516/4902/4702 4495/4898/4698 4518/4917/4717
f 4518/4917/4717 4519/2795/2785 4517/2797/2787
f 4517/2797/2787 4519/2795/2785 2571/2792/2782
f 4518/4917/4717 4520/4918/4718 4519/2795/2785
f 4495/4898/4698 4520/4918/4718 4518/4917/4717
f 4495/4898/4698 4521/4919/4719 4520/4918/4718
f 4493/4899/4699 4521/4919/4719 4495/4898/4698
f 4492/4896/4696 4489/4895/4695 4493/4899/4699
f 4493/4899/4699 4523/4920/4720 4521/4919/4719
f 4519/2795/2785 2568/2788/2778 2569/2790/2780
f 4520/4918/4718 2568/2788/2778 4519/2795/2785
f 4521/4919/4719 4522/4921/4721 4520/4918/4718
f 4523/4920/4720 4522/4921/4721 4521/4919/4719
f 4489/4895/4695 4523/4920/4720 4493/4899/4699
f 4523/4920/4720 4524/4891/4691 4522/4921/4721
f 4488/4888/4688 4525/4889/4689 4489/4895/4695
f 4489/4895/4695 4525/4889/4689 4526/4892/4692
f 4489/4895/4695 4526/4892/4692 4523/4920/4720
f 4523/4920/4720 4526/4892/4692 4524/4891/4691
f 4524/4891/4691 4527/4922/4722 4522/4921/4721
f 4522/4921/4721 4527/4922/4722 4528/4923/4723
f 4522/4921/4721 4528/4923/4723 4520/4918/4718
f 4520/4918/4718 4528/4923/4723 2568/2788/2778
f 4525/4889/4689 4482/4887/4687 4526/4892/4692
f 4528/4923/4723 4529/4924/4724 2568/2788/2778
f 2568/2788/2778 4529/4924/4724 2565/2789/2779
f 4528/4923/4723 4530/4890/4690 4529/4924/4724
f 4524/4891/4691 4485/2777/2767 4527/4922/4722
f 4527/4922/4722 4485/2777/2767 4528/4923/4723
f 4528/4923/4723 4485/2777/2767 4530/4890/4690
f 2565/2789/2779 4531/4925/4725 2566/2791/2781
f 2566/2791/2781 4531/4925/4725 2567/2786/2776
f 4529/4924/4724 4531/4925/4725 2565/2789/2779
f 4531/4925/4725 4532/2780/2770 2567/2786/2776
f 2567/2786/2776 4532/2780/2770 2561/2781/2771
f 4531/4925/4725 4533/2621/2611 4532/2780/2770
f 4530/4890/4690 2553/2778/2768 4529/4924/4724
f 4529/4924/4724 2553/2778/2768 2554/2779/2769
f 4529/4924/4724 2554/2779/2769 4531/4925/4725
f 4531/4925/4725 2554/2779/2769 4533/2621/2611
f 2873/4926/3120 2267/2484/2474 2871/4927/2477
f 1/7/3 1497/4928/1697 12/16/15
f 4534/4929/4726 3935/4930/4132 3933/4931/4131
f 4534/4929/4726 3955/4932/4155 3935/4930/4132
f 4535/4933/4727 3928/4934/4124 3927/4935/4123
f 4535/4933/4727 3933/4931/4131 3928/4934/4124
f 4536/4936/4728 3933/4931/4131 4535/4933/4727
f 4536/4936/4728 4534/4929/4726 3933/4931/4131
f 4540/4937/4476 4534/4929/4726 4536/4936/4728
f 4540/4937/4476 4260/4938/4475 4534/4929/4726
f 4260/4938/4475 3955/4932/4155 4534/4929/4726
f 4260/4938/4475 4261/4939/4477 3955/4932/4155
f 4537/4940/4729 3923/4941/4119 3932/4942/4130
f 4537/4940/4729 3927/4935/4123 3923/4941/4119
f 4538/4943/4730 3927/4935/4123 4537/4940/4729
f 4538/4943/4730 4535/4933/4727 3927/4935/4123
f 4539/4944/4731 4535/4933/4727 4538/4943/4730
f 4539/4944/4731 4536/4936/4728 4535/4933/4727
f 4540/4937/4476 4536/4936/4728 4539/4944/4731
f 4547/4945/4467 4253/4946/4466 4540/4937/4476
f 4541/4947/4732 3931/4948/4129 4542/4949/4733
f 4541/4947/4732 3932/4942/4130 3931/4948/4129
f 4543/4950/4734 3932/4942/4130 4541/4947/4732
f 4543/4950/4734 4537/4940/4729 3932/4942/4130
f 4544/4951/4735 4537/4940/4729 4543/4950/4734
f 4544/4951/4735 4538/4943/4730 4537/4940/4729
f 4545/4952/4736 4538/4943/4730 4544/4951/4735
f 4545/4952/4736 4539/4944/4731 4538/4943/4730
f 4546/4953/4737 4539/4944/4731 4545/4952/4736
f 4546/4953/4737 4540/4937/4476 4539/4944/4731
f 4547/4945/4467 4540/4937/4476 4546/4953/4737
f 4550/4954/4536 4252/4955/4465 4547/4945/4467
f 1534/1746/1736 1535/1743/1733 4558/4956/4738
f 4558/4956/4738 1535/1743/1733 4548/1745/1735
f 4548/1745/1735 4249/4957/4463 4549/4958/4739
f 4549/4958/4739 4249/4957/4463 4557/4959/4535
f 4550/4954/4536 4547/4945/4467 4551/4960/4740
f 4551/4960/4740 4547/4945/4467 4546/4953/4737
f 4551/4960/4740 4546/4953/4737 4552/4961/4741
f 4552/4961/4741 4546/4953/4737 4545/4952/4736
f 4552/4961/4741 4545/4952/4736 4553/4962/4742
f 4553/4962/4742 4545/4952/4736 4544/4951/4735
f 4553/4962/4742 4544/4951/4735 4554/4963/4743
f 4554/4963/4743 4544/4951/4735 4543/4950/4734
f 4555/4964/4744 4553/4962/4742 4554/4963/4743
f 4556/4965/4745 4553/4962/4742 4555/4964/4744
f 4556/4965/4745 4552/4961/4741 4553/4962/4742
f 4559/4966/4746 4552/4961/4741 4556/4965/4745
f 4559/4966/4746 4551/4960/4740 4552/4961/4741
f 4952/4967/4747 4551/4960/4740 4559/4966/4746
f 4952/4967/4747 4550/4954/4536 4551/4960/4740
f 4557/4959/4535 4550/4954/4536 4952/4967/4747
f 4560/4968/4748 4549/4958/4739 4557/4959/4535
f 4561/4969/4749 4549/4958/4739 4560/4968/4748
f 4561/4969/4749 4548/1745/1735 4549/4958/4739
f 4558/4956/4738 4548/1745/1735 4561/4969/4749
f 4562/4970/4750 1534/1746/1736 4558/4956/4738
f 4563/1738/1730 1534/1746/1736 4562/4970/4750
f 4577/4971/4751 4557/4959/4535 4952/4967/4747
f 4560/4968/4748 4557/4959/4535 4577/4971/4751
f 4565/4972/4752 4561/4969/4749 4560/4968/4748
f 4562/4970/4750 4558/4956/4738 4561/4969/4749
f 4576/4973/4753 4560/4968/4748 4577/4971/4751
f 4574/4974/4754 4560/4968/4748 4576/4973/4753
f 4574/4974/4754 4565/4972/4752 4560/4968/4748
f 4566/4975/4755 4561/4969/4749 4565/4972/4752
f 4566/4975/4755 4562/4970/4750 4561/4969/4749
f 4567/4976/4756 4562/4970/4750 4566/4975/4755
f 4567/4976/4756 4563/1738/1730 4562/4970/4750
f 4567/4976/4756 4564/1748/1738 4563/1738/1730
f 4568/4977/4757 4564/1748/1738 4567/4976/4756
f 4568/4977/4757 1546/1751/1741 4564/1748/1738
f 4569/4978/4758 4565/4972/4752 4574/4974/4754
f 4566/4975/4755 4565/4972/4752 4569/4978/4758
f 4568/4977/4757 1547/1756/1746 1546/1751/1741
f 4570/1759/1749 1547/1756/1746 4568/4977/4757
f 4572/4979/4759 4566/4975/4755 4569/4978/4758
f 4572/4979/4759 4567/4976/4756 4566/4975/4755
f 4570/1759/1749 4567/4976/4756 4572/4979/4759
f 4570/1759/1749 4568/4977/4757 4567/4976/4756
f 4572/4979/4759 4569/4978/4758 4575/4980/4760
f 4573/4981/4761 4572/4979/4759 4575/4980/4760
f 4571/1760/1750 4570/1759/1749 4572/4979/4759
f 4571/1760/1750 4572/4979/4759 4573/4981/4761
f 1552/1761/1751 4571/1760/1750 4573/4981/4761
f 4584/4982/4762 4574/4974/4754 4576/4973/4753
f 4575/4980/4760 4574/4974/4754 4584/4982/4762
f 4579/4983/4763 4575/4980/4760 4584/4982/4762
f 4580/4984/4764 4575/4980/4760 4579/4983/4763
f 4573/4981/4761 4575/4980/4760 4580/4984/4764
f 1552/1761/1751 4573/4981/4761 4580/4984/4764
f 1553/1762/1752 1552/1761/1751 4580/4984/4764
f 1553/1762/1752 4580/4984/4764 1554/1764/1754
f 4583/4985/4765 4577/4971/4751 4578/4986/4766
f 4576/4973/4753 4577/4971/4751 4583/4985/4765
f 4591/4987/4767 4576/4973/4753 4583/4985/4765
f 4584/4982/4762 4576/4973/4753 4591/4987/4767
f 4581/4988/4768 4578/4986/4766 4582/4989/4769
f 4583/4985/4765 4578/4986/4766 4581/4988/4768
f 4586/4990/4770 4579/4983/4763 4584/4982/4762
f 4580/4984/4764 4579/4983/4763 4586/4990/4770
f 1554/1764/1754 4580/4984/4764 4586/4990/4770
f 4587/4991/4771 4582/4989/4769 4585/4992/4772
f 4581/4988/4768 4582/4989/4769 4587/4991/4771
f 4589/4993/4773 4581/4988/4768 4587/4991/4771
f 4583/4985/4765 4581/4988/4768 4589/4993/4773
f 4590/4994/4774 4583/4985/4765 4589/4993/4773
f 4591/4987/4767 4583/4985/4765 4590/4994/4774
f 4594/4995/4775 4584/4982/4762 4591/4987/4767
f 4586/4990/4770 4584/4982/4762 4594/4995/4775
f 1555/1765/1755 1554/1764/1754 4586/4990/4770
f 4587/4991/4771 4585/4992/4772 4588/4996/4776
f 4589/4993/4773 4587/4991/4771 4592/4997/4777
f 1555/1765/1755 4586/4990/4770 4597/4998/4778
f 1557/1770/1760 1556/1767/1757 4597/4998/4778
f 1556/1767/1757 1555/1765/1755 4597/4998/4778
f 4594/4995/4775 4591/4987/4767 4595/4999/4779
f 4595/4999/4779 4591/4987/4767 4603/5000/4780
f 4591/4987/4767 4590/4994/4774 4603/5000/4780
f 4603/5000/4780 4590/4994/4774 4596/5001/4781
f 4590/4994/4774 4589/4993/4773 4596/5001/4781
f 4596/5001/4781 4589/4993/4773 4592/4997/4777
f 4592/4997/4777 4587/4991/4771 4593/5002/4782
f 4587/4991/4771 4588/4996/4776 4593/5002/4782
f 4597/4998/4778 4586/4990/4770 4594/4995/4775
f 4596/5001/4781 4592/4997/4777 4604/5003/4783
f 4604/5003/4783 4592/4997/4777 4598/5004/4784
f 4592/4997/4777 4593/5002/4782 4598/5004/4784
f 4598/5004/4784 4593/5002/4782 4599/5005/4785
f 4599/5005/4785 4593/5002/4782 4600/5006/4786
f 4593/5002/4782 4588/4996/4776 4600/5006/4786
f 1557/1770/1760 4597/4998/4778 4609/5007/4787
f 4597/4998/4778 4594/4995/4775 4601/5008/4788
f 4601/5008/4788 4594/4995/4775 4602/5009/4789
f 4594/4995/4775 4595/4999/4779 4602/5009/4789
f 4602/5009/4789 4595/4999/4779 4603/5000/4780
f 4603/5000/4780 4596/5001/4781 4615/5010/4790
f 4615/5010/4790 4596/5001/4781 4604/5003/4783
f 4604/5003/4783 4598/5004/4784 4605/5011/4791
f 4609/5007/4787 4597/4998/4778 4601/5008/4788
f 4604/5003/4783 4605/5011/4791 4611/5012/4792
f 4605/5011/4791 4598/5004/4784 4606/5013/4793
f 4598/5004/4784 4599/5005/4785 4606/5013/4793
f 4599/5005/4785 4600/5006/4786 4606/5013/4793
f 4606/5013/4793 4600/5006/4786 4607/5014/4794
f 4621/5015/4795 1557/1770/1760 4609/5007/4787
f 4609/5007/4787 4601/5008/4788 4613/5016/4796
f 4613/5016/4796 4601/5008/4788 4610/5017/4797
f 4601/5008/4788 4602/5009/4789 4610/5017/4797
f 4610/5017/4797 4602/5009/4789 4614/5018/4798
f 4602/5009/4789 4603/5000/4780 4614/5018/4798
f 4614/5018/4798 4603/5000/4780 4615/5010/4790
f 4615/5010/4790 4604/5003/4783 4682/5019/4799
f 4682/5019/4799 4604/5003/4783 4686/5020/4800
f 4604/5003/4783 4611/5012/4792 4686/5020/4800
f 4611/5012/4792 4605/5011/4791 4616/5021/4801
f 4605/5011/4791 4606/5013/4793 4616/5021/4801
f 4616/5021/4801 4606/5013/4793 4617/5022/4802
f 4617/5022/4802 4606/5013/4793 4618/5023/4803
f 4606/5013/4793 4607/5014/4794 4618/5023/4803
f 4618/5023/4803 4607/5014/4794 4612/5024/4804
f 4607/5014/4794 4608/5025/4805 4612/5024/4804
f 4612/5024/4804 4608/5025/4805 4620/5026/4806
f 1558/1768/1758 1557/1770/1760 4621/5015/4795
f 4621/5015/4795 4609/5007/4787 4622/5027/4807
f 4622/5027/4807 4609/5007/4787 4613/5016/4796
f 4613/5016/4796 4610/5017/4797 4623/5028/4808
f 4623/5028/4808 4610/5017/4797 4614/5018/4798
f 4686/5020/4800 4611/5012/4792 4616/5021/4801
f 4618/5023/4803 4612/5024/4804 4619/5029/4809
f 4619/5029/4809 4612/5024/4804 4620/5026/4806
f 4622/5027/4807 4613/5016/4796 4623/5028/4808
f 4623/5028/4808 4614/5018/4798 4624/5030/4810
f 4614/5018/4798 4615/5010/4790 4624/5030/4810
f 4624/5030/4810 4615/5010/4790 4682/5019/4799
f 1562/1772/1762 1558/1768/1758 4628/5031/4811
f 1558/1768/1758 4621/5015/4795 4628/5031/4811
f 4628/5031/4811 4621/5015/4795 4626/5032/4812
f 4621/5015/4795 4622/5027/4807 4626/5032/4812
f 4626/5032/4812 4622/5027/4807 4627/5033/4813
f 4622/5027/4807 4623/5028/4808 4627/5033/4813
f 4627/5033/4813 4623/5028/4808 4625/5034/4814
f 4623/5028/4808 4624/5030/4810 4625/5034/4814
f 4624/5030/4810 4682/5019/4799 4630/5035/4815
f 4625/5034/4814 4624/5030/4810 4629/5036/4816
f 4629/5036/4816 4624/5030/4810 4630/5035/4815
f 4630/5035/4815 4682/5019/4799 4632/5037/4817
f 4627/5033/4813 4625/5034/4814 4631/5038/4818
f 4631/5038/4818 4625/5034/4814 4629/5036/4816
f 4628/5031/4811 4626/5032/4812 4634/5039/4819
f 4634/5039/4819 4626/5032/4812 4639/5040/4820
f 4626/5032/4812 4627/5033/4813 4639/5040/4820
f 4639/5040/4820 4627/5033/4813 4631/5038/4818
f 1562/1772/1762 4628/5031/4811 4640/1774/1764
f 4640/1774/1764 4628/5031/4811 4636/5041/4821
f 4636/5041/4821 4628/5031/4811 4634/5039/4819
f 4631/5038/4818 4629/5036/4816 4633/5042/4822
f 4629/5036/4816 4630/5035/4815 4633/5042/4822
f 4633/5042/4822 4630/5035/4815 4632/5037/4817
f 4639/5040/4820 4631/5038/4818 4637/5043/4823
f 4633/5042/4822 4632/5037/4817 4638/5044/4824
f 4637/5043/4823 4631/5038/4818 4635/5045/4825
f 4631/5038/4818 4633/5042/4822 4635/5045/4825
f 4635/5045/4825 4633/5042/4822 4638/5044/4824
f 4636/5041/4821 4634/5039/4819 4639/5040/4820
f 4637/5043/4823 4635/5045/4825 4643/5046/4826
f 4635/5045/4825 4638/5044/4824 4643/5046/4826
f 4636/5041/4821 4639/5040/4820 4641/5047/4827
f 4642/5048/4828 4640/1774/1764 4641/5047/4827
f 4640/1774/1764 4636/5041/4821 4641/5047/4827
f 4639/5040/4820 4637/5043/4823 4641/5047/4827
f 4641/5047/4827 4637/5043/4823 4643/5046/4826
f 1565/1776/1766 4640/1774/1764 4642/5048/4828
f 4642/5048/4828 4641/5047/4827 4644/5049/4829
f 1565/1776/1766 4642/5048/4828 1566/1778/1768
f 1566/1778/1768 4642/5048/4828 4644/5049/4829
f 4644/5049/4829 4641/5047/4827 4651/5050/4830
f 4641/5047/4827 4643/5046/4826 4651/5050/4830
f 4645/5051/4831 1566/1778/1768 4644/5049/4829
f 4644/5049/4829 4651/5050/4830 4646/5052/4832
f 1567/1142/1141 1566/1778/1768 4645/5051/4831
f 4645/5051/4831 4644/5049/4829 4646/5052/4832
f 1569/1779/1769 4645/5051/4831 4646/5052/4832
f 1567/1142/1141 4645/5051/4831 1569/1779/1769
f 1569/1779/1769 4646/5052/4832 4647/5053/4833
f 1567/1142/1141 1569/1779/1769 986/1123/1122
f 1569/1779/1769 4647/5053/4833 988/1143/1142
f 988/1143/1142 4647/5053/4833 990/1144/1143
f 990/1144/1143 4647/5053/4833 987/1147/1146
f 990/1144/1143 987/1147/1146 992/1146/1145
f 987/1147/1146 4648/5054/4834 989/5055/4835
f 989/5055/4835 4648/5054/4834 3088/3391/3346
f 3088/3391/3346 4648/5054/4834 3089/3339/3294
f 4648/5054/4834 4649/3337/3292 3089/3339/3294
f 987/1147/1146 4647/5053/4833 4648/5054/4834
f 4647/5053/4833 4650/5056/4836 4648/5054/4834
f 4648/5054/4834 4650/5056/4836 4649/3337/3292
f 4649/3337/3292 4650/5056/4836 3033/3338/3293
f 3033/3338/3293 4654/5057/4837 3089/3339/3294
f 3089/3339/3294 4654/5057/4837 3030/3331/3286
f 4646/5052/4832 4651/5050/4830 4647/5053/4833
f 4647/5053/4833 4651/5050/4830 4650/5056/4836
f 4650/5056/4836 4652/5058/4838 3033/3338/3293
f 4651/5050/4830 4653/5059/4839 4650/5056/4836
f 4650/5056/4836 4653/5059/4839 4652/5058/4838
f 4652/5058/4838 4654/5057/4837 3033/3338/3293
f 4651/5050/4830 4655/5060/4840 4653/5059/4839
f 4652/5058/4838 4657/5061/4841 4654/5057/4837
f 4654/5057/4837 3025/3328/3283 3030/3331/3286
f 4651/5050/4830 4643/5046/4826 4655/5060/4840
f 4655/5060/4840 4656/5062/4842 4653/5059/4839
f 4656/5062/4842 4652/5058/4838 4653/5059/4839
f 4654/5057/4837 4658/5063/4843 3025/3328/3283
f 4657/5061/4841 4661/5064/4844 4654/5057/4837
f 4661/5064/4844 4659/5065/4845 4654/5057/4837
f 4654/5057/4837 4659/5065/4845 4658/5063/4843
f 4643/5046/4826 4660/5066/4846 4655/5060/4840
f 4655/5060/4840 4660/5066/4846 4656/5062/4842
f 4656/5062/4842 4663/5067/4847 4652/5058/4838
f 4663/5067/4847 4661/5064/4844 4652/5058/4838
f 4652/5058/4838 4661/5064/4844 4657/5061/4841
f 4661/5064/4844 4662/5068/4848 4659/5065/4845
f 4660/5066/4846 4663/5067/4847 4656/5062/4842
f 4663/5067/4847 4664/5069/4849 4661/5064/4844
f 4661/5064/4844 4664/5069/4849 4662/5068/4848
f 4664/5069/4849 4667/5070/4850 4662/5068/4848
f 4667/5070/4850 4665/5071/4851 4662/5068/4848
f 4662/5068/4848 4665/5071/4851 4659/5065/4845
f 4659/5065/4845 4666/5072/4852 4658/5063/4843
f 4658/5063/4843 4666/5072/4852 3025/3328/3283
f 4666/5072/4852 3018/3319/3274 3025/3328/3283
f 4643/5046/4826 4638/5044/4824 4660/5066/4846
f 4660/5066/4846 4664/5069/4849 4663/5067/4847
f 4665/5071/4851 4668/5073/4853 4659/5065/4845
f 4659/5065/4845 4668/5073/4853 4666/5072/4852
f 4638/5044/4824 4664/5069/4849 4660/5066/4846
f 4664/5069/4849 4672/5074/4854 4667/5070/4850
f 4667/5070/4850 4669/5075/4855 4665/5071/4851
f 4669/5075/4855 4670/5076/4856 4665/5071/4851
f 4665/5071/4851 4670/5076/4856 4668/5073/4853
f 4666/5072/4852 3013/3320/3275 3018/3319/3274
f 4638/5044/4824 4672/5074/4854 4664/5069/4849
f 4672/5074/4854 4669/5075/4855 4667/5070/4850
f 4669/5075/4855 4671/5077/4857 4670/5076/4856
f 4668/5073/4853 3013/3320/3275 4666/5072/4852
f 4672/5074/4854 4673/5078/4858 4669/5075/4855
f 4673/5078/4858 4671/5077/4857 4669/5075/4855
f 4638/5044/4824 4632/5037/4817 4672/5074/4854
f 4632/5037/4817 4674/5079/4859 4672/5074/4854
f 4672/5074/4854 4674/5079/4859 4673/5078/4858
f 4673/5078/4858 4675/5080/4860 4671/5077/4857
f 4675/5080/4860 4676/5081/4861 4671/5077/4857
f 4671/5077/4857 4676/5081/4861 4670/5076/4856
f 4668/5073/4853 4677/3314/3269 3013/3320/3275
f 3013/3320/3275 4677/3314/3269 3015/3317/3272
f 4674/5079/4859 4678/5082/4862 4673/5078/4858
f 4673/5078/4858 4678/5082/4862 4675/5080/4860
f 4676/5081/4861 4679/5083/4863 4670/5076/4856
f 4670/5076/4856 4679/5083/4863 4668/5073/4853
f 4679/5083/4863 4680/5084/4864 4668/5073/4853
f 4668/5073/4853 4680/5084/4864 4677/3314/3269
f 4678/5082/4862 4681/5085/4865 4675/5080/4860
f 4675/5080/4860 4681/5085/4865 4676/5081/4861
f 4680/5084/4864 3010/3310/3265 4677/3314/3269
f 4632/5037/4817 4682/5019/4799 4674/5079/4859
f 4674/5079/4859 4683/5086/4866 4678/5082/4862
f 4678/5082/4862 4683/5086/4866 4681/5085/4865
f 4681/5085/4865 4684/5087/4867 4676/5081/4861
f 4676/5081/4861 4684/5087/4867 4679/5083/4863
f 4680/5084/4864 3011/3311/3266 3010/3310/3265
f 4685/3313/3268 4693/5088/4868 3009/3308/3263
f 4682/5019/4799 4686/5020/4800 4674/5079/4859
f 4686/5020/4800 4687/5089/4869 4674/5079/4859
f 4674/5079/4859 4687/5089/4869 4683/5086/4866
f 4687/5089/4869 4688/5090/4870 4683/5086/4866
f 4683/5086/4866 4688/5090/4870 4681/5085/4865
f 4688/5090/4870 4689/5091/4871 4681/5085/4865
f 4681/5085/4865 4689/5091/4871 4684/5087/4867
f 4684/5087/4867 4690/5092/4872 4679/5083/4863
f 4679/5083/4863 4690/5092/4872 4680/5084/4864
f 4690/5092/4872 4691/5093/4873 4680/5084/4864
f 4680/5084/4864 4691/5093/4873 3011/3311/3266
f 4691/5093/4873 4692/5094/4874 3011/3311/3266
f 3011/3311/3266 4692/5094/4874 4685/3313/3268
f 4692/5094/4874 4693/5088/4868 4685/3313/3268
f 4689/5091/4871 4694/5095/4875 4684/5087/4867
f 4684/5087/4867 4694/5095/4875 4690/5092/4872
f 4694/5095/4875 4695/5096/4876 4690/5092/4872
f 4690/5092/4872 4695/5096/4876 4691/5093/4873
f 4695/5096/4876 4696/5097/4877 4691/5093/4873
f 4691/5093/4873 4696/5097/4877 4692/5094/4874
f 4686/5020/4800 4616/5021/4801 4687/5089/4869
f 4687/5089/4869 4616/5021/4801 4688/5090/4870
f 4616/5021/4801 4617/5022/4802 4688/5090/4870
f 4688/5090/4870 4617/5022/4802 4689/5091/4871
f 4617/5022/4802 4618/5023/4803 4689/5091/4871
f 4689/5091/4871 4618/5023/4803 4694/5095/4875
f 4618/5023/4803 4619/5029/4809 4694/5095/4875
f 4694/5095/4875 4619/5029/4809 4695/5096/4876
f 4619/5029/4809 4620/5026/4806 4695/5096/4876
f 4695/5096/4876 4620/5026/4806 4696/5097/4877
f 4693/5088/4868 3008/3309/3264 3009/3308/3263
f 4693/5088/4868 4697/5098/4878 3008/3309/3264
f 4692/5094/4874 4697/5098/4878 4693/5088/4868
f 4692/5094/4874 4698/5099/4879 4697/5098/4878
f 4696/5097/4877 4698/5099/4879 4692/5094/4874
f 4696/5097/4877 4699/5100/4880 4698/5099/4879
f 4620/5026/4806 4699/5100/4880 4696/5097/4877
f 4620/5026/4806 4700/5101/4881 4699/5100/4880
f 4608/5025/4805 4700/5101/4881 4620/5026/4806
f 4608/5025/4805 4701/5102/4882 4700/5101/4881
f 4607/5014/4794 4701/5102/4882 4608/5025/4805
f 4607/5014/4794 4702/5103/4883 4701/5102/4882
f 4600/5006/4786 4702/5103/4883 4607/5014/4794
f 4600/5006/4786 4703/5104/4884 4702/5103/4883
f 4588/4996/4776 4703/5104/4884 4600/5006/4786
f 3008/3309/3264 4704/3305/3260 3004/3303/3258
f 3008/3309/3264 4705/5105/4885 4704/3305/3260
f 4697/5098/4878 4705/5105/4885 3008/3309/3264
f 4697/5098/4878 4706/5106/4886 4705/5105/4885
f 4698/5099/4879 4706/5106/4886 4697/5098/4878
f 4698/5099/4879 4707/5107/4887 4706/5106/4886
f 4699/5100/4880 4707/5107/4887 4698/5099/4879
f 4699/5100/4880 4708/5108/4888 4707/5107/4887
f 4700/5101/4881 4708/5108/4888 4699/5100/4880
f 4700/5101/4881 4709/5109/4889 4708/5108/4888
f 4701/5102/4882 4709/5109/4889 4700/5101/4881
f 4701/5102/4882 4710/5110/4890 4709/5109/4889
f 4702/5103/4883 4710/5110/4890 4701/5102/4882
f 4704/3305/3260 4711/5111/4891 3001/3304/3259
f 4705/5105/4885 4711/5111/4891 4704/3305/3260
f 4705/5105/4885 4712/5112/4892 4711/5111/4891
f 4706/5106/4886 4712/5112/4892 4705/5105/4885
f 4706/5106/4886 4713/5113/4893 4712/5112/4892
f 4706/5106/4886 4714/5114/4894 4713/5113/4893
f 4707/5107/4887 4714/5114/4894 4706/5106/4886
f 4707/5107/4887 4715/5115/4895 4714/5114/4894
f 4708/5108/4888 4715/5115/4895 4707/5107/4887
f 4708/5108/4888 4716/5116/4896 4715/5115/4895
f 4709/5109/4889 4716/5116/4896 4708/5108/4888
f 3000/3299/3254 4717/5117/4897 2995/3295/3250
f 3001/3304/3259 4717/5117/4897 3000/3299/3254
f 3001/3304/3259 4718/5118/4898 4717/5117/4897
f 4711/5111/4891 4718/5118/4898 3001/3304/3259
f 4711/5111/4891 4719/5119/4899 4718/5118/4898
f 4711/5111/4891 4720/5120/4900 4719/5119/4899
f 4712/5112/4892 4720/5120/4900 4711/5111/4891
f 4712/5112/4892 4721/5121/4901 4720/5120/4900
f 4712/5112/4892 4722/5122/4902 4721/5121/4901
f 4713/5113/4893 4722/5122/4902 4712/5112/4892
f 4713/5113/4893 4723/5123/4903 4722/5122/4902
f 4714/5114/4894 4723/5123/4903 4713/5113/4893
f 4714/5114/4894 4724/5124/4904 4723/5123/4903
f 4715/5115/4895 4724/5124/4904 4714/5114/4894
f 2999/3293/3248 2994/3296/3251 2984/3292/3247
f 2995/3295/3250 4725/5125/4905 2994/3296/3251
f 4717/5117/4897 4725/5125/4905 2995/3295/3250
f 4722/5122/4902 4726/5126/4906 4721/5121/4901
f 4721/5121/4901 4726/5126/4906 4720/5120/4900
f 4720/5120/4900 4726/5126/4906 4727/5127/4907
f 4720/5120/4900 4727/5127/4907 4719/5119/4899
f 4719/5119/4899 4727/5127/4907 4718/5118/4898
f 4718/5118/4898 4727/5127/4907 4728/5128/4908
f 4718/5118/4898 4728/5128/4908 4717/5117/4897
f 4717/5117/4897 4728/5128/4908 4729/5129/4909
f 4717/5117/4897 4729/5129/4909 4725/5125/4905
f 2994/3296/3251 4725/5125/4905 4730/5130/4910
f 2994/3296/3251 4730/5130/4910 2984/3292/3247
f 2986/3283/3238 2971/3270/3225 2983/3282/3237
f 2986/3283/3238 2973/3272/3227 2971/3270/3225
f 2985/3290/3245 2973/3272/3227 2986/3283/3238
f 2985/3290/3245 2975/3274/3229 2973/3272/3227
f 2984/3292/3247 2975/3274/3229 2985/3290/3245
f 2984/3292/3247 2977/3276/3231 2975/3274/3229
f 4730/5130/4910 2977/3276/3231 2984/3292/3247
f 4725/5125/4905 4729/5129/4909 4730/5130/4910
f 4728/5128/4908 4731/5131/4911 4729/5129/4909
f 4727/5127/4907 4732/5132/4912 4728/5128/4908
f 4730/5130/4910 2978/3277/3232 2977/3276/3231
f 4730/5130/4910 4733/5133/4913 2978/3277/3232
f 4729/5129/4909 4733/5133/4913 4730/5130/4910
f 4729/5129/4909 4734/5134/4914 4733/5133/4913
f 4731/5131/4911 4734/5134/4914 4729/5129/4909
f 4728/5128/4908 4734/5134/4914 4731/5131/4911
f 4728/5128/4908 4735/5135/4915 4734/5134/4914
f 4732/5132/4912 4735/5135/4915 4728/5128/4908
f 4732/5132/4912 4736/5136/4539 4735/5135/4915
f 4737/5137/4916 4736/5136/4539 4732/5132/4912
f 4737/5137/4916 4335/5138/4537 4736/5136/4539
f 4738/5139/4917 4335/5138/4537 4737/5137/4916
f 4738/5139/4917 4337/5140/4144 4335/5138/4537
f 2972/3271/3226 4739/5141/4918 2967/3269/3224
f 2974/3273/3228 4739/5141/4918 2972/3271/3226
f 2974/3273/3228 4740/5142/4919 4739/5141/4918
f 2976/3275/3230 4740/5142/4919 2974/3273/3228
f 2976/3275/3230 4741/5143/4920 4740/5142/4919
f 2978/3277/3232 4741/5143/4920 2976/3275/3230
f 2978/3277/3232 4347/5144/4548 4741/5143/4920
f 4733/5133/4913 4347/5144/4548 2978/3277/3232
f 4733/5133/4913 4345/5145/4545 4347/5144/4548
f 4734/5134/4914 4345/5145/4545 4733/5133/4913
f 4734/5134/4914 4342/5146/4544 4345/5145/4545
f 4735/5135/4915 4342/5146/4544 4734/5134/4914
f 4735/5135/4915 4341/5147/4542 4342/5146/4544
f 4736/5136/4539 4341/5147/4542 4735/5135/4915
f 4736/5136/4539 4340/5148/4541 4341/5147/4542
f 4249/4957/4463 4333/5149/4471 4557/4959/4535
f 4249/4957/4463 4250/5150/4464 4333/5149/4471
f 2849/5151/3099 2614/2853/2837 2615/2855/2839
f 2849/5151/3099 2612/2851/2835 2614/2853/2837
f 2850/5152/3100 2612/2851/2835 2849/5151/3099
f 2850/5152/3100 2610/2849/2833 2612/2851/2835
f 2960/5153/3214 4743/5154/4921 4742/5155/4922
f 2960/5153/3214 4742/5155/4922 2958/5156/3212
f 2958/5156/3212 4742/5155/4922 4744/5157/4923
f 2958/5156/3212 4744/5157/4923 2963/5158/3217
f 2963/5158/3217 4744/5157/4923 4745/5159/4924
f 2963/5158/3217 4745/5159/4924 2962/5160/3216
f 2962/5160/3216 4745/5159/4924 4746/5161/4925
f 2962/5160/3216 4746/5161/4925 2961/5162/3215
f 2961/5162/3215 4746/5161/4925 4747/5163/4926
f 4748/2500/2490 4747/5163/4926 2285/2502/2492
f 4748/2500/2490 2285/2502/2492 2281/2498/2488
f 2283/2501/2491 4747/5163/4926 4748/2500/2490
f 2954/5164/3208 4747/5163/4926 2283/2501/2491
f 2954/5164/3208 2961/5162/3215 4747/5163/4926
f 4747/5163/4926 2289/2507/2497 2285/2502/2492
f 4747/5163/4926 4749/5165/4927 2289/2507/2497
f 4746/5161/4925 4749/5165/4927 4747/5163/4926
f 4744/5157/4923 4746/5161/4925 4745/5159/4924
f 4744/5157/4923 4750/5166/4928 4746/5161/4925
f 4742/5155/4922 4750/5166/4928 4744/5157/4923
f 4742/5155/4922 4751/5167/4929 4750/5166/4928
f 4743/5154/4921 4751/5167/4929 4742/5155/4922
f 4743/5154/4921 4752/5168/4930 4751/5167/4929
f 4753/5169/4931 4752/5168/4930 4743/5154/4921
f 2289/2507/2497 4754/5170/4932 2291/2509/2499
f 4749/5165/4927 4754/5170/4932 2289/2507/2497
f 4749/5165/4927 4755/5171/4933 4754/5170/4932
f 4746/5161/4925 4755/5171/4933 4749/5165/4927
f 4746/5161/4925 4756/5172/4934 4755/5171/4933
f 4746/5161/4925 4757/5173/4935 4756/5172/4934
f 4750/5166/4928 4757/5173/4935 4746/5161/4925
f 4751/5167/4929 4758/5174/4936 4750/5166/4928
f 4752/5168/4930 4758/5174/4936 4751/5167/4929
f 2291/2509/2499 4759/5175/4937 2294/2512/2502
f 4754/5170/4932 4759/5175/4937 2291/2509/2499
f 4755/5171/4933 4759/5175/4937 4754/5170/4932
f 4755/5171/4933 4760/5176/4938 4759/5175/4937
f 4756/5172/4934 4760/5176/4938 4755/5171/4933
f 4756/5172/4934 4761/5177/4939 4760/5176/4938
f 4757/5173/4935 4761/5177/4939 4756/5172/4934
f 4750/5166/4928 4761/5177/4939 4757/5173/4935
f 4750/5166/4928 4762/5178/4940 4761/5177/4939
f 4758/5174/4936 4762/5178/4940 4750/5166/4928
f 4760/5176/4938 4763/5179/4941 4759/5175/4937
f 4759/5175/4937 4763/5179/4941 4764/5180/4942
f 4759/5175/4937 4764/5180/4942 2294/2512/2502
f 2294/2512/2502 4764/5180/4942 4765/2513/2503
f 2294/2512/2502 4765/2513/2503 2293/2511/2501
f 4831/5181/4943 4767/5182/4944 4766/5183/4945
f 4831/5181/4943 4766/5183/4945 4763/5179/4941
f 4763/5179/4941 4766/5183/4945 4764/5180/4942
f 4764/5180/4942 4768/5184/4946 2301/2519/2509
f 4764/5180/4942 2301/2519/2509 4765/2513/2503
f 4765/2513/2503 2301/2519/2509 2296/2514/2504
f 4769/5185/4947 4770/5186/4948 4768/5184/4946
f 4771/5187/4949 4772/5188/4950 4769/5185/4947
f 4768/5184/4946 4770/5186/4948 4773/5189/4951
f 4768/5184/4946 4773/5189/4951 2301/2519/2509
f 2301/2519/2509 4773/5189/4951 2300/2518/2508
f 4770/5186/4948 4774/5190/4952 4773/5189/4951
f 4773/5189/4951 2302/2520/2510 2300/2518/2508
f 4773/5189/4951 4774/5190/4952 2302/2520/2510
f 4774/5190/4952 4775/2526/2516 2302/2520/2510
f 4774/5190/4952 4844/5191/4953 4776/5192/4954
f 4774/5190/4952 4776/5192/4954 4775/2526/2516
f 4776/5192/4954 4777/5193/4955 4775/2526/2516
f 4775/2526/2516 4777/5193/4955 4778/2533/2523
f 4775/2526/2516 4778/2533/2523 2306/2527/2517
f 2306/2527/2517 4778/2533/2523 2307/2528/2518
f 4776/5192/4954 4779/5194/4956 4780/5195/4957
f 4776/5192/4954 4780/5195/4957 4777/5193/4955
f 4777/5193/4955 4780/5195/4957 4778/2533/2523
f 4780/5195/4957 4781/2535/2525 4778/2533/2523
f 4778/2533/2523 4781/2535/2525 2309/2530/2520
f 4782/5196/4958 4783/5197/4959 4779/5194/4956
f 4779/5194/4956 4783/5197/4959 4780/5195/4957
f 4780/5195/4957 4783/5197/4959 4781/2535/2525
f 4782/5196/4958 4784/5198/4960 4783/5197/4959
f 4783/5197/4959 4784/5198/4960 4785/5199/4961
f 4783/5197/4959 4785/5199/4961 4781/2535/2525
f 4781/2535/2525 4785/5199/4961 2311/2536/2526
f 2309/2530/2520 2311/2536/2526 2313/2537/2527
f 4785/5199/4961 4853/5200/4962 2311/2536/2526
f 4853/5200/4962 4786/5201/4963 2311/2536/2526
f 2311/2536/2526 4786/5201/4963 2313/2537/2527
f 4786/5201/4963 2312/2538/2528 2313/2537/2527
f 4786/5201/4963 4787/5202/4964 2312/2538/2528
f 4787/5202/4964 2314/2539/2529 2312/2538/2528
f 2314/2539/2529 4858/5203/4965 4788/2541/2531
f 4858/5203/4965 4859/5204/4966 4788/2541/2531
f 4861/5205/4967 4789/2545/2535 2315/2542/2532
f 4861/5205/4967 4885/5206/4968 4789/2545/2535
f 4789/2545/2535 4790/5207/4969 4802/5208/4970
f 4885/5206/4968 4790/5207/4969 4789/2545/2535
f 4885/5206/4968 4883/5209/4971 4790/5207/4969
f 4883/5209/4971 4791/5210/4972 4790/5207/4969
f 4792/5211/4973 4791/5210/4972 4883/5209/4971
f 4881/5212/4974 4794/2814/2804 4792/5211/4973
f 4792/5211/4973 4793/2811/2801 4791/5210/4972
f 4794/2814/2804 4793/2811/2801 4792/5211/4973
f 4795/5213/4975 4794/2814/2804 4881/5212/4974
f 4795/5213/4975 4796/2812/2802 4794/2814/2804
f 4791/5210/4972 4799/2554/2544 4797/2548/2538
f 4791/5210/4972 4798/2813/2803 4799/2554/2544
f 4793/2811/2801 4798/2813/2803 4791/5210/4972
f 4799/2554/2544 2325/2549/2539 4797/2548/2538
f 4790/5207/4969 4797/2548/2538 4802/5208/4970
f 4791/5210/4972 4797/2548/2538 4790/5207/4969
f 2315/2542/2532 4789/2545/2535 2316/2544/2534
f 4789/2545/2535 4802/5208/4970 2318/2546/2536
f 4802/5208/4970 2322/2350/2340 2318/2546/2536
f 4802/5208/4970 4800/2547/2537 2322/2350/2340
f 4802/5208/4970 4801/2550/2540 4800/2547/2537
f 4802/5208/4970 4797/2548/2538 4801/2550/2540
f 4788/2541/2531 4859/5204/4966 2315/2542/2532
f 4347/4748/4548 4346/4747/4547 4741/5214/4920
f 4739/5215/4918 4803/5216/4976 2967/5217/3224
f 2967/5217/3224 4803/5216/4976 4804/5218/4977
f 2967/5217/3224 4804/5218/4977 2966/5219/3223
f 2966/5219/3223 4804/5218/4977 4805/5220/4978
f 2966/5219/3223 4805/5220/4978 2965/5221/3221
f 2965/5221/3221 4805/5220/4978 4753/5169/4931
f 2965/5221/3221 4753/5169/4931 2964/5222/3219
f 2964/5222/3219 4753/5169/4931 4743/5154/4921
f 2964/5222/3219 4743/5154/4921 2960/5153/3214
f 4753/5169/4931 4806/5223/4979 4752/5168/4930
f 4805/5220/4978 4806/5223/4979 4753/5169/4931
f 4805/5220/4978 4807/5224/4980 4806/5223/4979
f 4804/5218/4977 4807/5224/4980 4805/5220/4978
f 4804/5218/4977 4808/5225/4981 4807/5224/4980
f 4803/5216/4976 4808/5225/4981 4804/5218/4977
f 4803/5216/4976 4809/5226/4982 4808/5225/4981
f 4739/5215/4918 4809/5226/4982 4803/5216/4976
f 4739/5215/4918 4810/5227/4983 4809/5226/4982
f 4740/5228/4919 4810/5227/4983 4739/5215/4918
f 4740/5228/4919 4811/5229/4984 4810/5227/4983
f 4741/5214/4920 4811/5229/4984 4740/5228/4919
f 4741/5214/4920 4812/5230/4985 4811/5229/4984
f 4346/4747/4547 4812/5230/4985 4741/5214/4920
f 4346/4747/4547 4348/4750/4550 4812/5230/4985
f 4344/4746/4546 4348/4750/4550 4346/4747/4547
f 4752/5168/4930 4813/5231/4986 4758/5174/4936
f 4806/5223/4979 4813/5231/4986 4752/5168/4930
f 4806/5223/4979 4814/5232/4987 4813/5231/4986
f 4807/5224/4980 4814/5232/4987 4806/5223/4979
f 4807/5224/4980 4815/5233/4988 4814/5232/4987
f 4808/5225/4981 4815/5233/4988 4807/5224/4980
f 4808/5225/4981 4816/5234/4989 4815/5233/4988
f 4809/5226/4982 4816/5234/4989 4808/5225/4981
f 4809/5226/4982 4817/5235/4990 4816/5234/4989
f 4809/5226/4982 4818/5236/4991 4817/5235/4990
f 4810/5227/4983 4818/5236/4991 4809/5226/4982
f 4810/5227/4983 4819/5237/4992 4818/5236/4991
f 4811/5229/4984 4819/5237/4992 4810/5227/4983
f 4811/5229/4984 4820/5238/4993 4819/5237/4992
f 4812/5230/4985 4820/5238/4993 4811/5229/4984
f 4812/5230/4985 4355/4757/4557 4820/5238/4993
f 4348/4750/4550 4355/4757/4557 4812/5230/4985
f 4758/5174/4936 4821/5239/4994 4762/5178/4940
f 4813/5231/4986 4821/5239/4994 4758/5174/4936
f 4813/5231/4986 4822/5240/4995 4821/5239/4994
f 4814/5232/4987 4822/5240/4995 4813/5231/4986
f 4814/5232/4987 4823/5241/4996 4822/5240/4995
f 4815/5233/4988 4823/5241/4996 4814/5232/4987
f 4815/5233/4988 4824/5242/4997 4823/5241/4996
f 4816/5234/4989 4824/5242/4997 4815/5233/4988
f 4816/5234/4989 4375/4773/4573 4824/5242/4997
f 4817/5235/4990 4375/4773/4573 4816/5234/4989
f 4818/5236/4991 4375/4773/4573 4817/5235/4990
f 4818/5236/4991 4373/4771/4571 4375/4773/4573
f 4819/5237/4992 4373/4771/4571 4818/5236/4991
f 4819/5237/4992 4371/4769/4569 4373/4771/4571
f 4820/5238/4993 4371/4769/4569 4819/5237/4992
f 4820/5238/4993 4360/4761/4561 4371/4769/4569
f 4355/4757/4557 4360/4761/4561 4820/5238/4993
f 4375/4773/4573 4374/4772/4572 4825/5243/4998
f 4375/4773/4573 4825/5243/4998 4824/5242/4997
f 4824/5242/4997 4825/5243/4998 4826/5244/4999
f 4824/5242/4997 4826/5244/4999 4823/5241/4996
f 4823/5241/4996 4826/5244/4999 4827/5245/5000
f 4823/5241/4996 4827/5245/5000 4822/5240/4995
f 4822/5240/4995 4827/5245/5000 4828/5246/5001
f 4822/5240/4995 4828/5246/5001 4821/5239/4994
f 4821/5239/4994 4828/5246/5001 4829/5247/5002
f 4821/5239/4994 4829/5247/5002 4762/5178/4940
f 4762/5178/4940 4829/5247/5002 4830/5248/5003
f 4762/5178/4940 4830/5248/5003 4761/5177/4939
f 4761/5177/4939 4830/5248/5003 4831/5181/4943
f 4761/5177/4939 4831/5181/4943 4760/5176/4938
f 4760/5176/4938 4831/5181/4943 4763/5179/4941
f 4374/4772/4572 4379/4777/4577 4385/4783/4583
f 4374/4772/4572 4385/4783/4583 4387/4785/4585
f 4374/4772/4572 4387/4785/4585 4825/5243/4998
f 4825/5243/4998 4387/4785/4585 4389/4787/4587
f 4825/5243/4998 4389/4787/4587 4826/5244/4999
f 4826/5244/4999 4389/4787/4587 4391/4789/4589
f 4826/5244/4999 4391/4789/4589 4827/5245/5000
f 4827/5245/5000 4391/4789/4589 4832/5249/5004
f 4827/5245/5000 4832/5249/5004 4828/5246/5001
f 4828/5246/5001 4832/5249/5004 4833/5250/5005
f 4828/5246/5001 4833/5250/5005 4829/5247/5002
f 4829/5247/5002 4833/5250/5005 4767/5182/4944
f 4829/5247/5002 4767/5182/4944 4830/5248/5003
f 4830/5248/5003 4767/5182/4944 4831/5181/4943
f 4391/4789/4589 4390/4788/4588 4834/5251/5006
f 4391/4789/4589 4834/5251/5006 4832/5249/5004
f 4832/5249/5004 4834/5251/5006 4835/5252/5007
f 4832/5249/5004 4835/5252/5007 4833/5250/5005
f 4833/5250/5005 4835/5252/5007 4836/5253/5008
f 4833/5250/5005 4836/5253/5008 4767/5182/4944
f 4767/5182/4944 4836/5253/5008 4771/5187/4949
f 4767/5182/4944 4771/5187/4949 4766/5183/4945
f 4766/5183/4945 4771/5187/4949 4769/5185/4947
f 4766/5183/4945 4769/5185/4947 4768/5184/4946
f 4766/5183/4945 4768/5184/4946 4764/5180/4942
f 4771/5187/4949 4837/5254/5009 4772/5188/4950
f 4836/5253/5008 4837/5254/5009 4771/5187/4949
f 4836/5253/5008 4838/5255/5010 4837/5254/5009
f 4835/5252/5007 4838/5255/5010 4836/5253/5008
f 4834/5251/5006 4838/5255/5010 4835/5252/5007
f 4390/4788/4588 4838/5255/5010 4834/5251/5006
f 4390/4788/4588 4839/4800/4600 4838/5255/5010
f 4388/4786/4586 4839/4800/4600 4390/4788/4588
f 4386/4784/4584 4839/4800/4600 4388/4786/4586
f 4386/4784/4584 4392/4791/4591 4839/4800/4600
f 4384/4782/4582 4392/4791/4591 4386/4784/4584
f 4383/4781/4581 4392/4791/4591 4384/4782/4582
f 4839/4800/4600 4402/4801/4601 4838/5255/5010
f 4838/5255/5010 4402/4801/4601 4840/5256/5011
f 4838/5255/5010 4840/5256/5011 4837/5254/5009
f 4772/5188/4950 4841/5257/5012 4769/5185/4947
f 4769/5185/4947 4841/5257/5012 4770/5186/4948
f 4402/4801/4601 4406/4805/4605 4840/5256/5011
f 4840/5256/5011 4406/4805/4605 4842/4809/4609
f 4840/5256/5011 4842/4809/4609 4837/5254/5009
f 4837/5254/5009 4842/4809/4609 4843/5258/5013
f 4837/5254/5009 4843/5258/5013 4772/5188/4950
f 4772/5188/4950 4843/5258/5013 4841/5257/5012
f 4841/5257/5012 4844/5191/4953 4770/5186/4948
f 4770/5186/4948 4844/5191/4953 4774/5190/4952
f 4408/4807/4607 4413/4812/4612 4409/4808/4608
f 4409/4808/4608 4845/5259/5014 4842/4809/4609
f 4842/4809/4609 4845/5259/5014 4843/5258/5013
f 4843/5258/5013 4844/5191/4953 4841/5257/5012
f 4413/4812/4612 4415/4815/4615 4409/4808/4608
f 4409/4808/4608 4415/4815/4615 4416/4820/4620
f 4409/4808/4608 4416/4820/4620 4845/5259/5014
f 4845/5259/5014 4846/5260/5015 4843/5258/5013
f 4843/5258/5013 4846/5260/5015 4844/5191/4953
f 4845/5259/5014 4416/4820/4620 4846/5260/5015
f 4844/5191/4953 4846/5260/5015 4779/5194/4956
f 4844/5191/4953 4779/5194/4956 4776/5192/4954
f 4416/4820/4620 4847/5261/5016 4846/5260/5015
f 4416/4820/4620 4421/4819/4619 4847/5261/5016
f 4847/5261/5016 4782/5196/4958 4846/5260/5015
f 4846/5260/5015 4782/5196/4958 4779/5194/4956
f 4420/4818/4618 4848/4824/4624 4421/4819/4619
f 4421/4819/4619 4848/4824/4624 4849/4828/4628
f 4421/4819/4619 4849/4828/4628 4847/5261/5016
f 4847/5261/5016 4849/4828/4628 4850/5262/5017
f 4847/5261/5016 4850/5262/5017 4782/5196/4958
f 4782/5196/4958 4850/5262/5017 4851/5263/5018
f 4782/5196/4958 4851/5263/5018 4784/5198/4960
f 4849/4828/4628 4430/4827/4627 4850/5262/5017
f 4850/5262/5017 4430/4827/4627 4852/4832/4632
f 4850/5262/5017 4852/4832/4632 4851/5263/5018
f 4851/5263/5018 4852/4832/4632 4784/5198/4960
f 4784/5198/4960 4852/4832/4632 4853/5200/4962
f 4784/5198/4960 4853/5200/4962 4785/5199/4961
f 4430/4827/4627 4434/4830/4630 4852/4832/4632
f 4852/4832/4632 4854/4831/4631 4853/5200/4962
f 4853/5200/4962 4854/4831/4631 4855/4836/4636
f 4853/5200/4962 4855/4836/4636 4786/5201/4963
f 4786/5201/4963 4855/4836/4636 4787/5202/4964
f 4854/4831/4631 4436/4834/4634 4855/4836/4636
f 4855/4836/4636 4437/4835/4635 4856/5264/5019
f 4855/4836/4636 4856/5264/5019 4787/5202/4964
f 4856/5264/5019 4857/5265/5020 4787/5202/4964
f 4787/5202/4964 4857/5265/5020 4858/5203/4965
f 4787/5202/4964 4858/5203/4965 2314/2539/2529
f 4859/5204/4966 4861/5205/4967 2315/2542/2532
f 4858/5203/4965 4857/5265/5020 4859/5204/4966
f 4856/5264/5019 4860/5266/5021 4857/5265/5020
f 4857/5265/5020 4861/5205/4967 4859/5204/4966
f 4857/5265/5020 4862/5267/5022 4861/5205/4967
f 4860/5266/5021 4862/5267/5022 4857/5265/5020
f 4860/5266/5021 4863/5268/5023 4862/5267/5022
f 4856/5264/5019 4863/5268/5023 4860/5266/5021
f 4437/4835/4635 4863/5268/5023 4856/5264/5019
f 4437/4835/4635 4864/5269/5024 4863/5268/5023
f 4863/5268/5023 4861/5205/4967 4862/5267/5022
f 4864/5269/5024 4865/5270/5025 4863/5268/5023
f 4437/4835/4635 4865/5270/5025 4864/5269/5024
f 4437/4835/4635 4866/4839/4639 4865/5270/5025
f 4438/4837/4637 4867/4841/4641 4866/4839/4639
f 4866/4839/4639 4868/5271/5026 4865/5270/5025
f 4866/4839/4639 4869/5272/5027 4868/5271/5026
f 4867/4841/4641 4869/5272/5027 4866/4839/4639
f 4440/4840/4640 4870/5273/5028 4867/4841/4641
f 4440/4840/4640 4871/5274/5029 4870/5273/5028
f 4443/4487/4296 4873/5275/5030 4442/4842/4642
f 4442/4842/4642 4873/5275/5030 4872/5276/5031
f 4443/4487/4296 4444/4843/4643 4873/5275/5030
f 4444/4843/4643 4874/5277/5032 4873/5275/5030
f 4445/4844/4644 4874/5277/5032 4444/4843/4643
f 4445/4844/4644 4875/4852/4652 4874/5277/5032
f 4446/4845/4645 4875/4852/4652 4445/4844/4644
f 4446/4845/4645 4449/4848/4648 4875/4852/4652
f 4090/4501/4310 4449/4848/4648 4446/4845/4645
f 4874/5277/5032 4877/4908/4708 4876/5278/5033
f 4874/5277/5032 4505/4911/4711 4877/4908/4708
f 4875/4852/4652 4505/4911/4711 4874/5277/5032
f 4875/4852/4652 4506/4851/4651 4505/4911/4711
f 4878/5279/5034 2583/2808/2798 4879/2815/2805
f 4878/5279/5034 2584/2809/2799 2583/2808/2798
f 4876/5278/5033 2584/2809/2799 4878/5279/5034
f 4876/5278/5033 4507/2810/2800 2584/2809/2799
f 4877/4908/4708 4507/2810/2800 4876/5278/5033
f 4872/5276/5031 4878/5279/5034 4879/2815/2805
f 4876/5278/5033 4878/5279/5034 4872/5276/5031
f 4880/5280/5035 4796/2812/2802 4795/5213/4975
f 4880/5280/5035 4879/2815/2805 4796/2812/2802
f 4880/5280/5035 4872/5276/5031 4879/2815/2805
f 4873/5275/5030 4876/5278/5033 4872/5276/5031
f 4873/5275/5030 4874/5277/5032 4876/5278/5033
f 4882/5281/5036 4795/5213/4975 4881/5212/4974
f 4871/5274/5029 4795/5213/4975 4882/5281/5036
f 4871/5274/5029 4880/5280/5035 4795/5213/4975
f 4440/4840/4640 4880/5280/5035 4871/5274/5029
f 4442/4842/4642 4880/5280/5035 4440/4840/4640
f 4872/5276/5031 4880/5280/5035 4442/4842/4642
f 4884/5282/5037 4792/5211/4973 4883/5209/4971
f 4884/5282/5037 4881/5212/4974 4792/5211/4973
f 4867/4841/4641 4881/5212/4974 4884/5282/5037
f 4870/5273/5028 4881/5212/4974 4867/4841/4641
f 4870/5273/5028 4882/5281/5036 4881/5212/4974
f 4871/5274/5029 4882/5281/5036 4870/5273/5028
f 4868/5271/5026 4883/5209/4971 4885/5206/4968
f 4868/5271/5026 4884/5282/5037 4883/5209/4971
f 4869/5272/5027 4884/5282/5037 4868/5271/5026
f 4867/4841/4641 4884/5282/5037 4869/5272/5027
f 4863/5268/5023 4885/5206/4968 4861/5205/4967
f 4865/5270/5025 4885/5206/4968 4863/5268/5023
f 4865/5270/5025 4868/5271/5026 4885/5206/4968
f 4886/5283/5038 1120/5284/1283 1119/5285/1282
f 4886/5283/5038 4887/5286/5039 1120/5284/1283
f 4888/5287/5040 4887/5286/5039 4886/5283/5038
f 3627/3989/3873 3742/5288/3968 3628/3990/3874
f 3742/5288/3968 4889/5289/5041 3628/3990/3874
f 3742/5288/3968 3746/5290/3972 4889/5289/5041
f 4889/5289/5041 3746/5290/3972 3750/5291/5042
f 4889/5289/5041 3750/5291/5042 4890/5292/5043
f 4890/5292/5043 3750/5291/5042 4888/5287/5040
f 4890/5292/5043 4888/5287/5040 4891/5293/5044
f 4891/5293/5044 4888/5287/5040 4886/5283/5038
f 4891/5293/5044 4886/5283/5038 4892/5294/5045
f 4892/5294/5045 4886/5283/5038 1119/5285/1282
f 4892/5294/5045 1119/5285/1282 4893/5295/5046
f 4893/5295/5046 1119/5285/1282 1117/5296/1280
f 4893/5295/5046 1117/5296/1280 4894/5297/5047
f 4894/5297/5047 1117/5296/1280 1115/5298/1278
f 4894/5297/5047 1115/5298/1278 4895/5299/5048
f 4895/5299/5048 1115/5298/1278 1113/3800/1276
f 4895/5299/5048 1113/3800/1276 3449/3799/3690
f 4896/5300/5049 3450/3802/3691 3461/3819/3703
f 4896/5300/5049 3449/3799/3690 3450/3802/3691
f 4897/5301/5050 3449/3799/3690 4896/5300/5049
f 4897/5301/5050 4895/5299/5048 3449/3799/3690
f 4898/5302/5051 4895/5299/5048 4897/5301/5050
f 4898/5302/5051 4894/5297/5047 4895/5299/5048
f 4899/5303/5052 4894/5297/5047 4898/5302/5051
f 4899/5303/5052 4893/5295/5046 4894/5297/5047
f 4900/5304/5053 4893/5295/5046 4899/5303/5052
f 4900/5304/5053 4892/5294/5045 4893/5295/5046
f 4901/5305/5054 4892/5294/5045 4900/5304/5053
f 4901/5305/5054 4891/5293/5044 4892/5294/5045
f 3626/3988/3872 4891/5293/5044 4901/5305/5054
f 3626/3988/3872 4890/5292/5043 4891/5293/5044
f 3625/3987/3871 4890/5292/5043 3626/3988/3872
f 3625/3987/3871 4889/5289/5041 4890/5292/5043
f 3628/3990/3874 4889/5289/5041 3625/3987/3871
f 3628/3990/3874 3625/3987/3871 3624/3986/3870
f 3622/3982/3866 3626/3988/3872 4901/5305/5054
f 3622/3982/3866 4901/5305/5054 4902/5306/5055
f 4902/5306/5055 4901/5305/5054 4900/5304/5053
f 4902/5306/5055 4900/5304/5053 4903/5307/5056
f 4903/5307/5056 4900/5304/5053 4899/5303/5052
f 4903/5307/5056 4899/5303/5052 4904/5308/5057
f 4904/5308/5057 4899/5303/5052 4898/5302/5051
f 4904/5308/5057 4898/5302/5051 4905/5309/5058
f 4905/5309/5058 4898/5302/5051 4897/5301/5050
f 4905/5309/5058 4897/5301/5050 4906/5310/5059
f 4906/5310/5059 4897/5301/5050 4896/5300/5049
f 4906/5310/5059 4896/5300/5049 4907/5311/5060
f 4907/5311/5060 4896/5300/5049 3461/3819/3703
f 4907/5311/5060 3461/3819/3703 4908/5312/5061
f 4908/5312/5061 3461/3819/3703 3460/3818/3702
f 4908/5312/5061 3460/3818/3702 4909/5313/5062
f 4909/5313/5062 3460/3818/3702 3459/3817/3701
f 4909/5313/5062 3459/3817/3701 3462/3820/3704
f 3609/3968/3852 3622/3982/3866 3610/3969/3853
f 3610/3969/3853 3622/3982/3866 4902/5306/5055
f 3610/3969/3853 4902/5306/5055 3611/3970/3854
f 3611/3970/3854 4902/5306/5055 4903/5307/5056
f 3611/3970/3854 4903/5307/5056 3612/3971/3855
f 3612/3971/3855 4903/5307/5056 4904/5308/5057
f 3612/3971/3855 4904/5308/5057 3613/3972/3856
f 3613/3972/3856 4904/5308/5057 4905/5309/5058
f 3613/3972/3856 4905/5309/5058 3476/3830/3714
f 3476/3830/3714 4905/5309/5058 4906/5310/5059
f 3476/3830/3714 4906/5310/5059 3475/3831/3715
f 3475/3831/3715 4906/5310/5059 4907/5311/5060
f 3475/3831/3715 4907/5311/5060 3478/3833/3717
f 3478/3833/3717 4907/5311/5060 4908/5312/5061
f 3478/3833/3717 4908/5312/5061 3480/3835/3719
f 3480/3835/3719 4908/5312/5061 4909/5313/5062
f 3480/3835/3719 4909/5313/5062 3470/3825/3709
f 3470/3825/3709 4909/5313/5062 3462/3820/3704
f 3180/3518/3434 3193/3530/3446 3186/3523/3439
f 3186/3523/3439 4910/5314/5063 3178/3516/3432
f 3178/3516/3432 4910/5314/5063 4911/5315/5064
f 3178/3516/3432 4911/5315/5064 3185/3522/3438
f 3185/3522/3438 4911/5315/5064 4912/5316/5065
f 3185/3522/3438 4912/5316/5065 3176/3515/3431
f 3176/3515/3431 4912/5316/5065 3184/4282/4091
f 3887/4281/4090 4913/5317/5066 3883/4277/4086
f 3883/4277/4086 4913/5317/5066 4914/5318/5067
f 3883/4277/4086 4914/5318/5067 3882/4276/4085
f 3882/4276/4085 4914/5318/5067 3886/4280/4089
f 3193/3530/3446 3196/5319/5068 3186/3523/3439
f 3186/3523/3439 3196/5319/5068 4910/5314/5063
f 4910/5314/5063 4915/5320/5069 4911/5315/5064
f 4911/5315/5064 4915/5320/5069 4916/5321/5070
f 4911/5315/5064 4916/5321/5070 4912/5316/5065
f 4912/5316/5065 4916/5321/5070 4917/5322/5071
f 4912/5316/5065 4917/5322/5071 3184/4282/4091
f 3184/4282/4091 4917/5322/5071 4918/5323/5072
f 3184/4282/4091 4918/5323/5072 3887/4281/4090
f 3887/4281/4090 4918/5323/5072 4913/5317/5066
f 4914/5318/5067 3898/4293/4102 3886/4280/4089
f 3886/4280/4089 3898/4293/4102 3891/4286/4095
f 4914/5318/5067 3905/4295/4104 3898/4293/4102
f 4913/5317/5066 3905/4295/4104 4914/5318/5067
f 4913/5317/5066 3907/4296/4105 3905/4295/4104
f 4918/5323/5072 3907/4296/4105 4913/5317/5066
f 4910/5314/5063 4919/5324/5073 4915/5320/5069
f 3196/5319/5068 4919/5324/5073 4910/5314/5063
f 3193/3530/3446 3197/3535/3451 3196/5319/5068
f 3192/3529/3445 3197/3535/3451 3193/3530/3446
f 3907/4296/4105 3910/3576/3492 3906/3577/3493
f 4918/5323/5072 3910/3576/3492 3907/4296/4105
f 4918/5323/5072 3909/4297/4106 3910/3576/3492
f 4917/5322/5071 3909/4297/4106 4918/5323/5072
f 4917/5322/5071 3908/4299/4108 3909/4297/4106
f 4916/5321/5070 3908/4299/4108 4917/5322/5071
f 4916/5321/5070 4920/4300/4109 3908/4299/4108
f 4915/5320/5069 4920/4300/4109 4916/5321/5070
f 4915/5320/5069 4921/5325/5074 4920/4300/4109
f 4919/5324/5073 4921/5325/5074 4915/5320/5069
f 3196/5319/5068 4922/5326/5075 4919/5324/5073
f 3197/3535/3451 4922/5326/5075 3196/5319/5068
f 3200/3537/3453 3209/3541/3457 3198/3534/3450
f 3198/3534/3450 3209/3541/3457 3197/3535/3451
f 3197/3535/3451 3209/3541/3457 3206/3543/3459
f 3197/3535/3451 3206/3543/3459 4922/5326/5075
f 4922/5326/5075 3206/3543/3459 3207/4304/4113
f 4922/5326/5075 3207/4304/4113 4919/5324/5073
f 4919/5324/5073 3207/4304/4113 3914/4302/4111
f 4919/5324/5073 3914/4302/4111 4921/5325/5074
f 4921/5325/5074 3914/4302/4111 4920/4300/4109
f 4925/5327/5076 4337/5140/4144 4738/5139/4917
f 4925/5327/5076 4338/5328/4540 4337/5140/4144
f 4923/5329/5077 4338/5328/4540 4925/5327/5076
f 4923/5329/5077 4339/5330/4126 4338/5328/4540
f 4926/5331/4127 4339/5330/4126 4923/5329/5077
f 4726/5126/4906 4732/5132/4912 4727/5127/4907
f 4726/5126/4906 4737/5137/4916 4732/5132/4912
f 4924/5332/5078 4737/5137/4916 4726/5126/4906
f 4924/5332/5078 4738/5139/4917 4737/5137/4916
f 4925/5327/5076 4738/5139/4917 4924/5332/5078
f 4932/5333/5079 4923/5329/5077 4925/5327/5076
f 4926/5331/4127 4923/5329/5077 4932/5333/5079
f 4927/5334/5080 3929/5335/4125 4926/5331/4127
f 4542/4949/4733 3929/5335/4125 4927/5334/5080
f 4542/4949/4733 3931/4948/4129 3929/5335/4125
f 4554/4963/4743 4543/4950/4734 4928/5336/5081
f 4928/5336/5081 4543/4950/4734 4541/4947/4732
f 4928/5336/5081 4541/4947/4732 4929/5337/5082
f 4929/5337/5082 4541/4947/4732 4542/4949/4733
f 4929/5337/5082 4542/4949/4733 4930/5338/5083
f 4930/5338/5083 4542/4949/4733 4927/5334/5080
f 4930/5338/5083 4927/5334/5080 4931/5339/5084
f 4931/5339/5084 4927/5334/5080 4926/5331/4127
f 4931/5339/5084 4926/5331/4127 4932/5333/5079
f 4932/5333/5079 4925/5327/5076 4724/5124/4904
f 4724/5124/4904 4925/5327/5076 4924/5332/5078
f 4724/5124/4904 4924/5332/5078 4723/5123/4903
f 4723/5123/4903 4924/5332/5078 4722/5122/4902
f 4722/5122/4902 4924/5332/5078 4726/5126/4906
f 4933/5340/5085 4932/5333/5079 4724/5124/4904
f 4934/5341/5086 4932/5333/5079 4933/5340/5085
f 4935/5342/5087 4932/5333/5079 4934/5341/5086
f 4935/5342/5087 4931/5339/5084 4932/5333/5079
f 4936/5343/5088 4931/5339/5084 4935/5342/5087
f 4936/5343/5088 4930/5338/5083 4931/5339/5084
f 4937/5344/5089 4930/5338/5083 4936/5343/5088
f 4937/5344/5089 4929/5337/5082 4930/5338/5083
f 4938/5345/5090 4929/5337/5082 4937/5344/5089
f 4938/5345/5090 4928/5336/5081 4929/5337/5082
f 4939/5346/5091 4928/5336/5081 4938/5345/5090
f 4939/5346/5091 4554/4963/4743 4928/5336/5081
f 4555/4964/4744 4554/4963/4743 4939/5346/5091
f 4715/5115/4895 4933/5340/5085 4724/5124/4904
f 4716/5116/4896 4933/5340/5085 4715/5115/4895
f 4716/5116/4896 4934/5341/5086 4933/5340/5085
f 4940/5347/5092 4934/5341/5086 4716/5116/4896
f 4940/5347/5092 4935/5342/5087 4934/5341/5086
f 4941/5348/5093 4935/5342/5087 4940/5347/5092
f 4941/5348/5093 4936/5343/5088 4935/5342/5087
f 4942/5349/5094 4936/5343/5088 4941/5348/5093
f 4942/5349/5094 4937/5344/5089 4936/5343/5088
f 4943/5350/5095 4937/5344/5089 4942/5349/5094
f 4943/5350/5095 4938/5345/5090 4937/5344/5089
f 4944/5351/5096 4938/5345/5090 4943/5350/5095
f 4944/5351/5096 4939/5346/5091 4938/5345/5090
f 4945/5352/5097 4939/5346/5091 4944/5351/5096
f 4945/5352/5097 4555/4964/4744 4939/5346/5091
f 4946/5353/5098 4555/4964/4744 4945/5352/5097
f 4946/5353/5098 4556/4965/4745 4555/4964/4744
f 4559/4966/4746 4556/4965/4745 4946/5353/5098
f 4709/5109/4889 4940/5347/5092 4716/5116/4896
f 4710/5110/4890 4940/5347/5092 4709/5109/4889
f 4710/5110/4890 4941/5348/5093 4940/5347/5092
f 4947/5354/5099 4941/5348/5093 4710/5110/4890
f 4947/5354/5099 4942/5349/5094 4941/5348/5093
f 4948/5355/5100 4942/5349/5094 4947/5354/5099
f 4948/5355/5100 4943/5350/5095 4942/5349/5094
f 4949/5356/5101 4943/5350/5095 4948/5355/5100
f 4949/5356/5101 4944/5351/5096 4943/5350/5095
f 4950/5357/5102 4944/5351/5096 4949/5356/5101
f 4950/5357/5102 4945/5352/5097 4944/5351/5096
f 4951/5358/5103 4945/5352/5097 4950/5357/5102
f 4951/5358/5103 4946/5353/5098 4945/5352/5097
f 4956/5359/5104 4946/5353/5098 4951/5358/5103
f 4956/5359/5104 4559/4966/4746 4946/5353/5098
f 4952/4967/4747 4559/4966/4746 4956/5359/5104
f 4702/5103/4883 4947/5354/5099 4710/5110/4890
f 4703/5104/4884 4947/5354/5099 4702/5103/4883
f 4703/5104/4884 4948/5355/5100 4947/5354/5099
f 4953/5360/5105 4948/5355/5100 4703/5104/4884
f 4953/5360/5105 4949/5356/5101 4948/5355/5100
f 4954/5361/5106 4949/5356/5101 4953/5360/5105
f 4954/5361/5106 4950/5357/5102 4949/5356/5101
f 4955/5362/5107 4950/5357/5102 4954/5361/5106
f 4955/5362/5107 4951/5358/5103 4950/5357/5102
f 4956/5359/5104 4951/5358/5103 4955/5362/5107
f 4578/4986/4766 4952/4967/4747 4956/5359/5104
f 4577/4971/4751 4952/4967/4747 4578/4986/4766
f 4588/4996/4776 4953/5360/5105 4703/5104/4884
f 4588/4996/4776 4954/5361/5106 4953/5360/5105
f 4585/4992/4772 4954/5361/5106 4588/4996/4776
f 4585/4992/4772 4955/5362/5107 4954/5361/5106
f 4582/4989/4769 4955/5362/5107 4585/4992/4772
f 4582/4989/4769 4956/5359/5104 4955/5362/5107
f 4578/4986/4766 4956/5359/5104 4582/4989/4769
f 4575/4980/4760 4569/4978/4758 4574/4974/4754
f 3566/3920/3804 4957/3927/3811 3567/3921/3805
f 3559/3914/3798 4957/3927/3811 3566/3920/3804
f 4958/5363/5108 4957/3927/3811 3559/3914/3798
f 4960/5364/5109 4958/5363/5108 3559/3914/3798
f 4959/5365/5110 4958/5363/5108 4960/5364/5109
f 4958/5363/5108 3568/3923/3807 4957/3927/3811
f 3575/3930/3814 3568/3923/3807 4958/5363/5108
f 3575/3930/3814 4958/5363/5108 4959/5365/5110
f 64/71/70 4959/5365/5110 65/72/71
f 64/71/70 3575/3930/3814 4959/5365/5110
f 3575/3930/3814 3574/3935/3819 3568/3923/3807
f 3568/3923/3807 3574/3935/3819 3570/3924/3808
f 65/72/71 4959/5365/5110 68/76/75
f 4959/5365/5110 4960/5364/5109 68/76/75
f 68/76/75 4960/5364/5109 67/73/72
f 4960/5364/5109 3559/3914/3798 66/74/73
f 4960/5364/5109 66/74/73 67/73/72
f 3560/3915/3799 3563/3918/3802 3555/3911/3795
f 3301/5366/3541 3297/5367/3539 3295/5368/3537
f 3301/5366/3541 3304/5369/3546 3297/5367/3539
f 3304/5369/3546 3306/486/485 3297/5367/3539
f 3297/5367/3539 4961/3531/3447 3296/5370/3538
f 3297/5367/3539 4962/499/498 4961/3531/3447
f 3306/486/485 4962/499/498 3297/5367/3539
f 3293/5371/3533 3175/3513/3429 2081/3505/3421
f 3293/5371/3533 3188/3525/3441 3175/3513/3429
f 3293/5371/3533 3296/5370/3538 3188/3525/3441
f 3296/5370/3538 3189/3526/3442 3188/3525/3441
f 3296/5370/3538 4961/3531/3447 3189/3526/3442
f 3306/486/485 445/497/496 4962/499/498
f 3306/486/485 436/485/484 445/497/496
f 5107/5372/5111 4963/5373/5112 4964/919/918
f 829/940/939 4966/5374/5113 4963/5373/5112
f 4964/919/918 4963/5373/5112 4967/5375/5114
f 4967/5375/5114 4963/5373/5112 4965/5376/5115
f 4968/916/915 805/915/914 4964/919/918
f 4968/916/915 4964/919/918 4967/5375/5114
f 4969/5377/5116 4965/5376/5115 5386/5378/5117
f 4967/5375/5114 4965/5376/5115 4969/5377/5116
f 4968/916/915 4967/5375/5114 2747/3012/2985
f 2747/3012/2985 4967/5375/5114 4973/3013/2986
f 4973/3013/2986 4967/5375/5114 4969/5377/5116
f 2744/911/910 803/913/912 2745/3006/2979
f 2745/3006/2979 803/913/912 4968/916/915
f 2745/3006/2979 4968/916/915 2746/3009/2982
f 2746/3009/2982 4968/916/915 2747/3012/2985
f 4973/3013/2986 4969/5377/5116 4972/5379/5118
f 4972/5379/5118 4969/5377/5116 4971/5380/5119
f 2759/3020/2993 4971/5380/5119 5403/3021/2994
f 4971/5380/5119 5104/5381/5120 5403/3021/2994
f 4970/5382/5121 4972/5379/5118 4971/5380/5119
f 2752/3011/2984 4970/5382/5121 2755/3016/2989
f 2753/3015/2988 2750/3008/2981 2752/3011/2984
f 2752/3011/2984 4973/3013/2986 4970/5382/5121
f 4970/5382/5121 4973/3013/2986 4972/5379/5118
f 4974/4256/4067 1683/4255/1832 4975/4261/4070
f 4981/4263/4072 3867/2839/2824 4978/3003/2976
f 4978/3003/2976 3867/2839/2824 2735/3002/2975
f 4974/4256/4067 4975/4261/4070 4980/5383/5122
f 4976/4262/4071 4981/4263/4072 4977/5384/5123
f 4979/4258/4068 4974/4256/4067 4980/5383/5122
f 4980/5383/5122 4975/4261/4070 4976/4262/4071
f 4979/4258/4068 4980/5383/5122 4983/5385/5124
f 4980/5383/5122 4976/4262/4071 4985/5386/5125
f 4976/4262/4071 4977/5384/5123 4985/5386/5125
f 4977/5384/5123 4981/4263/4072 4988/2996/2969
f 4981/4263/4072 4978/3003/2976 2732/2997/2970
f 4986/4259/4069 4979/4258/4068 4983/5385/5124
f 4983/5385/5124 4980/5383/5122 4987/5387/5126
f 4987/5387/5126 4980/5383/5122 4984/5388/5127
f 4980/5383/5122 4985/5386/5125 4984/5388/5127
f 4985/5386/5125 4977/5384/5123 4988/2996/2969
f 4985/5386/5125 4988/2996/2969 2728/2993/2966
f 4988/2996/2969 4981/4263/4072 2732/2997/2970
f 4991/5389/5128 4982/4260/2386 4989/5390/5129
f 4982/4260/2386 4986/4259/4069 4989/5390/5129
f 4986/4259/4069 4983/5385/5124 4992/5391/5130
f 4983/5385/5124 4987/5387/5126 4992/5391/5130
f 4984/5388/5127 4985/5386/5125 2728/2993/2966
f 4989/5390/5129 4986/4259/4069 4992/5391/5130
f 4992/5391/5130 4987/5387/5126 4984/5388/5127
f 4984/5388/5127 2728/2993/2966 2725/2990/2963
f 4991/5389/5128 4989/5390/5129 4998/5392/5131
f 4998/5392/5131 4989/5390/5129 5007/5393/5132
f 4989/5390/5129 4992/5391/5130 5007/5393/5132
f 4992/5391/5130 4984/5388/5127 4999/5394/5133
f 4999/5394/5133 4984/5388/5127 2725/2990/2963
f 4993/5395/5134 4990/5396/5135 4996/5397/5136
f 4990/5396/5135 4991/5389/5128 4996/5397/5136
f 4996/5397/5136 4991/5389/5128 4997/5398/5137
f 4991/5389/5128 4998/5392/5131 4997/5398/5137
f 5007/5393/5132 4992/5391/5130 4999/5394/5133
f 4995/5399/5138 4993/5395/5134 4996/5397/5136
f 4996/5397/5136 4997/5398/5137 5000/5400/5139
f 4999/5394/5133 2725/2990/2963 5001/2988/2961
f 4994/5401/5140 4995/5399/5138 5005/5402/5141
f 4995/5399/5138 4996/5397/5136 5005/5402/5141
f 5005/5402/5141 4996/5397/5136 5000/5400/5139
f 5000/5400/5139 4997/5398/5137 5006/5403/5142
f 4997/5398/5137 4998/5392/5131 5006/5403/5142
f 5006/5403/5142 4998/5392/5131 5007/5393/5132
f 5007/5393/5132 4999/5394/5133 2720/2984/2957
f 2720/2984/2957 4999/5394/5133 5001/2988/2961
f 5003/5404/5143 4994/5401/5140 5004/5405/5144
f 4994/5401/5140 5005/5402/5141 5004/5405/5144
f 5005/5402/5141 5000/5400/5139 5011/5406/5145
f 5011/5406/5145 5000/5400/5139 5015/5407/5146
f 5000/5400/5139 5006/5403/5142 5015/5407/5146
f 2720/2984/2957 5001/2988/2961 2719/2982/2955
f 5010/5408/5147 5002/5409/5148 5008/5410/5149
f 5002/5409/5148 5003/5404/5143 5008/5410/5149
f 5008/5410/5149 5003/5404/5143 5018/5411/5150
f 5003/5404/5143 5004/5405/5144 5018/5411/5150
f 5004/5405/5144 5005/5402/5141 5011/5406/5145
f 5006/5403/5142 5007/5393/5132 2720/2984/2957
f 5018/5411/5150 5004/5405/5144 5024/5412/5151
f 5004/5405/5144 5011/5406/5145 5024/5412/5151
f 5015/5407/5146 5006/5403/5142 5016/5413/5152
f 5016/5413/5152 5006/5403/5142 5017/2983/2956
f 5006/5403/5142 2720/2984/2957 5017/2983/2956
f 5012/5414/5153 5009/5415/5154 5013/5416/5155
f 5009/5415/5154 5010/5408/5147 5013/5416/5155
f 5013/5416/5155 5010/5408/5147 5014/5417/5156
f 5010/5408/5147 5008/5410/5149 5014/5417/5156
f 5014/5417/5156 5008/5410/5149 5020/5418/5157
f 5008/5410/5149 5018/5411/5150 5020/5418/5157
f 5011/5406/5145 5015/5407/5146 5024/5412/5151
f 5023/5419/5158 5016/5413/5152 5017/2983/2956
f 5015/5407/5146 5016/5413/5152 5023/5419/5158
f 5024/5412/5151 5015/5407/5146 5023/5419/5158
f 5012/5414/5153 5013/5416/5155 2640/2883/2860
f 2095/2885/2290 5012/5414/5153 2640/2883/2860
f 5009/5415/5154 5019/5420/5159 5010/5408/5147
f 2104/5421/2303 5009/5415/5154 5012/5414/5153
f 2096/2877/2289 2104/5421/2303 5012/5414/5153
f 2096/2877/2289 5012/5414/5153 2095/2885/2290
f 2640/2883/2860 5013/5416/5155 2639/2884/2861
f 2639/2884/2861 5013/5416/5155 2648/2898/2871
f 5013/5416/5155 5014/5417/5156 2648/2898/2871
f 2648/2898/2871 5014/5417/5156 5020/5418/5157
f 5020/5418/5157 5018/5411/5150 5025/5422/5160
f 5022/5423/5161 2714/2977/2950 5021/5424/5162
f 2656/2908/2881 5024/5412/5151 5023/5419/5158
f 2648/2898/2871 5020/5418/5157 2649/2900/2873
f 2649/2900/2873 5020/5418/5157 2655/2906/2879
f 5020/5418/5157 5025/5422/5160 2655/2906/2879
f 2656/2908/2881 5023/5419/5158 5029/2910/2883
f 5023/5419/5158 5022/5423/5161 5029/2910/2883
f 5029/2910/2883 5022/5423/5161 2657/5425/5163
f 5022/5423/5161 5021/5424/5162 2657/5425/5163
f 5021/5424/5162 2714/2977/2950 5028/5426/5164
f 2714/2977/2950 5026/2979/2952 5028/5426/5164
f 5026/2979/2952 2718/2975/2948 5027/2973/2946
f 2655/2906/2879 5025/5422/5160 2656/2908/2881
f 2657/5425/5163 5021/5424/5162 5028/5426/5164
f 5028/5426/5164 5026/2979/2952 5027/2973/2946
f 2657/5425/5163 5028/5426/5164 5030/5427/5165
f 5028/5426/5164 5027/2973/2946 5033/5428/5166
f 5029/2910/2883 2657/5425/5163 2675/2930/2903
f 2675/2930/2903 2657/5425/5163 5030/5427/5165
f 5030/5427/5165 5028/5426/5164 5033/5428/5166
f 5033/5428/5166 5027/2973/2946 2704/2936/2909
f 2704/2936/2909 5027/2973/2946 2706/2966/2939
f 2667/2916/2889 2655/2906/2879 2673/2925/2898
f 2673/2925/2898 2655/2906/2879 5031/2909/2882
f 5031/2909/2882 5029/2910/2883 2675/2930/2903
f 2675/2930/2903 5030/5427/5165 5032/5429/5167
f 5030/5427/5165 5033/5428/5166 5034/2934/2907
f 2673/2925/2898 5031/2909/2882 2674/2929/2902
f 5031/2909/2882 2675/2930/2903 2674/2929/2902
f 5032/5429/5167 5030/5427/5165 5034/2934/2907
f 5034/2934/2907 5033/5428/5166 2704/2936/2909
f 2675/2930/2903 5032/5429/5167 2678/2932/2905
f 2678/2932/2905 5032/5429/5167 2680/2933/2906
f 5032/5429/5167 5034/2934/2907 2680/2933/2906
f 1041/1207/1206 1045/1210/1209 1047/1033/1032
f 5036/1039/1038 911/1032/1031 1053/1219/1218
f 1053/1219/1218 911/1032/1031 5035/1034/1033
f 1048/1038/1037 5036/1039/1038 1051/1217/1216
f 1051/1217/1216 5036/1039/1038 1053/1219/1218
f 1050/1215/1214 1048/1038/1037 1051/1217/1216
f 1049/1211/1210 1048/1038/1037 1050/1215/1214
f 1054/5430/5168 917/1041/1040 5039/1050/1049
f 5038/1040/1039 917/1041/1040 1054/5430/5168
f 5035/1034/1033 5037/1036/1035 1052/1222/1221
f 1053/1219/1218 5035/1034/1033 1052/1222/1221
f 1056/1223/1222 5037/1036/1035 5038/1040/1039
f 1052/1222/1221 5037/1036/1035 1056/1223/1222
f 1056/1223/1222 5038/1040/1039 1054/5430/5168
f 1054/5430/5168 5039/1050/1049 5041/1052/1051
f 930/1063/1062 924/1051/1050 923/1053/1052
f 5040/1054/1053 924/1051/1050 930/1063/1062
f 5041/1052/1051 5040/1054/1053 5042/1062/1061
f 1056/1223/1222 1054/5430/5168 1055/1225/1224
f 1053/1219/1218 1052/1222/1221 1097/1221/1220
f 1054/5430/5168 5041/1052/1051 1058/1228/1227
f 1055/1225/1224 1054/5430/5168 1058/1228/1227
f 1058/1228/1227 5041/1052/1051 5042/1062/1061
f 5046/1234/1233 923/1053/1052 929/1064/1063
f 930/1063/1062 923/1053/1052 5046/1234/1233
f 5042/1062/1061 930/1063/1062 1057/1227/1226
f 1057/1227/1226 930/1063/1062 5046/1234/1233
f 1058/1228/1227 5042/1062/1061 1059/1226/1225
f 5048/5431/5169 5043/1066/1065 5044/1060/1059
f 5045/1068/1067 5043/1066/1065 5048/5431/5169
f 5049/5432/5170 929/1064/1063 5045/1068/1067
f 5046/1234/1233 929/1064/1063 5049/5432/5170
f 5044/1060/1059 937/1067/1066 5047/1078/1077
f 5048/5431/5169 5044/1060/1059 5047/1078/1077
f 5046/1234/1233 5049/5432/5170 1060/1235/1234
f 1057/1227/1226 5046/1234/1233 1063/1232/1231
f 5049/5432/5170 5045/1068/1067 5048/5431/5169
f 5048/5431/5169 5047/1078/1077 5053/5433/5171
f 5049/5432/5170 5048/5431/5169 5050/5434/5172
f 1063/1232/1231 1060/1235/1234 1065/1237/1236
f 5048/5431/5169 5053/5433/5171 5050/5434/5172
f 1064/1238/1237 5049/5432/5170 5050/5434/5172
f 1060/1235/1234 5049/5432/5170 1064/1238/1237
f 5047/1078/1077 941/1077/1076 5052/1081/1080
f 5052/1081/1080 943/1080/1079 948/1089/1088
f 5053/5433/5171 5047/1078/1077 5052/1081/1080
f 5055/1088/1087 5051/1079/1078 946/1083/1082
f 943/1080/1079 5051/1079/1078 5055/1088/1087
f 5053/5433/5171 5052/1081/1080 5056/1090/1089
f 5050/5434/5172 5053/5433/5171 5054/1246/1245
f 948/1089/1088 943/1080/1079 5055/1088/1087
f 5054/1246/1245 5053/5433/5171 5056/1090/1089
f 1067/1245/1244 5050/5434/5172 5054/1246/1245
f 1070/1248/1247 5050/5434/5172 1067/1245/1244
f 1064/1238/1237 5050/5434/5172 1070/1248/1247
f 1069/1240/1239 1064/1238/1237 1070/1248/1247
f 948/1089/1088 5055/1088/1087 5057/5435/5173
f 5058/5436/5174 948/1089/1088 5057/5435/5173
f 5056/1090/1089 948/1089/1088 5058/5436/5174
f 5059/5437/5175 5055/1088/1087 951/1094/1093
f 5057/5435/5173 5055/1088/1087 5059/5437/5175
f 1074/1247/1246 5056/1090/1089 5058/5436/5174
f 5054/1246/1245 5056/1090/1089 1074/1247/1246
f 5059/5437/5175 951/1094/1093 5061/1253/1252
f 5058/5436/5174 5057/5435/5173 1075/1257/1256
f 1074/1247/1246 5058/5436/5174 1075/1257/1256
f 951/1094/1093 952/1092/1091 5060/1097/1096
f 1076/1252/1251 5057/5435/5173 5059/5437/5175
f 1075/1257/1256 5057/5435/5173 1076/1252/1251
f 1076/1252/1251 5059/5437/5175 5061/1253/1252
f 951/1094/1093 5060/1097/1096 5062/1104/1103
f 5061/1253/1252 951/1094/1093 959/1106/1105
f 1077/1256/1255 1076/1252/1251 5063/1254/1253
f 959/1106/1105 951/1094/1093 5062/1104/1103
f 5064/1108/1107 5061/1253/1252 959/1106/1105
f 5063/1254/1253 5061/1253/1252 5064/1108/1107
f 1077/1256/1255 5063/1254/1253 5065/1119/1118
f 1079/1255/1254 1077/1256/1255 1082/5438/5176
f 5066/1259/1258 1079/1255/1254 1082/5438/5176
f 1082/5438/5176 1077/1256/1255 967/1120/1119
f 967/1120/1119 1077/1256/1255 5065/1119/1118
f 5065/1119/1118 5063/1254/1253 5064/1108/1107
f 5065/1119/1118 5064/1108/1107 965/1113/1112
f 966/1116/1115 5065/1119/1118 965/1113/1112
f 1083/1260/1259 5066/1259/1258 972/1125/1124
f 5068/1124/1123 1083/1260/1259 972/1125/1124
f 1084/1263/1262 1083/1260/1259 5068/1124/1123
f 5067/1122/1121 1082/5438/5176 967/1120/1119
f 5066/1259/1258 1082/5438/5176 5067/1122/1121
f 972/1125/1124 5066/1259/1258 5067/1122/1121
f 972/1125/1124 5067/1122/1121 973/1127/1126
f 1085/1264/1263 1084/1263/1262 5068/1124/1123
f 1085/1264/1263 5068/1124/1123 5070/5439/5177
f 973/1127/1126 5067/1122/1121 970/1128/1127
f 5070/5439/5177 5068/1124/1123 986/1123/1122
f 5069/1265/1264 1085/1264/1263 5070/5439/5177
f 5071/1145/1144 5069/1265/1264 5070/5439/5177
f 5069/1265/1264 5071/1145/1144 993/1154/1153
f 5071/1145/1144 992/1146/1145 993/1154/1153
f 5071/1145/1144 990/1144/1143 992/1146/1145
f 5071/1145/1144 5070/5439/5177 988/1143/1142
f 988/1143/1142 5070/5439/5177 986/1123/1122
f 1045/1210/1209 5072/1030/1029 1047/1033/1032
f 1044/1208/1207 5074/5440/5178 1046/1209/1208
f 5074/5440/5178 1045/1210/1209 1046/1209/1208
f 5073/1029/1028 904/1025/1024 1045/1210/1209
f 1045/1210/1209 904/1025/1024 5072/1030/1029
f 1045/1210/1209 5074/5440/5178 5073/1029/1028
f 1042/1205/1204 5076/5441/5179 1044/1208/1207
f 1044/1208/1207 5076/5441/5179 5074/5440/5178
f 5076/5441/5179 5075/5442/5180 5074/5440/5178
f 5075/5442/5180 5073/1029/1028 5074/5440/5178
f 5073/1029/1028 5075/5442/5180 903/1020/1019
f 5076/5441/5179 5077/5443/5181 5075/5442/5180
f 5077/5443/5181 5079/5444/5182 5075/5442/5180
f 5079/5444/5182 5078/5445/5183 5075/5442/5180
f 5075/5442/5180 5078/5445/5183 903/1020/1019
f 5078/5445/5183 5080/5446/5184 903/1020/1019
f 5080/5446/5184 5081/1021/1020 903/1020/1019
f 5081/1021/1020 895/1015/1014 899/1022/1021
f 5082/5447/5185 5083/5448/5186 5080/5446/5184
f 5084/5449/5187 5083/5448/5186 5082/5447/5185
f 5083/5448/5186 5085/5450/5188 5080/5446/5184
f 5085/5450/5188 5081/1021/1020 5080/5446/5184
f 5085/5450/5188 5086/5451/5189 5081/1021/1020
f 5081/1021/1020 5086/5451/5189 895/1015/1014
f 5086/5451/5189 890/1008/1007 895/1015/1014
f 5083/5448/5186 5390/3036/3009 5085/5450/5188
f 5085/5450/5188 5087/5452/5190 5086/5451/5189
f 5086/5451/5189 883/1006/1005 890/1008/1007
f 5390/3036/3009 5392/5453/5191 5087/5452/5190
f 5087/5452/5190 5088/5454/5192 5086/5451/5189
f 5086/5451/5189 5088/5454/5192 883/1006/1005
f 5395/5455/5193 5089/5456/5194 5392/5453/5191
f 5392/5453/5191 5089/5456/5194 5087/5452/5190
f 5087/5452/5190 5089/5456/5194 5088/5454/5192
f 883/1006/1005 5093/993/992 880/1001/1000
f 5090/5457/5195 5091/5458/5196 5089/5456/5194
f 5089/5456/5194 5091/5458/5196 5088/5454/5192
f 5089/5456/5194 5398/5459/5197 5090/5457/5195
f 5091/5458/5196 5092/995/994 5088/5454/5192
f 5088/5454/5192 5092/995/994 883/1006/1005
f 5092/995/994 5093/993/992 883/1006/1005
f 5093/993/992 877/994/993 880/1001/1000
f 5398/5459/5197 5399/5460/5198 5090/5457/5195
f 5399/5460/5198 5094/5461/5199 5090/5457/5195
f 5094/5461/5199 5091/5458/5196 5090/5457/5195
f 5094/5461/5199 5097/5462/5200 5091/5458/5196
f 5091/5458/5196 5097/5462/5200 5092/995/994
f 5094/5461/5199 5095/5463/5201 5097/5462/5200
f 5092/995/994 5096/5464/5202 875/982/981
f 5097/5462/5200 5100/5465/5203 5096/5464/5202
f 5096/5464/5202 5098/979/978 875/982/981
f 5095/5463/5201 5404/5466/5204 5097/5462/5200
f 5404/5466/5204 5099/5467/5205 5097/5462/5200
f 5099/5467/5205 5100/5465/5203 5097/5462/5200
f 5096/5464/5202 5100/5465/5203 5098/979/978
f 5100/5465/5203 5101/5468/5206 5098/979/978
f 5098/979/978 5101/5468/5206 855/973/972
f 860/974/973 865/972/971 859/971/970
f 5099/5467/5205 5102/5469/5207 5100/5465/5203
f 5102/5469/5207 5103/5470/5208 5100/5465/5203
f 865/972/971 5098/979/978 855/973/972
f 5403/3021/2994 5104/5381/5120 5404/5466/5204
f 5104/5381/5120 5102/5469/5207 5404/5466/5204
f 5404/5466/5204 5102/5469/5207 5099/5467/5205
f 5103/5470/5208 5106/5471/5209 5101/5468/5206
f 855/973/972 5101/5468/5206 5106/5471/5209
f 5102/5469/5207 5105/5472/5210 5103/5470/5208
f 5106/5471/5209 5103/5470/5208 5105/5472/5210
f 849/962/961 855/973/972 5106/5471/5209
f 847/963/962 849/962/961 5106/5471/5209
f 842/948/947 5102/5469/5207 5104/5381/5120
f 5105/5472/5210 5102/5469/5207 842/948/947
f 5106/5471/5209 5105/5472/5210 842/948/947
f 838/946/945 5106/5471/5209 842/948/947
f 847/963/962 5106/5471/5209 838/946/945
f 835/950/949 847/963/962 838/946/945
f 846/961/960 847/963/962 835/950/949
f 850/953/952 846/961/960 835/950/949
f 842/948/947 5104/5381/5120 836/5473/5211
f 4965/5376/5115 4966/5374/5113 5386/5378/5117
f 836/5473/5211 5104/5381/5120 4966/5374/5113
f 842/948/947 836/5473/5211 828/939/938
f 828/939/938 836/5473/5211 829/940/939
f 829/940/939 836/5473/5211 4966/5374/5113
f 4965/5376/5115 4963/5373/5112 4966/5374/5113
f 822/933/932 5107/5372/5111 818/930/929
f 816/925/924 818/930/929 809/918/917
f 822/933/932 829/940/939 4963/5373/5112
f 822/933/932 4963/5373/5112 5107/5372/5111
f 818/930/929 5107/5372/5111 4964/919/918
f 818/930/929 4964/919/918 809/918/917
f 1633/669/668 595/678/677 1632/680/679
f 5109/1149/1148 5108/1266/1265 993/1154/1153
f 5111/1155/1154 5108/1266/1265 5109/1149/1148
f 5110/1157/1156 5108/1266/1265 5111/1155/1154
f 107/119/118 105/121/120 108/125/124
f 106/123/122 5112/4594/4403 111/128/127
f 5112/4594/4403 4183/4590/4399 109/5474/5212
f 109/5474/5212 4183/4590/4399 4179/4589/4398
f 5115/5475/5213 4181/4578/4387 4170/4572/4381
f 5114/5476/5214 4181/4578/4387 5115/5475/5213
f 4180/4587/4396 4181/4578/4387 5114/5476/5214
f 5113/5477/5215 4179/4589/4398 4180/4587/4396
f 109/5474/5212 4179/4589/4398 5113/5477/5215
f 111/128/127 5112/4594/4403 109/5474/5212
f 112/124/123 106/123/122 111/128/127
f 111/128/127 109/5474/5212 5116/5478/5216
f 5116/5478/5216 109/5474/5212 5113/5477/5215
f 5113/5477/5215 4180/4587/4396 5114/5476/5214
f 5115/5475/5213 4170/4572/4381 5119/4571/4380
f 5118/5479/5217 5115/5475/5213 5119/4571/4380
f 5118/5479/5217 5114/5476/5214 5115/5475/5213
f 5117/5480/5218 5114/5476/5214 5118/5479/5217
f 5117/5480/5218 5113/5477/5215 5114/5476/5214
f 5116/5478/5216 5113/5477/5215 5117/5480/5218
f 114/127/126 111/128/127 5116/5478/5216
f 5120/5481/5219 5116/5478/5216 5117/5480/5218
f 4158/4576/4385 5119/4571/4380 4166/4574/4383
f 5122/5482/5220 5119/4571/4380 4158/4576/4385
f 5122/5482/5220 5118/5479/5217 5119/4571/4380
f 5121/5483/5221 5118/5479/5217 5122/5482/5220
f 5121/5483/5221 5117/5480/5218 5118/5479/5217
f 5120/5481/5219 5117/5480/5218 5121/5483/5221
f 118/134/133 5116/5478/5216 5120/5481/5219
f 114/127/126 5116/5478/5216 118/134/133
f 5123/5484/5222 5121/5483/5221 5122/5482/5220
f 5125/4559/4368 4158/4576/4385 4159/4560/4369
f 5125/4559/4368 5122/5482/5220 4158/4576/4385
f 5123/5484/5222 5122/5482/5220 5125/4559/4368
f 5126/5485/5223 5121/5483/5221 5123/5484/5222
f 5124/5486/5224 5121/5483/5221 5126/5485/5223
f 5124/5486/5224 5120/5481/5219 5121/5483/5221
f 5124/5486/5224 118/134/133 5120/5481/5219
f 119/132/131 114/127/126 118/134/133
f 119/132/131 115/126/125 114/127/126
f 4150/4551/4360 5126/5485/5223 5123/5484/5222
f 4150/4551/4360 5123/5484/5222 5125/4559/4368
f 4153/4555/4364 5125/4559/4368 4157/4558/4367
f 4146/4546/4355 5126/5485/5223 4150/4551/4360
f 5127/133/132 5124/5486/5224 5126/5485/5223
f 5127/133/132 118/134/133 5124/5486/5224
f 4140/4541/4350 4150/4551/4360 4153/4555/4364
f 4150/4551/4360 5125/4559/4368 4153/4555/4364
f 4147/4548/4357 5126/5485/5223 4146/4546/4355
f 4147/4548/4357 5127/133/132 5126/5485/5223
f 4145/4547/4356 4146/4546/4355 4150/4551/4360
f 4143/136/135 119/132/131 5127/133/132
f 4142/4545/4354 5127/133/132 4147/4548/4357
f 4143/136/135 5127/133/132 4142/4545/4354
f 4138/4543/4352 4143/136/135 4142/4545/4354
f 128/141/140 123/135/134 125/138/137
f 126/137/136 123/135/134 128/141/140
f 4218/4625/4434 5131/5487/5225 4219/4626/4435
f 5131/5487/5225 5128/5488/5226 4219/4626/4435
f 5128/5488/5226 4220/4627/4436 4219/4626/4435
f 4220/4627/4436 5129/5489/5227 4221/4628/4437
f 4222/4629/4438 5130/5490/5228 4215/4622/4431
f 4215/4622/4431 5130/5490/5228 1982/2181/2171
f 5130/5490/5228 1996/2199/2189 1982/2181/2171
f 4225/4632/4441 5131/5487/5225 4218/4625/4434
f 5131/5487/5225 5136/5491/5229 5128/5488/5226
f 5136/5491/5229 5132/5492/5230 5128/5488/5226
f 5128/5488/5226 5132/5492/5230 4220/4627/4436
f 5132/5492/5230 5133/5493/5231 4220/4627/4436
f 4220/4627/4436 5133/5493/5231 5129/5489/5227
f 5129/5489/5227 5134/5494/5232 4221/4628/4437
f 4221/4628/4437 5134/5494/5232 4222/4629/4438
f 5134/5494/5232 5135/5495/5233 4222/4629/4438
f 4222/4629/4438 5135/5495/5233 5130/5490/5228
f 5136/5491/5229 5137/5496/5234 5132/5492/5230
f 5133/5493/5231 5138/5497/5235 5129/5489/5227
f 5129/5489/5227 5138/5497/5235 5134/5494/5232
f 5135/5495/5233 5139/5498/5236 5130/5490/5228
f 5130/5490/5228 5139/5498/5236 1996/2199/2189
f 5139/5498/5236 1995/2198/2188 1996/2199/2189
f 5131/5487/5225 5140/4644/4453 5136/5491/5229
f 5140/4644/4453 5141/5499/5237 5136/5491/5229
f 5136/5491/5229 5141/5499/5237 5137/5496/5234
f 5132/5492/5230 5142/5500/5238 5133/5493/5231
f 5133/5493/5231 5142/5500/5238 5138/5497/5235
f 5138/5497/5235 5143/5501/5239 5134/5494/5232
f 5134/5494/5232 5143/5501/5239 5135/5495/5233
f 5143/5501/5239 5144/5502/5240 5135/5495/5233
f 5135/5495/5233 5144/5502/5240 5139/5498/5236
f 5139/5498/5236 1993/2196/2186 1995/2198/2188
f 5145/5503/5241 5146/5504/5242 5144/5502/5240
f 5144/5502/5240 5146/5504/5242 5139/5498/5236
f 5146/5504/5242 5147/5505/5243 5139/5498/5236
f 5139/5498/5236 5147/5505/5243 1993/2196/2186
f 5147/5505/5243 1991/2194/2184 1993/2196/2186
f 5148/5506/5244 5149/5507/5245 5145/5503/5241
f 5145/5503/5241 5149/5507/5245 5146/5504/5242
f 5149/5507/5245 5150/5508/5246 5146/5504/5242
f 5146/5504/5242 5150/5508/5246 5147/5505/5243
f 5150/5508/5246 5151/5509/5247 5147/5505/5243
f 5147/5505/5243 5151/5509/5247 1991/2194/2184
f 5151/5509/5247 1990/2193/2183 1991/2194/2184
f 3331/3663/3567 1989/2192/2182 1990/2193/2183
f 5151/5509/5247 3331/3663/3567 1990/2193/2183
f 5150/5508/5246 3331/3663/3567 5151/5509/5247
f 5149/5507/5245 5152/3673/3577 5150/5508/5246
f 5153/5510/5248 5152/3673/3577 5149/5507/5245
f 5148/5506/5244 5153/5510/5248 5149/5507/5245
f 5154/5511/5249 5153/5510/5248 5148/5506/5244
f 5166/5512/5250 5156/3685/3589 5155/5513/5251
f 5157/3687/3591 5156/3685/3589 5166/5512/5250
f 4233/4639/4448 5157/3687/3591 5166/5512/5250
f 4231/4638/4447 5159/5514/5252 4233/4639/4448
f 5159/5514/5252 5158/5515/5253 4233/4639/4448
f 4233/4639/4448 5158/5515/5253 5157/3687/3591
f 5156/3685/3589 3346/3678/3582 5155/5513/5251
f 5155/5513/5251 3346/3678/3582 5154/5511/5249
f 3346/3678/3582 3345/3677/3581 5154/5511/5249
f 5154/5511/5249 3345/3677/3581 5153/5510/5248
f 3345/3677/3581 3343/3675/3579 5153/5510/5248
f 5153/5510/5248 3343/3675/3579 5152/3673/3577
f 5152/3673/3577 3330/3662/3566 5150/5508/5246
f 5150/5508/5246 3330/3662/3566 3331/3663/3567
f 5157/3687/3591 3353/3686/3590 5156/3685/3589
f 5160/5516/5254 5159/5514/5252 4231/4638/4447
f 4237/4645/4454 5160/5516/5254 4231/4638/4447
f 4229/4636/4445 5161/4648/4457 4235/4642/4451
f 4228/4635/4444 5161/4648/4457 4229/4636/4445
f 3368/3704/3608 3367/3688/3592 5157/3687/3591
f 5158/5515/5253 3368/3704/3608 5157/3687/3591
f 5162/5517/5255 3368/3704/3608 5158/5515/5253
f 5159/5514/5252 5162/5517/5255 5158/5515/5253
f 5161/4648/4457 4237/4645/4454 4235/4642/4451
f 3367/3688/3592 3366/3701/3605 3353/3686/3590
f 5165/5518/5256 5162/5517/5255 5159/5514/5252
f 5160/5516/5254 5165/5518/5256 5159/5514/5252
f 4242/4650/4459 5165/5518/5256 5160/5516/5254
f 4237/4645/4454 4242/4650/4459 5160/5516/5254
f 5161/4648/4457 4242/4650/4459 4237/4645/4454
f 5163/3717/3621 3380/3703/3607 3368/3704/3608
f 5162/5517/5255 5163/3717/3621 3368/3704/3608
f 5164/3719/3623 5163/3717/3621 5162/5517/5255
f 5165/5518/5256 5164/3719/3623 5162/5517/5255
f 4241/3721/3625 5164/3719/3623 5165/5518/5256
f 4242/4650/4459 4241/3721/3625 5165/5518/5256
f 4243/4651/4460 4242/4650/4459 5161/4648/4457
f 4244/4647/4456 4243/4651/4460 5161/4648/4457
f 4225/4632/4441 4230/4637/4446 5131/5487/5225
f 4230/4637/4446 5140/4644/4453 5131/5487/5225
f 5141/5499/5237 4232/4640/4449 5137/5496/5234
f 4232/4640/4449 5166/5512/5250 5137/5496/5234
f 5137/5496/5234 5166/5512/5250 5132/5492/5230
f 5166/5512/5250 5142/5500/5238 5132/5492/5230
f 5142/5500/5238 5167/5519/5257 5138/5497/5235
f 5167/5519/5257 5168/5520/5258 5138/5497/5235
f 5138/5497/5235 5168/5520/5258 5143/5501/5239
f 5168/5520/5258 5145/5503/5241 5143/5501/5239
f 5143/5501/5239 5145/5503/5241 5144/5502/5240
f 5140/4644/4453 4234/4641/4450 5141/5499/5237
f 4234/4641/4450 4232/4640/4449 5141/5499/5237
f 4232/4640/4449 4233/4639/4448 5166/5512/5250
f 5166/5512/5250 5155/5513/5251 5142/5500/5238
f 5142/5500/5238 5155/5513/5251 5167/5519/5257
f 5155/5513/5251 5154/5511/5249 5167/5519/5257
f 5167/5519/5257 5154/5511/5249 5168/5520/5258
f 5154/5511/5249 5148/5506/5244 5168/5520/5258
f 5168/5520/5258 5148/5506/5244 5145/5503/5241
f 5169/1640/1639 1444/1646/1645 1577/1789/1779
f 1577/1789/1779 1444/1646/1645 5170/4059/3913
f 3678/4056/3910 5170/4059/3913 3675/4055/3909
f 5170/4059/3913 1444/1646/1645 1446/1648/1647
f 5170/4059/3913 1446/1648/1647 5171/5521/5259
f 5170/4059/3913 5171/5521/5259 3675/4055/3909
f 3675/4055/3909 5171/5521/5259 3670/4054/3908
f 5171/5521/5259 1446/1648/1647 1449/1651/1650
f 5171/5521/5259 1449/1651/1650 3670/4054/3908
f 4171/4579/4388 5172/5522/5260 5180/5523/5261
f 5180/5523/5261 5172/5522/5260 5173/5524/5262
f 5173/5524/5262 5175/5525/5263 5174/5526/5264
f 5173/5524/5262 5215/5527/5265 5175/5525/5263
f 5215/5527/5265 1958/2158/2148 5175/5525/5263
f 5215/5527/5265 5176/5528/5266 1958/2158/2148
f 5176/5528/5266 5177/5529/5267 1958/2158/2148
f 5177/5529/5267 1957/2150/2140 1958/2158/2148
f 5177/5529/5267 1956/2157/2147 1957/2150/2140
f 5175/5525/5263 1958/2158/2148 1944/2148/2138
f 5175/5525/5263 1944/2148/2138 2488/2712/2702
f 5175/5525/5263 2488/2712/2702 5178/2717/2707
f 5174/5526/5264 5175/5525/5263 5178/2717/2707
f 5173/5524/5262 5174/5526/5264 5181/5530/5268
f 5179/5531/5269 5173/5524/5262 5181/5530/5268
f 5180/5523/5261 5173/5524/5262 5179/5531/5269
f 4170/4572/4381 4171/4579/4388 5180/5523/5261
f 5181/5530/5268 5174/5526/5264 5182/2722/2712
f 5174/5526/5264 5178/2717/2707 5182/2722/2712
f 5185/5532/5270 5181/5530/5268 5182/2722/2712
f 5179/5531/5269 5181/5530/5268 5185/5532/5270
f 5183/5533/5271 5179/5531/5269 5185/5532/5270
f 5180/5523/5261 5179/5531/5269 5183/5533/5271
f 4169/4573/4382 5180/5523/5261 5183/5533/5271
f 4170/4572/4381 5180/5523/5261 4169/4573/4382
f 5183/5533/5271 5185/5532/5270 5186/5534/5272
f 4168/4575/4384 4169/4573/4382 5183/5533/5271
f 5186/5534/5272 5185/5532/5270 5187/5535/5273
f 5185/5532/5270 5182/2722/2712 5187/5535/5273
f 5182/2722/2712 5184/2732/2722 5187/5535/5273
f 5184/2732/2722 2507/2731/2721 2512/2734/2724
f 4168/4575/4384 5183/5533/5271 5188/5536/5274
f 5183/5533/5271 5186/5534/5272 5188/5536/5274
f 5188/5536/5274 5186/5534/5272 5189/5537/5275
f 5186/5534/5272 5187/5535/5273 5189/5537/5275
f 5187/5535/5273 5184/2732/2722 2512/2734/2724
f 4167/4577/4386 4168/4575/4384 5188/5536/5274
f 5188/5536/5274 5189/5537/5275 5192/5538/5276
f 5189/5537/5275 5187/5535/5273 5190/5539/5277
f 5190/5539/5277 5187/5535/5273 2519/2739/2729
f 5187/5535/5273 2512/2734/2724 2519/2739/2729
f 4167/4577/4386 5188/5536/5274 5191/5540/5278
f 5191/5540/5278 5188/5536/5274 5192/5538/5276
f 5192/5538/5276 5189/5537/5275 5190/5539/5277
f 4165/4570/4379 4167/4577/4386 5193/4569/4378
f 5193/4569/4378 4167/4577/4386 5191/5540/5278
f 5192/5538/5276 5190/5539/5277 5195/2752/2742
f 5195/2752/2742 5190/5539/5277 2519/2739/2729
f 5193/4569/4378 5191/5540/5278 5197/5541/5279
f 5197/5541/5279 5191/5540/5278 5194/5542/5280
f 5191/5540/5278 5192/5538/5276 5194/5542/5280
f 4160/4562/4371 5193/4569/4378 4161/4563/4372
f 4161/4563/4372 5193/4569/4378 5196/5543/5281
f 5196/5543/5281 5193/4569/4378 5197/5541/5279
f 5197/5541/5279 5194/5542/5280 5199/5544/5282
f 5194/5542/5280 5192/5538/5276 5198/5545/5283
f 5198/5545/5283 5192/5538/5276 5195/2752/2742
f 5195/2752/2742 2519/2739/2729 2530/2751/2741
f 4161/4563/4372 5196/5543/5281 5200/5546/5284
f 5199/5544/5282 5194/5542/5280 5202/5547/5285
f 5202/5547/5285 5194/5542/5280 5198/5545/5283
f 4164/4568/4377 4161/4563/4372 5200/5546/5284
f 5196/5543/5281 5197/5541/5279 5199/5544/5282
f 5198/5545/5283 5195/2752/2742 2529/2753/2743
f 5200/5546/5284 5196/5543/5281 5201/5548/5286
f 5196/5543/5281 5199/5544/5282 5201/5548/5286
f 5201/5548/5286 5199/5544/5282 5202/5547/5285
f 5202/5547/5285 5198/5545/5283 2529/2753/2743
f 4164/4568/4377 5200/5546/5284 5203/5549/5287
f 5200/5546/5284 5201/5548/5286 5203/5549/5287
f 5203/5549/5287 5201/5548/5286 5206/5550/5288
f 5201/5548/5286 5202/5547/5285 5206/5550/5288
f 5206/5550/5288 5202/5547/5285 5205/5551/5289
f 5205/5551/5289 5202/5547/5285 5204/2759/2749
f 5202/5547/5285 2529/2753/2743 5204/2759/2749
f 5207/4567/4376 4164/4568/4377 5210/5552/5290
f 4164/4568/4377 5203/5549/5287 5210/5552/5290
f 5210/5552/5290 5203/5549/5287 5208/5553/5291
f 5208/5553/5291 5203/5549/5287 5206/5550/5288
f 5205/5551/5289 5204/2759/2749 2537/2758/2748
f 5209/5554/5292 5206/5550/5288 2543/2764/2754
f 5206/5550/5288 5205/5551/5289 2543/2764/2754
f 2543/2764/2754 5205/5551/5289 2537/2758/2748
f 5208/5553/5291 5206/5550/5288 4474/4881/4681
f 4474/4881/4681 5206/5550/5288 5209/5554/5292
f 5210/5552/5290 5208/5553/5291 4473/4879/4679
f 4476/4876/4676 5207/4567/4376 5210/5552/5290
f 4469/4566/4375 5207/4567/4376 4476/4876/4676
f 4480/2769/2759 2542/2763/2753 2544/2768/2758
f 2543/2764/2754 2542/2763/2753 4480/2769/2759
f 5209/5554/5292 2543/2764/2754 4480/2769/2759
f 4475/4882/4682 5209/5554/5292 4480/2769/2759
f 4474/4881/4681 5209/5554/5292 4475/4882/4682
f 4473/4879/4679 5208/5553/5291 4474/4881/4681
f 4476/4876/4676 5210/5552/5290 4473/4879/4679
f 3034/3336/3291 3032/3332/3287 3084/3390/3345
f 3084/3390/3345 3032/3332/3287 3087/3197/3158
f 3035/3201/3162 2903/3194/3155 3038/3341/3296
f 3087/3197/3158 5211/3199/3160 3085/3388/3343
f 3085/3388/3343 5211/3199/3160 3035/3201/3162
f 3038/3341/3296 2903/3194/3155 3036/3182/3143
f 3037/3185/3146 2897/3183/3144 2898/3186/3147
f 3683/4063/3917 1574/1783/1773 3682/1785/1775
f 1563/1775/1765 1574/1783/1773 3683/4063/3917
f 1564/1777/1767 3685/1780/1770 1563/1775/1765
f 3123/3437/3379 5213/5555/5293 5212/3591/3507
f 3895/4289/4098 5213/5555/5293 3123/3437/3379
f 3895/4289/4098 3899/3585/3501 5213/5555/5293
f 3890/4285/4094 3899/3585/3501 3895/4289/4098
f 3657/3431/1960 3125/3433/3377 3656/4026/3893
f 3125/3433/3377 3124/3438/3380 3656/4026/3893
f 3656/4026/3893 3124/3438/3380 5212/3591/3507
f 3123/3437/3379 5212/3591/3507 3124/3438/3380
f 3127/3436/3378 3895/4289/4098 3123/3437/3379
f 3128/3447/3389 3895/4289/4098 3127/3436/3378
f 5172/5522/5260 5214/5556/5294 5173/5524/5262
f 5214/5556/5294 5215/5527/5265 5173/5524/5262
f 5216/5557/5295 5176/5528/5266 5215/5527/5265
f 5176/5528/5266 5217/5558/5296 5177/5529/5267
f 5217/5558/5296 5218/2171/2161 5177/5529/5267
f 5218/2171/2161 1956/2157/2147 5177/5529/5267
f 4171/4579/4388 5219/5559/5297 5172/5522/5260
f 5219/5559/5297 5214/5556/5294 5172/5522/5260
f 5219/5559/5297 5220/5560/5298 5214/5556/5294
f 5220/5560/5298 5221/5561/5299 5214/5556/5294
f 5221/5561/5299 5215/5527/5265 5214/5556/5294
f 5221/5561/5299 5216/5557/5295 5215/5527/5265
f 5216/5557/5295 5222/2187/2177 5176/5528/5266
f 5222/2187/2177 5217/5558/5296 5176/5528/5266
f 5222/2187/2177 5223/2186/2176 5217/5558/5296
f 5223/2186/2176 1984/2178/2168 5217/5558/5296
f 1984/2178/2168 5218/2171/2161 5217/5558/5296
f 4176/4584/4393 5219/5559/5297 4171/4579/4388
f 4176/4584/4393 5220/5560/5298 5219/5559/5297
f 4176/4584/4393 4175/4583/4392 5220/5560/5298
f 4175/4583/4392 5221/5561/5299 5220/5560/5298
f 4175/4583/4392 4173/4581/4390 5221/5561/5299
f 4173/4581/4390 4172/2188/2178 5221/5561/5299
f 4172/2188/2178 5216/5557/5295 5221/5561/5299
f 4172/2188/2178 5222/2187/2177 5216/5557/5295
f 989/5055/4835 3088/3391/3346 5224/3334/3289
f 994/1151/1150 5225/3335/3290 5226/3340/3295
f 5224/3334/3289 5225/3335/3290 994/1151/1150
f 991/1148/1147 987/1147/1146 989/5055/4835
f 995/1150/1149 5224/3334/3289 994/1151/1150
f 989/5055/4835 5224/3334/3289 995/1150/1149
f 994/1151/1150 5226/3340/3295 5228/1156/1155
f 991/1148/1147 989/5055/4835 995/1150/1149
f 3086/3392/3347 3084/3390/3345 3077/5562/5300
f 5228/1156/1155 5226/3340/3295 3086/3392/3347
f 3077/5562/5300 3084/3390/3345 5227/3389/3344
f 5228/1156/1155 3086/3392/3347 5230/5563/5301
f 5231/3382/3337 3082/3350/3305 3080/3353/3308
f 3075/3381/3336 3082/3350/3305 5231/3382/3337
f 3077/5562/5300 5227/3389/3344 3076/3387/3342
f 3076/3387/3342 5227/3389/3344 3078/3386/3341
f 5230/5563/5301 3086/3392/3347 3077/5562/5300
f 997/1158/1157 5229/1152/1151 5228/1156/1155
f 5230/5563/5301 3077/5562/5300 1004/1164/1163
f 997/1158/1157 5228/1156/1155 999/1160/1159
f 5228/1156/1155 5230/5563/5301 999/1160/1159
f 1004/1164/1163 3077/5562/5300 3076/3387/3342
f 996/1153/1152 5229/1152/1151 997/1158/1157
f 999/1160/1159 5230/5563/5301 1000/1162/1161
f 1004/1164/1163 3076/3387/3342 5234/5564/5302
f 1000/1162/1161 5230/5563/5301 1004/1164/1163
f 5234/5564/5302 3076/3387/3342 5232/3383/3338
f 5234/5564/5302 5232/3383/3338 5235/5565/5303
f 5231/3382/3337 5282/3385/3340 1012/1175/1174
f 5233/3380/3335 5231/3382/3337 1012/1175/1174
f 5282/3385/3340 3074/3384/3339 5236/5566/5304
f 5236/5566/5304 3074/3384/3339 5281/3373/3328
f 1008/1171/1170 5234/5564/5302 5235/5565/5303
f 5235/5565/5303 5232/3383/3338 1014/1174/1173
f 5232/3383/3338 5233/3380/3335 1014/1174/1173
f 1014/1174/1173 5233/3380/3335 1012/1175/1174
f 1005/1163/1162 1004/1164/1163 1006/1168/1167
f 1004/1164/1163 5234/5564/5302 1006/1168/1167
f 1006/1168/1167 5234/5564/5302 1008/1171/1170
f 1016/1173/1172 5235/5565/5303 1014/1174/1173
f 1008/1171/1170 5235/5565/5303 1016/1173/1172
f 1013/1177/1176 5236/5566/5304 1019/5567/5305
f 1019/5567/5305 5280/3378/3333 5238/5568/5306
f 1018/1176/1175 1013/1177/1176 1020/1181/1180
f 1019/5567/5305 5238/5568/5306 5241/1186/1185
f 1020/1181/1180 1013/1177/1176 1019/5567/5305
f 5238/5568/5306 5239/5569/5307 5240/5570/5308
f 5238/5568/5306 5240/5570/5308 5242/5571/5309
f 1020/1181/1180 1019/5567/5305 1026/1184/1183
f 1019/5567/5305 5241/1186/1185 1028/1185/1184
f 1026/1184/1183 1019/5567/5305 1028/1185/1184
f 5241/1186/1185 5238/5568/5306 1033/1187/1186
f 1033/1187/1186 5238/5568/5306 1032/1195/1194
f 5238/5568/5306 5242/5571/5309 1032/1195/1194
f 1032/1195/1194 5242/5571/5309 5245/5572/5310
f 5245/5572/5310 5243/5573/5311 5246/5574/5312
f 1028/1185/1184 1033/1187/1186 1031/1192/1191
f 1032/1195/1194 5245/5572/5310 1030/5575/5313
f 5245/5572/5310 5246/5574/5312 1030/5575/5313
f 1032/1195/1194 1030/5575/5313 5250/5576/5314
f 1030/5575/5313 5265/5577/5315 5247/5578/5316
f 1030/5575/5313 5247/5578/5316 5250/5576/5314
f 5247/5578/5316 5249/1198/1197 5250/5576/5314
f 1032/1195/1194 5250/5576/5314 1036/1196/1195
f 1036/1196/1195 5250/5576/5314 5249/1198/1197
f 5249/1198/1197 1038/1199/1198 1037/1197/1196
f 1038/1199/1198 5251/5579/5317 5254/1201/1200
f 5251/5579/5317 5252/5580/5318 5253/1203/1202
f 5251/5579/5317 5253/1203/1202 5254/1201/1200
f 5252/5580/5318 1042/1205/1204 5253/1203/1202
f 5256/5581/5319 5076/5441/5179 1042/1205/1204
f 5252/5580/5318 5257/5582/5320 1042/1205/1204
f 5256/5581/5319 5077/5443/5181 5076/5441/5179
f 5257/5582/5320 5256/5581/5319 1042/1205/1204
f 5251/5579/5317 5259/5583/5321 5252/5580/5318
f 5259/5583/5321 2780/3047/3020 5252/5580/5318
f 2780/3047/3020 5257/5582/5320 5252/5580/5318
f 5408/5584/5322 5259/5583/5321 5251/5579/5317
f 2780/3047/3020 5258/3045/3018 5257/5582/5320
f 5258/3045/3018 5387/3048/3021 5257/5582/5320
f 5387/3048/3021 5077/5443/5181 5256/5581/5319
f 2780/3047/3020 5260/3044/3017 5258/3045/3018
f 5407/5585/5323 5261/3049/3022 5408/5584/5322
f 5261/3049/3022 5259/5583/5321 5408/5584/5322
f 5261/3049/3022 2780/3047/3020 5259/5583/5321
f 5247/5578/5316 5248/5586/5324 5249/1198/1197
f 5248/5586/5324 5264/5587/5325 5262/5588/5326
f 5264/5587/5325 5263/5589/5327 5262/5588/5326
f 5263/5589/5327 5407/5585/5323 5262/5588/5326
f 5263/5589/5327 5261/3049/3022 5407/5585/5323
f 5247/5578/5316 5269/5590/5328 5248/5586/5324
f 5246/5574/5312 5265/5577/5315 1030/5575/5313
f 5265/5577/5315 5266/5591/5329 5247/5578/5316
f 5266/5591/5329 5269/5590/5328 5247/5578/5316
f 5269/5590/5328 5267/3058/3031 5248/5586/5324
f 5267/3058/3031 5264/5587/5325 5248/5586/5324
f 5268/5592/5330 5269/5590/5328 5266/5591/5329
f 5246/5574/5312 5244/3074/3047 5265/5577/5315
f 5270/5593/5331 5269/5590/5328 5268/5592/5330
f 5269/5590/5328 2794/3056/3029 5267/3058/3031
f 2789/3057/3030 5271/3060/3033 5267/3058/3031
f 5246/5574/5312 5273/5594/5332 5244/3074/3047
f 5244/3074/3047 5266/5591/5329 5265/5577/5315
f 5266/5591/5329 5272/5595/5333 5268/5592/5330
f 5272/5595/5333 5270/5593/5331 5268/5592/5330
f 5270/5593/5331 2794/3056/3029 5269/5590/5328
f 5243/5573/5311 5273/5594/5332 5246/5574/5312
f 2793/3064/3037 2794/3056/3029 5270/5593/5331
f 5244/3074/3047 5272/5595/5333 5266/5591/5329
f 5272/5595/5333 2801/3067/3040 5270/5593/5331
f 2801/3067/3040 2793/3064/3037 5270/5593/5331
f 2802/3068/3041 2795/3062/3035 2793/3064/3037
f 2798/3070/3043 2796/3063/3036 2795/3062/3035
f 5273/5594/5332 5274/3072/3045 5244/3074/3047
f 5244/3074/3047 2806/3075/3048 5272/5595/5333
f 2806/3075/3048 2801/3067/3040 5272/5595/5333
f 5242/5571/5309 5240/5570/5308 5245/5572/5310
f 5240/5570/5308 5243/5573/5311 5245/5572/5310
f 5243/5573/5311 5275/5596/5334 5273/5594/5332
f 5275/5596/5334 5274/3072/3045 5273/5594/5332
f 5240/5570/5308 5275/5596/5334 5243/5573/5311
f 5275/5596/5334 5276/5597/5335 5274/3072/3045
f 5274/3072/3045 2819/3088/3061 2805/3073/3046
f 2805/3073/3046 2821/3090/3063 2806/3075/3048
f 2806/3075/3048 2821/3090/3063 2810/3079/3052
f 5240/5570/5308 5277/3102/3075 5275/5596/5334
f 5276/5597/5335 2818/3096/3069 5274/3072/3045
f 5274/3072/3045 2818/3096/3069 2819/3088/3061
f 5275/5596/5334 5277/3102/3075 5276/5597/5335
f 5240/5570/5308 5237/5598/5336 5277/3102/3075
f 5277/3102/3075 5278/3104/3077 5276/5597/5335
f 5278/3104/3077 2832/3105/3078 5276/5597/5335
f 5276/5597/5335 2832/3105/3078 2818/3096/3069
f 5239/5569/5307 5237/5598/5336 5240/5570/5308
f 5238/5568/5306 5280/3378/3333 5239/5569/5307
f 5237/5598/5336 2836/3108/3081 5277/3102/3075
f 5239/5569/5307 5279/3379/3334 5237/5598/5336
f 5280/3378/3333 5279/3379/3334 5239/5569/5307
f 5281/3373/3328 5280/3378/3333 1019/5567/5305
f 5236/5566/5304 5281/3373/3328 1019/5567/5305
f 1012/1175/1174 5282/3385/3340 1013/1177/1176
f 1013/1177/1176 5282/3385/3340 5236/5566/5304
f 5280/3378/3333 3072/3374/3329 5279/3379/3334
f 5279/3379/3334 2836/3108/3081 5237/5598/5336
f 5284/374/373 334/375/374 5289/5599/5337
f 5289/5599/5337 334/375/374 5290/5600/5338
f 334/375/374 335/378/377 5290/5600/5338
f 5290/5600/5338 335/378/377 5283/376/375
f 5285/168/167 147/170/169 157/174/173
f 157/174/173 147/170/169 149/172/171
f 325/370/369 329/371/370 5286/5601/5339
f 329/371/370 5284/374/373 5286/5601/5339
f 5284/374/373 5289/5599/5337 5287/5602/5340
f 5290/5600/5338 5283/376/375 5288/5603/5341
f 5283/376/375 5285/168/167 5288/5603/5341
f 5286/5601/5339 5284/374/373 5287/5602/5340
f 5288/5603/5341 5285/168/167 157/174/173
f 157/174/173 152/173/172 159/181/180
f 324/361/360 325/370/369 5293/357/356
f 5293/357/356 325/370/369 5286/5601/5339
f 5290/5600/5338 5288/5603/5341 5292/5604/5342
f 5293/357/356 5286/5601/5339 5291/5605/5343
f 5286/5601/5339 5287/5602/5340 5291/5605/5343
f 5292/5604/5342 5288/5603/5341 163/186/185
f 5288/5603/5341 157/174/173 163/186/185
f 163/186/185 157/174/173 159/181/180
f 5291/5605/5343 5287/5602/5340 5294/5606/5344
f 5287/5602/5340 5289/5599/5337 5294/5606/5344
f 5294/5606/5344 5289/5599/5337 5299/198/197
f 5289/5599/5337 5290/5600/5338 5299/198/197
f 5299/198/197 5290/5600/5338 5292/5604/5342
f 5293/357/356 5291/5605/5343 5295/5607/5345
f 5299/198/197 5292/5604/5342 170/195/194
f 5292/5604/5342 163/186/185 168/192/191
f 5296/351/350 5293/357/356 5297/5608/5346
f 5297/5608/5346 5293/357/356 5295/5607/5345
f 5295/5607/5345 5291/5605/5343 5294/5606/5344
f 170/195/194 5292/5604/5342 168/192/191
f 298/336/335 5296/351/350 297/323/322
f 5298/5609/5347 5294/5606/5344 5299/198/197
f 5295/5607/5345 5294/5606/5344 5298/5609/5347
f 5297/5608/5346 5295/5607/5345 5298/5609/5347
f 5296/351/350 5297/5608/5346 288/324/323
f 297/323/322 5296/351/350 288/324/323
f 288/324/323 5297/5608/5346 5298/5609/5347
f 297/323/322 287/325/324 286/322/321
f 297/323/322 286/322/321 299/335/334
f 299/335/334 286/322/321 300/321/320
f 288/324/323 5298/5609/5347 5301/5610/5348
f 5301/5610/5348 5298/5609/5347 5299/198/197
f 175/197/196 170/195/194 177/194/193
f 5300/196/195 175/197/196 5304/210/209
f 180/5611/5349 5299/198/197 5300/196/195
f 5301/5610/5348 5299/198/197 180/5611/5349
f 5302/5612/5350 288/324/323 5301/5610/5348
f 287/325/324 288/324/323 5302/5612/5350
f 286/322/321 287/325/324 278/312/311
f 180/5611/5349 5300/196/195 5304/210/209
f 5305/5613/5351 5301/5610/5348 180/5611/5349
f 5302/5612/5350 5301/5610/5348 5305/5613/5351
f 287/325/324 5302/5612/5350 275/313/312
f 287/325/324 275/313/312 278/312/311
f 275/313/312 5302/5612/5350 5303/305/304
f 275/313/312 5303/305/304 271/307/306
f 271/307/306 5303/305/304 268/303/302
f 5308/230/229 180/5611/5349 5304/210/209
f 5305/5613/5351 180/5611/5349 5308/230/229
f 5302/5612/5350 5305/5613/5351 5306/5614/5352
f 5302/5612/5350 5306/5614/5352 5303/305/304
f 5303/305/304 5306/5614/5352 264/302/301
f 5308/230/229 5304/210/209 188/209/208
f 5306/5614/5352 5305/5613/5351 5308/230/229
f 5306/5614/5352 5307/5615/5353 264/302/301
f 5306/5614/5352 5308/230/229 5307/5615/5353
f 5307/5615/5353 5309/229/228 264/302/301
f 264/302/301 5309/229/228 265/294/293
f 188/209/208 187/216/215 196/227/226
f 5308/230/229 188/209/208 196/227/226
f 196/227/226 187/216/215 195/225/224
f 5308/230/229 5309/229/228 5307/5615/5353
f 5310/4553/4362 4155/4556/4365 4470/4565/4374
f 4154/4552/4361 5310/4553/4362 5312/5616/5354
f 4472/4874/4674 4154/4552/4361 5312/5616/5354
f 4124/4528/4337 4154/4552/4361 4472/4874/4674
f 4120/4875/4675 4124/4528/4337 4472/4874/4674
f 5311/4529/4338 4124/4528/4337 4120/4875/4675
f 4121/4526/4335 5311/4529/4338 4119/4524/4333
f 4470/4565/4374 4155/4556/4365 4163/4564/4373
f 5312/5616/5354 5310/4553/4362 4470/4565/4374
f 4119/4524/4333 5311/4529/4338 4120/4875/4675
f 5312/5616/5354 4470/4565/4374 4471/4873/4673
f 4472/4874/4674 5312/5616/5354 4468/4872/4672
f 5312/5616/5354 4471/4873/4673 4468/4872/4672
f 4469/4566/4375 4163/4564/4373 5207/4567/4376
f 1114/1278/1277 1126/1293/1292 1112/1276/1275
f 1114/1278/1277 1133/1300/1299 1126/1293/1292
f 1116/1280/1279 1133/1300/1299 1114/1278/1277
f 1116/1280/1279 1135/1302/1301 1133/1300/1299
f 1118/1282/1281 1135/1302/1301 1116/1280/1279
f 1118/1282/1281 1137/1304/1303 1135/1302/1301
f 1120/1284/1283 1137/1304/1303 1118/1282/1281
f 1120/1284/1283 3752/4154/3978 1137/1304/1303
f 4887/5617/5039 3752/4154/3978 1120/1284/1283
f 4887/5617/5039 3754/4156/3980 3752/4154/3978
f 4888/5618/5040 3754/4156/3980 4887/5617/5039
f 4888/5618/5040 3756/4158/3982 3754/4156/3980
f 3750/5619/5042 3756/4158/3982 4888/5618/5040
f 3750/5619/5042 3758/4160/3984 3756/4158/3982
f 3746/4148/3972 3758/4160/3984 3750/5619/5042
f 3746/4148/3972 3760/4162/3986 3758/4160/3984
f 3749/4151/3975 3760/4162/3986 3746/4148/3972
f 3748/4150/3974 3760/4162/3986 3749/4151/3975
f 2399/2627/2617 1747/1920/1910 1748/1919/1909
f 1747/1920/1910 5313/5620/5355 1752/1925/1915
f 1760/1932/1922 1756/1929/1919 1755/1927/1917
f 1752/1925/1915 5331/1939/1929 1755/1927/1917
f 3062/3367/3322 3065/3371/3326 3070/3116/3089
f 3068/3363/3318 5314/5621/5356 2846/3121/3094
f 2846/3121/3094 5314/5621/5356 2847/3122/3095
f 5314/5621/5356 2852/3129/3102 2847/3122/3095
f 5314/5621/5356 2853/3132/3105 2852/3129/3102
f 3068/3363/3318 2853/3132/3105 5314/5621/5356
f 3068/3363/3318 2854/3130/3103 2853/3132/3105
f 3053/3362/3317 2854/3130/3103 3068/3363/3318
f 3053/3362/3317 5315/5622/5357 2854/3130/3103
f 3052/3359/3314 5315/5622/5357 3053/3362/3317
f 3052/3359/3314 3046/5623/5358 5315/5622/5357
f 3047/3354/3309 3046/5623/5358 3052/3359/3314
f 5315/5622/5357 2855/3131/3104 2854/3130/3103
f 5315/5622/5357 2859/3136/3109 2855/3131/3104
f 3046/5623/5358 2859/3136/3109 5315/5622/5357
f 3046/5623/5358 5316/5624/5359 2859/3136/3109
f 3047/3354/3309 5316/5624/5359 3046/5623/5358
f 3047/3354/3309 5317/5625/5360 5316/5624/5359
f 3043/3346/3301 5317/5625/5360 3047/3354/3309
f 5316/5624/5359 2862/3137/3110 2859/3136/3109
f 5316/5624/5359 2867/3146/3114 2862/3137/3110
f 5317/5625/5360 2867/3146/3114 5316/5624/5359
f 5317/5625/5360 2868/3148/3116 2867/3146/3114
f 2877/3166/3127 2868/3148/3116 5317/5625/5360
f 3043/3346/3301 2877/3166/3127 5317/5625/5360
f 3050/3355/3310 2883/3168/3129 3048/3347/3302
f 3044/3171/3132 2883/3168/3129 3050/3355/3310
f 2354/2584/2574 2357/1885/1875 5321/5626/5361
f 2350/2583/2573 2354/2584/2574 5321/5626/5361
f 2350/2583/2573 5321/5626/5361 5319/5627/5362
f 2342/2572/2562 2350/2583/2573 5319/5627/5362
f 2339/2567/2557 2342/2572/2562 5319/5627/5362
f 2339/2567/2557 5319/5627/5362 2338/2566/2556
f 5318/1884/1874 1714/1875/1865 1713/1876/1866
f 2357/1885/1875 5318/1884/1874 1713/1876/1866
f 2357/1885/1875 1713/1876/1866 5320/5628/5363
f 5321/5626/5361 2357/1885/1875 5320/5628/5363
f 5319/5627/5362 5321/5626/5361 5322/5629/5364
f 5319/5627/5362 5322/5629/5364 2337/2565/2555
f 2338/2566/2556 5319/5627/5362 2337/2565/2555
f 2337/2565/2555 5323/5630/5365 2153/2564/2554
f 2337/2565/2555 5322/5629/5364 5323/5630/5365
f 5322/5629/5364 5321/5626/5361 5324/5631/5366
f 5321/5626/5361 5327/5632/5367 5324/5631/5366
f 5321/5626/5361 5320/5628/5363 5327/5632/5367
f 5320/5628/5363 5325/5633/5368 5327/5632/5367
f 5320/5628/5363 1713/1876/1866 5325/5633/5368
f 5323/5630/5365 5322/5629/5364 5326/5634/5369
f 2153/2564/2554 5323/5630/5365 2152/2373/2363
f 1713/1876/1866 1712/1871/1861 1709/1867/1857
f 1713/1876/1866 1709/1867/1857 5329/5635/5370
f 5325/5633/5368 1713/1876/1866 5329/5635/5370
f 5325/5633/5368 5329/5635/5370 5327/5632/5367
f 5324/5631/5366 5327/5632/5367 5328/5636/5371
f 5322/5629/5364 5324/5631/5366 5328/5636/5371
f 5322/5629/5364 5328/5636/5371 5326/5634/5369
f 2152/2373/2363 5323/5630/5365 2158/2378/2368
f 5323/5630/5365 5326/5634/5369 2158/2378/2368
f 5326/5634/5369 2162/2382/2372 2158/2378/2368
f 5326/5634/5369 5328/5636/5371 2162/2382/2372
f 5328/5636/5371 5329/5635/5370 2162/2382/2372
f 5328/5636/5371 5327/5632/5367 5329/5635/5370
f 2158/2378/2368 2159/2381/2371 2157/2377/2367
f 2158/2378/2368 2162/2382/2372 2159/2381/2371
f 5329/5635/5370 1709/1867/1857 5330/1868/1858
f 5329/5635/5370 5330/1868/1858 2163/2383/2373
f 2162/2382/2372 2163/2383/2373 2161/2380/2370
f 2162/2382/2372 5329/5635/5370 2163/2383/2373
f 5330/1868/1858 1702/1864/1854 1703/1862/1852
f 5330/1868/1858 1706/1865/1855 1702/1864/1854
f 2403/2626/2616 2399/2627/2617 1751/1923/1913
f 5313/5620/5355 5331/1939/1929 1752/1925/1915
f 5331/1939/1929 1760/1932/1922 1755/1927/1917
f 2403/2626/2616 2405/2634/2624 2399/2627/2617
f 2399/2627/2617 2405/2634/2624 1747/1920/1910
f 2405/2634/2624 5313/5620/5355 1747/1920/1910
f 5313/5620/5355 5332/1938/1928 5331/1939/1929
f 2412/2642/2632 5332/1938/1928 5313/5620/5355
f 2411/2633/2623 2414/2645/2635 2402/2629/2619
f 2414/2645/2635 2413/2643/2633 2402/2629/2619
f 2402/2629/2619 2413/2643/2633 2405/2634/2624
f 2413/2643/2633 5313/5620/5355 2405/2634/2624
f 5334/1933/1923 1765/1940/1930 1759/1935/1925
f 5333/5637/5372 5334/1933/1923 1760/1932/1922
f 5332/1938/1928 5333/5637/5372 1760/1932/1922
f 2413/2643/2633 2412/2642/2632 5313/5620/5355
f 2430/2663/2653 5332/1938/1928 2412/2642/2632
f 5338/5638/5373 1765/1940/1930 5334/1933/1923
f 5333/5637/5372 5338/5638/5373 5334/1933/1923
f 5332/1938/1928 5335/5639/5374 5333/5637/5372
f 2430/2663/2653 5335/5639/5374 5332/1938/1928
f 2420/2651/2641 2430/2663/2653 2412/2642/2632
f 2417/2641/2631 2420/2651/2641 2412/2642/2632
f 2414/2645/2635 2420/2651/2641 2417/2641/2631
f 5335/5639/5374 5337/2671/2661 5333/5637/5372
f 5337/2671/2661 5338/5638/5373 5333/5637/5372
f 5338/5638/5373 5336/5640/5375 1765/1940/1930
f 1765/1940/1930 5339/5641/5376 1763/1941/1931
f 2430/2663/2653 2436/2664/2654 5335/5639/5374
f 2436/2664/2654 5337/2671/2661 5335/5639/5374
f 5336/5640/5375 5339/5641/5376 1765/1940/1930
f 5339/5641/5376 5340/5642/5377 1763/1941/1931
f 1763/1941/1931 5340/5642/5377 1764/1943/1933
f 5337/2671/2661 5341/5643/5378 5338/5638/5373
f 5341/5643/5378 5336/5640/5375 5338/5638/5373
f 5340/5642/5377 1767/1944/1934 1764/1943/1933
f 2442/2670/2660 5341/5643/5378 5337/2671/2661
f 5336/5640/5375 5342/5644/5379 5339/5641/5376
f 5342/5644/5379 5345/5645/5380 5339/5641/5376
f 5339/5641/5376 5345/5645/5380 5340/5642/5377
f 5345/5645/5380 5343/5646/5381 5340/5642/5377
f 5340/5642/5377 5343/5646/5381 1767/1944/1934
f 2442/2670/2660 2443/2675/2665 5341/5643/5378
f 2443/2675/2665 5344/5647/5382 5341/5643/5378
f 5341/5643/5378 5344/5647/5382 5336/5640/5375
f 5344/5647/5382 5342/5644/5379 5336/5640/5375
f 5343/5646/5381 1770/1952/1942 1767/1944/1934
f 2443/2675/2665 2446/2679/2669 5344/5647/5382
f 5344/5647/5382 5346/5648/5383 5342/5644/5379
f 5342/5644/5379 5346/5648/5383 5345/5645/5380
f 5345/5645/5380 5346/5648/5383 5343/5646/5381
f 5343/5646/5381 5347/5649/5384 1770/1952/1942
f 5346/5648/5383 5347/5649/5384 5343/5646/5381
f 2446/2679/2669 2452/2682/2672 5344/5647/5382
f 2452/2682/2672 5348/2693/2683 5344/5647/5382
f 5344/5647/5382 5348/2693/2683 5346/5648/5383
f 5348/2693/2683 5349/5650/5385 5346/5648/5383
f 5346/5648/5383 5349/5650/5385 5347/5649/5384
f 5349/5650/5385 5350/5651/5386 5347/5649/5384
f 5350/5651/5386 1770/1952/1942 5347/5649/5384
f 2452/2682/2672 2457/2689/2679 5348/2693/2683
f 1770/1952/1942 5352/1979/1969 1771/1953/1943
f 5352/1979/1969 1774/1958/1948 1771/1953/1943
f 5348/2693/2683 1789/1973/1963 5349/5650/5385
f 5349/5650/5385 1789/1973/1963 5350/5651/5386
f 5350/5651/5386 5351/1977/1967 1770/1952/1942
f 5351/1977/1967 5352/1979/1969 1770/1952/1942
f 2463/1971/1961 1789/1973/1963 5348/2693/2683
f 1789/1973/1963 1791/1975/1965 5350/5651/5386
f 1791/1975/1965 5351/1977/1967 5350/5651/5386
f 5352/1979/1969 1775/1960/1950 1774/1958/1948
f 5355/2540/2530 4788/2541/2531 5354/2543/2533
f 5354/2543/2533 2316/2544/2534 5357/5652/5387
f 2316/2544/2534 2317/2341/2331 2115/2330/2320
f 2310/2534/2524 2312/2538/2528 2305/2523/2513
f 2312/2538/2528 5353/2532/2522 2305/2523/2513
f 5353/2532/2522 5355/2540/2530 5359/2524/2514
f 5355/2540/2530 5354/2543/2533 5357/5652/5387
f 5357/5652/5387 2316/2544/2534 5356/5653/5388
f 2316/2544/2534 2115/2330/2320 5356/5653/5388
f 5359/2524/2514 5355/2540/2530 5357/5652/5387
f 5357/5652/5387 5356/5653/5388 5360/5654/5389
f 5361/2529/2519 2308/2531/2521 2305/2523/2513
f 5360/5654/5389 5356/5653/5388 5358/2314/2304
f 5356/5653/5388 2115/2330/2320 5358/2314/2304
f 5358/2314/2304 2115/2330/2320 2098/2304/2294
f 5359/2524/2514 5357/5652/5387 5363/2458/2448
f 5363/2458/2448 5357/5652/5387 5360/5654/5389
f 2098/2304/2294 2116/2319/2309 2099/2305/2295
f 5361/2529/2519 2305/2523/2513 2239/2455/2445
f 2239/2455/2445 2305/2523/2513 5362/2525/2515
f 5362/2525/2515 5359/2524/2514 5363/2458/2448
f 5360/5654/5389 5358/2314/2304 2238/2302/2292
f 5363/2458/2448 5360/5654/5389 2243/2449/2439
f 2243/2449/2439 5360/5654/5389 2238/2302/2292
f 5362/2525/2515 5363/2458/2448 2242/2457/2447
f 2246/2456/2446 5362/2525/2515 2242/2457/2447
f 2239/2455/2445 5362/2525/2515 2246/2456/2446
f 2245/2454/2444 5361/2529/2519 2239/2455/2445
f 2304/2522/2512 5361/2529/2519 2245/2454/2444
f 2241/2452/2442 2304/2522/2512 2245/2454/2444
f 2298/2517/2507 2304/2522/2512 2241/2452/2442
f 2240/2451/2441 2298/2517/2507 2241/2452/2442
f 5364/4649/4458 4227/4634/4443 102/116/115
f 100/113/112 5364/4649/4458 102/116/115
f 2839/3111/3084 5365/3115/3088 5371/5655/5390
f 5371/5655/5390 5366/3119/3092 5367/3124/3097
f 5368/5656/5391 5369/3125/3098 5373/5657/5392
f 5373/5657/5392 5369/3125/3098 5370/5658/2830
f 2839/3111/3084 5371/5655/5390 2833/3106/3079
f 5371/5655/5390 5367/3124/3097 5374/5659/5393
f 5374/5659/5393 5367/3124/3097 5372/5660/5394
f 5367/3124/3097 5368/5656/5391 5372/5660/5394
f 5372/5660/5394 5368/5656/5391 5373/5657/5392
f 5376/5661/5395 5370/5658/2830 2607/3395/2832
f 5373/5657/5392 5370/5658/2830 5376/5661/5395
f 5374/5659/5393 5372/5660/5394 5375/5662/5396
f 2826/3097/3070 5371/5655/5390 5374/5659/5393
f 2833/3106/3079 5371/5655/5390 2826/3097/3070
f 2832/3105/3078 2839/3111/3084 2833/3106/3079
f 2837/3109/3082 2839/3111/3084 2832/3105/3078
f 2826/3097/3070 5374/5659/5393 2834/3107/3080
f 2834/3107/3080 5374/5659/5393 5375/5662/5396
f 5375/5662/5396 5372/5660/5394 5379/5663/5397
f 5372/5660/5394 5373/5657/5392 5379/5663/5397
f 5379/5663/5397 5373/5657/5392 5376/5661/5395
f 2607/3395/2832 5377/5664/5398 5376/5661/5395
f 2607/3395/2832 5378/3406/3354 5377/5664/5398
f 2834/3107/3080 5375/5662/5396 2824/3093/3066
f 2824/3093/3066 5375/5662/5396 2835/3098/3071
f 2835/3098/3071 5375/5662/5396 5379/5663/5397
f 5379/5663/5397 5376/5661/5395 2827/3094/3067
f 5377/5664/5398 5378/3406/3354 2829/3099/3072
f 5378/3406/3354 5380/3419/3364 2829/3099/3072
f 5378/3406/3354 3093/3405/3353 5380/3419/3364
f 3093/3405/3353 3106/3413/3358 5380/3419/3364
f 2835/3098/3071 5379/5663/5397 2827/3094/3067
f 5376/5661/5395 2829/3099/3072 2827/3094/3067
f 5376/5661/5395 5377/5664/5398 2829/3099/3072
f 3107/3414/3359 3096/3410/3355 3108/3421/3366
f 3096/3410/3355 3104/3418/3363 3108/3421/3366
f 2104/2313/2303 2107/2317/2307 5009/5665/5154
f 2107/2317/2307 5019/5666/5159 5009/5665/5154
f 2107/2317/2307 5381/2324/2314 5019/5666/5159
f 5381/2324/2314 5002/5667/5148 5019/5666/5159
f 5381/2324/2314 2113/2325/2315 5002/5667/5148
f 2113/2325/2315 5382/2327/2317 5002/5667/5148
f 5382/2327/2317 5384/2329/2319 5383/5668/5399
f 2192/2407/2397 2183/2401/2391 4990/5669/5135
f 2111/2318/2308 5381/2324/2314 2107/2317/2307
f 5384/2329/2319 2191/2406/2396 5383/5668/5399
f 2191/2406/2396 5385/5670/5400 5383/5668/5399
f 2191/2406/2396 2192/2407/2397 5385/5670/5400
f 2193/2404/2394 2183/2401/2391 2192/2407/2397
f 2193/2404/2394 2184/2400/2390 2183/2401/2391
f 5386/5378/5117 4966/5374/5113 5104/5381/5120
f 4969/5377/5116 5386/5378/5117 4971/5380/5119
f 4971/5380/5119 5386/5378/5117 5104/5381/5120
f 3894/3582/3498 3243/3572/3488 3896/4290/4099
f 3896/4290/4099 3243/3572/3488 3900/3581/3497
f 3899/3585/3501 3248/3586/3502 5213/5555/5293
f 5213/5555/5293 3248/3586/3502 3250/3588/3504
f 5213/5555/5293 3250/3588/3504 5212/3591/3507
f 3656/4026/3893 5212/3591/3507 3252/3590/3506
f 3254/3594/3510 3656/4026/3893 3252/3590/3506
f 5365/3115/3088 5366/3119/3092 5371/5655/5390
f 5366/3119/3092 2845/3120/3093 5367/3124/3097
f 5367/3124/3097 5369/3125/3098 5368/5656/5391
f 5369/3125/3098 2615/5671/2839 5370/5658/2830
f 5369/3125/3098 2849/3126/3099 2615/5671/2839
f 5257/5582/5320 5387/3048/3021 5256/5581/5319
f 5079/5444/5182 5082/5447/5185 5078/5445/5183
f 5077/5443/5181 5388/3043/3016 5079/5444/5182
f 5078/5445/5183 5082/5447/5185 5080/5446/5184
f 5388/3043/3016 5082/5447/5185 5079/5444/5182
f 5387/3048/3021 5388/3043/3016 5077/5443/5181
f 5258/3045/3018 2779/3042/3015 5387/3048/3021
f 5388/3043/3016 5389/3041/3014 5082/5447/5185
f 5387/3048/3021 2776/3040/3013 5388/3043/3016
f 5389/3041/3014 5084/5449/5187 5082/5447/5185
f 5084/5449/5187 5390/3036/3009 5083/5448/5186
f 5390/3036/3009 5087/5452/5190 5085/5450/5188
f 2775/3035/3008 5391/3031/3004 5389/3041/3014
f 5389/3041/3014 5391/3031/3004 5084/5449/5187
f 5391/3031/3004 5390/3036/3009 5084/5449/5187
f 5393/3037/3010 5394/5672/5401 5390/3036/3009
f 5390/3036/3009 5394/5672/5401 5392/5453/5191
f 5394/5672/5401 5395/5455/5193 5392/5453/5191
f 5396/5673/5402 5395/5455/5193 5394/5672/5401
f 5393/3037/3010 5397/5674/5403 5394/5672/5401
f 5397/5674/5403 5396/5673/5402 5394/5672/5401
f 5395/5455/5193 5398/5459/5197 5089/5456/5194
f 5393/3037/3010 2773/3032/3005 5397/5674/5403
f 5396/5673/5402 5398/5459/5197 5395/5455/5193
f 2773/3032/3005 2771/3034/3007 5397/5674/5403
f 2771/3034/3007 2772/5675/5404 5397/5674/5403
f 5397/5674/5403 2772/5675/5404 5396/5673/5402
f 5396/5673/5402 2772/5675/5404 5398/5459/5197
f 2771/3034/3007 5400/5676/5405 2772/5675/5404
f 2772/5675/5404 5399/5460/5198 5398/5459/5197
f 2770/3033/3006 5400/5676/5405 2771/3034/3007
f 5400/5676/5405 5401/3029/3002 2772/5675/5404
f 2769/3028/3001 2767/3027/3000 2770/3033/3006
f 2770/3033/3006 2767/3027/3000 5400/5676/5405
f 2772/5675/5404 5401/3029/3002 5399/5460/5198
f 5401/3029/3002 5094/5461/5199 5399/5460/5198
f 5400/5676/5405 2767/3027/3000 5401/3029/3002
f 5401/3029/3002 5402/5677/5406 5094/5461/5199
f 5401/3029/3002 2761/3023/2996 5402/5677/5406
f 5402/5677/5406 5095/5463/5201 5094/5461/5199
f 5097/5462/5200 5096/5464/5202 5092/995/994
f 2758/3019/2992 5403/3021/2994 2761/3023/2996
f 2761/3023/2996 5403/3021/2994 5402/5677/5406
f 5403/3021/2994 5404/5466/5204 5402/5677/5406
f 5402/5677/5406 5404/5466/5204 5095/5463/5201
f 5100/5465/5203 5103/5470/5208 5101/5468/5206
f 2757/3018/2991 2756/5678/5407 2758/3019/2992
f 2754/3017/2990 2755/3016/2989 2757/3018/2991
f 2757/3018/2991 2755/3016/2989 2756/5678/5407
f 2758/3019/2992 4971/5380/5119 2759/3020/2993
f 2756/5678/5407 4971/5380/5119 2758/3019/2992
f 4970/5382/5121 4971/5380/5119 2756/5678/5407
f 2755/3016/2989 4970/5382/5121 2756/5678/5407
f 2753/3015/2988 2755/3016/2989 2754/3017/2990
f 5025/5422/5160 5018/5411/5150 2656/2908/2881
f 5018/5411/5150 5024/5412/5151 2656/2908/2881
f 5023/5419/5158 5017/2983/2956 5022/5423/5161
f 5022/5423/5161 5017/2983/2956 2714/2977/2950
f 5017/2983/2956 2713/2978/2951 2714/2977/2950
f 2713/2978/2951 2718/2975/2948 5026/2979/2952
f 2183/5679/2391 4982/4260/2386 4991/5389/5128
f 4990/5396/5135 2183/5679/2391 4991/5389/5128
f 5385/5680/5400 2192/5681/2397 4990/5396/5135
f 5385/5680/5400 4990/5396/5135 4993/5395/5134
f 5383/5682/5399 5385/5680/5400 4993/5395/5134
f 5383/5682/5399 4993/5395/5134 4995/5399/5138
f 5383/5682/5399 4995/5399/5138 4994/5401/5140
f 5382/5683/2317 5383/5682/5399 4994/5401/5140
f 5382/5683/2317 4994/5401/5140 5003/5404/5143
f 5002/5409/5148 5382/5683/2317 5003/5404/5143
f 5019/5420/5159 5002/5409/5148 5010/5408/5147
f 5267/3058/3031 5271/3060/3033 5264/5587/5325
f 5271/3060/3033 5405/5684/5408 5264/5587/5325
f 5271/3060/3033 2787/3054/3027 5405/5684/5408
f 2787/3054/3027 2788/3055/3028 5405/5684/5408
f 5405/5684/5408 2788/3055/3028 5406/3053/3026
f 2788/3055/3028 2785/3052/3025 5406/3053/3026
f 5264/5587/5325 5405/5684/5408 5263/5589/5327
f 5405/5684/5408 5406/3053/3026 5263/5589/5327
f 5263/5589/5327 5406/3053/3026 5261/3049/3022
f 5406/3053/3026 2781/3046/3019 5261/3049/3022
f 5406/3053/3026 2782/3050/3023 2781/3046/3019
f 5406/3053/3026 2784/3051/3024 2782/3050/3023
f 5262/5588/5326 5407/5585/5323 1038/1199/1198
f 5407/5585/5323 5408/5584/5322 1038/1199/1198
f 5249/1198/1197 5248/5586/5324 1038/1199/1198
f 5248/5586/5324 5262/5588/5326 1038/1199/1198
f 1038/1199/1198 5408/5584/5322 5251/5579/5317
